Tabela,Característica,Universo,APOND,Código,Categoria,Contagem agregada,Percentual bruto (%),Percentual no domínio aplicável (%),Fora do domínio aplicável?,Denominador observado,Denominador no domínio aplicável,Regra do domínio aplicável
E01,Circulação da via,Domicílios,3516309001,V05001,"Caminhão, ônibus",4300.0,88.42278428953321,88.42278428953321,NÃO,4863.0,4863.0,Domínio aplicável = categorias substantivas de circulação; Saltado fica fora.
E01,Circulação da via,Domicílios,3516309001,V05002,Carros de passeio ou van,378.0,7.772979642196175,7.772979642196175,NÃO,4863.0,4863.0,Domínio aplicável = categorias substantivas de circulação; Saltado fica fora.
E01,Circulação da via,Domicílios,3516309001,V05003,"Pedestres, bicicletas e motocicletas",185.0,3.8042360682706144,3.8042360682706144,NÃO,4863.0,4863.0,Domínio aplicável = categorias substantivas de circulação; Saltado fica fora.
E01,Circulação da via,Domicílios,3516309001,V05004,Aquavia,0.0,0.0,0.0,NÃO,4863.0,4863.0,Domínio aplicável = categorias substantivas de circulação; Saltado fica fora.
E01,Circulação da via,Domicílios,3516309001,V05005,Saltado,0.0,0.0,,SIM,4863.0,4863.0,Domínio aplicável = categorias substantivas de circulação; Saltado fica fora.
E01,Circulação da via,Moradores,3516309001,V05201,"Caminhão, ônibus",11880.0,87.71411695215593,87.71411695215593,NÃO,13544.0,13544.0,Domínio aplicável = categorias substantivas de circulação; Saltado fica fora.
E01,Circulação da via,Moradores,3516309001,V05202,Carros de passeio ou van,1115.0,8.232427643236857,8.232427643236857,NÃO,13544.0,13544.0,Domínio aplicável = categorias substantivas de circulação; Saltado fica fora.
E01,Circulação da via,Moradores,3516309001,V05203,"Pedestres, bicicletas e motocicletas",549.0,4.053455404607206,4.053455404607206,NÃO,13544.0,13544.0,Domínio aplicável = categorias substantivas de circulação; Saltado fica fora.
E01,Circulação da via,Moradores,3516309001,V05204,Aquavia,0.0,0.0,0.0,NÃO,13544.0,13544.0,Domínio aplicável = categorias substantivas de circulação; Saltado fica fora.
E01,Circulação da via,Moradores,3516309001,V05205,Saltado,0.0,0.0,,SIM,13544.0,13544.0,Domínio aplicável = categorias substantivas de circulação; Saltado fica fora.
E01,Circulação da via,Faces,3516309001,V05401,"Caminhão, ônibus",246.0,73.87387387387388,74.32024169184291,NÃO,333.0,331.0,Domínio aplicável = categorias substantivas de circulação; Saltado fica fora.
E01,Circulação da via,Faces,3516309001,V05402,Carros de passeio ou van,40.0,12.012012012012011,12.084592145015106,NÃO,333.0,331.0,Domínio aplicável = categorias substantivas de circulação; Saltado fica fora.
E01,Circulação da via,Faces,3516309001,V05403,"Pedestres, bicicletas e motocicletas",45.0,13.513513513513514,13.595166163141995,NÃO,333.0,331.0,Domínio aplicável = categorias substantivas de circulação; Saltado fica fora.
E01,Circulação da via,Faces,3516309001,V05404,Aquavia,0.0,0.0,0.0,NÃO,333.0,331.0,Domínio aplicável = categorias substantivas de circulação; Saltado fica fora.
E01,Circulação da via,Faces,3516309001,V05405,Saltado,2.0,0.6006006006006006,,SIM,333.0,331.0,Domínio aplicável = categorias substantivas de circulação; Saltado fica fora.
E02,Pavimentação,Domicílios,3516309001,V05006,Sim,4640.0,95.4143532798684,95.4143532798684,NÃO,4863.0,4863.0,Domínio aplicável = Sim + Não; Não declarado coincide com circulação Aquavia + Saltado.
E02,Pavimentação,Domicílios,3516309001,V05007,Não,223.0,4.585646720131606,4.585646720131606,NÃO,4863.0,4863.0,Domínio aplicável = Sim + Não; Não declarado coincide com circulação Aquavia + Saltado.
E02,Pavimentação,Domicílios,3516309001,V05008,Não declarado,0.0,0.0,,SIM,4863.0,4863.0,Domínio aplicável = Sim + Não; Não declarado coincide com circulação Aquavia + Saltado.
E02,Pavimentação,Moradores,3516309001,V05206,Sim,12916.0,95.36326048434731,95.36326048434731,NÃO,13544.0,13544.0,Domínio aplicável = Sim + Não; Não declarado coincide com circulação Aquavia + Saltado.
E02,Pavimentação,Moradores,3516309001,V05207,Não,628.0,4.636739515652687,4.636739515652687,NÃO,13544.0,13544.0,Domínio aplicável = Sim + Não; Não declarado coincide com circulação Aquavia + Saltado.
E02,Pavimentação,Moradores,3516309001,V05208,Não declarado,0.0,0.0,,SIM,13544.0,13544.0,Domínio aplicável = Sim + Não; Não declarado coincide com circulação Aquavia + Saltado.
E02,Pavimentação,Faces,3516309001,V05406,Sim,301.0,90.39039039039038,90.93655589123867,NÃO,333.0,331.0,Domínio aplicável = Sim + Não; Não declarado coincide com circulação Aquavia + Saltado.
E02,Pavimentação,Faces,3516309001,V05407,Não,30.0,9.00900900900901,9.06344410876133,NÃO,333.0,331.0,Domínio aplicável = Sim + Não; Não declarado coincide com circulação Aquavia + Saltado.
E02,Pavimentação,Faces,3516309001,V05408,Não declarado,2.0,0.6006006006006006,,SIM,333.0,331.0,Domínio aplicável = Sim + Não; Não declarado coincide com circulação Aquavia + Saltado.
E03,Bueiro / boca de lobo,Domicílios,3516309001,V05009,Sim,3374.0,69.38104050997327,69.38104050997327,NÃO,4863.0,4863.0,Domínio aplicável = Sim + Não; Não declarado coincide com circulação Aquavia + Saltado.
E03,Bueiro / boca de lobo,Domicílios,3516309001,V05010,Não,1489.0,30.618959490026732,30.618959490026732,NÃO,4863.0,4863.0,Domínio aplicável = Sim + Não; Não declarado coincide com circulação Aquavia + Saltado.
E03,Bueiro / boca de lobo,Domicílios,3516309001,V05011,Não declarado,0.0,0.0,,SIM,4863.0,4863.0,Domínio aplicável = Sim + Não; Não declarado coincide com circulação Aquavia + Saltado.
E03,Bueiro / boca de lobo,Moradores,3516309001,V05209,Sim,9397.0,69.38127584170111,69.38127584170111,NÃO,13544.0,13544.0,Domínio aplicável = Sim + Não; Não declarado coincide com circulação Aquavia + Saltado.
E03,Bueiro / boca de lobo,Moradores,3516309001,V05210,Não,4147.0,30.61872415829888,30.61872415829888,NÃO,13544.0,13544.0,Domínio aplicável = Sim + Não; Não declarado coincide com circulação Aquavia + Saltado.
E03,Bueiro / boca de lobo,Moradores,3516309001,V05211,Não declarado,0.0,0.0,,SIM,13544.0,13544.0,Domínio aplicável = Sim + Não; Não declarado coincide com circulação Aquavia + Saltado.
E03,Bueiro / boca de lobo,Faces,3516309001,V05409,Sim,189.0,56.75675675675676,57.09969788519638,NÃO,333.0,331.0,Domínio aplicável = Sim + Não; Não declarado coincide com circulação Aquavia + Saltado.
E03,Bueiro / boca de lobo,Faces,3516309001,V05410,Não,142.0,42.64264264264264,42.90030211480362,NÃO,333.0,331.0,Domínio aplicável = Sim + Não; Não declarado coincide com circulação Aquavia + Saltado.
E03,Bueiro / boca de lobo,Faces,3516309001,V05411,Não declarado,2.0,0.6006006006006006,,SIM,333.0,331.0,Domínio aplicável = Sim + Não; Não declarado coincide com circulação Aquavia + Saltado.
E04,Iluminação pública,Domicílios,3516309001,V05012,Sim,4758.0,97.84083898827885,97.84083898827885,NÃO,4863.0,4863.0,Domínio aplicável = Sim + Não; Não declarado coincide com circulação Aquavia + Saltado.
E04,Iluminação pública,Domicílios,3516309001,V05013,Não,105.0,2.1591610117211597,2.1591610117211597,NÃO,4863.0,4863.0,Domínio aplicável = Sim + Não; Não declarado coincide com circulação Aquavia + Saltado.
E04,Iluminação pública,Domicílios,3516309001,V05014,Não declarado,0.0,0.0,,SIM,4863.0,4863.0,Domínio aplicável = Sim + Não; Não declarado coincide com circulação Aquavia + Saltado.
E04,Iluminação pública,Moradores,3516309001,V05212,Sim,13224.0,97.63733018310691,97.63733018310691,NÃO,13544.0,13544.0,Domínio aplicável = Sim + Não; Não declarado coincide com circulação Aquavia + Saltado.
E04,Iluminação pública,Moradores,3516309001,V05213,Não,320.0,2.362669816893089,2.362669816893089,NÃO,13544.0,13544.0,Domínio aplicável = Sim + Não; Não declarado coincide com circulação Aquavia + Saltado.
E04,Iluminação pública,Moradores,3516309001,V05214,Não declarado,0.0,0.0,,SIM,13544.0,13544.0,Domínio aplicável = Sim + Não; Não declarado coincide com circulação Aquavia + Saltado.
E04,Iluminação pública,Faces,3516309001,V05412,Sim,304.0,91.29129129129129,91.8429003021148,NÃO,333.0,331.0,Domínio aplicável = Sim + Não; Não declarado coincide com circulação Aquavia + Saltado.
E04,Iluminação pública,Faces,3516309001,V05413,Não,27.0,8.108108108108109,8.157099697885197,NÃO,333.0,331.0,Domínio aplicável = Sim + Não; Não declarado coincide com circulação Aquavia + Saltado.
E04,Iluminação pública,Faces,3516309001,V05414,Não declarado,2.0,0.6006006006006006,,SIM,333.0,331.0,Domínio aplicável = Sim + Não; Não declarado coincide com circulação Aquavia + Saltado.
E05,Ponto de ônibus,Domicílios,3516309001,V05015,Sim,1268.0,26.07443964630886,26.07443964630886,NÃO,4863.0,4863.0,Domínio aplicável = Sim + Não; Não declarado coincide com circulação Aquavia + Saltado.
E05,Ponto de ônibus,Domicílios,3516309001,V05016,Não,3595.0,73.92556035369114,73.92556035369114,NÃO,4863.0,4863.0,Domínio aplicável = Sim + Não; Não declarado coincide com circulação Aquavia + Saltado.
E05,Ponto de ônibus,Domicílios,3516309001,V05017,Não declarado,0.0,0.0,,SIM,4863.0,4863.0,Domínio aplicável = Sim + Não; Não declarado coincide com circulação Aquavia + Saltado.
E05,Ponto de ônibus,Moradores,3516309001,V05215,Sim,3380.0,24.955699940933254,24.955699940933254,NÃO,13544.0,13544.0,Domínio aplicável = Sim + Não; Não declarado coincide com circulação Aquavia + Saltado.
E05,Ponto de ônibus,Moradores,3516309001,V05216,Não,10164.0,75.04430005906674,75.04430005906674,NÃO,13544.0,13544.0,Domínio aplicável = Sim + Não; Não declarado coincide com circulação Aquavia + Saltado.
E05,Ponto de ônibus,Moradores,3516309001,V05217,Não declarado,0.0,0.0,,SIM,13544.0,13544.0,Domínio aplicável = Sim + Não; Não declarado coincide com circulação Aquavia + Saltado.
E05,Ponto de ônibus,Faces,3516309001,V05415,Sim,62.0,18.61861861861862,18.731117824773413,NÃO,333.0,331.0,Domínio aplicável = Sim + Não; Não declarado coincide com circulação Aquavia + Saltado.
E05,Ponto de ônibus,Faces,3516309001,V05416,Não,269.0,80.78078078078079,81.2688821752266,NÃO,333.0,331.0,Domínio aplicável = Sim + Não; Não declarado coincide com circulação Aquavia + Saltado.
E05,Ponto de ônibus,Faces,3516309001,V05417,Não declarado,2.0,0.6006006006006006,,SIM,333.0,331.0,Domínio aplicável = Sim + Não; Não declarado coincide com circulação Aquavia + Saltado.
E06,Via sinalizada para bicicleta,Domicílios,3516309001,V05018,Sim,309.0,6.35410240592227,6.35410240592227,NÃO,4863.0,4863.0,Domínio aplicável = Sim + Não; Não declarado coincide com circulação Aquavia + Saltado.
E06,Via sinalizada para bicicleta,Domicílios,3516309001,V05019,Não,4554.0,93.64589759407774,93.64589759407774,NÃO,4863.0,4863.0,Domínio aplicável = Sim + Não; Não declarado coincide com circulação Aquavia + Saltado.
E06,Via sinalizada para bicicleta,Domicílios,3516309001,V05020,Não declarado,0.0,0.0,,SIM,4863.0,4863.0,Domínio aplicável = Sim + Não; Não declarado coincide com circulação Aquavia + Saltado.
E06,Via sinalizada para bicicleta,Moradores,3516309001,V05218,Sim,820.0,6.0543414057885405,6.0543414057885405,NÃO,13544.0,13544.0,Domínio aplicável = Sim + Não; Não declarado coincide com circulação Aquavia + Saltado.
E06,Via sinalizada para bicicleta,Moradores,3516309001,V05219,Não,12724.0,93.94565859421145,93.94565859421145,NÃO,13544.0,13544.0,Domínio aplicável = Sim + Não; Não declarado coincide com circulação Aquavia + Saltado.
E06,Via sinalizada para bicicleta,Moradores,3516309001,V05220,Não declarado,0.0,0.0,,SIM,13544.0,13544.0,Domínio aplicável = Sim + Não; Não declarado coincide com circulação Aquavia + Saltado.
E06,Via sinalizada para bicicleta,Faces,3516309001,V05418,Sim,11.0,3.303303303303303,3.3232628398791544,NÃO,333.0,331.0,Domínio aplicável = Sim + Não; Não declarado coincide com circulação Aquavia + Saltado.
E06,Via sinalizada para bicicleta,Faces,3516309001,V05419,Não,320.0,96.09609609609609,96.67673716012085,NÃO,333.0,331.0,Domínio aplicável = Sim + Não; Não declarado coincide com circulação Aquavia + Saltado.
E06,Via sinalizada para bicicleta,Faces,3516309001,V05420,Não declarado,2.0,0.6006006006006006,,SIM,333.0,331.0,Domínio aplicável = Sim + Não; Não declarado coincide com circulação Aquavia + Saltado.
E07,Calçada,Domicílios,3516309001,V05021,Sim,4502.0,92.5765988073206,92.5765988073206,NÃO,4863.0,4863.0,Domínio aplicável = Sim + Não; Não declarado coincide com circulação Aquavia + Saltado.
E07,Calçada,Domicílios,3516309001,V05022,Não,361.0,7.423401192679416,7.423401192679416,NÃO,4863.0,4863.0,Domínio aplicável = Sim + Não; Não declarado coincide com circulação Aquavia + Saltado.
E07,Calçada,Domicílios,3516309001,V05023,Não declarado,0.0,0.0,,SIM,4863.0,4863.0,Domínio aplicável = Sim + Não; Não declarado coincide com circulação Aquavia + Saltado.
E07,Calçada,Moradores,3516309001,V05221,Sim,12496.0,92.26225634967513,92.26225634967513,NÃO,13544.0,13544.0,Domínio aplicável = Sim + Não; Não declarado coincide com circulação Aquavia + Saltado.
E07,Calçada,Moradores,3516309001,V05222,Não,1048.0,7.737743650324867,7.737743650324867,NÃO,13544.0,13544.0,Domínio aplicável = Sim + Não; Não declarado coincide com circulação Aquavia + Saltado.
E07,Calçada,Moradores,3516309001,V05223,Não declarado,0.0,0.0,,SIM,13544.0,13544.0,Domínio aplicável = Sim + Não; Não declarado coincide com circulação Aquavia + Saltado.
E07,Calçada,Faces,3516309001,V05421,Sim,265.0,79.57957957957959,80.06042296072508,NÃO,333.0,331.0,Domínio aplicável = Sim + Não; Não declarado coincide com circulação Aquavia + Saltado.
E07,Calçada,Faces,3516309001,V05422,Não,66.0,19.81981981981982,19.939577039274926,NÃO,333.0,331.0,Domínio aplicável = Sim + Não; Não declarado coincide com circulação Aquavia + Saltado.
E07,Calçada,Faces,3516309001,V05423,Não declarado,2.0,0.6006006006006006,,SIM,333.0,331.0,Domínio aplicável = Sim + Não; Não declarado coincide com circulação Aquavia + Saltado.
E08,Obstáculo na calçada,Domicílios,3516309001,V05024,Sim,3910.0,80.40304338885461,86.85028876055087,NÃO,4863.0,4502.0,Domínio aplicável = Sim + Não; Não declarado coincide com ausência/não aplicação de calçada.
E08,Obstáculo na calçada,Domicílios,3516309001,V05025,Não,592.0,12.173555418465968,13.149711239449132,NÃO,4863.0,4502.0,Domínio aplicável = Sim + Não; Não declarado coincide com ausência/não aplicação de calçada.
E08,Obstáculo na calçada,Domicílios,3516309001,V05026,Não declarado,361.0,7.423401192679416,,SIM,4863.0,4502.0,Domínio aplicável = Sim + Não; Não declarado coincide com ausência/não aplicação de calçada.
E08,Obstáculo na calçada,Moradores,3516309001,V05224,Sim,10964.0,80.95097460129946,87.74007682458387,NÃO,13544.0,12496.0,Domínio aplicável = Sim + Não; Não declarado coincide com ausência/não aplicação de calçada.
E08,Obstáculo na calçada,Moradores,3516309001,V05225,Não,1532.0,11.311281748375665,12.259923175416134,NÃO,13544.0,12496.0,Domínio aplicável = Sim + Não; Não declarado coincide com ausência/não aplicação de calçada.
E08,Obstáculo na calçada,Moradores,3516309001,V05226,Não declarado,1048.0,7.737743650324867,,SIM,13544.0,12496.0,Domínio aplicável = Sim + Não; Não declarado coincide com ausência/não aplicação de calçada.
E08,Obstáculo na calçada,Faces,3516309001,V05424,Sim,225.0,67.56756756756756,84.90566037735849,NÃO,333.0,265.0,Domínio aplicável = Sim + Não; Não declarado coincide com ausência/não aplicação de calçada.
E08,Obstáculo na calçada,Faces,3516309001,V05425,Não,40.0,12.012012012012011,15.09433962264151,NÃO,333.0,265.0,Domínio aplicável = Sim + Não; Não declarado coincide com ausência/não aplicação de calçada.
E08,Obstáculo na calçada,Faces,3516309001,V05426,Não declarado,68.0,20.42042042042042,,SIM,333.0,265.0,Domínio aplicável = Sim + Não; Não declarado coincide com ausência/não aplicação de calçada.
E09,Rampa para cadeirante,Domicílios,3516309001,V05027,Sim,107.0,2.200287888134896,2.3767214571301643,NÃO,4863.0,4502.0,Domínio aplicável = Sim + Não; Não declarado coincide com ausência/não aplicação de calçada.
E09,Rampa para cadeirante,Domicílios,3516309001,V05028,Não,4395.0,90.37631091918568,97.62327854286984,NÃO,4863.0,4502.0,Domínio aplicável = Sim + Não; Não declarado coincide com ausência/não aplicação de calçada.
E09,Rampa para cadeirante,Domicílios,3516309001,V05029,Não declarado,361.0,7.423401192679416,,SIM,4863.0,4502.0,Domínio aplicável = Sim + Não; Não declarado coincide com ausência/não aplicação de calçada.
E09,Rampa para cadeirante,Moradores,3516309001,V05227,Sim,279.0,2.059952746603662,2.2327144686299616,NÃO,13544.0,12496.0,Domínio aplicável = Sim + Não; Não declarado coincide com ausência/não aplicação de calçada.
E09,Rampa para cadeirante,Moradores,3516309001,V05228,Não,12217.0,90.20230360307147,97.76728553137004,NÃO,13544.0,12496.0,Domínio aplicável = Sim + Não; Não declarado coincide com ausência/não aplicação de calçada.
E09,Rampa para cadeirante,Moradores,3516309001,V05229,Não declarado,1048.0,7.737743650324867,,SIM,13544.0,12496.0,Domínio aplicável = Sim + Não; Não declarado coincide com ausência/não aplicação de calçada.
E09,Rampa para cadeirante,Faces,3516309001,V05427,Sim,7.0,2.1021021021021022,2.6415094339622645,NÃO,333.0,265.0,Domínio aplicável = Sim + Não; Não declarado coincide com ausência/não aplicação de calçada.
E09,Rampa para cadeirante,Faces,3516309001,V05428,Não,258.0,77.47747747747748,97.35849056603773,NÃO,333.0,265.0,Domínio aplicável = Sim + Não; Não declarado coincide com ausência/não aplicação de calçada.
E09,Rampa para cadeirante,Faces,3516309001,V05429,Não declarado,68.0,20.42042042042042,,SIM,333.0,265.0,Domínio aplicável = Sim + Não; Não declarado coincide com ausência/não aplicação de calçada.
E10,Arborização,Domicílios,3516309001,V05030,Sem árvores,1567.0,32.22290767016245,32.22290767016245,NÃO,4863.0,4863.0,Domínio aplicável = classes substantivas de arborização; Saltado fica fora.
E10,Arborização,Domicílios,3516309001,V05031,1 a 2 árvores,825.0,16.964836520666253,16.964836520666253,NÃO,4863.0,4863.0,Domínio aplicável = classes substantivas de arborização; Saltado fica fora.
E10,Arborização,Domicílios,3516309001,V05032,3 a 4 árvores,1328.0,27.308245938720955,27.308245938720955,NÃO,4863.0,4863.0,Domínio aplicável = classes substantivas de arborização; Saltado fica fora.
E10,Arborização,Domicílios,3516309001,V05033,5 ou mais árvores,1143.0,23.50400987045034,23.50400987045034,NÃO,4863.0,4863.0,Domínio aplicável = classes substantivas de arborização; Saltado fica fora.
E10,Arborização,Domicílios,3516309001,V05034,Saltado,0.0,0.0,,SIM,4863.0,4863.0,Domínio aplicável = classes substantivas de arborização; Saltado fica fora.
E10,Arborização,Moradores,3516309001,V05230,Sem árvores,4295.0,31.71145894861193,31.71145894861193,NÃO,13544.0,13544.0,Domínio aplicável = classes substantivas de arborização; Saltado fica fora.
E10,Arborização,Moradores,3516309001,V05231,1 a 2 árvores,2381.0,17.57974010632014,17.57974010632014,NÃO,13544.0,13544.0,Domínio aplicável = classes substantivas de arborização; Saltado fica fora.
E10,Arborização,Moradores,3516309001,V05232,3 a 4 árvores,3705.0,27.355286473715296,27.355286473715296,NÃO,13544.0,13544.0,Domínio aplicável = classes substantivas de arborização; Saltado fica fora.
E10,Arborização,Moradores,3516309001,V05233,5 ou mais árvores,3163.0,23.35351447135263,23.35351447135263,NÃO,13544.0,13544.0,Domínio aplicável = classes substantivas de arborização; Saltado fica fora.
E10,Arborização,Moradores,3516309001,V05234,Saltado,0.0,0.0,,SIM,13544.0,13544.0,Domínio aplicável = classes substantivas de arborização; Saltado fica fora.
E10,Arborização,Faces,3516309001,V05430,Sem árvores,145.0,43.54354354354354,43.80664652567976,NÃO,333.0,331.0,Domínio aplicável = classes substantivas de arborização; Saltado fica fora.
E10,Arborização,Faces,3516309001,V05431,1 a 2 árvores,65.0,19.51951951951952,19.637462235649547,NÃO,333.0,331.0,Domínio aplicável = classes substantivas de arborização; Saltado fica fora.
E10,Arborização,Faces,3516309001,V05432,3 a 4 árvores,61.0,18.31831831831832,18.429003021148034,NÃO,333.0,331.0,Domínio aplicável = classes substantivas de arborização; Saltado fica fora.
E10,Arborização,Faces,3516309001,V05433,5 ou mais árvores,60.0,18.01801801801802,18.12688821752266,NÃO,333.0,331.0,Domínio aplicável = classes substantivas de arborização; Saltado fica fora.
E10,Arborização,Faces,3516309001,V05434,Saltado,2.0,0.6006006006006006,,SIM,333.0,331.0,Domínio aplicável = classes substantivas de arborização; Saltado fica fora.
E01,Circulação da via,Domicílios,3516309002,V05001,"Caminhão, ônibus",6735.0,82.99445471349352,83.15841461908877,NÃO,8115.0,8099.0,Domínio aplicável = categorias substantivas de circulação; Saltado fica fora.
E01,Circulação da via,Domicílios,3516309002,V05002,Carros de passeio ou van,1034.0,12.741836105976587,12.767008272626251,NÃO,8115.0,8099.0,Domínio aplicável = categorias substantivas de circulação; Saltado fica fora.
E01,Circulação da via,Domicílios,3516309002,V05003,"Pedestres, bicicletas e motocicletas",330.0,4.066543438077634,4.0745771082849735,NÃO,8115.0,8099.0,Domínio aplicável = categorias substantivas de circulação; Saltado fica fora.
E01,Circulação da via,Domicílios,3516309002,V05004,Aquavia,0.0,0.0,0.0,NÃO,8115.0,8099.0,Domínio aplicável = categorias substantivas de circulação; Saltado fica fora.
E01,Circulação da via,Domicílios,3516309002,V05005,Saltado,16.0,0.1971657424522489,,SIM,8115.0,8099.0,Domínio aplicável = categorias substantivas de circulação; Saltado fica fora.
E01,Circulação da via,Moradores,3516309002,V05201,"Caminhão, ônibus",19547.0,82.69312124545223,82.86138194150064,NÃO,23638.0,23590.0,Domínio aplicável = categorias substantivas de circulação; Saltado fica fora.
E01,Circulação da via,Moradores,3516309002,V05202,Carros de passeio ou van,3029.0,12.814112869109062,12.840186519711741,NÃO,23638.0,23590.0,Domínio aplicável = categorias substantivas de circulação; Saltado fica fora.
E01,Circulação da via,Moradores,3516309002,V05203,"Pedestres, bicicletas e motocicletas",1014.0,4.289703020560115,4.2984315387876215,NÃO,23638.0,23590.0,Domínio aplicável = categorias substantivas de circulação; Saltado fica fora.
E01,Circulação da via,Moradores,3516309002,V05204,Aquavia,0.0,0.0,0.0,NÃO,23638.0,23590.0,Domínio aplicável = categorias substantivas de circulação; Saltado fica fora.
E01,Circulação da via,Moradores,3516309002,V05205,Saltado,48.0,0.20306286487858533,,SIM,23638.0,23590.0,Domínio aplicável = categorias substantivas de circulação; Saltado fica fora.
E01,Circulação da via,Faces,3516309002,V05401,"Caminhão, ônibus",444.0,66.76691729323309,67.37481031866464,NÃO,665.0,659.0,Domínio aplicável = categorias substantivas de circulação; Saltado fica fora.
E01,Circulação da via,Faces,3516309002,V05402,Carros de passeio ou van,116.0,17.44360902255639,17.602427921092563,NÃO,665.0,659.0,Domínio aplicável = categorias substantivas de circulação; Saltado fica fora.
E01,Circulação da via,Faces,3516309002,V05403,"Pedestres, bicicletas e motocicletas",99.0,14.887218045112782,15.022761760242792,NÃO,665.0,659.0,Domínio aplicável = categorias substantivas de circulação; Saltado fica fora.
E01,Circulação da via,Faces,3516309002,V05404,Aquavia,0.0,0.0,0.0,NÃO,665.0,659.0,Domínio aplicável = categorias substantivas de circulação; Saltado fica fora.
E01,Circulação da via,Faces,3516309002,V05405,Saltado,6.0,0.9022556390977444,,SIM,665.0,659.0,Domínio aplicável = categorias substantivas de circulação; Saltado fica fora.
E02,Pavimentação,Domicílios,3516309002,V05006,Sim,6679.0,82.30437461491066,82.46697123101617,NÃO,8115.0,8099.0,Domínio aplicável = Sim + Não; Não declarado coincide com circulação Aquavia + Saltado.
E02,Pavimentação,Domicílios,3516309002,V05007,Não,1420.0,17.498459642637094,17.533028768983826,NÃO,8115.0,8099.0,Domínio aplicável = Sim + Não; Não declarado coincide com circulação Aquavia + Saltado.
E02,Pavimentação,Domicílios,3516309002,V05008,Não declarado,16.0,0.1971657424522489,,SIM,8115.0,8099.0,Domínio aplicável = Sim + Não; Não declarado coincide com circulação Aquavia + Saltado.
E02,Pavimentação,Moradores,3516309002,V05206,Sim,19477.0,82.39698790083764,82.56464603645612,NÃO,23638.0,23590.0,Domínio aplicável = Sim + Não; Não declarado coincide com circulação Aquavia + Saltado.
E02,Pavimentação,Moradores,3516309002,V05207,Não,4113.0,17.399949234283778,17.435353963543875,NÃO,23638.0,23590.0,Domínio aplicável = Sim + Não; Não declarado coincide com circulação Aquavia + Saltado.
E02,Pavimentação,Moradores,3516309002,V05208,Não declarado,48.0,0.20306286487858533,,SIM,23638.0,23590.0,Domínio aplicável = Sim + Não; Não declarado coincide com circulação Aquavia + Saltado.
E02,Pavimentação,Faces,3516309002,V05406,Sim,477.0,71.72932330827068,72.3823975720789,NÃO,665.0,659.0,Domínio aplicável = Sim + Não; Não declarado coincide com circulação Aquavia + Saltado.
E02,Pavimentação,Faces,3516309002,V05407,Não,182.0,27.368421052631582,27.617602427921096,NÃO,665.0,659.0,Domínio aplicável = Sim + Não; Não declarado coincide com circulação Aquavia + Saltado.
E02,Pavimentação,Faces,3516309002,V05408,Não declarado,6.0,0.9022556390977444,,SIM,665.0,659.0,Domínio aplicável = Sim + Não; Não declarado coincide com circulação Aquavia + Saltado.
E03,Bueiro / boca de lobo,Domicílios,3516309002,V05009,Sim,3757.0,46.2969808995687,46.3884430176565,NÃO,8115.0,8099.0,Domínio aplicável = Sim + Não; Não declarado coincide com circulação Aquavia + Saltado.
E03,Bueiro / boca de lobo,Domicílios,3516309002,V05010,Não,4342.0,53.50585335797905,53.6115569823435,NÃO,8115.0,8099.0,Domínio aplicável = Sim + Não; Não declarado coincide com circulação Aquavia + Saltado.
E03,Bueiro / boca de lobo,Domicílios,3516309002,V05011,Não declarado,16.0,0.1971657424522489,,SIM,8115.0,8099.0,Domínio aplicável = Sim + Não; Não declarado coincide com circulação Aquavia + Saltado.
E03,Bueiro / boca de lobo,Moradores,3516309002,V05209,Sim,11039.0,46.70022844572299,46.79525222551929,NÃO,23638.0,23590.0,Domínio aplicável = Sim + Não; Não declarado coincide com circulação Aquavia + Saltado.
E03,Bueiro / boca de lobo,Moradores,3516309002,V05210,Não,12551.0,53.09670868939843,53.20474777448071,NÃO,23638.0,23590.0,Domínio aplicável = Sim + Não; Não declarado coincide com circulação Aquavia + Saltado.
E03,Bueiro / boca de lobo,Moradores,3516309002,V05211,Não declarado,48.0,0.20306286487858533,,SIM,23638.0,23590.0,Domínio aplicável = Sim + Não; Não declarado coincide com circulação Aquavia + Saltado.
E03,Bueiro / boca de lobo,Faces,3516309002,V05409,Sim,233.0,35.037593984962406,35.35660091047041,NÃO,665.0,659.0,Domínio aplicável = Sim + Não; Não declarado coincide com circulação Aquavia + Saltado.
E03,Bueiro / boca de lobo,Faces,3516309002,V05410,Não,426.0,64.06015037593986,64.64339908952958,NÃO,665.0,659.0,Domínio aplicável = Sim + Não; Não declarado coincide com circulação Aquavia + Saltado.
E03,Bueiro / boca de lobo,Faces,3516309002,V05411,Não declarado,6.0,0.9022556390977444,,SIM,665.0,659.0,Domínio aplicável = Sim + Não; Não declarado coincide com circulação Aquavia + Saltado.
E04,Iluminação pública,Domicílios,3516309002,V05012,Sim,7982.0,98.36105976586568,98.5553772070626,NÃO,8115.0,8099.0,Domínio aplicável = Sim + Não; Não declarado coincide com circulação Aquavia + Saltado.
E04,Iluminação pública,Domicílios,3516309002,V05013,Não,117.0,1.4417744916820703,1.4446227929373996,NÃO,8115.0,8099.0,Domínio aplicável = Sim + Não; Não declarado coincide com circulação Aquavia + Saltado.
E04,Iluminação pública,Domicílios,3516309002,V05014,Não declarado,16.0,0.1971657424522489,,SIM,8115.0,8099.0,Domínio aplicável = Sim + Não; Não declarado coincide com circulação Aquavia + Saltado.
E04,Iluminação pública,Moradores,3516309002,V05212,Sim,23219.0,98.22743040866402,98.4272997032641,NÃO,23638.0,23590.0,Domínio aplicável = Sim + Não; Não declarado coincide com circulação Aquavia + Saltado.
E04,Iluminação pública,Moradores,3516309002,V05213,Não,371.0,1.5695067264573992,1.5727002967359052,NÃO,23638.0,23590.0,Domínio aplicável = Sim + Não; Não declarado coincide com circulação Aquavia + Saltado.
E04,Iluminação pública,Moradores,3516309002,V05214,Não declarado,48.0,0.20306286487858533,,SIM,23638.0,23590.0,Domínio aplicável = Sim + Não; Não declarado coincide com circulação Aquavia + Saltado.
E04,Iluminação pública,Faces,3516309002,V05412,Sim,612.0,92.03007518796993,92.8679817905918,NÃO,665.0,659.0,Domínio aplicável = Sim + Não; Não declarado coincide com circulação Aquavia + Saltado.
E04,Iluminação pública,Faces,3516309002,V05413,Não,47.0,7.067669172932331,7.132018209408194,NÃO,665.0,659.0,Domínio aplicável = Sim + Não; Não declarado coincide com circulação Aquavia + Saltado.
E04,Iluminação pública,Faces,3516309002,V05414,Não declarado,6.0,0.9022556390977444,,SIM,665.0,659.0,Domínio aplicável = Sim + Não; Não declarado coincide com circulação Aquavia + Saltado.
E05,Ponto de ônibus,Domicílios,3516309002,V05015,Sim,1546.0,19.05113986444855,19.088776392147178,NÃO,8115.0,8099.0,Domínio aplicável = Sim + Não; Não declarado coincide com circulação Aquavia + Saltado.
E05,Ponto de ônibus,Domicílios,3516309002,V05016,Não,6553.0,80.7516943930992,80.91122360785282,NÃO,8115.0,8099.0,Domínio aplicável = Sim + Não; Não declarado coincide com circulação Aquavia + Saltado.
E05,Ponto de ônibus,Domicílios,3516309002,V05017,Não declarado,16.0,0.1971657424522489,,SIM,8115.0,8099.0,Domínio aplicável = Sim + Não; Não declarado coincide com circulação Aquavia + Saltado.
E05,Ponto de ônibus,Moradores,3516309002,V05215,Sim,4456.0,18.851002622895336,18.889359898261976,NÃO,23638.0,23590.0,Domínio aplicável = Sim + Não; Não declarado coincide com circulação Aquavia + Saltado.
E05,Ponto de ônibus,Moradores,3516309002,V05216,Não,19134.0,80.94593451222607,81.11064010173803,NÃO,23638.0,23590.0,Domínio aplicável = Sim + Não; Não declarado coincide com circulação Aquavia + Saltado.
E05,Ponto de ônibus,Moradores,3516309002,V05217,Não declarado,48.0,0.20306286487858533,,SIM,23638.0,23590.0,Domínio aplicável = Sim + Não; Não declarado coincide com circulação Aquavia + Saltado.
E05,Ponto de ônibus,Faces,3516309002,V05415,Sim,112.0,16.842105263157894,16.99544764795144,NÃO,665.0,659.0,Domínio aplicável = Sim + Não; Não declarado coincide com circulação Aquavia + Saltado.
E05,Ponto de ônibus,Faces,3516309002,V05416,Não,547.0,82.25563909774436,83.00455235204855,NÃO,665.0,659.0,Domínio aplicável = Sim + Não; Não declarado coincide com circulação Aquavia + Saltado.
E05,Ponto de ônibus,Faces,3516309002,V05417,Não declarado,6.0,0.9022556390977444,,SIM,665.0,659.0,Domínio aplicável = Sim + Não; Não declarado coincide com circulação Aquavia + Saltado.
E06,Via sinalizada para bicicleta,Domicílios,3516309002,V05018,Sim,23.0,0.28342575477510784,0.28398567724410423,NÃO,8115.0,8099.0,Domínio aplicável = Sim + Não; Não declarado coincide com circulação Aquavia + Saltado.
E06,Via sinalizada para bicicleta,Domicílios,3516309002,V05019,Não,8076.0,99.51940850277265,99.7160143227559,NÃO,8115.0,8099.0,Domínio aplicável = Sim + Não; Não declarado coincide com circulação Aquavia + Saltado.
E06,Via sinalizada para bicicleta,Domicílios,3516309002,V05020,Não declarado,16.0,0.1971657424522489,,SIM,8115.0,8099.0,Domínio aplicável = Sim + Não; Não declarado coincide com circulação Aquavia + Saltado.
E06,Via sinalizada para bicicleta,Moradores,3516309002,V05218,Sim,75.0,0.31728572637278957,0.31793132683340397,NÃO,23638.0,23590.0,Domínio aplicável = Sim + Não; Não declarado coincide com circulação Aquavia + Saltado.
E06,Via sinalizada para bicicleta,Moradores,3516309002,V05219,Não,23515.0,99.47965140874862,99.6820686731666,NÃO,23638.0,23590.0,Domínio aplicável = Sim + Não; Não declarado coincide com circulação Aquavia + Saltado.
E06,Via sinalizada para bicicleta,Moradores,3516309002,V05220,Não declarado,48.0,0.20306286487858533,,SIM,23638.0,23590.0,Domínio aplicável = Sim + Não; Não declarado coincide com circulação Aquavia + Saltado.
E06,Via sinalizada para bicicleta,Faces,3516309002,V05418,Sim,11.0,1.6541353383458646,1.669195751138088,NÃO,665.0,659.0,Domínio aplicável = Sim + Não; Não declarado coincide com circulação Aquavia + Saltado.
E06,Via sinalizada para bicicleta,Faces,3516309002,V05419,Não,648.0,97.44360902255639,98.33080424886191,NÃO,665.0,659.0,Domínio aplicável = Sim + Não; Não declarado coincide com circulação Aquavia + Saltado.
E06,Via sinalizada para bicicleta,Faces,3516309002,V05420,Não declarado,6.0,0.9022556390977444,,SIM,665.0,659.0,Domínio aplicável = Sim + Não; Não declarado coincide com circulação Aquavia + Saltado.
E07,Calçada,Domicílios,3516309002,V05021,Sim,6657.0,82.03327171903881,82.19533275713052,NÃO,8115.0,8099.0,Domínio aplicável = Sim + Não; Não declarado coincide com circulação Aquavia + Saltado.
E07,Calçada,Domicílios,3516309002,V05022,Não,1442.0,17.769562538508936,17.804667242869492,NÃO,8115.0,8099.0,Domínio aplicável = Sim + Não; Não declarado coincide com circulação Aquavia + Saltado.
E07,Calçada,Domicílios,3516309002,V05023,Não declarado,16.0,0.1971657424522489,,SIM,8115.0,8099.0,Domínio aplicável = Sim + Não; Não declarado coincide com circulação Aquavia + Saltado.
E07,Calçada,Moradores,3516309002,V05221,Sim,19383.0,81.99932312378374,82.16617210682493,NÃO,23638.0,23590.0,Domínio aplicável = Sim + Não; Não declarado coincide com circulação Aquavia + Saltado.
E07,Calçada,Moradores,3516309002,V05222,Não,4207.0,17.797614011337675,17.833827893175076,NÃO,23638.0,23590.0,Domínio aplicável = Sim + Não; Não declarado coincide com circulação Aquavia + Saltado.
E07,Calçada,Moradores,3516309002,V05223,Não declarado,48.0,0.20306286487858533,,SIM,23638.0,23590.0,Domínio aplicável = Sim + Não; Não declarado coincide com circulação Aquavia + Saltado.
E07,Calçada,Faces,3516309002,V05421,Sim,412.0,61.954887218045116,62.51896813353566,NÃO,665.0,659.0,Domínio aplicável = Sim + Não; Não declarado coincide com circulação Aquavia + Saltado.
E07,Calçada,Faces,3516309002,V05422,Não,247.0,37.142857142857146,37.481031866464335,NÃO,665.0,659.0,Domínio aplicável = Sim + Não; Não declarado coincide com circulação Aquavia + Saltado.
E07,Calçada,Faces,3516309002,V05423,Não declarado,6.0,0.9022556390977444,,SIM,665.0,659.0,Domínio aplicável = Sim + Não; Não declarado coincide com circulação Aquavia + Saltado.
E08,Obstáculo na calçada,Domicílios,3516309002,V05024,Sim,6166.0,75.98274799753543,92.62430524260176,NÃO,8115.0,6657.0,Domínio aplicável = Sim + Não; Não declarado coincide com ausência/não aplicação de calçada.
E08,Obstáculo na calçada,Domicílios,3516309002,V05025,Não,491.0,6.050523721503389,7.375694757398227,NÃO,8115.0,6657.0,Domínio aplicável = Sim + Não; Não declarado coincide com ausência/não aplicação de calçada.
E08,Obstáculo na calçada,Domicílios,3516309002,V05026,Não declarado,1458.0,17.966728280961185,,SIM,8115.0,6657.0,Domínio aplicável = Sim + Não; Não declarado coincide com ausência/não aplicação de calçada.
E08,Obstáculo na calçada,Moradores,3516309002,V05224,Sim,17889.0,75.67899145443778,92.2922148274261,NÃO,23638.0,19383.0,Domínio aplicável = Sim + Não; Não declarado coincide com ausência/não aplicação de calçada.
E08,Obstáculo na calçada,Moradores,3516309002,V05225,Não,1494.0,6.320331669345968,7.707785172573906,NÃO,23638.0,19383.0,Domínio aplicável = Sim + Não; Não declarado coincide com ausência/não aplicação de calçada.
E08,Obstáculo na calçada,Moradores,3516309002,V05226,Não declarado,4255.0,18.00067687621626,,SIM,23638.0,19383.0,Domínio aplicável = Sim + Não; Não declarado coincide com ausência/não aplicação de calçada.
E08,Obstáculo na calçada,Faces,3516309002,V05424,Sim,369.0,55.48872180451128,89.56310679611651,NÃO,665.0,412.0,Domínio aplicável = Sim + Não; Não declarado coincide com ausência/não aplicação de calçada.
E08,Obstáculo na calçada,Faces,3516309002,V05425,Não,43.0,6.466165413533835,10.436893203883495,NÃO,665.0,412.0,Domínio aplicável = Sim + Não; Não declarado coincide com ausência/não aplicação de calçada.
E08,Obstáculo na calçada,Faces,3516309002,V05426,Não declarado,253.0,38.045112781954884,,SIM,665.0,412.0,Domínio aplicável = Sim + Não; Não declarado coincide com ausência/não aplicação de calçada.
E09,Rampa para cadeirante,Domicílios,3516309002,V05027,Sim,223.0,2.7479975354282193,3.3498572930749586,NÃO,8115.0,6657.0,Domínio aplicável = Sim + Não; Não declarado coincide com ausência/não aplicação de calçada.
E09,Rampa para cadeirante,Domicílios,3516309002,V05028,Não,6434.0,79.2852741836106,96.65014270692505,NÃO,8115.0,6657.0,Domínio aplicável = Sim + Não; Não declarado coincide com ausência/não aplicação de calçada.
E09,Rampa para cadeirante,Domicílios,3516309002,V05029,Não declarado,1458.0,17.966728280961185,,SIM,8115.0,6657.0,Domínio aplicável = Sim + Não; Não declarado coincide com ausência/não aplicação de calçada.
E09,Rampa para cadeirante,Moradores,3516309002,V05227,Sim,619.0,2.618664861663423,3.193520094928546,NÃO,23638.0,19383.0,Domínio aplicável = Sim + Não; Não declarado coincide com ausência/não aplicação de calçada.
E09,Rampa para cadeirante,Moradores,3516309002,V05228,Não,18764.0,79.38065826212032,96.80647990507146,NÃO,23638.0,19383.0,Domínio aplicável = Sim + Não; Não declarado coincide com ausência/não aplicação de calçada.
E09,Rampa para cadeirante,Moradores,3516309002,V05229,Não declarado,4255.0,18.00067687621626,,SIM,23638.0,19383.0,Domínio aplicável = Sim + Não; Não declarado coincide com ausência/não aplicação de calçada.
E09,Rampa para cadeirante,Faces,3516309002,V05427,Sim,8.0,1.2030075187969926,1.9417475728155338,NÃO,665.0,412.0,Domínio aplicável = Sim + Não; Não declarado coincide com ausência/não aplicação de calçada.
E09,Rampa para cadeirante,Faces,3516309002,V05428,Não,404.0,60.75187969924812,98.05825242718447,NÃO,665.0,412.0,Domínio aplicável = Sim + Não; Não declarado coincide com ausência/não aplicação de calçada.
E09,Rampa para cadeirante,Faces,3516309002,V05429,Não declarado,253.0,38.045112781954884,,SIM,665.0,412.0,Domínio aplicável = Sim + Não; Não declarado coincide com ausência/não aplicação de calçada.
E10,Arborização,Domicílios,3516309002,V05030,Sem árvores,1853.0,22.834257547751076,22.879367823188048,NÃO,8115.0,8099.0,Domínio aplicável = classes substantivas de arborização; Saltado fica fora.
E10,Arborização,Domicílios,3516309002,V05031,1 a 2 árvores,1554.0,19.149722735674676,19.187554019014694,NÃO,8115.0,8099.0,Domínio aplicável = classes substantivas de arborização; Saltado fica fora.
E10,Arborização,Domicílios,3516309002,V05032,3 a 4 árvores,1734.0,21.367837338262476,21.41005062353377,NÃO,8115.0,8099.0,Domínio aplicável = classes substantivas de arborização; Saltado fica fora.
E10,Arborização,Domicílios,3516309002,V05033,5 ou mais árvores,2958.0,36.45101663585952,36.52302753426349,NÃO,8115.0,8099.0,Domínio aplicável = classes substantivas de arborização; Saltado fica fora.
E10,Arborização,Domicílios,3516309002,V05034,Saltado,16.0,0.1971657424522489,,SIM,8115.0,8099.0,Domínio aplicável = classes substantivas de arborização; Saltado fica fora.
E10,Arborização,Moradores,3516309002,V05230,Sem árvores,5516.0,23.335307555630763,23.38278931750742,NÃO,23638.0,23590.0,Domínio aplicável = classes substantivas de arborização; Saltado fica fora.
E10,Arborização,Moradores,3516309002,V05231,1 a 2 árvores,4480.0,18.95253405533463,18.991097922848667,NÃO,23638.0,23590.0,Domínio aplicável = classes substantivas de arborização; Saltado fica fora.
E10,Arborização,Moradores,3516309002,V05232,3 a 4 árvores,5006.0,21.177764616295793,21.22085629504027,NÃO,23638.0,23590.0,Domínio aplicável = classes substantivas de arborização; Saltado fica fora.
E10,Arborização,Moradores,3516309002,V05233,5 ou mais árvores,8588.0,36.33133090786023,36.405256464603646,NÃO,23638.0,23590.0,Domínio aplicável = classes substantivas de arborização; Saltado fica fora.
E10,Arborização,Moradores,3516309002,V05234,Saltado,48.0,0.20306286487858533,,SIM,23638.0,23590.0,Domínio aplicável = classes substantivas de arborização; Saltado fica fora.
E10,Arborização,Faces,3516309002,V05430,Sem árvores,243.0,36.54135338345865,36.874051593323216,NÃO,665.0,659.0,Domínio aplicável = classes substantivas de arborização; Saltado fica fora.
E10,Arborização,Faces,3516309002,V05431,1 a 2 árvores,127.0,19.097744360902254,19.271623672230653,NÃO,665.0,659.0,Domínio aplicável = classes substantivas de arborização; Saltado fica fora.
E10,Arborização,Faces,3516309002,V05432,3 a 4 árvores,114.0,17.142857142857142,17.298937784522003,NÃO,665.0,659.0,Domínio aplicável = classes substantivas de arborização; Saltado fica fora.
E10,Arborização,Faces,3516309002,V05433,5 ou mais árvores,175.0,26.31578947368421,26.555386949924127,NÃO,665.0,659.0,Domínio aplicável = classes substantivas de arborização; Saltado fica fora.
E10,Arborização,Faces,3516309002,V05434,Saltado,6.0,0.9022556390977444,,SIM,665.0,659.0,Domínio aplicável = classes substantivas de arborização; Saltado fica fora.
E01,Circulação da via,Domicílios,3516309003,V05001,"Caminhão, ônibus",7840.0,93.22235434007135,93.22235434007135,NÃO,8410.0,8410.0,Domínio aplicável = categorias substantivas de circulação; Saltado fica fora.
E01,Circulação da via,Domicílios,3516309003,V05002,Carros de passeio ou van,414.0,4.922711058263971,4.922711058263971,NÃO,8410.0,8410.0,Domínio aplicável = categorias substantivas de circulação; Saltado fica fora.
E01,Circulação da via,Domicílios,3516309003,V05003,"Pedestres, bicicletas e motocicletas",156.0,1.8549346016646848,1.8549346016646848,NÃO,8410.0,8410.0,Domínio aplicável = categorias substantivas de circulação; Saltado fica fora.
E01,Circulação da via,Domicílios,3516309003,V05004,Aquavia,0.0,0.0,0.0,NÃO,8410.0,8410.0,Domínio aplicável = categorias substantivas de circulação; Saltado fica fora.
E01,Circulação da via,Domicílios,3516309003,V05005,Saltado,0.0,0.0,,SIM,8410.0,8410.0,Domínio aplicável = categorias substantivas de circulação; Saltado fica fora.
E01,Circulação da via,Moradores,3516309003,V05201,"Caminhão, ônibus",21924.0,93.01654645736104,93.01654645736104,NÃO,23570.0,23570.0,Domínio aplicável = categorias substantivas de circulação; Saltado fica fora.
E01,Circulação da via,Moradores,3516309003,V05202,Carros de passeio ou van,1206.0,5.116673737802291,5.116673737802291,NÃO,23570.0,23570.0,Domínio aplicável = categorias substantivas de circulação; Saltado fica fora.
E01,Circulação da via,Moradores,3516309003,V05203,"Pedestres, bicicletas e motocicletas",440.0,1.8667798048366566,1.8667798048366566,NÃO,23570.0,23570.0,Domínio aplicável = categorias substantivas de circulação; Saltado fica fora.
E01,Circulação da via,Moradores,3516309003,V05204,Aquavia,0.0,0.0,0.0,NÃO,23570.0,23570.0,Domínio aplicável = categorias substantivas de circulação; Saltado fica fora.
E01,Circulação da via,Moradores,3516309003,V05205,Saltado,0.0,0.0,,SIM,23570.0,23570.0,Domínio aplicável = categorias substantivas de circulação; Saltado fica fora.
E01,Circulação da via,Faces,3516309003,V05401,"Caminhão, ônibus",647.0,78.51941747572816,78.71046228710462,NÃO,824.0,822.0,Domínio aplicável = categorias substantivas de circulação; Saltado fica fora.
E01,Circulação da via,Faces,3516309003,V05402,Carros de passeio ou van,62.0,7.524271844660194,7.542579075425791,NÃO,824.0,822.0,Domínio aplicável = categorias substantivas de circulação; Saltado fica fora.
E01,Circulação da via,Faces,3516309003,V05403,"Pedestres, bicicletas e motocicletas",113.0,13.713592233009708,13.746958637469586,NÃO,824.0,822.0,Domínio aplicável = categorias substantivas de circulação; Saltado fica fora.
E01,Circulação da via,Faces,3516309003,V05404,Aquavia,0.0,0.0,0.0,NÃO,824.0,822.0,Domínio aplicável = categorias substantivas de circulação; Saltado fica fora.
E01,Circulação da via,Faces,3516309003,V05405,Saltado,2.0,0.24271844660194172,,SIM,824.0,822.0,Domínio aplicável = categorias substantivas de circulação; Saltado fica fora.
E02,Pavimentação,Domicílios,3516309003,V05006,Sim,8135.0,96.73008323424494,96.73008323424494,NÃO,8410.0,8410.0,Domínio aplicável = Sim + Não; Não declarado coincide com circulação Aquavia + Saltado.
E02,Pavimentação,Domicílios,3516309003,V05007,Não,275.0,3.2699167657550534,3.2699167657550534,NÃO,8410.0,8410.0,Domínio aplicável = Sim + Não; Não declarado coincide com circulação Aquavia + Saltado.
E02,Pavimentação,Domicílios,3516309003,V05008,Não declarado,0.0,0.0,,SIM,8410.0,8410.0,Domínio aplicável = Sim + Não; Não declarado coincide com circulação Aquavia + Saltado.
E02,Pavimentação,Moradores,3516309003,V05206,Sim,22823.0,96.83071701315231,96.83071701315231,NÃO,23570.0,23570.0,Domínio aplicável = Sim + Não; Não declarado coincide com circulação Aquavia + Saltado.
E02,Pavimentação,Moradores,3516309003,V05207,Não,747.0,3.169282986847688,3.169282986847688,NÃO,23570.0,23570.0,Domínio aplicável = Sim + Não; Não declarado coincide com circulação Aquavia + Saltado.
E02,Pavimentação,Moradores,3516309003,V05208,Não declarado,0.0,0.0,,SIM,23570.0,23570.0,Domínio aplicável = Sim + Não; Não declarado coincide com circulação Aquavia + Saltado.
E02,Pavimentação,Faces,3516309003,V05406,Sim,762.0,92.47572815533981,92.7007299270073,NÃO,824.0,822.0,Domínio aplicável = Sim + Não; Não declarado coincide com circulação Aquavia + Saltado.
E02,Pavimentação,Faces,3516309003,V05407,Não,60.0,7.281553398058252,7.2992700729927,NÃO,824.0,822.0,Domínio aplicável = Sim + Não; Não declarado coincide com circulação Aquavia + Saltado.
E02,Pavimentação,Faces,3516309003,V05408,Não declarado,2.0,0.24271844660194172,,SIM,824.0,822.0,Domínio aplicável = Sim + Não; Não declarado coincide com circulação Aquavia + Saltado.
E03,Bueiro / boca de lobo,Domicílios,3516309003,V05009,Sim,4676.0,55.60047562425684,55.60047562425684,NÃO,8410.0,8410.0,Domínio aplicável = Sim + Não; Não declarado coincide com circulação Aquavia + Saltado.
E03,Bueiro / boca de lobo,Domicílios,3516309003,V05010,Não,3734.0,44.39952437574316,44.39952437574316,NÃO,8410.0,8410.0,Domínio aplicável = Sim + Não; Não declarado coincide com circulação Aquavia + Saltado.
E03,Bueiro / boca de lobo,Domicílios,3516309003,V05011,Não declarado,0.0,0.0,,SIM,8410.0,8410.0,Domínio aplicável = Sim + Não; Não declarado coincide com circulação Aquavia + Saltado.
E03,Bueiro / boca de lobo,Moradores,3516309003,V05209,Sim,13029.0,55.27789563003819,55.27789563003819,NÃO,23570.0,23570.0,Domínio aplicável = Sim + Não; Não declarado coincide com circulação Aquavia + Saltado.
E03,Bueiro / boca de lobo,Moradores,3516309003,V05210,Não,10541.0,44.72210436996182,44.72210436996182,NÃO,23570.0,23570.0,Domínio aplicável = Sim + Não; Não declarado coincide com circulação Aquavia + Saltado.
E03,Bueiro / boca de lobo,Moradores,3516309003,V05211,Não declarado,0.0,0.0,,SIM,23570.0,23570.0,Domínio aplicável = Sim + Não; Não declarado coincide com circulação Aquavia + Saltado.
E03,Bueiro / boca de lobo,Faces,3516309003,V05409,Sim,439.0,53.27669902912622,53.406326034063255,NÃO,824.0,822.0,Domínio aplicável = Sim + Não; Não declarado coincide com circulação Aquavia + Saltado.
E03,Bueiro / boca de lobo,Faces,3516309003,V05410,Não,383.0,46.480582524271846,46.59367396593674,NÃO,824.0,822.0,Domínio aplicável = Sim + Não; Não declarado coincide com circulação Aquavia + Saltado.
E03,Bueiro / boca de lobo,Faces,3516309003,V05411,Não declarado,2.0,0.24271844660194172,,SIM,824.0,822.0,Domínio aplicável = Sim + Não; Não declarado coincide com circulação Aquavia + Saltado.
E04,Iluminação pública,Domicílios,3516309003,V05012,Sim,8381.0,99.6551724137931,99.6551724137931,NÃO,8410.0,8410.0,Domínio aplicável = Sim + Não; Não declarado coincide com circulação Aquavia + Saltado.
E04,Iluminação pública,Domicílios,3516309003,V05013,Não,29.0,0.3448275862068966,0.3448275862068966,NÃO,8410.0,8410.0,Domínio aplicável = Sim + Não; Não declarado coincide com circulação Aquavia + Saltado.
E04,Iluminação pública,Domicílios,3516309003,V05014,Não declarado,0.0,0.0,,SIM,8410.0,8410.0,Domínio aplicável = Sim + Não; Não declarado coincide com circulação Aquavia + Saltado.
E04,Iluminação pública,Moradores,3516309003,V05212,Sim,23489.0,99.65634280865507,99.65634280865507,NÃO,23570.0,23570.0,Domínio aplicável = Sim + Não; Não declarado coincide com circulação Aquavia + Saltado.
E04,Iluminação pública,Moradores,3516309003,V05213,Não,81.0,0.34365719134493,0.34365719134493,NÃO,23570.0,23570.0,Domínio aplicável = Sim + Não; Não declarado coincide com circulação Aquavia + Saltado.
E04,Iluminação pública,Moradores,3516309003,V05214,Não declarado,0.0,0.0,,SIM,23570.0,23570.0,Domínio aplicável = Sim + Não; Não declarado coincide com circulação Aquavia + Saltado.
E04,Iluminação pública,Faces,3516309003,V05412,Sim,787.0,95.50970873786407,95.74209245742092,NÃO,824.0,822.0,Domínio aplicável = Sim + Não; Não declarado coincide com circulação Aquavia + Saltado.
E04,Iluminação pública,Faces,3516309003,V05413,Não,35.0,4.247572815533981,4.257907542579075,NÃO,824.0,822.0,Domínio aplicável = Sim + Não; Não declarado coincide com circulação Aquavia + Saltado.
E04,Iluminação pública,Faces,3516309003,V05414,Não declarado,2.0,0.24271844660194172,,SIM,824.0,822.0,Domínio aplicável = Sim + Não; Não declarado coincide com circulação Aquavia + Saltado.
E05,Ponto de ônibus,Domicílios,3516309003,V05015,Sim,1569.0,18.656361474435197,18.656361474435197,NÃO,8410.0,8410.0,Domínio aplicável = Sim + Não; Não declarado coincide com circulação Aquavia + Saltado.
E05,Ponto de ônibus,Domicílios,3516309003,V05016,Não,6841.0,81.3436385255648,81.3436385255648,NÃO,8410.0,8410.0,Domínio aplicável = Sim + Não; Não declarado coincide com circulação Aquavia + Saltado.
E05,Ponto de ônibus,Domicílios,3516309003,V05017,Não declarado,0.0,0.0,,SIM,8410.0,8410.0,Domínio aplicável = Sim + Não; Não declarado coincide com circulação Aquavia + Saltado.
E05,Ponto de ônibus,Moradores,3516309003,V05215,Sim,4288.0,18.192617734408145,18.192617734408145,NÃO,23570.0,23570.0,Domínio aplicável = Sim + Não; Não declarado coincide com circulação Aquavia + Saltado.
E05,Ponto de ônibus,Moradores,3516309003,V05216,Não,19282.0,81.80738226559185,81.80738226559185,NÃO,23570.0,23570.0,Domínio aplicável = Sim + Não; Não declarado coincide com circulação Aquavia + Saltado.
E05,Ponto de ônibus,Moradores,3516309003,V05217,Não declarado,0.0,0.0,,SIM,23570.0,23570.0,Domínio aplicável = Sim + Não; Não declarado coincide com circulação Aquavia + Saltado.
E05,Ponto de ônibus,Faces,3516309003,V05415,Sim,134.0,16.2621359223301,16.30170316301703,NÃO,824.0,822.0,Domínio aplicável = Sim + Não; Não declarado coincide com circulação Aquavia + Saltado.
E05,Ponto de ônibus,Faces,3516309003,V05416,Não,688.0,83.49514563106796,83.69829683698296,NÃO,824.0,822.0,Domínio aplicável = Sim + Não; Não declarado coincide com circulação Aquavia + Saltado.
E05,Ponto de ônibus,Faces,3516309003,V05417,Não declarado,2.0,0.24271844660194172,,SIM,824.0,822.0,Domínio aplicável = Sim + Não; Não declarado coincide com circulação Aquavia + Saltado.
E06,Via sinalizada para bicicleta,Domicílios,3516309003,V05018,Sim,116.0,1.3793103448275863,1.3793103448275863,NÃO,8410.0,8410.0,Domínio aplicável = Sim + Não; Não declarado coincide com circulação Aquavia + Saltado.
E06,Via sinalizada para bicicleta,Domicílios,3516309003,V05019,Não,8294.0,98.62068965517241,98.62068965517241,NÃO,8410.0,8410.0,Domínio aplicável = Sim + Não; Não declarado coincide com circulação Aquavia + Saltado.
E06,Via sinalizada para bicicleta,Domicílios,3516309003,V05020,Não declarado,0.0,0.0,,SIM,8410.0,8410.0,Domínio aplicável = Sim + Não; Não declarado coincide com circulação Aquavia + Saltado.
E06,Via sinalizada para bicicleta,Moradores,3516309003,V05218,Sim,313.0,1.3279592702588037,1.3279592702588037,NÃO,23570.0,23570.0,Domínio aplicável = Sim + Não; Não declarado coincide com circulação Aquavia + Saltado.
E06,Via sinalizada para bicicleta,Moradores,3516309003,V05219,Não,23257.0,98.6720407297412,98.6720407297412,NÃO,23570.0,23570.0,Domínio aplicável = Sim + Não; Não declarado coincide com circulação Aquavia + Saltado.
E06,Via sinalizada para bicicleta,Moradores,3516309003,V05220,Não declarado,0.0,0.0,,SIM,23570.0,23570.0,Domínio aplicável = Sim + Não; Não declarado coincide com circulação Aquavia + Saltado.
E06,Via sinalizada para bicicleta,Faces,3516309003,V05418,Sim,15.0,1.820388349514563,1.824817518248175,NÃO,824.0,822.0,Domínio aplicável = Sim + Não; Não declarado coincide com circulação Aquavia + Saltado.
E06,Via sinalizada para bicicleta,Faces,3516309003,V05419,Não,807.0,97.93689320388349,98.17518248175182,NÃO,824.0,822.0,Domínio aplicável = Sim + Não; Não declarado coincide com circulação Aquavia + Saltado.
E06,Via sinalizada para bicicleta,Faces,3516309003,V05420,Não declarado,2.0,0.24271844660194172,,SIM,824.0,822.0,Domínio aplicável = Sim + Não; Não declarado coincide com circulação Aquavia + Saltado.
E07,Calçada,Domicílios,3516309003,V05021,Sim,7865.0,93.51961950059453,93.51961950059453,NÃO,8410.0,8410.0,Domínio aplicável = Sim + Não; Não declarado coincide com circulação Aquavia + Saltado.
E07,Calçada,Domicílios,3516309003,V05022,Não,545.0,6.480380499405469,6.480380499405469,NÃO,8410.0,8410.0,Domínio aplicável = Sim + Não; Não declarado coincide com circulação Aquavia + Saltado.
E07,Calçada,Domicílios,3516309003,V05023,Não declarado,0.0,0.0,,SIM,8410.0,8410.0,Domínio aplicável = Sim + Não; Não declarado coincide com circulação Aquavia + Saltado.
E07,Calçada,Moradores,3516309003,V05221,Sim,22101.0,93.76750106067034,93.76750106067034,NÃO,23570.0,23570.0,Domínio aplicável = Sim + Não; Não declarado coincide com circulação Aquavia + Saltado.
E07,Calçada,Moradores,3516309003,V05222,Não,1469.0,6.232498939329656,6.232498939329656,NÃO,23570.0,23570.0,Domínio aplicável = Sim + Não; Não declarado coincide com circulação Aquavia + Saltado.
E07,Calçada,Moradores,3516309003,V05223,Não declarado,0.0,0.0,,SIM,23570.0,23570.0,Domínio aplicável = Sim + Não; Não declarado coincide com circulação Aquavia + Saltado.
E07,Calçada,Faces,3516309003,V05421,Sim,667.0,80.94660194174757,81.14355231143551,NÃO,824.0,822.0,Domínio aplicável = Sim + Não; Não declarado coincide com circulação Aquavia + Saltado.
E07,Calçada,Faces,3516309003,V05422,Não,155.0,18.810679611650485,18.856447688564476,NÃO,824.0,822.0,Domínio aplicável = Sim + Não; Não declarado coincide com circulação Aquavia + Saltado.
E07,Calçada,Faces,3516309003,V05423,Não declarado,2.0,0.24271844660194172,,SIM,824.0,822.0,Domínio aplicável = Sim + Não; Não declarado coincide com circulação Aquavia + Saltado.
E08,Obstáculo na calçada,Domicílios,3516309003,V05024,Sim,7312.0,86.94411414982164,92.96884933248569,NÃO,8410.0,7865.0,Domínio aplicável = Sim + Não; Não declarado coincide com ausência/não aplicação de calçada.
E08,Obstáculo na calçada,Domicílios,3516309003,V05025,Não,553.0,6.57550535077289,7.031150667514304,NÃO,8410.0,7865.0,Domínio aplicável = Sim + Não; Não declarado coincide com ausência/não aplicação de calçada.
E08,Obstáculo na calçada,Domicílios,3516309003,V05026,Não declarado,545.0,6.480380499405469,,SIM,8410.0,7865.0,Domínio aplicável = Sim + Não; Não declarado coincide com ausência/não aplicação de calçada.
E08,Obstáculo na calçada,Moradores,3516309003,V05224,Sim,20572.0,87.28044123886296,93.08176100628931,NÃO,23570.0,22101.0,Domínio aplicável = Sim + Não; Não declarado coincide com ausência/não aplicação de calçada.
E08,Obstáculo na calçada,Moradores,3516309003,V05225,Não,1529.0,6.4870598218073825,6.918238993710692,NÃO,23570.0,22101.0,Domínio aplicável = Sim + Não; Não declarado coincide com ausência/não aplicação de calçada.
E08,Obstáculo na calçada,Moradores,3516309003,V05226,Não declarado,1469.0,6.232498939329656,,SIM,23570.0,22101.0,Domínio aplicável = Sim + Não; Não declarado coincide com ausência/não aplicação de calçada.
E08,Obstáculo na calçada,Faces,3516309003,V05424,Sim,559.0,67.83980582524272,83.80809595202399,NÃO,824.0,667.0,Domínio aplicável = Sim + Não; Não declarado coincide com ausência/não aplicação de calçada.
E08,Obstáculo na calçada,Faces,3516309003,V05425,Não,108.0,13.106796116504855,16.19190404797601,NÃO,824.0,667.0,Domínio aplicável = Sim + Não; Não declarado coincide com ausência/não aplicação de calçada.
E08,Obstáculo na calçada,Faces,3516309003,V05426,Não declarado,157.0,19.053398058252426,,SIM,824.0,667.0,Domínio aplicável = Sim + Não; Não declarado coincide com ausência/não aplicação de calçada.
E09,Rampa para cadeirante,Domicílios,3516309003,V05027,Sim,274.0,3.2580261593341255,3.483788938334393,NÃO,8410.0,7865.0,Domínio aplicável = Sim + Não; Não declarado coincide com ausência/não aplicação de calçada.
E09,Rampa para cadeirante,Domicílios,3516309003,V05028,Não,7591.0,90.26159334126041,96.5162110616656,NÃO,8410.0,7865.0,Domínio aplicável = Sim + Não; Não declarado coincide com ausência/não aplicação de calçada.
E09,Rampa para cadeirante,Domicílios,3516309003,V05029,Não declarado,545.0,6.480380499405469,,SIM,8410.0,7865.0,Domínio aplicável = Sim + Não; Não declarado coincide com ausência/não aplicação de calçada.
E09,Rampa para cadeirante,Moradores,3516309003,V05227,Sim,738.0,3.131098854476029,3.3392154201167368,NÃO,23570.0,22101.0,Domínio aplicável = Sim + Não; Não declarado coincide com ausência/não aplicação de calçada.
E09,Rampa para cadeirante,Moradores,3516309003,V05228,Não,21363.0,90.6364022061943,96.66078457988327,NÃO,23570.0,22101.0,Domínio aplicável = Sim + Não; Não declarado coincide com ausência/não aplicação de calçada.
E09,Rampa para cadeirante,Moradores,3516309003,V05229,Não declarado,1469.0,6.232498939329656,,SIM,23570.0,22101.0,Domínio aplicável = Sim + Não; Não declarado coincide com ausência/não aplicação de calçada.
E09,Rampa para cadeirante,Faces,3516309003,V05427,Sim,62.0,7.524271844660194,9.295352323838081,NÃO,824.0,667.0,Domínio aplicável = Sim + Não; Não declarado coincide com ausência/não aplicação de calçada.
E09,Rampa para cadeirante,Faces,3516309003,V05428,Não,605.0,73.42233009708737,90.70464767616193,NÃO,824.0,667.0,Domínio aplicável = Sim + Não; Não declarado coincide com ausência/não aplicação de calçada.
E09,Rampa para cadeirante,Faces,3516309003,V05429,Não declarado,157.0,19.053398058252426,,SIM,824.0,667.0,Domínio aplicável = Sim + Não; Não declarado coincide com ausência/não aplicação de calçada.
E10,Arborização,Domicílios,3516309003,V05030,Sem árvores,2361.0,28.07372175980975,28.07372175980975,NÃO,8410.0,8410.0,Domínio aplicável = classes substantivas de arborização; Saltado fica fora.
E10,Arborização,Domicílios,3516309003,V05031,1 a 2 árvores,2332.0,27.728894173602853,27.728894173602853,NÃO,8410.0,8410.0,Domínio aplicável = classes substantivas de arborização; Saltado fica fora.
E10,Arborização,Domicílios,3516309003,V05032,3 a 4 árvores,1166.0,13.864447086801427,13.864447086801427,NÃO,8410.0,8410.0,Domínio aplicável = classes substantivas de arborização; Saltado fica fora.
E10,Arborização,Domicílios,3516309003,V05033,5 ou mais árvores,2551.0,30.33293697978597,30.33293697978597,NÃO,8410.0,8410.0,Domínio aplicável = classes substantivas de arborização; Saltado fica fora.
E10,Arborização,Domicílios,3516309003,V05034,Saltado,0.0,0.0,,SIM,8410.0,8410.0,Domínio aplicável = classes substantivas de arborização; Saltado fica fora.
E10,Arborização,Moradores,3516309003,V05230,Sem árvores,6674.0,28.31565549427238,28.31565549427238,NÃO,23570.0,23570.0,Domínio aplicável = classes substantivas de arborização; Saltado fica fora.
E10,Arborização,Moradores,3516309003,V05231,1 a 2 árvores,6486.0,27.518031395842176,27.518031395842176,NÃO,23570.0,23570.0,Domínio aplicável = classes substantivas de arborização; Saltado fica fora.
E10,Arborização,Moradores,3516309003,V05232,3 a 4 árvores,3278.0,13.907509546033092,13.907509546033092,NÃO,23570.0,23570.0,Domínio aplicável = classes substantivas de arborização; Saltado fica fora.
E10,Arborização,Moradores,3516309003,V05233,5 ou mais árvores,7132.0,30.258803563852354,30.258803563852354,NÃO,23570.0,23570.0,Domínio aplicável = classes substantivas de arborização; Saltado fica fora.
E10,Arborização,Moradores,3516309003,V05234,Saltado,0.0,0.0,,SIM,23570.0,23570.0,Domínio aplicável = classes substantivas de arborização; Saltado fica fora.
E10,Arborização,Faces,3516309003,V05430,Sem árvores,377.0,45.75242718446602,45.86374695863747,NÃO,824.0,822.0,Domínio aplicável = classes substantivas de arborização; Saltado fica fora.
E10,Arborização,Faces,3516309003,V05431,1 a 2 árvores,182.0,22.0873786407767,22.14111922141119,NÃO,824.0,822.0,Domínio aplicável = classes substantivas de arborização; Saltado fica fora.
E10,Arborização,Faces,3516309003,V05432,3 a 4 árvores,87.0,10.558252427184465,10.583941605839415,NÃO,824.0,822.0,Domínio aplicável = classes substantivas de arborização; Saltado fica fora.
E10,Arborização,Faces,3516309003,V05433,5 ou mais árvores,176.0,21.35922330097087,21.41119221411192,NÃO,824.0,822.0,Domínio aplicável = classes substantivas de arborização; Saltado fica fora.
E10,Arborização,Faces,3516309003,V05434,Saltado,2.0,0.24271844660194172,,SIM,824.0,822.0,Domínio aplicável = classes substantivas de arborização; Saltado fica fora.
E01,Circulação da via,Domicílios,3516309004,V05001,"Caminhão, ônibus",5043.0,85.95534344639509,86.19039480430696,NÃO,5867.0,5851.0,Domínio aplicável = categorias substantivas de circulação; Saltado fica fora.
E01,Circulação da via,Domicílios,3516309004,V05002,Carros de passeio ou van,468.0,7.976819498892109,7.998632712356862,NÃO,5867.0,5851.0,Domínio aplicável = categorias substantivas de circulação; Saltado fica fora.
E01,Circulação da via,Domicílios,3516309004,V05003,"Pedestres, bicicletas e motocicletas",340.0,5.795125276972899,5.810972483336182,NÃO,5867.0,5851.0,Domínio aplicável = categorias substantivas de circulação; Saltado fica fora.
E01,Circulação da via,Domicílios,3516309004,V05004,Aquavia,0.0,0.0,0.0,NÃO,5867.0,5851.0,Domínio aplicável = categorias substantivas de circulação; Saltado fica fora.
E01,Circulação da via,Domicílios,3516309004,V05005,Saltado,16.0,0.27271177773990113,,SIM,5867.0,5851.0,Domínio aplicável = categorias substantivas de circulação; Saltado fica fora.
E01,Circulação da via,Moradores,3516309004,V05201,"Caminhão, ônibus",14747.0,85.55433080002321,85.79323986270289,NÃO,17237.0,17189.0,Domínio aplicável = categorias substantivas de circulação; Saltado fica fora.
E01,Circulação da via,Moradores,3516309004,V05202,Carros de passeio ou van,1410.0,8.180077739745895,8.202920472395137,NÃO,17237.0,17189.0,Domínio aplicável = categorias substantivas de circulação; Saltado fica fora.
E01,Circulação da via,Moradores,3516309004,V05203,"Pedestres, bicicletas e motocicletas",1032.0,5.987120728665081,6.003839664901972,NÃO,17237.0,17189.0,Domínio aplicável = categorias substantivas de circulação; Saltado fica fora.
E01,Circulação da via,Moradores,3516309004,V05204,Aquavia,0.0,0.0,0.0,NÃO,17237.0,17189.0,Domínio aplicável = categorias substantivas de circulação; Saltado fica fora.
E01,Circulação da via,Moradores,3516309004,V05205,Saltado,48.0,0.2784707315658177,,SIM,17237.0,17189.0,Domínio aplicável = categorias substantivas de circulação; Saltado fica fora.
E01,Circulação da via,Faces,3516309004,V05401,"Caminhão, ônibus",378.0,67.86355475763017,68.85245901639344,NÃO,557.0,549.0,Domínio aplicável = categorias substantivas de circulação; Saltado fica fora.
E01,Circulação da via,Faces,3516309004,V05402,Carros de passeio ou van,76.0,13.644524236983843,13.843351548269581,NÃO,557.0,549.0,Domínio aplicável = categorias substantivas de circulação; Saltado fica fora.
E01,Circulação da via,Faces,3516309004,V05403,"Pedestres, bicicletas e motocicletas",95.0,17.0556552962298,17.304189435336976,NÃO,557.0,549.0,Domínio aplicável = categorias substantivas de circulação; Saltado fica fora.
E01,Circulação da via,Faces,3516309004,V05404,Aquavia,0.0,0.0,0.0,NÃO,557.0,549.0,Domínio aplicável = categorias substantivas de circulação; Saltado fica fora.
E01,Circulação da via,Faces,3516309004,V05405,Saltado,8.0,1.436265709156194,,SIM,557.0,549.0,Domínio aplicável = categorias substantivas de circulação; Saltado fica fora.
E02,Pavimentação,Domicílios,3516309004,V05006,Sim,4877.0,83.12595875234362,83.35327294479576,NÃO,5867.0,5851.0,Domínio aplicável = Sim + Não; Não declarado coincide com circulação Aquavia + Saltado.
E02,Pavimentação,Domicílios,3516309004,V05007,Não,974.0,16.601329469916482,16.646727055204238,NÃO,5867.0,5851.0,Domínio aplicável = Sim + Não; Não declarado coincide com circulação Aquavia + Saltado.
E02,Pavimentação,Domicílios,3516309004,V05008,Não declarado,16.0,0.27271177773990113,,SIM,5867.0,5851.0,Domínio aplicável = Sim + Não; Não declarado coincide com circulação Aquavia + Saltado.
E02,Pavimentação,Moradores,3516309004,V05206,Sim,14278.0,82.8334396936822,83.06475071266507,NÃO,17237.0,17189.0,Domínio aplicável = Sim + Não; Não declarado coincide com circulação Aquavia + Saltado.
E02,Pavimentação,Moradores,3516309004,V05207,Não,2911.0,16.888089574751987,16.935249287334926,NÃO,17237.0,17189.0,Domínio aplicável = Sim + Não; Não declarado coincide com circulação Aquavia + Saltado.
E02,Pavimentação,Moradores,3516309004,V05208,Não declarado,48.0,0.2784707315658177,,SIM,17237.0,17189.0,Domínio aplicável = Sim + Não; Não declarado coincide com circulação Aquavia + Saltado.
E02,Pavimentação,Faces,3516309004,V05406,Sim,402.0,72.17235188509873,73.224043715847,NÃO,557.0,549.0,Domínio aplicável = Sim + Não; Não declarado coincide com circulação Aquavia + Saltado.
E02,Pavimentação,Faces,3516309004,V05407,Não,147.0,26.391382405745063,26.775956284153008,NÃO,557.0,549.0,Domínio aplicável = Sim + Não; Não declarado coincide com circulação Aquavia + Saltado.
E02,Pavimentação,Faces,3516309004,V05408,Não declarado,8.0,1.436265709156194,,SIM,557.0,549.0,Domínio aplicável = Sim + Não; Não declarado coincide com circulação Aquavia + Saltado.
E03,Bueiro / boca de lobo,Domicílios,3516309004,V05009,Sim,3504.0,59.723879325038354,59.88719876944112,NÃO,5867.0,5851.0,Domínio aplicável = Sim + Não; Não declarado coincide com circulação Aquavia + Saltado.
E03,Bueiro / boca de lobo,Domicílios,3516309004,V05010,Não,2347.0,40.003408897221746,40.11280123055888,NÃO,5867.0,5851.0,Domínio aplicável = Sim + Não; Não declarado coincide com circulação Aquavia + Saltado.
E03,Bueiro / boca de lobo,Domicílios,3516309004,V05011,Não declarado,16.0,0.27271177773990113,,SIM,5867.0,5851.0,Domínio aplicável = Sim + Não; Não declarado coincide com circulação Aquavia + Saltado.
E03,Bueiro / boca de lobo,Moradores,3516309004,V05209,Sim,10249.0,59.45930266287637,59.62534178835301,NÃO,17237.0,17189.0,Domínio aplicável = Sim + Não; Não declarado coincide com circulação Aquavia + Saltado.
E03,Bueiro / boca de lobo,Moradores,3516309004,V05210,Não,6940.0,40.262226605557814,40.37465821164699,NÃO,17237.0,17189.0,Domínio aplicável = Sim + Não; Não declarado coincide com circulação Aquavia + Saltado.
E03,Bueiro / boca de lobo,Moradores,3516309004,V05211,Não declarado,48.0,0.2784707315658177,,SIM,17237.0,17189.0,Domínio aplicável = Sim + Não; Não declarado coincide com circulação Aquavia + Saltado.
E03,Bueiro / boca de lobo,Faces,3516309004,V05409,Sim,270.0,48.473967684021545,49.18032786885246,NÃO,557.0,549.0,Domínio aplicável = Sim + Não; Não declarado coincide com circulação Aquavia + Saltado.
E03,Bueiro / boca de lobo,Faces,3516309004,V05410,Não,279.0,50.08976660682226,50.81967213114754,NÃO,557.0,549.0,Domínio aplicável = Sim + Não; Não declarado coincide com circulação Aquavia + Saltado.
E03,Bueiro / boca de lobo,Faces,3516309004,V05411,Não declarado,8.0,1.436265709156194,,SIM,557.0,549.0,Domínio aplicável = Sim + Não; Não declarado coincide com circulação Aquavia + Saltado.
E04,Iluminação pública,Domicílios,3516309004,V05012,Sim,5353.0,91.23913414010568,91.48863442146641,NÃO,5867.0,5851.0,Domínio aplicável = Sim + Não; Não declarado coincide com circulação Aquavia + Saltado.
E04,Iluminação pública,Domicílios,3516309004,V05013,Não,498.0,8.488154082154423,8.511365578533583,NÃO,5867.0,5851.0,Domínio aplicável = Sim + Não; Não declarado coincide com circulação Aquavia + Saltado.
E04,Iluminação pública,Domicílios,3516309004,V05014,Não declarado,16.0,0.27271177773990113,,SIM,5867.0,5851.0,Domínio aplicável = Sim + Não; Não declarado coincide com circulação Aquavia + Saltado.
E04,Iluminação pública,Moradores,3516309004,V05212,Sim,15680.0,90.9671056448338,91.22112979230903,NÃO,17237.0,17189.0,Domínio aplicável = Sim + Não; Não declarado coincide com circulação Aquavia + Saltado.
E04,Iluminação pública,Moradores,3516309004,V05213,Não,1509.0,8.754423623600395,8.778870207690966,NÃO,17237.0,17189.0,Domínio aplicável = Sim + Não; Não declarado coincide com circulação Aquavia + Saltado.
E04,Iluminação pública,Moradores,3516309004,V05214,Não declarado,48.0,0.2784707315658177,,SIM,17237.0,17189.0,Domínio aplicável = Sim + Não; Não declarado coincide com circulação Aquavia + Saltado.
E04,Iluminação pública,Faces,3516309004,V05412,Sim,466.0,83.66247755834829,84.8816029143898,NÃO,557.0,549.0,Domínio aplicável = Sim + Não; Não declarado coincide com circulação Aquavia + Saltado.
E04,Iluminação pública,Faces,3516309004,V05413,Não,83.0,14.90125673249551,15.1183970856102,NÃO,557.0,549.0,Domínio aplicável = Sim + Não; Não declarado coincide com circulação Aquavia + Saltado.
E04,Iluminação pública,Faces,3516309004,V05414,Não declarado,8.0,1.436265709156194,,SIM,557.0,549.0,Domínio aplicável = Sim + Não; Não declarado coincide com circulação Aquavia + Saltado.
E05,Ponto de ônibus,Domicílios,3516309004,V05015,Sim,1563.0,26.640531787966594,26.71338232780721,NÃO,5867.0,5851.0,Domínio aplicável = Sim + Não; Não declarado coincide com circulação Aquavia + Saltado.
E05,Ponto de ônibus,Domicílios,3516309004,V05016,Não,4288.0,73.0867564342935,73.28661767219279,NÃO,5867.0,5851.0,Domínio aplicável = Sim + Não; Não declarado coincide com circulação Aquavia + Saltado.
E05,Ponto de ônibus,Domicílios,3516309004,V05017,Não declarado,16.0,0.27271177773990113,,SIM,5867.0,5851.0,Domínio aplicável = Sim + Não; Não declarado coincide com circulação Aquavia + Saltado.
E05,Ponto de ônibus,Moradores,3516309004,V05215,Sim,4541.0,26.344491500841215,26.418058060387455,NÃO,17237.0,17189.0,Domínio aplicável = Sim + Não; Não declarado coincide com circulação Aquavia + Saltado.
E05,Ponto de ônibus,Moradores,3516309004,V05216,Não,12648.0,73.37703776759297,73.58194193961253,NÃO,17237.0,17189.0,Domínio aplicável = Sim + Não; Não declarado coincide com circulação Aquavia + Saltado.
E05,Ponto de ônibus,Moradores,3516309004,V05217,Não declarado,48.0,0.2784707315658177,,SIM,17237.0,17189.0,Domínio aplicável = Sim + Não; Não declarado coincide com circulação Aquavia + Saltado.
E05,Ponto de ônibus,Faces,3516309004,V05415,Sim,128.0,22.980251346499102,23.31511839708561,NÃO,557.0,549.0,Domínio aplicável = Sim + Não; Não declarado coincide com circulação Aquavia + Saltado.
E05,Ponto de ônibus,Faces,3516309004,V05416,Não,421.0,75.58348294434471,76.68488160291439,NÃO,557.0,549.0,Domínio aplicável = Sim + Não; Não declarado coincide com circulação Aquavia + Saltado.
E05,Ponto de ônibus,Faces,3516309004,V05417,Não declarado,8.0,1.436265709156194,,SIM,557.0,549.0,Domínio aplicável = Sim + Não; Não declarado coincide com circulação Aquavia + Saltado.
E06,Via sinalizada para bicicleta,Domicílios,3516309004,V05018,Sim,252.0,4.295210499403443,4.306956075884464,NÃO,5867.0,5851.0,Domínio aplicável = Sim + Não; Não declarado coincide com circulação Aquavia + Saltado.
E06,Via sinalizada para bicicleta,Domicílios,3516309004,V05019,Não,5599.0,95.43207772285666,95.69304392411554,NÃO,5867.0,5851.0,Domínio aplicável = Sim + Não; Não declarado coincide com circulação Aquavia + Saltado.
E06,Via sinalizada para bicicleta,Domicílios,3516309004,V05020,Não declarado,16.0,0.27271177773990113,,SIM,5867.0,5851.0,Domínio aplicável = Sim + Não; Não declarado coincide com circulação Aquavia + Saltado.
E06,Via sinalizada para bicicleta,Moradores,3516309004,V05218,Sim,751.0,4.3569066542901895,4.369073244516842,NÃO,17237.0,17189.0,Domínio aplicável = Sim + Não; Não declarado coincide com circulação Aquavia + Saltado.
E06,Via sinalizada para bicicleta,Moradores,3516309004,V05219,Não,16438.0,95.364622614144,95.63092675548316,NÃO,17237.0,17189.0,Domínio aplicável = Sim + Não; Não declarado coincide com circulação Aquavia + Saltado.
E06,Via sinalizada para bicicleta,Moradores,3516309004,V05220,Não declarado,48.0,0.2784707315658177,,SIM,17237.0,17189.0,Domínio aplicável = Sim + Não; Não declarado coincide com circulação Aquavia + Saltado.
E06,Via sinalizada para bicicleta,Faces,3516309004,V05418,Sim,45.0,8.07899461400359,8.19672131147541,NÃO,557.0,549.0,Domínio aplicável = Sim + Não; Não declarado coincide com circulação Aquavia + Saltado.
E06,Via sinalizada para bicicleta,Faces,3516309004,V05419,Não,504.0,90.48473967684022,91.80327868852459,NÃO,557.0,549.0,Domínio aplicável = Sim + Não; Não declarado coincide com circulação Aquavia + Saltado.
E06,Via sinalizada para bicicleta,Faces,3516309004,V05420,Não declarado,8.0,1.436265709156194,,SIM,557.0,549.0,Domínio aplicável = Sim + Não; Não declarado coincide com circulação Aquavia + Saltado.
E07,Calçada,Domicílios,3516309004,V05021,Sim,4363.0,74.3650928924493,74.56844983763459,NÃO,5867.0,5851.0,Domínio aplicável = Sim + Não; Não declarado coincide com circulação Aquavia + Saltado.
E07,Calçada,Domicílios,3516309004,V05022,Não,1488.0,25.362195329810806,25.431550162365408,NÃO,5867.0,5851.0,Domínio aplicável = Sim + Não; Não declarado coincide com circulação Aquavia + Saltado.
E07,Calçada,Domicílios,3516309004,V05023,Não declarado,16.0,0.27271177773990113,,SIM,5867.0,5851.0,Domínio aplicável = Sim + Não; Não declarado coincide com circulação Aquavia + Saltado.
E07,Calçada,Moradores,3516309004,V05221,Sim,12751.0,73.97458954574462,74.18116237128396,NÃO,17237.0,17189.0,Domínio aplicável = Sim + Não; Não declarado coincide com circulação Aquavia + Saltado.
E07,Calçada,Moradores,3516309004,V05222,Não,4438.0,25.746939722689564,25.81883762871604,NÃO,17237.0,17189.0,Domínio aplicável = Sim + Não; Não declarado coincide com circulação Aquavia + Saltado.
E07,Calçada,Moradores,3516309004,V05223,Não declarado,48.0,0.2784707315658177,,SIM,17237.0,17189.0,Domínio aplicável = Sim + Não; Não declarado coincide com circulação Aquavia + Saltado.
E07,Calçada,Faces,3516309004,V05421,Sim,327.0,58.707360861759426,59.56284153005464,NÃO,557.0,549.0,Domínio aplicável = Sim + Não; Não declarado coincide com circulação Aquavia + Saltado.
E07,Calçada,Faces,3516309004,V05422,Não,222.0,39.85637342908438,40.43715846994536,NÃO,557.0,549.0,Domínio aplicável = Sim + Não; Não declarado coincide com circulação Aquavia + Saltado.
E07,Calçada,Faces,3516309004,V05423,Não declarado,8.0,1.436265709156194,,SIM,557.0,549.0,Domínio aplicável = Sim + Não; Não declarado coincide com circulação Aquavia + Saltado.
E08,Obstáculo na calçada,Domicílios,3516309004,V05024,Sim,4128.0,70.3596386568945,94.61379784551914,NÃO,5867.0,4363.0,Domínio aplicável = Sim + Não; Não declarado coincide com ausência/não aplicação de calçada.
E08,Obstáculo na calçada,Domicílios,3516309004,V05025,Não,235.0,4.005454235554798,5.386202154480862,NÃO,5867.0,4363.0,Domínio aplicável = Sim + Não; Não declarado coincide com ausência/não aplicação de calçada.
E08,Obstáculo na calçada,Domicílios,3516309004,V05026,Não declarado,1504.0,25.63490710755071,,SIM,5867.0,4363.0,Domínio aplicável = Sim + Não; Não declarado coincide com ausência/não aplicação de calçada.
E08,Obstáculo na calçada,Moradores,3516309004,V05224,Sim,12011.0,69.68149910077159,94.19653360520743,NÃO,17237.0,12751.0,Domínio aplicável = Sim + Não; Não declarado coincide com ausência/não aplicação de calçada.
E08,Obstáculo na calçada,Moradores,3516309004,V05225,Não,740.0,4.293090444973023,5.803466394792565,NÃO,17237.0,12751.0,Domínio aplicável = Sim + Não; Não declarado coincide com ausência/não aplicação de calçada.
E08,Obstáculo na calçada,Moradores,3516309004,V05226,Não declarado,4486.0,26.025410454255383,,SIM,17237.0,12751.0,Domínio aplicável = Sim + Não; Não declarado coincide com ausência/não aplicação de calçada.
E08,Obstáculo na calçada,Faces,3516309004,V05424,Sim,290.0,52.06463195691203,88.68501529051987,NÃO,557.0,327.0,Domínio aplicável = Sim + Não; Não declarado coincide com ausência/não aplicação de calçada.
E08,Obstáculo na calçada,Faces,3516309004,V05425,Não,37.0,6.642728904847396,11.314984709480122,NÃO,557.0,327.0,Domínio aplicável = Sim + Não; Não declarado coincide com ausência/não aplicação de calçada.
E08,Obstáculo na calçada,Faces,3516309004,V05426,Não declarado,230.0,41.292639138240574,,SIM,557.0,327.0,Domínio aplicável = Sim + Não; Não declarado coincide com ausência/não aplicação de calçada.
E09,Rampa para cadeirante,Domicílios,3516309004,V05027,Sim,6.0,0.10226691665246293,0.137520055008022,NÃO,5867.0,4363.0,Domínio aplicável = Sim + Não; Não declarado coincide com ausência/não aplicação de calçada.
E09,Rampa para cadeirante,Domicílios,3516309004,V05028,Não,4357.0,74.26282597579683,99.86247994499197,NÃO,5867.0,4363.0,Domínio aplicável = Sim + Não; Não declarado coincide com ausência/não aplicação de calçada.
E09,Rampa para cadeirante,Domicílios,3516309004,V05029,Não declarado,1504.0,25.63490710755071,,SIM,5867.0,4363.0,Domínio aplicável = Sim + Não; Não declarado coincide com ausência/não aplicação de calçada.
E09,Rampa para cadeirante,Moradores,3516309004,V05227,Sim,10.0,0.058014735742878694,0.07842522155125088,NÃO,17237.0,12751.0,Domínio aplicável = Sim + Não; Não declarado coincide com ausência/não aplicação de calçada.
E09,Rampa para cadeirante,Moradores,3516309004,V05228,Não,12741.0,73.91657481000175,99.92157477844876,NÃO,17237.0,12751.0,Domínio aplicável = Sim + Não; Não declarado coincide com ausência/não aplicação de calçada.
E09,Rampa para cadeirante,Moradores,3516309004,V05229,Não declarado,4486.0,26.025410454255383,,SIM,17237.0,12751.0,Domínio aplicável = Sim + Não; Não declarado coincide com ausência/não aplicação de calçada.
E09,Rampa para cadeirante,Faces,3516309004,V05427,Sim,8.0,1.436265709156194,2.4464831804281344,NÃO,557.0,327.0,Domínio aplicável = Sim + Não; Não declarado coincide com ausência/não aplicação de calçada.
E09,Rampa para cadeirante,Faces,3516309004,V05428,Não,319.0,57.27109515260324,97.55351681957187,NÃO,557.0,327.0,Domínio aplicável = Sim + Não; Não declarado coincide com ausência/não aplicação de calçada.
E09,Rampa para cadeirante,Faces,3516309004,V05429,Não declarado,230.0,41.292639138240574,,SIM,557.0,327.0,Domínio aplicável = Sim + Não; Não declarado coincide com ausência/não aplicação de calçada.
E10,Arborização,Domicílios,3516309004,V05030,Sem árvores,1312.0,22.362365774671893,22.42351734746197,NÃO,5867.0,5851.0,Domínio aplicável = classes substantivas de arborização; Saltado fica fora.
E10,Arborização,Domicílios,3516309004,V05031,1 a 2 árvores,2016.0,34.361683995227544,34.45564860707571,NÃO,5867.0,5851.0,Domínio aplicável = classes substantivas de arborização; Saltado fica fora.
E10,Arborização,Domicílios,3516309004,V05032,3 a 4 árvores,1214.0,20.692006136015,20.74858998461801,NÃO,5867.0,5851.0,Domínio aplicável = classes substantivas de arborização; Saltado fica fora.
E10,Arborização,Domicílios,3516309004,V05033,5 ou mais árvores,1309.0,22.31123231634566,22.372244060844302,NÃO,5867.0,5851.0,Domínio aplicável = classes substantivas de arborização; Saltado fica fora.
E10,Arborização,Domicílios,3516309004,V05034,Saltado,16.0,0.27271177773990113,,SIM,5867.0,5851.0,Domínio aplicável = classes substantivas de arborização; Saltado fica fora.
E10,Arborização,Moradores,3516309004,V05230,Sem árvores,3934.0,22.822997041248478,22.886729885391823,NÃO,17237.0,17189.0,Domínio aplicável = classes substantivas de arborização; Saltado fica fora.
E10,Arborização,Moradores,3516309004,V05231,1 a 2 árvores,5929.0,34.39693682195278,34.492989702716855,NÃO,17237.0,17189.0,Domínio aplicável = classes substantivas de arborização; Saltado fica fora.
E10,Arborização,Moradores,3516309004,V05232,3 a 4 árvores,3541.0,20.543017926553343,20.600383966490195,NÃO,17237.0,17189.0,Domínio aplicável = classes substantivas de arborização; Saltado fica fora.
E10,Arborização,Moradores,3516309004,V05233,5 ou mais árvores,3785.0,21.958577478679583,22.01989644540113,NÃO,17237.0,17189.0,Domínio aplicável = classes substantivas de arborização; Saltado fica fora.
E10,Arborização,Moradores,3516309004,V05234,Saltado,48.0,0.2784707315658177,,SIM,17237.0,17189.0,Domínio aplicável = classes substantivas de arborização; Saltado fica fora.
E10,Arborização,Faces,3516309004,V05430,Sem árvores,222.0,39.85637342908438,40.43715846994536,NÃO,557.0,549.0,Domínio aplicável = classes substantivas de arborização; Saltado fica fora.
E10,Arborização,Faces,3516309004,V05431,1 a 2 árvores,162.0,29.084380610412925,29.508196721311474,NÃO,557.0,549.0,Domínio aplicável = classes substantivas de arborização; Saltado fica fora.
E10,Arborização,Faces,3516309004,V05432,3 a 4 árvores,79.0,14.183123877917414,14.389799635701275,NÃO,557.0,549.0,Domínio aplicável = classes substantivas de arborização; Saltado fica fora.
E10,Arborização,Faces,3516309004,V05433,5 ou mais árvores,86.0,15.439856373429084,15.664845173041893,NÃO,557.0,549.0,Domínio aplicável = classes substantivas de arborização; Saltado fica fora.
E10,Arborização,Faces,3516309004,V05434,Saltado,8.0,1.436265709156194,,SIM,557.0,549.0,Domínio aplicável = classes substantivas de arborização; Saltado fica fora.
E01,Circulação da via,Domicílios,3516309005,V05001,"Caminhão, ônibus",6495.0,80.17528700160474,80.19508581306334,NÃO,8101.0,8099.0,Domínio aplicável = categorias substantivas de circulação; Saltado fica fora.
E01,Circulação da via,Domicílios,3516309005,V05002,Carros de passeio ou van,1186.0,14.640167880508578,14.643783183109027,NÃO,8101.0,8099.0,Domínio aplicável = categorias substantivas de circulação; Saltado fica fora.
E01,Circulação da via,Domicílios,3516309005,V05003,"Pedestres, bicicletas e motocicletas",418.0,5.159856807801506,5.161131003827633,NÃO,8101.0,8099.0,Domínio aplicável = categorias substantivas de circulação; Saltado fica fora.
E01,Circulação da via,Domicílios,3516309005,V05004,Aquavia,0.0,0.0,0.0,NÃO,8101.0,8099.0,Domínio aplicável = categorias substantivas de circulação; Saltado fica fora.
E01,Circulação da via,Domicílios,3516309005,V05005,Saltado,2.0,0.02468831008517467,,SIM,8101.0,8099.0,Domínio aplicável = categorias substantivas de circulação; Saltado fica fora.
E01,Circulação da via,Moradores,3516309005,V05201,"Caminhão, ônibus",18612.0,79.83186068456722,79.85926370891616,NÃO,23314.0,23306.0,Domínio aplicável = categorias substantivas de circulação; Saltado fica fora.
E01,Circulação da via,Moradores,3516309005,V05202,Carros de passeio ou van,3429.0,14.70790083211804,14.712949455075947,NÃO,23314.0,23306.0,Domínio aplicável = categorias substantivas de circulação; Saltado fica fora.
E01,Circulação da via,Moradores,3516309005,V05203,"Pedestres, bicicletas e motocicletas",1265.0,5.4259243373080555,5.427786836007895,NÃO,23314.0,23306.0,Domínio aplicável = categorias substantivas de circulação; Saltado fica fora.
E01,Circulação da via,Moradores,3516309005,V05204,Aquavia,0.0,0.0,0.0,NÃO,23314.0,23306.0,Domínio aplicável = categorias substantivas de circulação; Saltado fica fora.
E01,Circulação da via,Moradores,3516309005,V05205,Saltado,8.0,0.034314146006691255,,SIM,23314.0,23306.0,Domínio aplicável = categorias substantivas de circulação; Saltado fica fora.
E01,Circulação da via,Faces,3516309005,V05401,"Caminhão, ônibus",382.0,67.61061946902655,68.33631484794276,NÃO,565.0,559.0,Domínio aplicável = categorias substantivas de circulação; Saltado fica fora.
E01,Circulação da via,Faces,3516309005,V05402,Carros de passeio ou van,92.0,16.283185840707965,16.457960644007155,NÃO,565.0,559.0,Domínio aplicável = categorias substantivas de circulação; Saltado fica fora.
E01,Circulação da via,Faces,3516309005,V05403,"Pedestres, bicicletas e motocicletas",85.0,15.04424778761062,15.20572450805009,NÃO,565.0,559.0,Domínio aplicável = categorias substantivas de circulação; Saltado fica fora.
E01,Circulação da via,Faces,3516309005,V05404,Aquavia,0.0,0.0,0.0,NÃO,565.0,559.0,Domínio aplicável = categorias substantivas de circulação; Saltado fica fora.
E01,Circulação da via,Faces,3516309005,V05405,Saltado,6.0,1.0619469026548671,,SIM,565.0,559.0,Domínio aplicável = categorias substantivas de circulação; Saltado fica fora.
E02,Pavimentação,Domicílios,3516309005,V05006,Sim,7170.0,88.50759165535119,88.52944808000987,NÃO,8101.0,8099.0,Domínio aplicável = Sim + Não; Não declarado coincide com circulação Aquavia + Saltado.
E02,Pavimentação,Domicílios,3516309005,V05007,Não,929.0,11.467720034563635,11.470551919990122,NÃO,8101.0,8099.0,Domínio aplicável = Sim + Não; Não declarado coincide com circulação Aquavia + Saltado.
E02,Pavimentação,Domicílios,3516309005,V05008,Não declarado,2.0,0.02468831008517467,,SIM,8101.0,8099.0,Domínio aplicável = Sim + Não; Não declarado coincide com circulação Aquavia + Saltado.
E02,Pavimentação,Moradores,3516309005,V05206,Sim,20582.0,88.28171913871493,88.31202265511027,NÃO,23314.0,23306.0,Domínio aplicável = Sim + Não; Não declarado coincide com circulação Aquavia + Saltado.
E02,Pavimentação,Moradores,3516309005,V05207,Não,2724.0,11.683966715278373,11.687977344889728,NÃO,23314.0,23306.0,Domínio aplicável = Sim + Não; Não declarado coincide com circulação Aquavia + Saltado.
E02,Pavimentação,Moradores,3516309005,V05208,Não declarado,8.0,0.034314146006691255,,SIM,23314.0,23306.0,Domínio aplicável = Sim + Não; Não declarado coincide com circulação Aquavia + Saltado.
E02,Pavimentação,Faces,3516309005,V05406,Sim,432.0,76.46017699115045,77.28085867620752,NÃO,565.0,559.0,Domínio aplicável = Sim + Não; Não declarado coincide com circulação Aquavia + Saltado.
E02,Pavimentação,Faces,3516309005,V05407,Não,127.0,22.477876106194692,22.719141323792485,NÃO,565.0,559.0,Domínio aplicável = Sim + Não; Não declarado coincide com circulação Aquavia + Saltado.
E02,Pavimentação,Faces,3516309005,V05408,Não declarado,6.0,1.0619469026548671,,SIM,565.0,559.0,Domínio aplicável = Sim + Não; Não declarado coincide com circulação Aquavia + Saltado.
E03,Bueiro / boca de lobo,Domicílios,3516309005,V05009,Sim,5977.0,73.7810146895445,73.79923447339178,NÃO,8101.0,8099.0,Domínio aplicável = Sim + Não; Não declarado coincide com circulação Aquavia + Saltado.
E03,Bueiro / boca de lobo,Domicílios,3516309005,V05010,Não,2122.0,26.194297000370327,26.200765526608222,NÃO,8101.0,8099.0,Domínio aplicável = Sim + Não; Não declarado coincide com circulação Aquavia + Saltado.
E03,Bueiro / boca de lobo,Domicílios,3516309005,V05011,Não declarado,2.0,0.02468831008517467,,SIM,8101.0,8099.0,Domínio aplicável = Sim + Não; Não declarado coincide com circulação Aquavia + Saltado.
E03,Bueiro / boca de lobo,Moradores,3516309005,V05209,Sim,17198.0,73.76683537788453,73.79215652621642,NÃO,23314.0,23306.0,Domínio aplicável = Sim + Não; Não declarado coincide com circulação Aquavia + Saltado.
E03,Bueiro / boca de lobo,Moradores,3516309005,V05210,Não,6108.0,26.198850476108777,26.207843473783576,NÃO,23314.0,23306.0,Domínio aplicável = Sim + Não; Não declarado coincide com circulação Aquavia + Saltado.
E03,Bueiro / boca de lobo,Moradores,3516309005,V05211,Não declarado,8.0,0.034314146006691255,,SIM,23314.0,23306.0,Domínio aplicável = Sim + Não; Não declarado coincide com circulação Aquavia + Saltado.
E03,Bueiro / boca de lobo,Faces,3516309005,V05409,Sim,325.0,57.52212389380531,58.139534883720934,NÃO,565.0,559.0,Domínio aplicável = Sim + Não; Não declarado coincide com circulação Aquavia + Saltado.
E03,Bueiro / boca de lobo,Faces,3516309005,V05410,Não,234.0,41.415929203539825,41.86046511627907,NÃO,565.0,559.0,Domínio aplicável = Sim + Não; Não declarado coincide com circulação Aquavia + Saltado.
E03,Bueiro / boca de lobo,Faces,3516309005,V05411,Não declarado,6.0,1.0619469026548671,,SIM,565.0,559.0,Domínio aplicável = Sim + Não; Não declarado coincide com circulação Aquavia + Saltado.
E04,Iluminação pública,Domicílios,3516309005,V05012,Sim,7850.0,96.90161708431057,96.92554636374862,NÃO,8101.0,8099.0,Domínio aplicável = Sim + Não; Não declarado coincide com circulação Aquavia + Saltado.
E04,Iluminação pública,Domicílios,3516309005,V05013,Não,249.0,3.0736946056042465,3.074453636251389,NÃO,8101.0,8099.0,Domínio aplicável = Sim + Não; Não declarado coincide com circulação Aquavia + Saltado.
E04,Iluminação pública,Domicílios,3516309005,V05014,Não declarado,2.0,0.02468831008517467,,SIM,8101.0,8099.0,Domínio aplicável = Sim + Não; Não declarado coincide com circulação Aquavia + Saltado.
E04,Iluminação pública,Moradores,3516309005,V05212,Sim,22637.0,97.09616539418376,97.12949455075946,NÃO,23314.0,23306.0,Domínio aplicável = Sim + Não; Não declarado coincide com circulação Aquavia + Saltado.
E04,Iluminação pública,Moradores,3516309005,V05213,Não,669.0,2.8695204598095563,2.8705054492405386,NÃO,23314.0,23306.0,Domínio aplicável = Sim + Não; Não declarado coincide com circulação Aquavia + Saltado.
E04,Iluminação pública,Moradores,3516309005,V05214,Não declarado,8.0,0.034314146006691255,,SIM,23314.0,23306.0,Domínio aplicável = Sim + Não; Não declarado coincide com circulação Aquavia + Saltado.
E04,Iluminação pública,Faces,3516309005,V05412,Sim,493.0,87.2566371681416,88.19320214669052,NÃO,565.0,559.0,Domínio aplicável = Sim + Não; Não declarado coincide com circulação Aquavia + Saltado.
E04,Iluminação pública,Faces,3516309005,V05413,Não,66.0,11.68141592920354,11.806797853309481,NÃO,565.0,559.0,Domínio aplicável = Sim + Não; Não declarado coincide com circulação Aquavia + Saltado.
E04,Iluminação pública,Faces,3516309005,V05414,Não declarado,6.0,1.0619469026548671,,SIM,565.0,559.0,Domínio aplicável = Sim + Não; Não declarado coincide com circulação Aquavia + Saltado.
E05,Ponto de ônibus,Domicílios,3516309005,V05015,Sim,1735.0,21.417108998889027,21.422397826892208,NÃO,8101.0,8099.0,Domínio aplicável = Sim + Não; Não declarado coincide com circulação Aquavia + Saltado.
E05,Ponto de ônibus,Domicílios,3516309005,V05016,Não,6364.0,78.5582026910258,78.57760217310779,NÃO,8101.0,8099.0,Domínio aplicável = Sim + Não; Não declarado coincide com circulação Aquavia + Saltado.
E05,Ponto de ônibus,Domicílios,3516309005,V05017,Não declarado,2.0,0.02468831008517467,,SIM,8101.0,8099.0,Domínio aplicável = Sim + Não; Não declarado coincide com circulação Aquavia + Saltado.
E05,Ponto de ônibus,Moradores,3516309005,V05215,Sim,4975.0,21.339109547911125,21.346434394576505,NÃO,23314.0,23306.0,Domínio aplicável = Sim + Não; Não declarado coincide com circulação Aquavia + Saltado.
E05,Ponto de ônibus,Moradores,3516309005,V05216,Não,18331.0,78.62657630608219,78.6535656054235,NÃO,23314.0,23306.0,Domínio aplicável = Sim + Não; Não declarado coincide com circulação Aquavia + Saltado.
E05,Ponto de ônibus,Moradores,3516309005,V05217,Não declarado,8.0,0.034314146006691255,,SIM,23314.0,23306.0,Domínio aplicável = Sim + Não; Não declarado coincide com circulação Aquavia + Saltado.
E05,Ponto de ônibus,Faces,3516309005,V05415,Sim,114.0,20.17699115044248,20.39355992844365,NÃO,565.0,559.0,Domínio aplicável = Sim + Não; Não declarado coincide com circulação Aquavia + Saltado.
E05,Ponto de ônibus,Faces,3516309005,V05416,Não,445.0,78.76106194690266,79.60644007155635,NÃO,565.0,559.0,Domínio aplicável = Sim + Não; Não declarado coincide com circulação Aquavia + Saltado.
E05,Ponto de ônibus,Faces,3516309005,V05417,Não declarado,6.0,1.0619469026548671,,SIM,565.0,559.0,Domínio aplicável = Sim + Não; Não declarado coincide com circulação Aquavia + Saltado.
E06,Via sinalizada para bicicleta,Domicílios,3516309005,V05018,Sim,32.0,0.39501296136279473,0.39511050747005805,NÃO,8101.0,8099.0,Domínio aplicável = Sim + Não; Não declarado coincide com circulação Aquavia + Saltado.
E06,Via sinalizada para bicicleta,Domicílios,3516309005,V05019,Não,8067.0,99.58029872855204,99.60488949252995,NÃO,8101.0,8099.0,Domínio aplicável = Sim + Não; Não declarado coincide com circulação Aquavia + Saltado.
E06,Via sinalizada para bicicleta,Domicílios,3516309005,V05020,Não declarado,2.0,0.02468831008517467,,SIM,8101.0,8099.0,Domínio aplicável = Sim + Não; Não declarado coincide com circulação Aquavia + Saltado.
E06,Via sinalizada para bicicleta,Moradores,3516309005,V05218,Sim,96.0,0.4117697520802951,0.4119110958551446,NÃO,23314.0,23306.0,Domínio aplicável = Sim + Não; Não declarado coincide com circulação Aquavia + Saltado.
E06,Via sinalizada para bicicleta,Moradores,3516309005,V05219,Não,23210.0,99.553916101913,99.58808890414485,NÃO,23314.0,23306.0,Domínio aplicável = Sim + Não; Não declarado coincide com circulação Aquavia + Saltado.
E06,Via sinalizada para bicicleta,Moradores,3516309005,V05220,Não declarado,8.0,0.034314146006691255,,SIM,23314.0,23306.0,Domínio aplicável = Sim + Não; Não declarado coincide com circulação Aquavia + Saltado.
E06,Via sinalizada para bicicleta,Faces,3516309005,V05418,Sim,6.0,1.0619469026548671,1.073345259391771,NÃO,565.0,559.0,Domínio aplicável = Sim + Não; Não declarado coincide com circulação Aquavia + Saltado.
E06,Via sinalizada para bicicleta,Faces,3516309005,V05419,Não,553.0,97.87610619469027,98.92665474060823,NÃO,565.0,559.0,Domínio aplicável = Sim + Não; Não declarado coincide com circulação Aquavia + Saltado.
E06,Via sinalizada para bicicleta,Faces,3516309005,V05420,Não declarado,6.0,1.0619469026548671,,SIM,565.0,559.0,Domínio aplicável = Sim + Não; Não declarado coincide com circulação Aquavia + Saltado.
E07,Calçada,Domicílios,3516309005,V05021,Sim,6082.0,75.07715096901617,75.0956908260279,NÃO,8101.0,8099.0,Domínio aplicável = Sim + Não; Não declarado coincide com circulação Aquavia + Saltado.
E07,Calçada,Domicílios,3516309005,V05022,Não,2017.0,24.898160720898655,24.904309173972095,NÃO,8101.0,8099.0,Domínio aplicável = Sim + Não; Não declarado coincide com circulação Aquavia + Saltado.
E07,Calçada,Domicílios,3516309005,V05023,Não declarado,2.0,0.02468831008517467,,SIM,8101.0,8099.0,Domínio aplicável = Sim + Não; Não declarado coincide com circulação Aquavia + Saltado.
E07,Calçada,Moradores,3516309005,V05221,Sim,17443.0,74.81770609933946,74.84338796876341,NÃO,23314.0,23306.0,Domínio aplicável = Sim + Não; Não declarado coincide com circulação Aquavia + Saltado.
E07,Calçada,Moradores,3516309005,V05222,Não,5863.0,25.147979754653853,25.15661203123659,NÃO,23314.0,23306.0,Domínio aplicável = Sim + Não; Não declarado coincide com circulação Aquavia + Saltado.
E07,Calçada,Moradores,3516309005,V05223,Não declarado,8.0,0.034314146006691255,,SIM,23314.0,23306.0,Domínio aplicável = Sim + Não; Não declarado coincide com circulação Aquavia + Saltado.
E07,Calçada,Faces,3516309005,V05421,Sim,342.0,60.53097345132743,61.18067978533095,NÃO,565.0,559.0,Domínio aplicável = Sim + Não; Não declarado coincide com circulação Aquavia + Saltado.
E07,Calçada,Faces,3516309005,V05422,Não,217.0,38.4070796460177,38.81932021466905,NÃO,565.0,559.0,Domínio aplicável = Sim + Não; Não declarado coincide com circulação Aquavia + Saltado.
E07,Calçada,Faces,3516309005,V05423,Não declarado,6.0,1.0619469026548671,,SIM,565.0,559.0,Domínio aplicável = Sim + Não; Não declarado coincide com circulação Aquavia + Saltado.
E08,Obstáculo na calçada,Domicílios,3516309005,V05024,Sim,4371.0,53.95630169114924,71.86780664255178,NÃO,8101.0,6082.0,Domínio aplicável = Sim + Não; Não declarado coincide com ausência/não aplicação de calçada.
E08,Obstáculo na calçada,Domicílios,3516309005,V05025,Não,1711.0,21.12084927786693,28.13219335744821,NÃO,8101.0,6082.0,Domínio aplicável = Sim + Não; Não declarado coincide com ausência/não aplicação de calçada.
E08,Obstáculo na calçada,Domicílios,3516309005,V05026,Não declarado,2019.0,24.92284903098383,,SIM,8101.0,6082.0,Domínio aplicável = Sim + Não; Não declarado coincide com ausência/não aplicação de calçada.
E08,Obstáculo na calçada,Moradores,3516309005,V05224,Sim,12625.0,54.15201166680964,72.37860459783295,NÃO,23314.0,17443.0,Domínio aplicável = Sim + Não; Não declarado coincide com ausência/não aplicação de calçada.
E08,Obstáculo na calçada,Moradores,3516309005,V05225,Não,4818.0,20.66569443252981,27.62139540216706,NÃO,23314.0,17443.0,Domínio aplicável = Sim + Não; Não declarado coincide com ausência/não aplicação de calçada.
E08,Obstáculo na calçada,Moradores,3516309005,V05226,Não declarado,5871.0,25.182293900660547,,SIM,23314.0,17443.0,Domínio aplicável = Sim + Não; Não declarado coincide com ausência/não aplicação de calçada.
E08,Obstáculo na calçada,Faces,3516309005,V05424,Sim,261.0,46.19469026548673,76.31578947368422,NÃO,565.0,342.0,Domínio aplicável = Sim + Não; Não declarado coincide com ausência/não aplicação de calçada.
E08,Obstáculo na calçada,Faces,3516309005,V05425,Não,81.0,14.33628318584071,23.684210526315788,NÃO,565.0,342.0,Domínio aplicável = Sim + Não; Não declarado coincide com ausência/não aplicação de calçada.
E08,Obstáculo na calçada,Faces,3516309005,V05426,Não declarado,223.0,39.469026548672566,,SIM,565.0,342.0,Domínio aplicável = Sim + Não; Não declarado coincide com ausência/não aplicação de calçada.
E09,Rampa para cadeirante,Domicílios,3516309005,V05027,Sim,633.0,7.813850141957783,10.407760605064123,NÃO,8101.0,6082.0,Domínio aplicável = Sim + Não; Não declarado coincide com ausência/não aplicação de calçada.
E09,Rampa para cadeirante,Domicílios,3516309005,V05028,Não,5449.0,67.26330082705839,89.59223939493587,NÃO,8101.0,6082.0,Domínio aplicável = Sim + Não; Não declarado coincide com ausência/não aplicação de calçada.
E09,Rampa para cadeirante,Domicílios,3516309005,V05029,Não declarado,2019.0,24.92284903098383,,SIM,8101.0,6082.0,Domínio aplicável = Sim + Não; Não declarado coincide com ausência/não aplicação de calçada.
E09,Rampa para cadeirante,Moradores,3516309005,V05227,Sim,1779.0,7.6306082182379695,10.198933669666916,NÃO,23314.0,17443.0,Domínio aplicável = Sim + Não; Não declarado coincide com ausência/não aplicação de calçada.
E09,Rampa para cadeirante,Moradores,3516309005,V05228,Não,15664.0,67.1870978811015,89.80106633033309,NÃO,23314.0,17443.0,Domínio aplicável = Sim + Não; Não declarado coincide com ausência/não aplicação de calçada.
E09,Rampa para cadeirante,Moradores,3516309005,V05229,Não declarado,5871.0,25.182293900660547,,SIM,23314.0,17443.0,Domínio aplicável = Sim + Não; Não declarado coincide com ausência/não aplicação de calçada.
E09,Rampa para cadeirante,Faces,3516309005,V05427,Sim,19.0,3.3628318584070795,5.555555555555555,NÃO,565.0,342.0,Domínio aplicável = Sim + Não; Não declarado coincide com ausência/não aplicação de calçada.
E09,Rampa para cadeirante,Faces,3516309005,V05428,Não,323.0,57.16814159292035,94.44444444444444,NÃO,565.0,342.0,Domínio aplicável = Sim + Não; Não declarado coincide com ausência/não aplicação de calçada.
E09,Rampa para cadeirante,Faces,3516309005,V05429,Não declarado,223.0,39.469026548672566,,SIM,565.0,342.0,Domínio aplicável = Sim + Não; Não declarado coincide com ausência/não aplicação de calçada.
E10,Arborização,Domicílios,3516309005,V05030,Sem árvores,3342.0,41.254166152326874,41.264353623904185,NÃO,8101.0,8099.0,Domínio aplicável = classes substantivas de arborização; Saltado fica fora.
E10,Arborização,Domicílios,3516309005,V05031,1 a 2 árvores,1883.0,23.244043945191954,23.249783923941227,NÃO,8101.0,8099.0,Domínio aplicável = classes substantivas de arborização; Saltado fica fora.
E10,Arborização,Domicílios,3516309005,V05032,3 a 4 árvores,1111.0,13.71435625231453,13.717742931226077,NÃO,8101.0,8099.0,Domínio aplicável = classes substantivas de arborização; Saltado fica fora.
E10,Arborização,Domicílios,3516309005,V05033,5 ou mais árvores,1763.0,21.762745340081473,21.768119520928508,NÃO,8101.0,8099.0,Domínio aplicável = classes substantivas de arborização; Saltado fica fora.
E10,Arborização,Domicílios,3516309005,V05034,Saltado,2.0,0.02468831008517467,,SIM,8101.0,8099.0,Domínio aplicável = classes substantivas de arborização; Saltado fica fora.
E10,Arborização,Moradores,3516309005,V05230,Sem árvores,9655.0,41.41288496182551,41.42710031751481,NÃO,23314.0,23306.0,Domínio aplicável = classes substantivas de arborização; Saltado fica fora.
E10,Arborização,Moradores,3516309005,V05231,1 a 2 árvores,5480.0,23.505190014583512,23.513258388397837,NÃO,23314.0,23306.0,Domínio aplicável = classes substantivas de arborização; Saltado fica fora.
E10,Arborização,Moradores,3516309005,V05232,3 a 4 árvores,3141.0,13.472591575877155,13.47721616751051,NÃO,23314.0,23306.0,Domínio aplicável = classes substantivas de arborização; Saltado fica fora.
E10,Arborização,Moradores,3516309005,V05233,5 ou mais árvores,5030.0,21.57501930170713,21.582425126576847,NÃO,23314.0,23306.0,Domínio aplicável = classes substantivas de arborização; Saltado fica fora.
E10,Arborização,Moradores,3516309005,V05234,Saltado,8.0,0.034314146006691255,,SIM,23314.0,23306.0,Domínio aplicável = classes substantivas de arborização; Saltado fica fora.
E10,Arborização,Faces,3516309005,V05430,Sem árvores,291.0,51.50442477876106,52.05724508050089,NÃO,565.0,559.0,Domínio aplicável = classes substantivas de arborização; Saltado fica fora.
E10,Arborização,Faces,3516309005,V05431,1 a 2 árvores,102.0,18.053097345132745,18.246869409660107,NÃO,565.0,559.0,Domínio aplicável = classes substantivas de arborização; Saltado fica fora.
E10,Arborização,Faces,3516309005,V05432,3 a 4 árvores,67.0,11.858407079646017,11.985688729874775,NÃO,565.0,559.0,Domínio aplicável = classes substantivas de arborização; Saltado fica fora.
E10,Arborização,Faces,3516309005,V05433,5 ou mais árvores,99.0,17.52212389380531,17.71019677996422,NÃO,565.0,559.0,Domínio aplicável = classes substantivas de arborização; Saltado fica fora.
E10,Arborização,Faces,3516309005,V05434,Saltado,6.0,1.0619469026548671,,SIM,565.0,559.0,Domínio aplicável = classes substantivas de arborização; Saltado fica fora.
E01,Circulação da via,Domicílios,3516309006,V05001,"Caminhão, ônibus",4714.0,93.4390485629336,93.45757335448057,NÃO,5045.0,5044.0,Domínio aplicável = categorias substantivas de circulação; Saltado fica fora.
E01,Circulação da via,Domicílios,3516309006,V05002,Carros de passeio ou van,231.0,4.578790882061447,4.5796986518636,NÃO,5045.0,5044.0,Domínio aplicável = categorias substantivas de circulação; Saltado fica fora.
E01,Circulação da via,Domicílios,3516309006,V05003,"Pedestres, bicicletas e motocicletas",99.0,1.962338949454906,1.9627279936558286,NÃO,5045.0,5044.0,Domínio aplicável = categorias substantivas de circulação; Saltado fica fora.
E01,Circulação da via,Domicílios,3516309006,V05004,Aquavia,0.0,0.0,0.0,NÃO,5045.0,5044.0,Domínio aplicável = categorias substantivas de circulação; Saltado fica fora.
E01,Circulação da via,Domicílios,3516309006,V05005,Saltado,1.0,0.019821605550049554,,SIM,5045.0,5044.0,Domínio aplicável = categorias substantivas de circulação; Saltado fica fora.
E01,Circulação da via,Moradores,3516309006,V05201,"Caminhão, ônibus",13634.0,92.9569782504943,92.96331651438702,NÃO,14667.0,14666.0,Domínio aplicável = categorias substantivas de circulação; Saltado fica fora.
E01,Circulação da via,Moradores,3516309006,V05202,Carros de passeio ou van,713.0,4.861253153337424,4.861584617482613,NÃO,14667.0,14666.0,Domínio aplicável = categorias substantivas de circulação; Saltado fica fora.
E01,Circulação da via,Moradores,3516309006,V05203,"Pedestres, bicicletas e motocicletas",319.0,2.174950569305243,2.1750988681303696,NÃO,14667.0,14666.0,Domínio aplicável = categorias substantivas de circulação; Saltado fica fora.
E01,Circulação da via,Moradores,3516309006,V05204,Aquavia,0.0,0.0,0.0,NÃO,14667.0,14666.0,Domínio aplicável = categorias substantivas de circulação; Saltado fica fora.
E01,Circulação da via,Moradores,3516309006,V05205,Saltado,1.0,0.0068180268630258405,,SIM,14667.0,14666.0,Domínio aplicável = categorias substantivas de circulação; Saltado fica fora.
E01,Circulação da via,Faces,3516309006,V05401,"Caminhão, ônibus",334.0,79.90430622009569,80.28846153846155,NÃO,418.0,416.0,Domínio aplicável = categorias substantivas de circulação; Saltado fica fora.
E01,Circulação da via,Faces,3516309006,V05402,Carros de passeio ou van,32.0,7.655502392344498,7.6923076923076925,NÃO,418.0,416.0,Domínio aplicável = categorias substantivas de circulação; Saltado fica fora.
E01,Circulação da via,Faces,3516309006,V05403,"Pedestres, bicicletas e motocicletas",50.0,11.961722488038278,12.01923076923077,NÃO,418.0,416.0,Domínio aplicável = categorias substantivas de circulação; Saltado fica fora.
E01,Circulação da via,Faces,3516309006,V05404,Aquavia,0.0,0.0,0.0,NÃO,418.0,416.0,Domínio aplicável = categorias substantivas de circulação; Saltado fica fora.
E01,Circulação da via,Faces,3516309006,V05405,Saltado,2.0,0.4784688995215311,,SIM,418.0,416.0,Domínio aplicável = categorias substantivas de circulação; Saltado fica fora.
E02,Pavimentação,Domicílios,3516309006,V05006,Sim,4860.0,96.33300297324084,96.35210150674068,NÃO,5045.0,5044.0,Domínio aplicável = Sim + Não; Não declarado coincide com circulação Aquavia + Saltado.
E02,Pavimentação,Domicílios,3516309006,V05007,Não,184.0,3.647175421209118,3.6478984932593184,NÃO,5045.0,5044.0,Domínio aplicável = Sim + Não; Não declarado coincide com circulação Aquavia + Saltado.
E02,Pavimentação,Domicílios,3516309006,V05008,Não declarado,1.0,0.019821605550049554,,SIM,5045.0,5044.0,Domínio aplicável = Sim + Não; Não declarado coincide com circulação Aquavia + Saltado.
E02,Pavimentação,Moradores,3516309006,V05206,Sim,14107.0,96.18190495670554,96.18846311195963,NÃO,14667.0,14666.0,Domínio aplicável = Sim + Não; Não declarado coincide com circulação Aquavia + Saltado.
E02,Pavimentação,Moradores,3516309006,V05207,Não,559.0,3.8112770164314447,3.8115368880403655,NÃO,14667.0,14666.0,Domínio aplicável = Sim + Não; Não declarado coincide com circulação Aquavia + Saltado.
E02,Pavimentação,Moradores,3516309006,V05208,Não declarado,1.0,0.0068180268630258405,,SIM,14667.0,14666.0,Domínio aplicável = Sim + Não; Não declarado coincide com circulação Aquavia + Saltado.
E02,Pavimentação,Faces,3516309006,V05406,Sim,382.0,91.38755980861244,91.82692307692307,NÃO,418.0,416.0,Domínio aplicável = Sim + Não; Não declarado coincide com circulação Aquavia + Saltado.
E02,Pavimentação,Faces,3516309006,V05407,Não,34.0,8.133971291866029,8.173076923076923,NÃO,418.0,416.0,Domínio aplicável = Sim + Não; Não declarado coincide com circulação Aquavia + Saltado.
E02,Pavimentação,Faces,3516309006,V05408,Não declarado,2.0,0.4784688995215311,,SIM,418.0,416.0,Domínio aplicável = Sim + Não; Não declarado coincide com circulação Aquavia + Saltado.
E03,Bueiro / boca de lobo,Domicílios,3516309006,V05009,Sim,2373.0,47.03666997026759,47.04599524187153,NÃO,5045.0,5044.0,Domínio aplicável = Sim + Não; Não declarado coincide com circulação Aquavia + Saltado.
E03,Bueiro / boca de lobo,Domicílios,3516309006,V05010,Não,2671.0,52.94350842418236,52.95400475812847,NÃO,5045.0,5044.0,Domínio aplicável = Sim + Não; Não declarado coincide com circulação Aquavia + Saltado.
E03,Bueiro / boca de lobo,Domicílios,3516309006,V05011,Não declarado,1.0,0.019821605550049554,,SIM,5045.0,5044.0,Domínio aplicável = Sim + Não; Não declarado coincide com circulação Aquavia + Saltado.
E03,Bueiro / boca de lobo,Moradores,3516309006,V05209,Sim,6995.0,47.692097906865754,47.69534978862676,NÃO,14667.0,14666.0,Domínio aplicável = Sim + Não; Não declarado coincide com circulação Aquavia + Saltado.
E03,Bueiro / boca de lobo,Moradores,3516309006,V05210,Não,7671.0,52.30108406627122,52.30465021137325,NÃO,14667.0,14666.0,Domínio aplicável = Sim + Não; Não declarado coincide com circulação Aquavia + Saltado.
E03,Bueiro / boca de lobo,Moradores,3516309006,V05211,Não declarado,1.0,0.0068180268630258405,,SIM,14667.0,14666.0,Domínio aplicável = Sim + Não; Não declarado coincide com circulação Aquavia + Saltado.
E03,Bueiro / boca de lobo,Faces,3516309006,V05409,Sim,156.0,37.32057416267943,37.5,NÃO,418.0,416.0,Domínio aplicável = Sim + Não; Não declarado coincide com circulação Aquavia + Saltado.
E03,Bueiro / boca de lobo,Faces,3516309006,V05410,Não,260.0,62.20095693779905,62.5,NÃO,418.0,416.0,Domínio aplicável = Sim + Não; Não declarado coincide com circulação Aquavia + Saltado.
E03,Bueiro / boca de lobo,Faces,3516309006,V05411,Não declarado,2.0,0.4784688995215311,,SIM,418.0,416.0,Domínio aplicável = Sim + Não; Não declarado coincide com circulação Aquavia + Saltado.
E04,Iluminação pública,Domicílios,3516309006,V05012,Sim,4934.0,97.7998017839445,97.81919111816019,NÃO,5045.0,5044.0,Domínio aplicável = Sim + Não; Não declarado coincide com circulação Aquavia + Saltado.
E04,Iluminação pública,Domicílios,3516309006,V05013,Não,110.0,2.180376610505451,2.1808088818398095,NÃO,5045.0,5044.0,Domínio aplicável = Sim + Não; Não declarado coincide com circulação Aquavia + Saltado.
E04,Iluminação pública,Domicílios,3516309006,V05014,Não declarado,1.0,0.019821605550049554,,SIM,5045.0,5044.0,Domínio aplicável = Sim + Não; Não declarado coincide com circulação Aquavia + Saltado.
E04,Iluminação pública,Moradores,3516309006,V05212,Sim,14340.0,97.77050521579055,97.77717168962225,NÃO,14667.0,14666.0,Domínio aplicável = Sim + Não; Não declarado coincide com circulação Aquavia + Saltado.
E04,Iluminação pública,Moradores,3516309006,V05213,Não,326.0,2.222676757346424,2.222828310377744,NÃO,14667.0,14666.0,Domínio aplicável = Sim + Não; Não declarado coincide com circulação Aquavia + Saltado.
E04,Iluminação pública,Moradores,3516309006,V05214,Não declarado,1.0,0.0068180268630258405,,SIM,14667.0,14666.0,Domínio aplicável = Sim + Não; Não declarado coincide com circulação Aquavia + Saltado.
E04,Iluminação pública,Faces,3516309006,V05412,Sim,381.0,91.14832535885168,91.58653846153845,NÃO,418.0,416.0,Domínio aplicável = Sim + Não; Não declarado coincide com circulação Aquavia + Saltado.
E04,Iluminação pública,Faces,3516309006,V05413,Não,35.0,8.373205741626794,8.413461538461538,NÃO,418.0,416.0,Domínio aplicável = Sim + Não; Não declarado coincide com circulação Aquavia + Saltado.
E04,Iluminação pública,Faces,3516309006,V05414,Não declarado,2.0,0.4784688995215311,,SIM,418.0,416.0,Domínio aplicável = Sim + Não; Não declarado coincide com circulação Aquavia + Saltado.
E05,Ponto de ônibus,Domicílios,3516309006,V05015,Sim,710.0,14.073339940535185,14.076130055511499,NÃO,5045.0,5044.0,Domínio aplicável = Sim + Não; Não declarado coincide com circulação Aquavia + Saltado.
E05,Ponto de ônibus,Domicílios,3516309006,V05016,Não,4334.0,85.90683845391477,85.9238699444885,NÃO,5045.0,5044.0,Domínio aplicável = Sim + Não; Não declarado coincide com circulação Aquavia + Saltado.
E05,Ponto de ônibus,Domicílios,3516309006,V05017,Não declarado,1.0,0.019821605550049554,,SIM,5045.0,5044.0,Domínio aplicável = Sim + Não; Não declarado coincide com circulação Aquavia + Saltado.
E05,Ponto de ônibus,Moradores,3516309006,V05215,Sim,1954.0,13.32242449035249,13.323332878767216,NÃO,14667.0,14666.0,Domínio aplicável = Sim + Não; Não declarado coincide com circulação Aquavia + Saltado.
E05,Ponto de ônibus,Moradores,3516309006,V05216,Não,12712.0,86.67075748278448,86.67666712123278,NÃO,14667.0,14666.0,Domínio aplicável = Sim + Não; Não declarado coincide com circulação Aquavia + Saltado.
E05,Ponto de ônibus,Moradores,3516309006,V05217,Não declarado,1.0,0.0068180268630258405,,SIM,14667.0,14666.0,Domínio aplicável = Sim + Não; Não declarado coincide com circulação Aquavia + Saltado.
E05,Ponto de ônibus,Faces,3516309006,V05415,Sim,37.0,8.851674641148326,8.89423076923077,NÃO,418.0,416.0,Domínio aplicável = Sim + Não; Não declarado coincide com circulação Aquavia + Saltado.
E05,Ponto de ônibus,Faces,3516309006,V05416,Não,379.0,90.66985645933015,91.10576923076923,NÃO,418.0,416.0,Domínio aplicável = Sim + Não; Não declarado coincide com circulação Aquavia + Saltado.
E05,Ponto de ônibus,Faces,3516309006,V05417,Não declarado,2.0,0.4784688995215311,,SIM,418.0,416.0,Domínio aplicável = Sim + Não; Não declarado coincide com circulação Aquavia + Saltado.
E06,Via sinalizada para bicicleta,Domicílios,3516309006,V05018,Sim,0.0,0.0,0.0,NÃO,5045.0,5044.0,Domínio aplicável = Sim + Não; Não declarado coincide com circulação Aquavia + Saltado.
E06,Via sinalizada para bicicleta,Domicílios,3516309006,V05019,Não,5044.0,99.98017839444995,100.0,NÃO,5045.0,5044.0,Domínio aplicável = Sim + Não; Não declarado coincide com circulação Aquavia + Saltado.
E06,Via sinalizada para bicicleta,Domicílios,3516309006,V05020,Não declarado,1.0,0.019821605550049554,,SIM,5045.0,5044.0,Domínio aplicável = Sim + Não; Não declarado coincide com circulação Aquavia + Saltado.
E06,Via sinalizada para bicicleta,Moradores,3516309006,V05218,Sim,0.0,0.0,0.0,NÃO,14667.0,14666.0,Domínio aplicável = Sim + Não; Não declarado coincide com circulação Aquavia + Saltado.
E06,Via sinalizada para bicicleta,Moradores,3516309006,V05219,Não,14666.0,99.99318197313697,100.0,NÃO,14667.0,14666.0,Domínio aplicável = Sim + Não; Não declarado coincide com circulação Aquavia + Saltado.
E06,Via sinalizada para bicicleta,Moradores,3516309006,V05220,Não declarado,1.0,0.0068180268630258405,,SIM,14667.0,14666.0,Domínio aplicável = Sim + Não; Não declarado coincide com circulação Aquavia + Saltado.
E06,Via sinalizada para bicicleta,Faces,3516309006,V05418,Sim,0.0,0.0,0.0,NÃO,418.0,416.0,Domínio aplicável = Sim + Não; Não declarado coincide com circulação Aquavia + Saltado.
E06,Via sinalizada para bicicleta,Faces,3516309006,V05419,Não,416.0,99.52153110047847,100.0,NÃO,418.0,416.0,Domínio aplicável = Sim + Não; Não declarado coincide com circulação Aquavia + Saltado.
E06,Via sinalizada para bicicleta,Faces,3516309006,V05420,Não declarado,2.0,0.4784688995215311,,SIM,418.0,416.0,Domínio aplicável = Sim + Não; Não declarado coincide com circulação Aquavia + Saltado.
E07,Calçada,Domicílios,3516309006,V05021,Sim,4624.0,91.65510406342914,91.67327517842982,NÃO,5045.0,5044.0,Domínio aplicável = Sim + Não; Não declarado coincide com circulação Aquavia + Saltado.
E07,Calçada,Domicílios,3516309006,V05022,Não,420.0,8.325074331020813,8.326724821570181,NÃO,5045.0,5044.0,Domínio aplicável = Sim + Não; Não declarado coincide com circulação Aquavia + Saltado.
E07,Calçada,Domicílios,3516309006,V05023,Não declarado,1.0,0.019821605550049554,,SIM,5045.0,5044.0,Domínio aplicável = Sim + Não; Não declarado coincide com circulação Aquavia + Saltado.
E07,Calçada,Moradores,3516309006,V05221,Sim,13429.0,91.55928274357402,91.5655257057139,NÃO,14667.0,14666.0,Domínio aplicável = Sim + Não; Não declarado coincide com circulação Aquavia + Saltado.
E07,Calçada,Moradores,3516309006,V05222,Não,1237.0,8.433899229562964,8.434474294286105,NÃO,14667.0,14666.0,Domínio aplicável = Sim + Não; Não declarado coincide com circulação Aquavia + Saltado.
E07,Calçada,Moradores,3516309006,V05223,Não declarado,1.0,0.0068180268630258405,,SIM,14667.0,14666.0,Domínio aplicável = Sim + Não; Não declarado coincide com circulação Aquavia + Saltado.
E07,Calçada,Faces,3516309006,V05421,Sim,326.0,77.99043062200957,78.36538461538461,NÃO,418.0,416.0,Domínio aplicável = Sim + Não; Não declarado coincide com circulação Aquavia + Saltado.
E07,Calçada,Faces,3516309006,V05422,Não,90.0,21.5311004784689,21.634615384615387,NÃO,418.0,416.0,Domínio aplicável = Sim + Não; Não declarado coincide com circulação Aquavia + Saltado.
E07,Calçada,Faces,3516309006,V05423,Não declarado,2.0,0.4784688995215311,,SIM,418.0,416.0,Domínio aplicável = Sim + Não; Não declarado coincide com circulação Aquavia + Saltado.
E08,Obstáculo na calçada,Domicílios,3516309006,V05024,Sim,4431.0,87.82953419226958,95.82612456747405,NÃO,5045.0,4624.0,Domínio aplicável = Sim + Não; Não declarado coincide com ausência/não aplicação de calçada.
E08,Obstáculo na calçada,Domicílios,3516309006,V05025,Não,193.0,3.8255698711595643,4.173875432525952,NÃO,5045.0,4624.0,Domínio aplicável = Sim + Não; Não declarado coincide com ausência/não aplicação de calçada.
E08,Obstáculo na calçada,Domicílios,3516309006,V05026,Não declarado,421.0,8.344895936570861,,SIM,5045.0,4624.0,Domínio aplicável = Sim + Não; Não declarado coincide com ausência/não aplicação de calçada.
E08,Obstáculo na calçada,Moradores,3516309006,V05224,Sim,12941.0,88.2320856344174,96.36607342318862,NÃO,14667.0,13429.0,Domínio aplicável = Sim + Não; Não declarado coincide com ausência/não aplicação de calçada.
E08,Obstáculo na calçada,Moradores,3516309006,V05225,Não,488.0,3.32719710915661,3.6339265768113784,NÃO,14667.0,13429.0,Domínio aplicável = Sim + Não; Não declarado coincide com ausência/não aplicação de calçada.
E08,Obstáculo na calçada,Moradores,3516309006,V05226,Não declarado,1238.0,8.440717256425991,,SIM,14667.0,13429.0,Domínio aplicável = Sim + Não; Não declarado coincide com ausência/não aplicação de calçada.
E08,Obstáculo na calçada,Faces,3516309006,V05424,Sim,314.0,75.11961722488039,96.31901840490798,NÃO,418.0,326.0,Domínio aplicável = Sim + Não; Não declarado coincide com ausência/não aplicação de calçada.
E08,Obstáculo na calçada,Faces,3516309006,V05425,Não,12.0,2.8708133971291865,3.6809815950920246,NÃO,418.0,326.0,Domínio aplicável = Sim + Não; Não declarado coincide com ausência/não aplicação de calçada.
E08,Obstáculo na calçada,Faces,3516309006,V05426,Não declarado,92.0,22.00956937799043,,SIM,418.0,326.0,Domínio aplicável = Sim + Não; Não declarado coincide com ausência/não aplicação de calçada.
E09,Rampa para cadeirante,Domicílios,3516309006,V05027,Sim,94.0,1.863230921704658,2.032871972318339,NÃO,5045.0,4624.0,Domínio aplicável = Sim + Não; Não declarado coincide com ausência/não aplicação de calçada.
E09,Rampa para cadeirante,Domicílios,3516309006,V05028,Não,4530.0,89.79187314172448,97.96712802768167,NÃO,5045.0,4624.0,Domínio aplicável = Sim + Não; Não declarado coincide com ausência/não aplicação de calçada.
E09,Rampa para cadeirante,Domicílios,3516309006,V05029,Não declarado,421.0,8.344895936570861,,SIM,5045.0,4624.0,Domínio aplicável = Sim + Não; Não declarado coincide com ausência/não aplicação de calçada.
E09,Rampa para cadeirante,Moradores,3516309006,V05227,Sim,254.0,1.7317788232085636,1.8914289969469058,NÃO,14667.0,13429.0,Domínio aplicável = Sim + Não; Não declarado coincide com ausência/não aplicação de calçada.
E09,Rampa para cadeirante,Moradores,3516309006,V05228,Não,13175.0,89.82750392036544,98.10857100305309,NÃO,14667.0,13429.0,Domínio aplicável = Sim + Não; Não declarado coincide com ausência/não aplicação de calçada.
E09,Rampa para cadeirante,Moradores,3516309006,V05229,Não declarado,1238.0,8.440717256425991,,SIM,14667.0,13429.0,Domínio aplicável = Sim + Não; Não declarado coincide com ausência/não aplicação de calçada.
E09,Rampa para cadeirante,Faces,3516309006,V05427,Sim,7.0,1.674641148325359,2.147239263803681,NÃO,418.0,326.0,Domínio aplicável = Sim + Não; Não declarado coincide com ausência/não aplicação de calçada.
E09,Rampa para cadeirante,Faces,3516309006,V05428,Não,319.0,76.31578947368422,97.85276073619632,NÃO,418.0,326.0,Domínio aplicável = Sim + Não; Não declarado coincide com ausência/não aplicação de calçada.
E09,Rampa para cadeirante,Faces,3516309006,V05429,Não declarado,92.0,22.00956937799043,,SIM,418.0,326.0,Domínio aplicável = Sim + Não; Não declarado coincide com ausência/não aplicação de calçada.
E10,Arborização,Domicílios,3516309006,V05030,Sem árvores,2285.0,45.29236868186323,45.30134813639968,NÃO,5045.0,5044.0,Domínio aplicável = classes substantivas de arborização; Saltado fica fora.
E10,Arborização,Domicílios,3516309006,V05031,1 a 2 árvores,1375.0,27.254707631318137,27.26011102299762,NÃO,5045.0,5044.0,Domínio aplicável = classes substantivas de arborização; Saltado fica fora.
E10,Arborização,Domicílios,3516309006,V05032,3 a 4 árvores,506.0,10.029732408325074,10.031720856463124,NÃO,5045.0,5044.0,Domínio aplicável = classes substantivas de arborização; Saltado fica fora.
E10,Arborização,Domicílios,3516309006,V05033,5 ou mais árvores,878.0,17.40336967294351,17.40681998413957,NÃO,5045.0,5044.0,Domínio aplicável = classes substantivas de arborização; Saltado fica fora.
E10,Arborização,Domicílios,3516309006,V05034,Saltado,1.0,0.019821605550049554,,SIM,5045.0,5044.0,Domínio aplicável = classes substantivas de arborização; Saltado fica fora.
E10,Arborização,Moradores,3516309006,V05230,Sem árvores,6631.0,45.21033612872435,45.21341879176326,NÃO,14667.0,14666.0,Domínio aplicável = classes substantivas de arborização; Saltado fica fora.
E10,Arborização,Moradores,3516309006,V05231,1 a 2 árvores,3952.0,26.944842162678125,26.94667939451793,NÃO,14667.0,14666.0,Domínio aplicável = classes substantivas de arborização; Saltado fica fora.
E10,Arborização,Moradores,3516309006,V05232,3 a 4 árvores,1467.0,10.002045408058907,10.00272739669985,NÃO,14667.0,14666.0,Domínio aplicável = classes substantivas de arborização; Saltado fica fora.
E10,Arborização,Moradores,3516309006,V05233,5 ou mais árvores,2616.0,17.835958273675597,17.837174417018957,NÃO,14667.0,14666.0,Domínio aplicável = classes substantivas de arborização; Saltado fica fora.
E10,Arborização,Moradores,3516309006,V05234,Saltado,1.0,0.0068180268630258405,,SIM,14667.0,14666.0,Domínio aplicável = classes substantivas de arborização; Saltado fica fora.
E10,Arborização,Faces,3516309006,V05430,Sem árvores,228.0,54.54545454545454,54.807692307692314,NÃO,418.0,416.0,Domínio aplicável = classes substantivas de arborização; Saltado fica fora.
E10,Arborização,Faces,3516309006,V05431,1 a 2 árvores,106.0,25.358851674641148,25.48076923076923,NÃO,418.0,416.0,Domínio aplicável = classes substantivas de arborização; Saltado fica fora.
E10,Arborização,Faces,3516309006,V05432,3 a 4 árvores,28.0,6.698564593301436,6.730769230769231,NÃO,418.0,416.0,Domínio aplicável = classes substantivas de arborização; Saltado fica fora.
E10,Arborização,Faces,3516309006,V05433,5 ou mais árvores,54.0,12.918660287081341,12.980769230769232,NÃO,418.0,416.0,Domínio aplicável = classes substantivas de arborização; Saltado fica fora.
E10,Arborização,Faces,3516309006,V05434,Saltado,2.0,0.4784688995215311,,SIM,418.0,416.0,Domínio aplicável = classes substantivas de arborização; Saltado fica fora.
E01,Circulação da via,Domicílios,3516309007,V05001,"Caminhão, ônibus",4803.0,71.76154190945763,71.78299207891197,NÃO,6693.0,6691.0,Domínio aplicável = categorias substantivas de circulação; Saltado fica fora.
E01,Circulação da via,Domicílios,3516309007,V05002,Carros de passeio ou van,1612.0,24.084864784102795,24.092063966522197,NÃO,6693.0,6691.0,Domínio aplicável = categorias substantivas de circulação; Saltado fica fora.
E01,Circulação da via,Domicílios,3516309007,V05003,"Pedestres, bicicletas e motocicletas",276.0,4.123711340206185,4.124943954565834,NÃO,6693.0,6691.0,Domínio aplicável = categorias substantivas de circulação; Saltado fica fora.
E01,Circulação da via,Domicílios,3516309007,V05004,Aquavia,0.0,0.0,0.0,NÃO,6693.0,6691.0,Domínio aplicável = categorias substantivas de circulação; Saltado fica fora.
E01,Circulação da via,Domicílios,3516309007,V05005,Saltado,2.0,0.029881966233378153,,SIM,6693.0,6691.0,Domínio aplicável = categorias substantivas de circulação; Saltado fica fora.
E01,Circulação da via,Moradores,3516309007,V05201,"Caminhão, ônibus",13014.0,70.96352036643219,70.98674521354934,NÃO,18339.0,18333.0,Domínio aplicável = categorias substantivas de circulação; Saltado fica fora.
E01,Circulação da via,Moradores,3516309007,V05202,Carros de passeio ou van,4518.0,24.6360215933257,24.644084437898872,NÃO,18339.0,18333.0,Domínio aplicável = categorias substantivas de circulação; Saltado fica fora.
E01,Circulação da via,Moradores,3516309007,V05203,"Pedestres, bicicletas e motocicletas",801.0,4.367740880091608,4.369170348551791,NÃO,18339.0,18333.0,Domínio aplicável = categorias substantivas de circulação; Saltado fica fora.
E01,Circulação da via,Moradores,3516309007,V05204,Aquavia,0.0,0.0,0.0,NÃO,18339.0,18333.0,Domínio aplicável = categorias substantivas de circulação; Saltado fica fora.
E01,Circulação da via,Moradores,3516309007,V05205,Saltado,6.0,0.03271716015049894,,SIM,18339.0,18333.0,Domínio aplicável = categorias substantivas de circulação; Saltado fica fora.
E01,Circulação da via,Faces,3516309007,V05401,"Caminhão, ônibus",372.0,61.386138613861384,61.48760330578512,NÃO,606.0,605.0,Domínio aplicável = categorias substantivas de circulação; Saltado fica fora.
E01,Circulação da via,Faces,3516309007,V05402,Carros de passeio ou van,144.0,23.762376237623762,23.801652892561982,NÃO,606.0,605.0,Domínio aplicável = categorias substantivas de circulação; Saltado fica fora.
E01,Circulação da via,Faces,3516309007,V05403,"Pedestres, bicicletas e motocicletas",89.0,14.686468646864686,14.710743801652892,NÃO,606.0,605.0,Domínio aplicável = categorias substantivas de circulação; Saltado fica fora.
E01,Circulação da via,Faces,3516309007,V05404,Aquavia,0.0,0.0,0.0,NÃO,606.0,605.0,Domínio aplicável = categorias substantivas de circulação; Saltado fica fora.
E01,Circulação da via,Faces,3516309007,V05405,Saltado,1.0,0.16501650165016502,,SIM,606.0,605.0,Domínio aplicável = categorias substantivas de circulação; Saltado fica fora.
E02,Pavimentação,Domicílios,3516309007,V05006,Sim,5286.0,78.97803675481848,79.00164399940218,NÃO,6693.0,6691.0,Domínio aplicável = Sim + Não; Não declarado coincide com circulação Aquavia + Saltado.
E02,Pavimentação,Domicílios,3516309007,V05007,Não,1405.0,20.992081278948156,20.998356000597816,NÃO,6693.0,6691.0,Domínio aplicável = Sim + Não; Não declarado coincide com circulação Aquavia + Saltado.
E02,Pavimentação,Domicílios,3516309007,V05008,Não declarado,2.0,0.029881966233378153,,SIM,6693.0,6691.0,Domínio aplicável = Sim + Não; Não declarado coincide com circulação Aquavia + Saltado.
E02,Pavimentação,Moradores,3516309007,V05206,Sim,14408.0,78.56480724139811,78.59051982763323,NÃO,18339.0,18333.0,Domínio aplicável = Sim + Não; Não declarado coincide com circulação Aquavia + Saltado.
E02,Pavimentação,Moradores,3516309007,V05207,Não,3925.0,21.40247559845139,21.40948017236677,NÃO,18339.0,18333.0,Domínio aplicável = Sim + Não; Não declarado coincide com circulação Aquavia + Saltado.
E02,Pavimentação,Moradores,3516309007,V05208,Não declarado,6.0,0.03271716015049894,,SIM,18339.0,18333.0,Domínio aplicável = Sim + Não; Não declarado coincide com circulação Aquavia + Saltado.
E02,Pavimentação,Faces,3516309007,V05406,Sim,426.0,70.29702970297029,70.41322314049587,NÃO,606.0,605.0,Domínio aplicável = Sim + Não; Não declarado coincide com circulação Aquavia + Saltado.
E02,Pavimentação,Faces,3516309007,V05407,Não,179.0,29.53795379537954,29.586776859504134,NÃO,606.0,605.0,Domínio aplicável = Sim + Não; Não declarado coincide com circulação Aquavia + Saltado.
E02,Pavimentação,Faces,3516309007,V05408,Não declarado,1.0,0.16501650165016502,,SIM,606.0,605.0,Domínio aplicável = Sim + Não; Não declarado coincide com circulação Aquavia + Saltado.
E03,Bueiro / boca de lobo,Domicílios,3516309007,V05009,Sim,3366.0,50.29134917077543,50.30638170677029,NÃO,6693.0,6691.0,Domínio aplicável = Sim + Não; Não declarado coincide com circulação Aquavia + Saltado.
E03,Bueiro / boca de lobo,Domicílios,3516309007,V05010,Não,3325.0,49.678768862991184,49.69361829322971,NÃO,6693.0,6691.0,Domínio aplicável = Sim + Não; Não declarado coincide com circulação Aquavia + Saltado.
E03,Bueiro / boca de lobo,Domicílios,3516309007,V05011,Não declarado,2.0,0.029881966233378153,,SIM,6693.0,6691.0,Domínio aplicável = Sim + Não; Não declarado coincide com circulação Aquavia + Saltado.
E03,Bueiro / boca de lobo,Moradores,3516309007,V05209,Sim,8979.0,48.96123016522166,48.977254131893304,NÃO,18339.0,18333.0,Domínio aplicável = Sim + Não; Não declarado coincide com circulação Aquavia + Saltado.
E03,Bueiro / boca de lobo,Moradores,3516309007,V05210,Não,9354.0,51.006052674627846,51.02274586810669,NÃO,18339.0,18333.0,Domínio aplicável = Sim + Não; Não declarado coincide com circulação Aquavia + Saltado.
E03,Bueiro / boca de lobo,Moradores,3516309007,V05211,Não declarado,6.0,0.03271716015049894,,SIM,18339.0,18333.0,Domínio aplicável = Sim + Não; Não declarado coincide com circulação Aquavia + Saltado.
E03,Bueiro / boca de lobo,Faces,3516309007,V05409,Sim,241.0,39.76897689768977,39.83471074380166,NÃO,606.0,605.0,Domínio aplicável = Sim + Não; Não declarado coincide com circulação Aquavia + Saltado.
E03,Bueiro / boca de lobo,Faces,3516309007,V05410,Não,364.0,60.066006600660074,60.16528925619835,NÃO,606.0,605.0,Domínio aplicável = Sim + Não; Não declarado coincide com circulação Aquavia + Saltado.
E03,Bueiro / boca de lobo,Faces,3516309007,V05411,Não declarado,1.0,0.16501650165016502,,SIM,606.0,605.0,Domínio aplicável = Sim + Não; Não declarado coincide com circulação Aquavia + Saltado.
E04,Iluminação pública,Domicílios,3516309007,V05012,Sim,6601.0,98.62542955326461,98.65490958003288,NÃO,6693.0,6691.0,Domínio aplicável = Sim + Não; Não declarado coincide com circulação Aquavia + Saltado.
E04,Iluminação pública,Domicílios,3516309007,V05013,Não,90.0,1.344688480502017,1.3450904199671199,NÃO,6693.0,6691.0,Domínio aplicável = Sim + Não; Não declarado coincide com circulação Aquavia + Saltado.
E04,Iluminação pública,Domicílios,3516309007,V05014,Não declarado,2.0,0.029881966233378153,,SIM,6693.0,6691.0,Domínio aplicável = Sim + Não; Não declarado coincide com circulação Aquavia + Saltado.
E04,Iluminação pública,Moradores,3516309007,V05212,Sim,18116.0,98.78401221440646,98.81634211531119,NÃO,18339.0,18333.0,Domínio aplicável = Sim + Não; Não declarado coincide com circulação Aquavia + Saltado.
E04,Iluminação pública,Moradores,3516309007,V05213,Não,217.0,1.183270625443045,1.1836578846888126,NÃO,18339.0,18333.0,Domínio aplicável = Sim + Não; Não declarado coincide com circulação Aquavia + Saltado.
E04,Iluminação pública,Moradores,3516309007,V05214,Não declarado,6.0,0.03271716015049894,,SIM,18339.0,18333.0,Domínio aplicável = Sim + Não; Não declarado coincide com circulação Aquavia + Saltado.
E04,Iluminação pública,Faces,3516309007,V05412,Sim,563.0,92.9042904290429,93.05785123966942,NÃO,606.0,605.0,Domínio aplicável = Sim + Não; Não declarado coincide com circulação Aquavia + Saltado.
E04,Iluminação pública,Faces,3516309007,V05413,Não,42.0,6.9306930693069315,6.9421487603305785,NÃO,606.0,605.0,Domínio aplicável = Sim + Não; Não declarado coincide com circulação Aquavia + Saltado.
E04,Iluminação pública,Faces,3516309007,V05414,Não declarado,1.0,0.16501650165016502,,SIM,606.0,605.0,Domínio aplicável = Sim + Não; Não declarado coincide com circulação Aquavia + Saltado.
E05,Ponto de ônibus,Domicílios,3516309007,V05015,Sim,1315.0,19.647392798446138,19.653265580630695,NÃO,6693.0,6691.0,Domínio aplicável = Sim + Não; Não declarado coincide com circulação Aquavia + Saltado.
E05,Ponto de ônibus,Domicílios,3516309007,V05016,Não,5376.0,80.32272523532048,80.3467344193693,NÃO,6693.0,6691.0,Domínio aplicável = Sim + Não; Não declarado coincide com circulação Aquavia + Saltado.
E05,Ponto de ônibus,Domicílios,3516309007,V05017,Não declarado,2.0,0.029881966233378153,,SIM,6693.0,6691.0,Domínio aplicável = Sim + Não; Não declarado coincide com circulação Aquavia + Saltado.
E05,Ponto de ônibus,Moradores,3516309007,V05215,Sim,3450.0,18.812367086536888,18.81852397316315,NÃO,18339.0,18333.0,Domínio aplicável = Sim + Não; Não declarado coincide com circulação Aquavia + Saltado.
E05,Ponto de ônibus,Moradores,3516309007,V05216,Não,14883.0,81.15491575331262,81.18147602683685,NÃO,18339.0,18333.0,Domínio aplicável = Sim + Não; Não declarado coincide com circulação Aquavia + Saltado.
E05,Ponto de ônibus,Moradores,3516309007,V05217,Não declarado,6.0,0.03271716015049894,,SIM,18339.0,18333.0,Domínio aplicável = Sim + Não; Não declarado coincide com circulação Aquavia + Saltado.
E05,Ponto de ônibus,Faces,3516309007,V05415,Sim,111.0,18.316831683168317,18.34710743801653,NÃO,606.0,605.0,Domínio aplicável = Sim + Não; Não declarado coincide com circulação Aquavia + Saltado.
E05,Ponto de ônibus,Faces,3516309007,V05416,Não,494.0,81.51815181518151,81.65289256198346,NÃO,606.0,605.0,Domínio aplicável = Sim + Não; Não declarado coincide com circulação Aquavia + Saltado.
E05,Ponto de ônibus,Faces,3516309007,V05417,Não declarado,1.0,0.16501650165016502,,SIM,606.0,605.0,Domínio aplicável = Sim + Não; Não declarado coincide com circulação Aquavia + Saltado.
E06,Via sinalizada para bicicleta,Domicílios,3516309007,V05018,Sim,37.0,0.552816375317496,0.5529816170975939,NÃO,6693.0,6691.0,Domínio aplicável = Sim + Não; Não declarado coincide com circulação Aquavia + Saltado.
E06,Via sinalizada para bicicleta,Domicílios,3516309007,V05019,Não,6654.0,99.41730165844913,99.44701838290241,NÃO,6693.0,6691.0,Domínio aplicável = Sim + Não; Não declarado coincide com circulação Aquavia + Saltado.
E06,Via sinalizada para bicicleta,Domicílios,3516309007,V05020,Não declarado,2.0,0.029881966233378153,,SIM,6693.0,6691.0,Domínio aplicável = Sim + Não; Não declarado coincide com circulação Aquavia + Saltado.
E06,Via sinalizada para bicicleta,Moradores,3516309007,V05218,Sim,118.0,0.6434374829598124,0.6436480663284787,NÃO,18339.0,18333.0,Domínio aplicável = Sim + Não; Não declarado coincide com circulação Aquavia + Saltado.
E06,Via sinalizada para bicicleta,Moradores,3516309007,V05219,Não,18215.0,99.32384535688968,99.35635193367152,NÃO,18339.0,18333.0,Domínio aplicável = Sim + Não; Não declarado coincide com circulação Aquavia + Saltado.
E06,Via sinalizada para bicicleta,Moradores,3516309007,V05220,Não declarado,6.0,0.03271716015049894,,SIM,18339.0,18333.0,Domínio aplicável = Sim + Não; Não declarado coincide com circulação Aquavia + Saltado.
E06,Via sinalizada para bicicleta,Faces,3516309007,V05418,Sim,7.0,1.155115511551155,1.1570247933884297,NÃO,606.0,605.0,Domínio aplicável = Sim + Não; Não declarado coincide com circulação Aquavia + Saltado.
E06,Via sinalizada para bicicleta,Faces,3516309007,V05419,Não,598.0,98.67986798679867,98.84297520661157,NÃO,606.0,605.0,Domínio aplicável = Sim + Não; Não declarado coincide com circulação Aquavia + Saltado.
E06,Via sinalizada para bicicleta,Faces,3516309007,V05420,Não declarado,1.0,0.16501650165016502,,SIM,606.0,605.0,Domínio aplicável = Sim + Não; Não declarado coincide com circulação Aquavia + Saltado.
E07,Calçada,Domicílios,3516309007,V05021,Sim,5161.0,77.11041386523233,77.13346286055895,NÃO,6693.0,6691.0,Domínio aplicável = Sim + Não; Não declarado coincide com circulação Aquavia + Saltado.
E07,Calçada,Domicílios,3516309007,V05022,Não,1530.0,22.85970416853429,22.86653713944104,NÃO,6693.0,6691.0,Domínio aplicável = Sim + Não; Não declarado coincide com circulação Aquavia + Saltado.
E07,Calçada,Domicílios,3516309007,V05023,Não declarado,2.0,0.029881966233378153,,SIM,6693.0,6691.0,Domínio aplicável = Sim + Não; Não declarado coincide com circulação Aquavia + Saltado.
E07,Calçada,Moradores,3516309007,V05221,Sim,14023.0,76.46545613174109,76.49048164512082,NÃO,18339.0,18333.0,Domínio aplicável = Sim + Não; Não declarado coincide com circulação Aquavia + Saltado.
E07,Calçada,Moradores,3516309007,V05222,Não,4310.0,23.501826708108403,23.50951835487918,NÃO,18339.0,18333.0,Domínio aplicável = Sim + Não; Não declarado coincide com circulação Aquavia + Saltado.
E07,Calçada,Moradores,3516309007,V05223,Não declarado,6.0,0.03271716015049894,,SIM,18339.0,18333.0,Domínio aplicável = Sim + Não; Não declarado coincide com circulação Aquavia + Saltado.
E07,Calçada,Faces,3516309007,V05421,Sim,368.0,60.726072607260726,60.82644628099173,NÃO,606.0,605.0,Domínio aplicável = Sim + Não; Não declarado coincide com circulação Aquavia + Saltado.
E07,Calçada,Faces,3516309007,V05422,Não,237.0,39.10891089108911,39.17355371900826,NÃO,606.0,605.0,Domínio aplicável = Sim + Não; Não declarado coincide com circulação Aquavia + Saltado.
E07,Calçada,Faces,3516309007,V05423,Não declarado,1.0,0.16501650165016502,,SIM,606.0,605.0,Domínio aplicável = Sim + Não; Não declarado coincide com circulação Aquavia + Saltado.
E08,Obstáculo na calçada,Domicílios,3516309007,V05024,Sim,2957.0,44.1804870760496,57.29509784925402,NÃO,6693.0,5161.0,Domínio aplicável = Sim + Não; Não declarado coincide com ausência/não aplicação de calçada.
E08,Obstáculo na calçada,Domicílios,3516309007,V05025,Não,2204.0,32.92992678918273,42.70490215074598,NÃO,6693.0,5161.0,Domínio aplicável = Sim + Não; Não declarado coincide com ausência/não aplicação de calçada.
E08,Obstáculo na calçada,Domicílios,3516309007,V05026,Não declarado,1532.0,22.88958613476767,,SIM,6693.0,5161.0,Domínio aplicável = Sim + Não; Não declarado coincide com ausência/não aplicação de calçada.
E08,Obstáculo na calçada,Moradores,3516309007,V05224,Sim,8144.0,44.408092044277225,58.07601797047708,NÃO,18339.0,14023.0,Domínio aplicável = Sim + Não; Não declarado coincide com ausência/não aplicação de calçada.
E08,Obstáculo na calçada,Moradores,3516309007,V05225,Não,5879.0,32.057364087463874,41.923982029522925,NÃO,18339.0,14023.0,Domínio aplicável = Sim + Não; Não declarado coincide com ausência/não aplicação de calçada.
E08,Obstáculo na calçada,Moradores,3516309007,V05226,Não declarado,4316.0,23.534543868258904,,SIM,18339.0,14023.0,Domínio aplicável = Sim + Não; Não declarado coincide com ausência/não aplicação de calçada.
E08,Obstáculo na calçada,Faces,3516309007,V05424,Sim,191.0,31.51815181518152,51.902173913043484,NÃO,606.0,368.0,Domínio aplicável = Sim + Não; Não declarado coincide com ausência/não aplicação de calçada.
E08,Obstáculo na calçada,Faces,3516309007,V05425,Não,177.0,29.207920792079207,48.09782608695652,NÃO,606.0,368.0,Domínio aplicável = Sim + Não; Não declarado coincide com ausência/não aplicação de calçada.
E08,Obstáculo na calçada,Faces,3516309007,V05426,Não declarado,238.0,39.273927392739274,,SIM,606.0,368.0,Domínio aplicável = Sim + Não; Não declarado coincide com ausência/não aplicação de calçada.
E09,Rampa para cadeirante,Domicílios,3516309007,V05027,Sim,61.0,0.9113999701180338,1.1819414842084868,NÃO,6693.0,5161.0,Domínio aplicável = Sim + Não; Não declarado coincide com ausência/não aplicação de calçada.
E09,Rampa para cadeirante,Domicílios,3516309007,V05028,Não,5100.0,76.19901389511429,98.81805851579152,NÃO,6693.0,5161.0,Domínio aplicável = Sim + Não; Não declarado coincide com ausência/não aplicação de calçada.
E09,Rampa para cadeirante,Domicílios,3516309007,V05029,Não declarado,1532.0,22.88958613476767,,SIM,6693.0,5161.0,Domínio aplicável = Sim + Não; Não declarado coincide com ausência/não aplicação de calçada.
E09,Rampa para cadeirante,Moradores,3516309007,V05227,Sim,175.0,0.9542505043895523,1.2479497967624618,NÃO,18339.0,14023.0,Domínio aplicável = Sim + Não; Não declarado coincide com ausência/não aplicação de calçada.
E09,Rampa para cadeirante,Moradores,3516309007,V05228,Não,13848.0,75.51120562735154,98.75205020323754,NÃO,18339.0,14023.0,Domínio aplicável = Sim + Não; Não declarado coincide com ausência/não aplicação de calçada.
E09,Rampa para cadeirante,Moradores,3516309007,V05229,Não declarado,4316.0,23.534543868258904,,SIM,18339.0,14023.0,Domínio aplicável = Sim + Não; Não declarado coincide com ausência/não aplicação de calçada.
E09,Rampa para cadeirante,Faces,3516309007,V05427,Sim,4.0,0.6600660066006601,1.0869565217391304,NÃO,606.0,368.0,Domínio aplicável = Sim + Não; Não declarado coincide com ausência/não aplicação de calçada.
E09,Rampa para cadeirante,Faces,3516309007,V05428,Não,364.0,60.066006600660074,98.91304347826086,NÃO,606.0,368.0,Domínio aplicável = Sim + Não; Não declarado coincide com ausência/não aplicação de calçada.
E09,Rampa para cadeirante,Faces,3516309007,V05429,Não declarado,238.0,39.273927392739274,,SIM,606.0,368.0,Domínio aplicável = Sim + Não; Não declarado coincide com ausência/não aplicação de calçada.
E10,Arborização,Domicílios,3516309007,V05030,Sem árvores,1695.0,25.324966382787988,25.33253624271409,NÃO,6693.0,6691.0,Domínio aplicável = classes substantivas de arborização; Saltado fica fora.
E10,Arborização,Domicílios,3516309007,V05031,1 a 2 árvores,1132.0,16.913192888092034,16.918248393364223,NÃO,6693.0,6691.0,Domínio aplicável = classes substantivas de arborização; Saltado fica fora.
E10,Arborização,Domicílios,3516309007,V05032,3 a 4 árvores,1919.0,28.67174660092634,28.680316843521148,NÃO,6693.0,6691.0,Domínio aplicável = classes substantivas de arborização; Saltado fica fora.
E10,Arborização,Domicílios,3516309007,V05033,5 ou mais árvores,1945.0,29.06021216196026,29.068898520400538,NÃO,6693.0,6691.0,Domínio aplicável = classes substantivas de arborização; Saltado fica fora.
E10,Arborização,Domicílios,3516309007,V05034,Saltado,2.0,0.029881966233378153,,SIM,6693.0,6691.0,Domínio aplicável = classes substantivas de arborização; Saltado fica fora.
E10,Arborização,Moradores,3516309007,V05230,Sem árvores,4563.0,24.88140029445444,24.889543446244478,NÃO,18339.0,18333.0,Domínio aplicável = classes substantivas de arborização; Saltado fica fora.
E10,Arborização,Moradores,3516309007,V05231,1 a 2 árvores,3243.0,17.683625061344678,17.68941253477336,NÃO,18339.0,18333.0,Domínio aplicável = classes substantivas de arborização; Saltado fica fora.
E10,Arborização,Moradores,3516309007,V05232,3 a 4 árvores,5148.0,28.071323409128084,28.08051055473736,NÃO,18339.0,18333.0,Domínio aplicável = classes substantivas de arborização; Saltado fica fora.
E10,Arborização,Moradores,3516309007,V05233,5 ou mais árvores,5379.0,29.3309340749223,29.340533464244807,NÃO,18339.0,18333.0,Domínio aplicável = classes substantivas de arborização; Saltado fica fora.
E10,Arborização,Moradores,3516309007,V05234,Saltado,6.0,0.03271716015049894,,SIM,18339.0,18333.0,Domínio aplicável = classes substantivas de arborização; Saltado fica fora.
E10,Arborização,Faces,3516309007,V05430,Sem árvores,187.0,30.85808580858086,30.909090909090907,NÃO,606.0,605.0,Domínio aplicável = classes substantivas de arborização; Saltado fica fora.
E10,Arborização,Faces,3516309007,V05431,1 a 2 árvores,90.0,14.85148514851485,14.87603305785124,NÃO,606.0,605.0,Domínio aplicável = classes substantivas de arborização; Saltado fica fora.
E10,Arborização,Faces,3516309007,V05432,3 a 4 árvores,153.0,25.247524752475247,25.28925619834711,NÃO,606.0,605.0,Domínio aplicável = classes substantivas de arborização; Saltado fica fora.
E10,Arborização,Faces,3516309007,V05433,5 ou mais árvores,175.0,28.877887788778878,28.92561983471074,NÃO,606.0,605.0,Domínio aplicável = classes substantivas de arborização; Saltado fica fora.
E10,Arborização,Faces,3516309007,V05434,Saltado,1.0,0.16501650165016502,,SIM,606.0,605.0,Domínio aplicável = classes substantivas de arborização; Saltado fica fora.
E01,Circulação da via,Domicílios,3516309008,V05001,"Caminhão, ônibus",5774.0,86.26923651576274,86.59268146370725,NÃO,6693.0,6668.0,Domínio aplicável = categorias substantivas de circulação; Saltado fica fora.
E01,Circulação da via,Domicílios,3516309008,V05002,Carros de passeio ou van,566.0,8.456596444046017,8.488302339532092,NÃO,6693.0,6668.0,Domínio aplicável = categorias substantivas de circulação; Saltado fica fora.
E01,Circulação da via,Domicílios,3516309008,V05003,"Pedestres, bicicletas e motocicletas",328.0,4.900642462274018,4.919016196760648,NÃO,6693.0,6668.0,Domínio aplicável = categorias substantivas de circulação; Saltado fica fora.
E01,Circulação da via,Domicílios,3516309008,V05004,Aquavia,0.0,0.0,0.0,NÃO,6693.0,6668.0,Domínio aplicável = categorias substantivas de circulação; Saltado fica fora.
E01,Circulação da via,Domicílios,3516309008,V05005,Saltado,25.0,0.37352457791722693,,SIM,6693.0,6668.0,Domínio aplicável = categorias substantivas de circulação; Saltado fica fora.
E01,Circulação da via,Moradores,3516309008,V05201,"Caminhão, ônibus",16597.0,86.3392810695521,86.691042047532,NÃO,19223.0,19145.0,Domínio aplicável = categorias substantivas de circulação; Saltado fica fora.
E01,Circulação da via,Moradores,3516309008,V05202,Carros de passeio ou van,1602.0,8.333766841804088,8.367720031339775,NÃO,19223.0,19145.0,Domínio aplicável = categorias substantivas de circulação; Saltado fica fora.
E01,Circulação da via,Moradores,3516309008,V05203,"Pedestres, bicicletas e motocicletas",946.0,4.921188160016646,4.941237921128232,NÃO,19223.0,19145.0,Domínio aplicável = categorias substantivas de circulação; Saltado fica fora.
E01,Circulação da via,Moradores,3516309008,V05204,Aquavia,0.0,0.0,0.0,NÃO,19223.0,19145.0,Domínio aplicável = categorias substantivas de circulação; Saltado fica fora.
E01,Circulação da via,Moradores,3516309008,V05205,Saltado,78.0,0.40576392862716537,,SIM,19223.0,19145.0,Domínio aplicável = categorias substantivas de circulação; Saltado fica fora.
E01,Circulação da via,Faces,3516309008,V05401,"Caminhão, ônibus",393.0,71.71532846715328,72.24264705882352,NÃO,548.0,544.0,Domínio aplicável = categorias substantivas de circulação; Saltado fica fora.
E01,Circulação da via,Faces,3516309008,V05402,Carros de passeio ou van,92.0,16.78832116788321,16.911764705882355,NÃO,548.0,544.0,Domínio aplicável = categorias substantivas de circulação; Saltado fica fora.
E01,Circulação da via,Faces,3516309008,V05403,"Pedestres, bicicletas e motocicletas",59.0,10.766423357664232,10.845588235294118,NÃO,548.0,544.0,Domínio aplicável = categorias substantivas de circulação; Saltado fica fora.
E01,Circulação da via,Faces,3516309008,V05404,Aquavia,0.0,0.0,0.0,NÃO,548.0,544.0,Domínio aplicável = categorias substantivas de circulação; Saltado fica fora.
E01,Circulação da via,Faces,3516309008,V05405,Saltado,4.0,0.7299270072992701,,SIM,548.0,544.0,Domínio aplicável = categorias substantivas de circulação; Saltado fica fora.
E02,Pavimentação,Domicílios,3516309008,V05006,Sim,5461.0,81.59270880023905,81.89862027594481,NÃO,6693.0,6668.0,Domínio aplicável = Sim + Não; Não declarado coincide com circulação Aquavia + Saltado.
E02,Pavimentação,Domicílios,3516309008,V05007,Não,1207.0,18.033766621843718,18.10137972405519,NÃO,6693.0,6668.0,Domínio aplicável = Sim + Não; Não declarado coincide com circulação Aquavia + Saltado.
E02,Pavimentação,Domicílios,3516309008,V05008,Não declarado,25.0,0.37352457791722693,,SIM,6693.0,6668.0,Domínio aplicável = Sim + Não; Não declarado coincide com circulação Aquavia + Saltado.
E02,Pavimentação,Moradores,3516309008,V05206,Sim,15671.0,81.52213494251677,81.85427004439802,NÃO,19223.0,19145.0,Domínio aplicável = Sim + Não; Não declarado coincide com circulação Aquavia + Saltado.
E02,Pavimentação,Moradores,3516309008,V05207,Não,3474.0,18.07210112885606,18.145729955601986,NÃO,19223.0,19145.0,Domínio aplicável = Sim + Não; Não declarado coincide com circulação Aquavia + Saltado.
E02,Pavimentação,Moradores,3516309008,V05208,Não declarado,78.0,0.40576392862716537,,SIM,19223.0,19145.0,Domínio aplicável = Sim + Não; Não declarado coincide com circulação Aquavia + Saltado.
E02,Pavimentação,Faces,3516309008,V05406,Sim,381.0,69.52554744525547,70.03676470588235,NÃO,548.0,544.0,Domínio aplicável = Sim + Não; Não declarado coincide com circulação Aquavia + Saltado.
E02,Pavimentação,Faces,3516309008,V05407,Não,163.0,29.744525547445257,29.963235294117645,NÃO,548.0,544.0,Domínio aplicável = Sim + Não; Não declarado coincide com circulação Aquavia + Saltado.
E02,Pavimentação,Faces,3516309008,V05408,Não declarado,4.0,0.7299270072992701,,SIM,548.0,544.0,Domínio aplicável = Sim + Não; Não declarado coincide com circulação Aquavia + Saltado.
E03,Bueiro / boca de lobo,Domicílios,3516309008,V05009,Sim,4216.0,62.991184819961155,63.227354529094185,NÃO,6693.0,6668.0,Domínio aplicável = Sim + Não; Não declarado coincide com circulação Aquavia + Saltado.
E03,Bueiro / boca de lobo,Domicílios,3516309008,V05010,Não,2452.0,36.635290602121614,36.772645470905815,NÃO,6693.0,6668.0,Domínio aplicável = Sim + Não; Não declarado coincide com circulação Aquavia + Saltado.
E03,Bueiro / boca de lobo,Domicílios,3516309008,V05011,Não declarado,25.0,0.37352457791722693,,SIM,6693.0,6668.0,Domínio aplicável = Sim + Não; Não declarado coincide com circulação Aquavia + Saltado.
E03,Bueiro / boca de lobo,Moradores,3516309008,V05209,Sim,12080.0,62.841387920719974,63.09741446852964,NÃO,19223.0,19145.0,Domínio aplicável = Sim + Não; Não declarado coincide com circulação Aquavia + Saltado.
E03,Bueiro / boca de lobo,Moradores,3516309008,V05210,Não,7065.0,36.75284815065286,36.90258553147036,NÃO,19223.0,19145.0,Domínio aplicável = Sim + Não; Não declarado coincide com circulação Aquavia + Saltado.
E03,Bueiro / boca de lobo,Moradores,3516309008,V05211,Não declarado,78.0,0.40576392862716537,,SIM,19223.0,19145.0,Domínio aplicável = Sim + Não; Não declarado coincide com circulação Aquavia + Saltado.
E03,Bueiro / boca de lobo,Faces,3516309008,V05409,Sim,244.0,44.52554744525548,44.85294117647059,NÃO,548.0,544.0,Domínio aplicável = Sim + Não; Não declarado coincide com circulação Aquavia + Saltado.
E03,Bueiro / boca de lobo,Faces,3516309008,V05410,Não,300.0,54.74452554744526,55.14705882352941,NÃO,548.0,544.0,Domínio aplicável = Sim + Não; Não declarado coincide com circulação Aquavia + Saltado.
E03,Bueiro / boca de lobo,Faces,3516309008,V05411,Não declarado,4.0,0.7299270072992701,,SIM,548.0,544.0,Domínio aplicável = Sim + Não; Não declarado coincide com circulação Aquavia + Saltado.
E04,Iluminação pública,Domicílios,3516309008,V05012,Sim,6453.0,96.41416405199462,96.77564487102579,NÃO,6693.0,6668.0,Domínio aplicável = Sim + Não; Não declarado coincide com circulação Aquavia + Saltado.
E04,Iluminação pública,Domicílios,3516309008,V05013,Não,215.0,3.2123113700881523,3.224355128974205,NÃO,6693.0,6668.0,Domínio aplicável = Sim + Não; Não declarado coincide com circulação Aquavia + Saltado.
E04,Iluminação pública,Domicílios,3516309008,V05014,Não declarado,25.0,0.37352457791722693,,SIM,6693.0,6668.0,Domínio aplicável = Sim + Não; Não declarado coincide com circulação Aquavia + Saltado.
E04,Iluminação pública,Moradores,3516309008,V05212,Sim,18504.0,96.25968891432139,96.65186732828414,NÃO,19223.0,19145.0,Domínio aplicável = Sim + Não; Não declarado coincide com circulação Aquavia + Saltado.
E04,Iluminação pública,Moradores,3516309008,V05213,Não,641.0,3.3345471570514484,3.3481326717158524,NÃO,19223.0,19145.0,Domínio aplicável = Sim + Não; Não declarado coincide com circulação Aquavia + Saltado.
E04,Iluminação pública,Moradores,3516309008,V05214,Não declarado,78.0,0.40576392862716537,,SIM,19223.0,19145.0,Domínio aplicável = Sim + Não; Não declarado coincide com circulação Aquavia + Saltado.
E04,Iluminação pública,Faces,3516309008,V05412,Sim,481.0,87.77372262773723,88.41911764705883,NÃO,548.0,544.0,Domínio aplicável = Sim + Não; Não declarado coincide com circulação Aquavia + Saltado.
E04,Iluminação pública,Faces,3516309008,V05413,Não,63.0,11.496350364963504,11.580882352941178,NÃO,548.0,544.0,Domínio aplicável = Sim + Não; Não declarado coincide com circulação Aquavia + Saltado.
E04,Iluminação pública,Faces,3516309008,V05414,Não declarado,4.0,0.7299270072992701,,SIM,548.0,544.0,Domínio aplicável = Sim + Não; Não declarado coincide com circulação Aquavia + Saltado.
E05,Ponto de ônibus,Domicílios,3516309008,V05015,Sim,2292.0,34.24473330345137,34.37312537492502,NÃO,6693.0,6668.0,Domínio aplicável = Sim + Não; Não declarado coincide com circulação Aquavia + Saltado.
E05,Ponto de ônibus,Domicílios,3516309008,V05016,Não,4376.0,65.38174211863141,65.62687462507498,NÃO,6693.0,6668.0,Domínio aplicável = Sim + Não; Não declarado coincide com circulação Aquavia + Saltado.
E05,Ponto de ônibus,Domicílios,3516309008,V05017,Não declarado,25.0,0.37352457791722693,,SIM,6693.0,6668.0,Domínio aplicável = Sim + Não; Não declarado coincide com circulação Aquavia + Saltado.
E05,Ponto de ônibus,Moradores,3516309008,V05215,Sim,6575.0,34.20381834261042,34.343170540611126,NÃO,19223.0,19145.0,Domínio aplicável = Sim + Não; Não declarado coincide com circulação Aquavia + Saltado.
E05,Ponto de ônibus,Moradores,3516309008,V05216,Não,12570.0,65.39041772876242,65.65682945938887,NÃO,19223.0,19145.0,Domínio aplicável = Sim + Não; Não declarado coincide com circulação Aquavia + Saltado.
E05,Ponto de ônibus,Moradores,3516309008,V05217,Não declarado,78.0,0.40576392862716537,,SIM,19223.0,19145.0,Domínio aplicável = Sim + Não; Não declarado coincide com circulação Aquavia + Saltado.
E05,Ponto de ônibus,Faces,3516309008,V05415,Sim,111.0,20.255474452554743,20.40441176470588,NÃO,548.0,544.0,Domínio aplicável = Sim + Não; Não declarado coincide com circulação Aquavia + Saltado.
E05,Ponto de ônibus,Faces,3516309008,V05416,Não,433.0,79.01459854014598,79.59558823529412,NÃO,548.0,544.0,Domínio aplicável = Sim + Não; Não declarado coincide com circulação Aquavia + Saltado.
E05,Ponto de ônibus,Faces,3516309008,V05417,Não declarado,4.0,0.7299270072992701,,SIM,548.0,544.0,Domínio aplicável = Sim + Não; Não declarado coincide com circulação Aquavia + Saltado.
E06,Via sinalizada para bicicleta,Domicílios,3516309008,V05018,Sim,103.0,1.538921261018975,1.5446910617876424,NÃO,6693.0,6668.0,Domínio aplicável = Sim + Não; Não declarado coincide com circulação Aquavia + Saltado.
E06,Via sinalizada para bicicleta,Domicílios,3516309008,V05019,Não,6565.0,98.08755416106379,98.45530893821235,NÃO,6693.0,6668.0,Domínio aplicável = Sim + Não; Não declarado coincide com circulação Aquavia + Saltado.
E06,Via sinalizada para bicicleta,Domicílios,3516309008,V05020,Não declarado,25.0,0.37352457791722693,,SIM,6693.0,6668.0,Domínio aplicável = Sim + Não; Não declarado coincide com circulação Aquavia + Saltado.
E06,Via sinalizada para bicicleta,Moradores,3516309008,V05218,Sim,302.0,1.5710346980179992,1.5774353617132408,NÃO,19223.0,19145.0,Domínio aplicável = Sim + Não; Não declarado coincide com circulação Aquavia + Saltado.
E06,Via sinalizada para bicicleta,Moradores,3516309008,V05219,Não,18843.0,98.02320137335484,98.42256463828676,NÃO,19223.0,19145.0,Domínio aplicável = Sim + Não; Não declarado coincide com circulação Aquavia + Saltado.
E06,Via sinalizada para bicicleta,Moradores,3516309008,V05220,Não declarado,78.0,0.40576392862716537,,SIM,19223.0,19145.0,Domínio aplicável = Sim + Não; Não declarado coincide com circulação Aquavia + Saltado.
E06,Via sinalizada para bicicleta,Faces,3516309008,V05418,Sim,11.0,2.0072992700729926,2.0220588235294117,NÃO,548.0,544.0,Domínio aplicável = Sim + Não; Não declarado coincide com circulação Aquavia + Saltado.
E06,Via sinalizada para bicicleta,Faces,3516309008,V05419,Não,533.0,97.26277372262774,97.97794117647058,NÃO,548.0,544.0,Domínio aplicável = Sim + Não; Não declarado coincide com circulação Aquavia + Saltado.
E06,Via sinalizada para bicicleta,Faces,3516309008,V05420,Não declarado,4.0,0.7299270072992701,,SIM,548.0,544.0,Domínio aplicável = Sim + Não; Não declarado coincide com circulação Aquavia + Saltado.
E07,Calçada,Domicílios,3516309008,V05021,Sim,5135.0,76.72194830419842,77.00959808038392,NÃO,6693.0,6668.0,Domínio aplicável = Sim + Não; Não declarado coincide com circulação Aquavia + Saltado.
E07,Calçada,Domicílios,3516309008,V05022,Não,1533.0,22.904527117884356,22.990401919616076,NÃO,6693.0,6668.0,Domínio aplicável = Sim + Não; Não declarado coincide com circulação Aquavia + Saltado.
E07,Calçada,Domicílios,3516309008,V05023,Não declarado,25.0,0.37352457791722693,,SIM,6693.0,6668.0,Domínio aplicável = Sim + Não; Não declarado coincide com circulação Aquavia + Saltado.
E07,Calçada,Moradores,3516309008,V05221,Sim,14725.0,76.60094678250013,76.91303212326979,NÃO,19223.0,19145.0,Domínio aplicável = Sim + Não; Não declarado coincide com circulação Aquavia + Saltado.
E07,Calçada,Moradores,3516309008,V05222,Não,4420.0,22.993289288872703,23.086967876730217,NÃO,19223.0,19145.0,Domínio aplicável = Sim + Não; Não declarado coincide com circulação Aquavia + Saltado.
E07,Calçada,Moradores,3516309008,V05223,Não declarado,78.0,0.40576392862716537,,SIM,19223.0,19145.0,Domínio aplicável = Sim + Não; Não declarado coincide com circulação Aquavia + Saltado.
E07,Calçada,Faces,3516309008,V05421,Sim,311.0,56.75182481751825,57.16911764705882,NÃO,548.0,544.0,Domínio aplicável = Sim + Não; Não declarado coincide com circulação Aquavia + Saltado.
E07,Calçada,Faces,3516309008,V05422,Não,233.0,42.518248175182485,42.830882352941174,NÃO,548.0,544.0,Domínio aplicável = Sim + Não; Não declarado coincide com circulação Aquavia + Saltado.
E07,Calçada,Faces,3516309008,V05423,Não declarado,4.0,0.7299270072992701,,SIM,548.0,544.0,Domínio aplicável = Sim + Não; Não declarado coincide com circulação Aquavia + Saltado.
E08,Obstáculo na calçada,Domicílios,3516309008,V05024,Sim,4823.0,72.06036157179142,93.92405063291139,NÃO,6693.0,5135.0,Domínio aplicável = Sim + Não; Não declarado coincide com ausência/não aplicação de calçada.
E08,Obstáculo na calçada,Domicílios,3516309008,V05025,Não,312.0,4.661586732406993,6.075949367088607,NÃO,6693.0,5135.0,Domínio aplicável = Sim + Não; Não declarado coincide com ausência/não aplicação de calçada.
E08,Obstáculo na calçada,Domicílios,3516309008,V05026,Não declarado,1558.0,23.278051695801583,,SIM,6693.0,5135.0,Domínio aplicável = Sim + Não; Não declarado coincide com ausência/não aplicação de calçada.
E08,Obstáculo na calçada,Moradores,3516309008,V05224,Sim,13873.0,72.16875617749571,94.21392190152801,NÃO,19223.0,14725.0,Domínio aplicável = Sim + Não; Não declarado coincide com ausência/não aplicação de calçada.
E08,Obstáculo na calçada,Moradores,3516309008,V05225,Não,852.0,4.432190605004422,5.786078098471986,NÃO,19223.0,14725.0,Domínio aplicável = Sim + Não; Não declarado coincide com ausência/não aplicação de calçada.
E08,Obstáculo na calçada,Moradores,3516309008,V05226,Não declarado,4498.0,23.399053217499873,,SIM,19223.0,14725.0,Domínio aplicável = Sim + Não; Não declarado coincide com ausência/não aplicação de calçada.
E08,Obstáculo na calçada,Faces,3516309008,V05424,Sim,279.0,50.912408759124084,89.71061093247589,NÃO,548.0,311.0,Domínio aplicável = Sim + Não; Não declarado coincide com ausência/não aplicação de calçada.
E08,Obstáculo na calçada,Faces,3516309008,V05425,Não,32.0,5.839416058394161,10.289389067524116,NÃO,548.0,311.0,Domínio aplicável = Sim + Não; Não declarado coincide com ausência/não aplicação de calçada.
E08,Obstáculo na calçada,Faces,3516309008,V05426,Não declarado,237.0,43.24817518248175,,SIM,548.0,311.0,Domínio aplicável = Sim + Não; Não declarado coincide com ausência/não aplicação de calçada.
E09,Rampa para cadeirante,Domicílios,3516309008,V05027,Sim,435.0,6.499327655759749,8.471275559883155,NÃO,6693.0,5135.0,Domínio aplicável = Sim + Não; Não declarado coincide com ausência/não aplicação de calçada.
E09,Rampa para cadeirante,Domicílios,3516309008,V05028,Não,4700.0,70.22262064843868,91.52872444011685,NÃO,6693.0,5135.0,Domínio aplicável = Sim + Não; Não declarado coincide com ausência/não aplicação de calçada.
E09,Rampa para cadeirante,Domicílios,3516309008,V05029,Não declarado,1558.0,23.278051695801583,,SIM,6693.0,5135.0,Domínio aplicável = Sim + Não; Não declarado coincide com ausência/não aplicação de calçada.
E09,Rampa para cadeirante,Moradores,3516309008,V05227,Sim,1250.0,6.502627061332779,8.488964346349745,NÃO,19223.0,14725.0,Domínio aplicável = Sim + Não; Não declarado coincide com ausência/não aplicação de calçada.
E09,Rampa para cadeirante,Moradores,3516309008,V05228,Não,13475.0,70.09831972116736,91.51103565365025,NÃO,19223.0,14725.0,Domínio aplicável = Sim + Não; Não declarado coincide com ausência/não aplicação de calçada.
E09,Rampa para cadeirante,Moradores,3516309008,V05229,Não declarado,4498.0,23.399053217499873,,SIM,19223.0,14725.0,Domínio aplicável = Sim + Não; Não declarado coincide com ausência/não aplicação de calçada.
E09,Rampa para cadeirante,Faces,3516309008,V05427,Sim,18.0,3.2846715328467155,5.787781350482315,NÃO,548.0,311.0,Domínio aplicável = Sim + Não; Não declarado coincide com ausência/não aplicação de calçada.
E09,Rampa para cadeirante,Faces,3516309008,V05428,Não,293.0,53.46715328467153,94.21221864951768,NÃO,548.0,311.0,Domínio aplicável = Sim + Não; Não declarado coincide com ausência/não aplicação de calçada.
E09,Rampa para cadeirante,Faces,3516309008,V05429,Não declarado,237.0,43.24817518248175,,SIM,548.0,311.0,Domínio aplicável = Sim + Não; Não declarado coincide com ausência/não aplicação de calçada.
E10,Arborização,Domicílios,3516309008,V05030,Sem árvores,1734.0,25.907664724338865,26.004799040191962,NÃO,6693.0,6668.0,Domínio aplicável = classes substantivas de arborização; Saltado fica fora.
E10,Arborização,Domicílios,3516309008,V05031,1 a 2 árvores,1728.0,25.818018825638728,25.91481703659268,NÃO,6693.0,6668.0,Domínio aplicável = classes substantivas de arborização; Saltado fica fora.
E10,Arborização,Domicílios,3516309008,V05032,3 a 4 árvores,1382.0,20.64843866726431,20.725854829034194,NÃO,6693.0,6668.0,Domínio aplicável = classes substantivas de arborização; Saltado fica fora.
E10,Arborização,Domicílios,3516309008,V05033,5 ou mais árvores,1824.0,27.25235320484088,27.354529094181164,NÃO,6693.0,6668.0,Domínio aplicável = classes substantivas de arborização; Saltado fica fora.
E10,Arborização,Domicílios,3516309008,V05034,Saltado,25.0,0.37352457791722693,,SIM,6693.0,6668.0,Domínio aplicável = classes substantivas de arborização; Saltado fica fora.
E10,Arborização,Moradores,3516309008,V05230,Sem árvores,5058.0,26.312230140976954,26.41943066074693,NÃO,19223.0,19145.0,Domínio aplicável = classes substantivas de arborização; Saltado fica fora.
E10,Arborização,Moradores,3516309008,V05231,1 a 2 árvores,4966.0,25.833636789262865,25.938887437973364,NÃO,19223.0,19145.0,Domínio aplicável = classes substantivas de arborização; Saltado fica fora.
E10,Arborização,Moradores,3516309008,V05232,3 a 4 árvores,3923.0,20.407844769286793,20.490989814572995,NÃO,19223.0,19145.0,Domínio aplicável = classes substantivas de arborização; Saltado fica fora.
E10,Arborização,Moradores,3516309008,V05233,5 ou mais árvores,5198.0,27.040524371846224,27.150692086706712,NÃO,19223.0,19145.0,Domínio aplicável = classes substantivas de arborização; Saltado fica fora.
E10,Arborização,Moradores,3516309008,V05234,Saltado,78.0,0.40576392862716537,,SIM,19223.0,19145.0,Domínio aplicável = classes substantivas de arborização; Saltado fica fora.
E10,Arborização,Faces,3516309008,V05430,Sem árvores,233.0,42.518248175182485,42.830882352941174,NÃO,548.0,544.0,Domínio aplicável = classes substantivas de arborização; Saltado fica fora.
E10,Arborização,Faces,3516309008,V05431,1 a 2 árvores,132.0,24.087591240875913,24.264705882352942,NÃO,548.0,544.0,Domínio aplicável = classes substantivas de arborização; Saltado fica fora.
E10,Arborização,Faces,3516309008,V05432,3 a 4 árvores,73.0,13.321167883211679,13.419117647058822,NÃO,548.0,544.0,Domínio aplicável = classes substantivas de arborização; Saltado fica fora.
E10,Arborização,Faces,3516309008,V05433,5 ou mais árvores,106.0,19.34306569343066,19.485294117647058,NÃO,548.0,544.0,Domínio aplicável = classes substantivas de arborização; Saltado fica fora.
E10,Arborização,Faces,3516309008,V05434,Saltado,4.0,0.7299270072992701,,SIM,548.0,544.0,Domínio aplicável = classes substantivas de arborização; Saltado fica fora.
E01,Circulação da via,Domicílios,MUNICIPIO,V05001,"Caminhão, ônibus",45704.0,84.97220517969026,85.07026523964635,NÃO,53787.0,53725.0,Domínio aplicável = categorias substantivas de circulação; Saltado fica fora.
E01,Circulação da via,Domicílios,MUNICIPIO,V05002,Carros de passeio ou van,5889.0,10.948742261141168,10.961377384830154,NÃO,53787.0,53725.0,Domínio aplicável = categorias substantivas de circulação; Saltado fica fora.
E01,Circulação da via,Domicílios,MUNICIPIO,V05003,"Pedestres, bicicletas e motocicletas",2132.0,3.9637830702586125,3.968357375523499,NÃO,53787.0,53725.0,Domínio aplicável = categorias substantivas de circulação; Saltado fica fora.
E01,Circulação da via,Domicílios,MUNICIPIO,V05004,Aquavia,0.0,0.0,0.0,NÃO,53787.0,53725.0,Domínio aplicável = categorias substantivas de circulação; Saltado fica fora.
E01,Circulação da via,Domicílios,MUNICIPIO,V05005,Saltado,62.0,0.11526948890995965,,SIM,53787.0,53725.0,Domínio aplicável = categorias substantivas de circulação; Saltado fica fora.
E01,Circulação da via,Moradores,MUNICIPIO,V05201,"Caminhão, ônibus",129955.0,84.64359221530366,84.74791806603497,NÃO,153532.0,153343.0,Domínio aplicável = categorias substantivas de circulação; Saltado fica fora.
E01,Circulação da via,Moradores,MUNICIPIO,V05202,Carros de passeio ou van,17022.0,11.086939530521324,11.100604527105899,NÃO,153532.0,153343.0,Domínio aplicável = categorias substantivas de circulação; Saltado fica fora.
E01,Circulação da via,Moradores,MUNICIPIO,V05203,"Pedestres, bicicletas e motocicletas",6366.0,4.146366881171351,4.151477406859133,NÃO,153532.0,153343.0,Domínio aplicável = categorias substantivas de circulação; Saltado fica fora.
E01,Circulação da via,Moradores,MUNICIPIO,V05204,Aquavia,0.0,0.0,0.0,NÃO,153532.0,153343.0,Domínio aplicável = categorias substantivas de circulação; Saltado fica fora.
E01,Circulação da via,Moradores,MUNICIPIO,V05205,Saltado,189.0,0.1231013730036735,,SIM,153532.0,153343.0,Domínio aplicável = categorias substantivas de circulação; Saltado fica fora.
E01,Circulação da via,Faces,MUNICIPIO,V05401,"Caminhão, ônibus",3196.0,70.77059344552701,71.25975473801562,NÃO,4516.0,4485.0,Domínio aplicável = categorias substantivas de circulação; Saltado fica fora.
E01,Circulação da via,Faces,MUNICIPIO,V05402,Carros de passeio ou van,654.0,14.481842338352525,14.581939799331103,NÃO,4516.0,4485.0,Domínio aplicável = categorias substantivas de circulação; Saltado fica fora.
E01,Circulação da via,Faces,MUNICIPIO,V05403,"Pedestres, bicicletas e motocicletas",635.0,14.061116031886625,14.15830546265329,NÃO,4516.0,4485.0,Domínio aplicável = categorias substantivas de circulação; Saltado fica fora.
E01,Circulação da via,Faces,MUNICIPIO,V05404,Aquavia,0.0,0.0,0.0,NÃO,4516.0,4485.0,Domínio aplicável = categorias substantivas de circulação; Saltado fica fora.
E01,Circulação da via,Faces,MUNICIPIO,V05405,Saltado,31.0,0.6864481842338352,,SIM,4516.0,4485.0,Domínio aplicável = categorias substantivas de circulação; Saltado fica fora.
E02,Pavimentação,Domicílios,MUNICIPIO,V05006,Sim,47108.0,87.58250134790934,87.68357375523499,NÃO,53787.0,53725.0,Domínio aplicável = Sim + Não; Não declarado coincide com circulação Aquavia + Saltado.
E02,Pavimentação,Domicílios,MUNICIPIO,V05007,Não,6617.0,12.302229163180694,12.316426244765006,NÃO,53787.0,53725.0,Domínio aplicável = Sim + Não; Não declarado coincide com circulação Aquavia + Saltado.
E02,Pavimentação,Domicílios,MUNICIPIO,V05008,Não declarado,62.0,0.11526948890995965,,SIM,53787.0,53725.0,Domínio aplicável = Sim + Não; Não declarado coincide com circulação Aquavia + Saltado.
E02,Pavimentação,Moradores,MUNICIPIO,V05206,Sim,134262.0,87.44887059375245,87.5566540370281,NÃO,153532.0,153343.0,Domínio aplicável = Sim + Não; Não declarado coincide com circulação Aquavia + Saltado.
E02,Pavimentação,Moradores,MUNICIPIO,V05207,Não,19081.0,12.428028033243883,12.4433459629719,NÃO,153532.0,153343.0,Domínio aplicável = Sim + Não; Não declarado coincide com circulação Aquavia + Saltado.
E02,Pavimentação,Moradores,MUNICIPIO,V05208,Não declarado,189.0,0.1231013730036735,,SIM,153532.0,153343.0,Domínio aplicável = Sim + Não; Não declarado coincide com circulação Aquavia + Saltado.
E02,Pavimentação,Faces,MUNICIPIO,V05406,Sim,3563.0,78.89725420726307,79.44258639910814,NÃO,4516.0,4485.0,Domínio aplicável = Sim + Não; Não declarado coincide com circulação Aquavia + Saltado.
E02,Pavimentação,Faces,MUNICIPIO,V05407,Não,922.0,20.4162976085031,20.55741360089186,NÃO,4516.0,4485.0,Domínio aplicável = Sim + Não; Não declarado coincide com circulação Aquavia + Saltado.
E02,Pavimentação,Faces,MUNICIPIO,V05408,Não declarado,31.0,0.6864481842338352,,SIM,4516.0,4485.0,Domínio aplicável = Sim + Não; Não declarado coincide com circulação Aquavia + Saltado.
E03,Bueiro / boca de lobo,Domicílios,MUNICIPIO,V05009,Sim,31243.0,58.08652648409467,58.15355979525361,NÃO,53787.0,53725.0,Domínio aplicável = Sim + Não; Não declarado coincide com circulação Aquavia + Saltado.
E03,Bueiro / boca de lobo,Domicílios,MUNICIPIO,V05010,Não,22482.0,41.79820402699537,41.84644020474639,NÃO,53787.0,53725.0,Domínio aplicável = Sim + Não; Não declarado coincide com circulação Aquavia + Saltado.
E03,Bueiro / boca de lobo,Domicílios,MUNICIPIO,V05011,Não declarado,62.0,0.11526948890995965,,SIM,53787.0,53725.0,Domínio aplicável = Sim + Não; Não declarado coincide com circulação Aquavia + Saltado.
E03,Bueiro / boca de lobo,Moradores,MUNICIPIO,V05209,Sim,88966.0,57.94622619388792,58.01764671357675,NÃO,153532.0,153343.0,Domínio aplicável = Sim + Não; Não declarado coincide com circulação Aquavia + Saltado.
E03,Bueiro / boca de lobo,Moradores,MUNICIPIO,V05210,Não,64377.0,41.930672433108406,41.98235328642325,NÃO,153532.0,153343.0,Domínio aplicável = Sim + Não; Não declarado coincide com circulação Aquavia + Saltado.
E03,Bueiro / boca de lobo,Moradores,MUNICIPIO,V05211,Não declarado,189.0,0.1231013730036735,,SIM,153532.0,153343.0,Domínio aplicável = Sim + Não; Não declarado coincide com circulação Aquavia + Saltado.
E03,Bueiro / boca de lobo,Faces,MUNICIPIO,V05409,Sim,2097.0,46.43489813994685,46.75585284280936,NÃO,4516.0,4485.0,Domínio aplicável = Sim + Não; Não declarado coincide com circulação Aquavia + Saltado.
E03,Bueiro / boca de lobo,Faces,MUNICIPIO,V05410,Não,2388.0,52.87865367581931,53.24414715719064,NÃO,4516.0,4485.0,Domínio aplicável = Sim + Não; Não declarado coincide com circulação Aquavia + Saltado.
E03,Bueiro / boca de lobo,Faces,MUNICIPIO,V05411,Não declarado,31.0,0.6864481842338352,,SIM,4516.0,4485.0,Domínio aplicável = Sim + Não; Não declarado coincide com circulação Aquavia + Saltado.
E04,Iluminação pública,Domicílios,MUNICIPIO,V05012,Sim,52312.0,97.25770167512596,97.36993950674733,NÃO,53787.0,53725.0,Domínio aplicável = Sim + Não; Não declarado coincide com circulação Aquavia + Saltado.
E04,Iluminação pública,Domicílios,MUNICIPIO,V05013,Não,1413.0,2.6270288359640808,2.6300604932526754,NÃO,53787.0,53725.0,Domínio aplicável = Sim + Não; Não declarado coincide com circulação Aquavia + Saltado.
E04,Iluminação pública,Domicílios,MUNICIPIO,V05014,Não declarado,62.0,0.11526948890995965,,SIM,53787.0,53725.0,Domínio aplicável = Sim + Não; Não declarado coincide com circulação Aquavia + Saltado.
E04,Iluminação pública,Moradores,MUNICIPIO,V05212,Sim,149209.0,97.18430034129693,97.30408300346282,NÃO,153532.0,153343.0,Domínio aplicável = Sim + Não; Não declarado coincide com circulação Aquavia + Saltado.
E04,Iluminação pública,Moradores,MUNICIPIO,V05213,Não,4134.0,2.692598285699398,2.695916996537175,NÃO,153532.0,153343.0,Domínio aplicável = Sim + Não; Não declarado coincide com circulação Aquavia + Saltado.
E04,Iluminação pública,Moradores,MUNICIPIO,V05214,Não declarado,189.0,0.1231013730036735,,SIM,153532.0,153343.0,Domínio aplicável = Sim + Não; Não declarado coincide com circulação Aquavia + Saltado.
E04,Iluminação pública,Faces,MUNICIPIO,V05412,Sim,4087.0,90.50044286979629,91.12597547380156,NÃO,4516.0,4485.0,Domínio aplicável = Sim + Não; Não declarado coincide com circulação Aquavia + Saltado.
E04,Iluminação pública,Faces,MUNICIPIO,V05413,Não,398.0,8.813108945969885,8.874024526198438,NÃO,4516.0,4485.0,Domínio aplicável = Sim + Não; Não declarado coincide com circulação Aquavia + Saltado.
E04,Iluminação pública,Faces,MUNICIPIO,V05414,Não declarado,31.0,0.6864481842338352,,SIM,4516.0,4485.0,Domínio aplicável = Sim + Não; Não declarado coincide com circulação Aquavia + Saltado.
E05,Ponto de ônibus,Domicílios,MUNICIPIO,V05015,Sim,11998.0,22.30650528938219,22.332247557003257,NÃO,53787.0,53725.0,Domínio aplicável = Sim + Não; Não declarado coincide com circulação Aquavia + Saltado.
E05,Ponto de ônibus,Domicílios,MUNICIPIO,V05016,Não,41727.0,77.57822522170785,77.66775244299674,NÃO,53787.0,53725.0,Domínio aplicável = Sim + Não; Não declarado coincide com circulação Aquavia + Saltado.
E05,Ponto de ônibus,Domicílios,MUNICIPIO,V05017,Não declarado,62.0,0.11526948890995965,,SIM,53787.0,53725.0,Domínio aplicável = Sim + Não; Não declarado coincide com circulação Aquavia + Saltado.
E05,Ponto de ônibus,Moradores,MUNICIPIO,V05215,Sim,33619.0,21.897063804288358,21.92405261407433,NÃO,153532.0,153343.0,Domínio aplicável = Sim + Não; Não declarado coincide com circulação Aquavia + Saltado.
E05,Ponto de ônibus,Moradores,MUNICIPIO,V05216,Não,119724.0,77.97983482270797,78.07594738592567,NÃO,153532.0,153343.0,Domínio aplicável = Sim + Não; Não declarado coincide com circulação Aquavia + Saltado.
E05,Ponto de ônibus,Moradores,MUNICIPIO,V05217,Não declarado,189.0,0.1231013730036735,,SIM,153532.0,153343.0,Domínio aplicável = Sim + Não; Não declarado coincide com circulação Aquavia + Saltado.
E05,Ponto de ônibus,Faces,MUNICIPIO,V05415,Sim,809.0,17.9140832595217,18.037904124860646,NÃO,4516.0,4485.0,Domínio aplicável = Sim + Não; Não declarado coincide com circulação Aquavia + Saltado.
E05,Ponto de ônibus,Faces,MUNICIPIO,V05416,Não,3676.0,81.39946855624446,81.96209587513935,NÃO,4516.0,4485.0,Domínio aplicável = Sim + Não; Não declarado coincide com circulação Aquavia + Saltado.
E05,Ponto de ônibus,Faces,MUNICIPIO,V05417,Não declarado,31.0,0.6864481842338352,,SIM,4516.0,4485.0,Domínio aplicável = Sim + Não; Não declarado coincide com circulação Aquavia + Saltado.
E06,Via sinalizada para bicicleta,Domicílios,MUNICIPIO,V05018,Sim,872.0,1.6212095859594327,1.62308050255933,NÃO,53787.0,53725.0,Domínio aplicável = Sim + Não; Não declarado coincide com circulação Aquavia + Saltado.
E06,Via sinalizada para bicicleta,Domicílios,MUNICIPIO,V05019,Não,52853.0,98.2635209251306,98.37691949744067,NÃO,53787.0,53725.0,Domínio aplicável = Sim + Não; Não declarado coincide com circulação Aquavia + Saltado.
E06,Via sinalizada para bicicleta,Domicílios,MUNICIPIO,V05020,Não declarado,62.0,0.11526948890995965,,SIM,53787.0,53725.0,Domínio aplicável = Sim + Não; Não declarado coincide com circulação Aquavia + Saltado.
E06,Via sinalizada para bicicleta,Moradores,MUNICIPIO,V05218,Sim,2475.0,1.6120417893338197,1.6140286808005584,NÃO,153532.0,153343.0,Domínio aplicável = Sim + Não; Não declarado coincide com circulação Aquavia + Saltado.
E06,Via sinalizada para bicicleta,Moradores,MUNICIPIO,V05219,Não,150868.0,98.2648568376625,98.38597131919944,NÃO,153532.0,153343.0,Domínio aplicável = Sim + Não; Não declarado coincide com circulação Aquavia + Saltado.
E06,Via sinalizada para bicicleta,Moradores,MUNICIPIO,V05220,Não declarado,189.0,0.1231013730036735,,SIM,153532.0,153343.0,Domínio aplicável = Sim + Não; Não declarado coincide com circulação Aquavia + Saltado.
E06,Via sinalizada para bicicleta,Faces,MUNICIPIO,V05418,Sim,106.0,2.347209920283437,2.3634336677814938,NÃO,4516.0,4485.0,Domínio aplicável = Sim + Não; Não declarado coincide com circulação Aquavia + Saltado.
E06,Via sinalizada para bicicleta,Faces,MUNICIPIO,V05419,Não,4379.0,96.96634189548273,97.63656633221851,NÃO,4516.0,4485.0,Domínio aplicável = Sim + Não; Não declarado coincide com circulação Aquavia + Saltado.
E06,Via sinalizada para bicicleta,Faces,MUNICIPIO,V05420,Não declarado,31.0,0.6864481842338352,,SIM,4516.0,4485.0,Domínio aplicável = Sim + Não; Não declarado coincide com circulação Aquavia + Saltado.
E07,Calçada,Domicílios,MUNICIPIO,V05021,Sim,44389.0,82.52737650361611,82.62261516984644,NÃO,53787.0,53725.0,Domínio aplicável = Sim + Não; Não declarado coincide com circulação Aquavia + Saltado.
E07,Calçada,Domicílios,MUNICIPIO,V05022,Não,9336.0,17.357354007473923,17.37738483015356,NÃO,53787.0,53725.0,Domínio aplicável = Sim + Não; Não declarado coincide com circulação Aquavia + Saltado.
E07,Calçada,Domicílios,MUNICIPIO,V05023,Não declarado,62.0,0.11526948890995965,,SIM,53787.0,53725.0,Domínio aplicável = Sim + Não; Não declarado coincide com circulação Aquavia + Saltado.
E07,Calçada,Moradores,MUNICIPIO,V05221,Sim,126351.0,82.29619883802725,82.39763145366923,NÃO,153532.0,153343.0,Domínio aplicável = Sim + Não; Não declarado coincide com circulação Aquavia + Saltado.
E07,Calçada,Moradores,MUNICIPIO,V05222,Não,26992.0,17.580699788969074,17.602368546330773,NÃO,153532.0,153343.0,Domínio aplicável = Sim + Não; Não declarado coincide com circulação Aquavia + Saltado.
E07,Calçada,Moradores,MUNICIPIO,V05223,Não declarado,189.0,0.1231013730036735,,SIM,153532.0,153343.0,Domínio aplicável = Sim + Não; Não declarado coincide com circulação Aquavia + Saltado.
E07,Calçada,Faces,MUNICIPIO,V05421,Sim,3018.0,66.82905225863595,67.29096989966555,NÃO,4516.0,4485.0,Domínio aplicável = Sim + Não; Não declarado coincide com circulação Aquavia + Saltado.
E07,Calçada,Faces,MUNICIPIO,V05422,Não,1467.0,32.484499557130206,32.709030100334445,NÃO,4516.0,4485.0,Domínio aplicável = Sim + Não; Não declarado coincide com circulação Aquavia + Saltado.
E07,Calçada,Faces,MUNICIPIO,V05423,Não declarado,31.0,0.6864481842338352,,SIM,4516.0,4485.0,Domínio aplicável = Sim + Não; Não declarado coincide com circulação Aquavia + Saltado.
E08,Obstáculo na calçada,Domicílios,MUNICIPIO,V05024,Sim,38098.0,70.8312417498652,85.82756989344207,NÃO,53787.0,44389.0,Domínio aplicável = Sim + Não; Não declarado coincide com ausência/não aplicação de calçada.
E08,Obstáculo na calçada,Domicílios,MUNICIPIO,V05025,Não,6291.0,11.696134753750906,14.172430106557933,NÃO,53787.0,44389.0,Domínio aplicável = Sim + Não; Não declarado coincide com ausência/não aplicação de calçada.
E08,Obstáculo na calçada,Domicílios,MUNICIPIO,V05026,Não declarado,9398.0,17.472623496383886,,SIM,53787.0,44389.0,Domínio aplicável = Sim + Não; Não declarado coincide com ausência/não aplicação de calçada.
E08,Obstáculo na calçada,Moradores,MUNICIPIO,V05224,Sim,109019.0,71.00734700257927,86.28265704268269,NÃO,153532.0,126351.0,Domínio aplicável = Sim + Não; Não declarado coincide com ausência/não aplicação de calçada.
E08,Obstáculo na calçada,Moradores,MUNICIPIO,V05225,Não,17332.0,11.288851835447984,13.717342957317314,NÃO,153532.0,126351.0,Domínio aplicável = Sim + Não; Não declarado coincide com ausência/não aplicação de calçada.
E08,Obstáculo na calçada,Moradores,MUNICIPIO,V05226,Não declarado,27181.0,17.70380116197275,,SIM,153532.0,126351.0,Domínio aplicável = Sim + Não; Não declarado coincide com ausência/não aplicação de calçada.
E08,Obstáculo na calçada,Faces,MUNICIPIO,V05424,Sim,2488.0,55.09300265721878,82.43870112657389,NÃO,4516.0,3018.0,Domínio aplicável = Sim + Não; Não declarado coincide com ausência/não aplicação de calçada.
E08,Obstáculo na calçada,Faces,MUNICIPIO,V05425,Não,530.0,11.736049601417184,17.56129887342611,NÃO,4516.0,3018.0,Domínio aplicável = Sim + Não; Não declarado coincide com ausência/não aplicação de calçada.
E08,Obstáculo na calçada,Faces,MUNICIPIO,V05426,Não declarado,1498.0,33.17094774136404,,SIM,4516.0,3018.0,Domínio aplicável = Sim + Não; Não declarado coincide com ausência/não aplicação de calçada.
E09,Rampa para cadeirante,Domicílios,MUNICIPIO,V05027,Sim,1833.0,3.407886664063807,4.129401428281781,NÃO,53787.0,44389.0,Domínio aplicável = Sim + Não; Não declarado coincide com ausência/não aplicação de calçada.
E09,Rampa para cadeirante,Domicílios,MUNICIPIO,V05028,Não,42556.0,79.1194898395523,95.87059857171822,NÃO,53787.0,44389.0,Domínio aplicável = Sim + Não; Não declarado coincide com ausência/não aplicação de calçada.
E09,Rampa para cadeirante,Domicílios,MUNICIPIO,V05029,Não declarado,9398.0,17.472623496383886,,SIM,53787.0,44389.0,Domínio aplicável = Sim + Não; Não declarado coincide com ausência/não aplicação de calçada.
E09,Rampa para cadeirante,Moradores,MUNICIPIO,V05227,Sim,5104.0,3.324388401115077,4.039540644711953,NÃO,153532.0,126351.0,Domínio aplicável = Sim + Não; Não declarado coincide com ausência/não aplicação de calçada.
E09,Rampa para cadeirante,Moradores,MUNICIPIO,V05228,Não,121247.0,78.97181043691216,95.96045935528804,NÃO,153532.0,126351.0,Domínio aplicável = Sim + Não; Não declarado coincide com ausência/não aplicação de calçada.
E09,Rampa para cadeirante,Moradores,MUNICIPIO,V05229,Não declarado,27181.0,17.70380116197275,,SIM,153532.0,126351.0,Domínio aplicável = Sim + Não; Não declarado coincide com ausência/não aplicação de calçada.
E09,Rampa para cadeirante,Faces,MUNICIPIO,V05427,Sim,133.0,2.9450841452612933,4.406891981444665,NÃO,4516.0,3018.0,Domínio aplicável = Sim + Não; Não declarado coincide com ausência/não aplicação de calçada.
E09,Rampa para cadeirante,Faces,MUNICIPIO,V05428,Não,2885.0,63.883968113374664,95.59310801855534,NÃO,4516.0,3018.0,Domínio aplicável = Sim + Não; Não declarado coincide com ausência/não aplicação de calçada.
E09,Rampa para cadeirante,Faces,MUNICIPIO,V05429,Não declarado,1498.0,33.17094774136404,,SIM,4516.0,3018.0,Domínio aplicável = Sim + Não; Não declarado coincide com ausência/não aplicação de calçada.
E10,Arborização,Domicílios,MUNICIPIO,V05030,Sem árvores,16149.0,30.023983490434492,30.0586319218241,NÃO,53787.0,53725.0,Domínio aplicável = classes substantivas de arborização; Saltado fica fora.
E10,Arborização,Domicílios,MUNICIPIO,V05031,1 a 2 árvores,12845.0,23.88123524271664,23.908794788273617,NÃO,53787.0,53725.0,Domínio aplicável = classes substantivas de arborização; Saltado fica fora.
E10,Arborização,Domicílios,MUNICIPIO,V05032,3 a 4 árvores,10360.0,19.26115975979326,19.283387622149835,NÃO,53787.0,53725.0,Domínio aplicável = classes substantivas de arborização; Saltado fica fora.
E10,Arborização,Domicílios,MUNICIPIO,V05033,5 ou mais árvores,14371.0,26.718352018145648,26.749185667752446,NÃO,53787.0,53725.0,Domínio aplicável = classes substantivas de arborização; Saltado fica fora.
E10,Arborização,Domicílios,MUNICIPIO,V05034,Saltado,62.0,0.11526948890995965,,SIM,53787.0,53725.0,Domínio aplicável = classes substantivas de arborização; Saltado fica fora.
E10,Arborização,Moradores,MUNICIPIO,V05230,Sem árvores,46326.0,30.173514316233753,30.210704107784508,NÃO,153532.0,153343.0,Domínio aplicável = classes substantivas de arborização; Saltado fica fora.
E10,Arborização,Moradores,MUNICIPIO,V05231,1 a 2 árvores,36917.0,24.045150196701666,24.074786589541095,NÃO,153532.0,153343.0,Domínio aplicável = classes substantivas de arborização; Saltado fica fora.
E10,Arborização,Moradores,MUNICIPIO,V05232,3 a 4 árvores,29209.0,19.02469843420264,19.04814696464788,NÃO,153532.0,153343.0,Domínio aplicável = classes substantivas de arborização; Saltado fica fora.
E10,Arborização,Moradores,MUNICIPIO,V05233,5 ou mais árvores,40891.0,26.633535679858273,26.666362338026516,NÃO,153532.0,153343.0,Domínio aplicável = classes substantivas de arborização; Saltado fica fora.
E10,Arborização,Moradores,MUNICIPIO,V05234,Saltado,189.0,0.1231013730036735,,SIM,153532.0,153343.0,Domínio aplicável = classes substantivas de arborização; Saltado fica fora.
E10,Arborização,Faces,MUNICIPIO,V05430,Sem árvores,1926.0,42.648361381753766,42.943143812709025,NÃO,4516.0,4485.0,Domínio aplicável = classes substantivas de arborização; Saltado fica fora.
E10,Arborização,Faces,MUNICIPIO,V05431,1 a 2 árvores,966.0,21.39061116031887,21.53846153846154,NÃO,4516.0,4485.0,Domínio aplicável = classes substantivas de arborização; Saltado fica fora.
E10,Arborização,Faces,MUNICIPIO,V05432,3 a 4 árvores,662.0,14.658990256864483,14.7603121516165,NÃO,4516.0,4485.0,Domínio aplicável = classes substantivas de arborização; Saltado fica fora.
E10,Arborização,Faces,MUNICIPIO,V05433,5 ou mais árvores,931.0,20.615589016829052,20.758082497212932,NÃO,4516.0,4485.0,Domínio aplicável = classes substantivas de arborização; Saltado fica fora.
E10,Arborização,Faces,MUNICIPIO,V05434,Saltado,31.0,0.6864481842338352,,SIM,4516.0,4485.0,Domínio aplicável = classes substantivas de arborização; Saltado fica fora.
