Tabela,Característica,Universo,APOND,Código,Categoria,Contagem agregada,Percentual bruto (%),Percentual no domínio aplicável (%),Fora do domínio aplicável?,Denominador observado,Denominador no domínio aplicável,Regra do domínio aplicável
E01,Circulação da via,Domicílios,3509502002,V05001,"Caminhão, ônibus",6995.0,89.47301100025582,89.91002570694087,NÃO,7818.0,7780.0,Domínio aplicável = categorias substantivas de circulação; Saltado fica fora.
E01,Circulação da via,Domicílios,3509502002,V05002,Carros de passeio ou van,769.0,9.8362752622154,9.884318766066839,NÃO,7818.0,7780.0,Domínio aplicável = categorias substantivas de circulação; Saltado fica fora.
E01,Circulação da via,Domicílios,3509502002,V05003,"Pedestres, bicicletas e motocicletas",16.0,0.20465592223074958,0.2056555269922879,NÃO,7818.0,7780.0,Domínio aplicável = categorias substantivas de circulação; Saltado fica fora.
E01,Circulação da via,Domicílios,3509502002,V05004,Aquavia,0.0,0.0,0.0,NÃO,7818.0,7780.0,Domínio aplicável = categorias substantivas de circulação; Saltado fica fora.
E01,Circulação da via,Domicílios,3509502002,V05005,Saltado,38.0,0.4860578152980302,,SIM,7818.0,7780.0,Domínio aplicável = categorias substantivas de circulação; Saltado fica fora.
E01,Circulação da via,Moradores,3509502002,V05201,"Caminhão, ônibus",19376.0,90.0497281219501,90.4659632085162,NÃO,21517.0,21418.0,Domínio aplicável = categorias substantivas de circulação; Saltado fica fora.
E01,Circulação da via,Moradores,3509502002,V05202,Carros de passeio ou van,2000.0,9.294976065436632,9.337940050424876,NÃO,21517.0,21418.0,Domínio aplicável = categorias substantivas de circulação; Saltado fica fora.
E01,Circulação da via,Moradores,3509502002,V05203,"Pedestres, bicicletas e motocicletas",42.0,0.19519449737416927,0.1960967410589224,NÃO,21517.0,21418.0,Domínio aplicável = categorias substantivas de circulação; Saltado fica fora.
E01,Circulação da via,Moradores,3509502002,V05204,Aquavia,0.0,0.0,0.0,NÃO,21517.0,21418.0,Domínio aplicável = categorias substantivas de circulação; Saltado fica fora.
E01,Circulação da via,Moradores,3509502002,V05205,Saltado,99.0,0.4601013152391133,,SIM,21517.0,21418.0,Domínio aplicável = categorias substantivas de circulação; Saltado fica fora.
E01,Circulação da via,Faces,3509502002,V05401,"Caminhão, ônibus",1750.0,83.69201339072214,84.82792050412021,NÃO,2091.0,2063.0,Domínio aplicável = categorias substantivas de circulação; Saltado fica fora.
E01,Circulação da via,Faces,3509502002,V05402,Carros de passeio ou van,302.0,14.44285031085605,14.638875424139602,NÃO,2091.0,2063.0,Domínio aplicável = categorias substantivas de circulação; Saltado fica fora.
E01,Circulação da via,Faces,3509502002,V05403,"Pedestres, bicicletas e motocicletas",11.0,0.5260640841702534,0.5332040717401841,NÃO,2091.0,2063.0,Domínio aplicável = categorias substantivas de circulação; Saltado fica fora.
E01,Circulação da via,Faces,3509502002,V05404,Aquavia,0.0,0.0,0.0,NÃO,2091.0,2063.0,Domínio aplicável = categorias substantivas de circulação; Saltado fica fora.
E01,Circulação da via,Faces,3509502002,V05405,Saltado,28.0,1.3390722142515543,,SIM,2091.0,2063.0,Domínio aplicável = categorias substantivas de circulação; Saltado fica fora.
E02,Pavimentação,Domicílios,3509502002,V05006,Sim,6888.0,88.10437452033769,88.53470437017995,NÃO,7818.0,7780.0,Domínio aplicável = Sim + Não; Não declarado coincide com circulação Aquavia + Saltado.
E02,Pavimentação,Domicílios,3509502002,V05007,Não,892.0,11.409567664364289,11.465295629820051,NÃO,7818.0,7780.0,Domínio aplicável = Sim + Não; Não declarado coincide com circulação Aquavia + Saltado.
E02,Pavimentação,Domicílios,3509502002,V05008,Não declarado,38.0,0.4860578152980302,,SIM,7818.0,7780.0,Domínio aplicável = Sim + Não; Não declarado coincide com circulação Aquavia + Saltado.
E02,Pavimentação,Moradores,3509502002,V05206,Sim,18987.0,88.24185527722265,88.64973386870855,NÃO,21517.0,21418.0,Domínio aplicável = Sim + Não; Não declarado coincide com circulação Aquavia + Saltado.
E02,Pavimentação,Moradores,3509502002,V05207,Não,2431.0,11.298043407538225,11.350266131291436,NÃO,21517.0,21418.0,Domínio aplicável = Sim + Não; Não declarado coincide com circulação Aquavia + Saltado.
E02,Pavimentação,Moradores,3509502002,V05208,Não declarado,99.0,0.4601013152391133,,SIM,21517.0,21418.0,Domínio aplicável = Sim + Não; Não declarado coincide com circulação Aquavia + Saltado.
E02,Pavimentação,Faces,3509502002,V05406,Sim,1545.0,73.8880918220947,74.89093553078041,NÃO,2091.0,2063.0,Domínio aplicável = Sim + Não; Não declarado coincide com circulação Aquavia + Saltado.
E02,Pavimentação,Faces,3509502002,V05407,Não,518.0,24.772835963653755,25.109064469219582,NÃO,2091.0,2063.0,Domínio aplicável = Sim + Não; Não declarado coincide com circulação Aquavia + Saltado.
E02,Pavimentação,Faces,3509502002,V05408,Não declarado,28.0,1.3390722142515543,,SIM,2091.0,2063.0,Domínio aplicável = Sim + Não; Não declarado coincide com circulação Aquavia + Saltado.
E03,Bueiro / boca de lobo,Domicílios,3509502002,V05009,Sim,5150.0,65.87362496802251,66.19537275064268,NÃO,7818.0,7780.0,Domínio aplicável = Sim + Não; Não declarado coincide com circulação Aquavia + Saltado.
E03,Bueiro / boca de lobo,Domicílios,3509502002,V05010,Não,2630.0,33.640317216679456,33.804627249357324,NÃO,7818.0,7780.0,Domínio aplicável = Sim + Não; Não declarado coincide com circulação Aquavia + Saltado.
E03,Bueiro / boca de lobo,Domicílios,3509502002,V05011,Não declarado,38.0,0.4860578152980302,,SIM,7818.0,7780.0,Domínio aplicável = Sim + Não; Não declarado coincide com circulação Aquavia + Saltado.
E03,Bueiro / boca de lobo,Moradores,3509502002,V05209,Sim,14242.0,66.18952456197425,66.49547109907554,NÃO,21517.0,21418.0,Domínio aplicável = Sim + Não; Não declarado coincide com circulação Aquavia + Saltado.
E03,Bueiro / boca de lobo,Moradores,3509502002,V05210,Não,7176.0,33.35037412278663,33.504528900924456,NÃO,21517.0,21418.0,Domínio aplicável = Sim + Não; Não declarado coincide com circulação Aquavia + Saltado.
E03,Bueiro / boca de lobo,Moradores,3509502002,V05211,Não declarado,99.0,0.4601013152391133,,SIM,21517.0,21418.0,Domínio aplicável = Sim + Não; Não declarado coincide com circulação Aquavia + Saltado.
E03,Bueiro / boca de lobo,Faces,3509502002,V05409,Sim,1123.0,53.7063605930177,54.435288414929715,NÃO,2091.0,2063.0,Domínio aplicável = Sim + Não; Não declarado coincide com circulação Aquavia + Saltado.
E03,Bueiro / boca de lobo,Faces,3509502002,V05410,Não,940.0,44.95456719273075,45.564711585070285,NÃO,2091.0,2063.0,Domínio aplicável = Sim + Não; Não declarado coincide com circulação Aquavia + Saltado.
E03,Bueiro / boca de lobo,Faces,3509502002,V05411,Não declarado,28.0,1.3390722142515543,,SIM,2091.0,2063.0,Domínio aplicável = Sim + Não; Não declarado coincide com circulação Aquavia + Saltado.
E04,Iluminação pública,Domicílios,3509502002,V05012,Sim,7512.0,96.08595548733692,96.55526992287918,NÃO,7818.0,7780.0,Domínio aplicável = Sim + Não; Não declarado coincide com circulação Aquavia + Saltado.
E04,Iluminação pública,Domicílios,3509502002,V05013,Não,268.0,3.427986697365055,3.444730077120823,NÃO,7818.0,7780.0,Domínio aplicável = Sim + Não; Não declarado coincide com circulação Aquavia + Saltado.
E04,Iluminação pública,Domicílios,3509502002,V05014,Não declarado,38.0,0.4860578152980302,,SIM,7818.0,7780.0,Domínio aplicável = Sim + Não; Não declarado coincide com circulação Aquavia + Saltado.
E04,Iluminação pública,Moradores,3509502002,V05212,Sim,20733.0,96.35636938234884,96.80175553272949,NÃO,21517.0,21418.0,Domínio aplicável = Sim + Não; Não declarado coincide com circulação Aquavia + Saltado.
E04,Iluminação pública,Moradores,3509502002,V05213,Não,685.0,3.183529302412046,3.1982444672705204,NÃO,21517.0,21418.0,Domínio aplicável = Sim + Não; Não declarado coincide com circulação Aquavia + Saltado.
E04,Iluminação pública,Moradores,3509502002,V05214,Não declarado,99.0,0.4601013152391133,,SIM,21517.0,21418.0,Domínio aplicável = Sim + Não; Não declarado coincide com circulação Aquavia + Saltado.
E04,Iluminação pública,Faces,3509502002,V05412,Sim,1910.0,91.34385461501674,92.58361609306834,NÃO,2091.0,2063.0,Domínio aplicável = Sim + Não; Não declarado coincide com circulação Aquavia + Saltado.
E04,Iluminação pública,Faces,3509502002,V05413,Não,153.0,7.317073170731707,7.416383906931653,NÃO,2091.0,2063.0,Domínio aplicável = Sim + Não; Não declarado coincide com circulação Aquavia + Saltado.
E04,Iluminação pública,Faces,3509502002,V05414,Não declarado,28.0,1.3390722142515543,,SIM,2091.0,2063.0,Domínio aplicável = Sim + Não; Não declarado coincide com circulação Aquavia + Saltado.
E05,Ponto de ônibus,Domicílios,3509502002,V05015,Sim,817.0,10.45024302890765,10.501285347043702,NÃO,7818.0,7780.0,Domínio aplicável = Sim + Não; Não declarado coincide com circulação Aquavia + Saltado.
E05,Ponto de ônibus,Domicílios,3509502002,V05016,Não,6963.0,89.06369915579432,89.4987146529563,NÃO,7818.0,7780.0,Domínio aplicável = Sim + Não; Não declarado coincide com circulação Aquavia + Saltado.
E05,Ponto de ônibus,Domicílios,3509502002,V05017,Não declarado,38.0,0.4860578152980302,,SIM,7818.0,7780.0,Domínio aplicável = Sim + Não; Não declarado coincide com circulação Aquavia + Saltado.
E05,Ponto de ônibus,Moradores,3509502002,V05215,Sim,2371.0,11.019194125575126,11.07012792977869,NÃO,21517.0,21418.0,Domínio aplicável = Sim + Não; Não declarado coincide com circulação Aquavia + Saltado.
E05,Ponto de ônibus,Moradores,3509502002,V05216,Não,19047.0,88.52070455918576,88.92987207022131,NÃO,21517.0,21418.0,Domínio aplicável = Sim + Não; Não declarado coincide com circulação Aquavia + Saltado.
E05,Ponto de ônibus,Moradores,3509502002,V05217,Não declarado,99.0,0.4601013152391133,,SIM,21517.0,21418.0,Domínio aplicável = Sim + Não; Não declarado coincide com circulação Aquavia + Saltado.
E05,Ponto de ônibus,Faces,3509502002,V05415,Sim,145.0,6.9344811095169785,7.028599127484246,NÃO,2091.0,2063.0,Domínio aplicável = Sim + Não; Não declarado coincide com circulação Aquavia + Saltado.
E05,Ponto de ônibus,Faces,3509502002,V05416,Não,1918.0,91.72644667623146,92.97140087251576,NÃO,2091.0,2063.0,Domínio aplicável = Sim + Não; Não declarado coincide com circulação Aquavia + Saltado.
E05,Ponto de ônibus,Faces,3509502002,V05417,Não declarado,28.0,1.3390722142515543,,SIM,2091.0,2063.0,Domínio aplicável = Sim + Não; Não declarado coincide com circulação Aquavia + Saltado.
E06,Via sinalizada para bicicleta,Domicílios,3509502002,V05018,Sim,318.0,4.067536454336147,4.087403598971722,NÃO,7818.0,7780.0,Domínio aplicável = Sim + Não; Não declarado coincide com circulação Aquavia + Saltado.
E06,Via sinalizada para bicicleta,Domicílios,3509502002,V05019,Não,7462.0,95.44640573036583,95.91259640102828,NÃO,7818.0,7780.0,Domínio aplicável = Sim + Não; Não declarado coincide com circulação Aquavia + Saltado.
E06,Via sinalizada para bicicleta,Domicílios,3509502002,V05020,Não declarado,38.0,0.4860578152980302,,SIM,7818.0,7780.0,Domínio aplicável = Sim + Não; Não declarado coincide com circulação Aquavia + Saltado.
E06,Via sinalizada para bicicleta,Moradores,3509502002,V05218,Sim,859.0,3.9921922201050335,4.010645251657484,NÃO,21517.0,21418.0,Domínio aplicável = Sim + Não; Não declarado coincide com circulação Aquavia + Saltado.
E06,Via sinalizada para bicicleta,Moradores,3509502002,V05219,Não,20559.0,95.54770646465586,95.98935474834252,NÃO,21517.0,21418.0,Domínio aplicável = Sim + Não; Não declarado coincide com circulação Aquavia + Saltado.
E06,Via sinalizada para bicicleta,Moradores,3509502002,V05220,Não declarado,99.0,0.4601013152391133,,SIM,21517.0,21418.0,Domínio aplicável = Sim + Não; Não declarado coincide com circulação Aquavia + Saltado.
E06,Via sinalizada para bicicleta,Faces,3509502002,V05418,Sim,59.0,2.8216164514586324,2.859912748424624,NÃO,2091.0,2063.0,Domínio aplicável = Sim + Não; Não declarado coincide com circulação Aquavia + Saltado.
E06,Via sinalizada para bicicleta,Faces,3509502002,V05419,Não,2004.0,95.83931133428982,97.14008725157538,NÃO,2091.0,2063.0,Domínio aplicável = Sim + Não; Não declarado coincide com circulação Aquavia + Saltado.
E06,Via sinalizada para bicicleta,Faces,3509502002,V05420,Não declarado,28.0,1.3390722142515543,,SIM,2091.0,2063.0,Domínio aplicável = Sim + Não; Não declarado coincide com circulação Aquavia + Saltado.
E07,Calçada,Domicílios,3509502002,V05021,Sim,6543.0,83.69148119723715,84.10025706940874,NÃO,7818.0,7780.0,Domínio aplicável = Sim + Não; Não declarado coincide com circulação Aquavia + Saltado.
E07,Calçada,Domicílios,3509502002,V05022,Não,1237.0,15.822460987464826,15.899742930591259,NÃO,7818.0,7780.0,Domínio aplicável = Sim + Não; Não declarado coincide com circulação Aquavia + Saltado.
E07,Calçada,Domicílios,3509502002,V05023,Não declarado,38.0,0.4860578152980302,,SIM,7818.0,7780.0,Domínio aplicável = Sim + Não; Não declarado coincide com circulação Aquavia + Saltado.
E07,Calçada,Moradores,3509502002,V05221,Sim,17943.0,83.38987777106473,83.77532916238678,NÃO,21517.0,21418.0,Domínio aplicável = Sim + Não; Não declarado coincide com circulação Aquavia + Saltado.
E07,Calçada,Moradores,3509502002,V05222,Não,3475.0,16.150020913696146,16.22467083761322,NÃO,21517.0,21418.0,Domínio aplicável = Sim + Não; Não declarado coincide com circulação Aquavia + Saltado.
E07,Calçada,Moradores,3509502002,V05223,Não declarado,99.0,0.4601013152391133,,SIM,21517.0,21418.0,Domínio aplicável = Sim + Não; Não declarado coincide com circulação Aquavia + Saltado.
E07,Calçada,Faces,3509502002,V05421,Sim,1442.0,68.96221903395504,69.89820649539506,NÃO,2091.0,2063.0,Domínio aplicável = Sim + Não; Não declarado coincide com circulação Aquavia + Saltado.
E07,Calçada,Faces,3509502002,V05422,Não,621.0,29.6987087517934,30.101793504604945,NÃO,2091.0,2063.0,Domínio aplicável = Sim + Não; Não declarado coincide com circulação Aquavia + Saltado.
E07,Calçada,Faces,3509502002,V05423,Não declarado,28.0,1.3390722142515543,,SIM,2091.0,2063.0,Domínio aplicável = Sim + Não; Não declarado coincide com circulação Aquavia + Saltado.
E08,Obstáculo na calçada,Domicílios,3509502002,V05024,Sim,4974.0,63.62240982348427,76.02017423200367,NÃO,7818.0,6543.0,Domínio aplicável = Sim + Não; Não declarado coincide com ausência/não aplicação de calçada.
E08,Obstáculo na calçada,Domicílios,3509502002,V05025,Não,1569.0,20.069071373752877,23.97982576799633,NÃO,7818.0,6543.0,Domínio aplicável = Sim + Não; Não declarado coincide com ausência/não aplicação de calçada.
E08,Obstáculo na calçada,Domicílios,3509502002,V05026,Não declarado,1275.0,16.308518802762855,,SIM,7818.0,6543.0,Domínio aplicável = Sim + Não; Não declarado coincide com ausência/não aplicação de calçada.
E08,Obstáculo na calçada,Moradores,3509502002,V05224,Sim,13680.0,63.57763628758656,76.24143119879618,NÃO,21517.0,17943.0,Domínio aplicável = Sim + Não; Não declarado coincide com ausência/não aplicação de calçada.
E08,Obstáculo na calçada,Moradores,3509502002,V05225,Não,4263.0,19.81224148347818,23.75856880120381,NÃO,21517.0,17943.0,Domínio aplicável = Sim + Não; Não declarado coincide com ausência/não aplicação de calçada.
E08,Obstáculo na calçada,Moradores,3509502002,V05226,Não declarado,3574.0,16.61012222893526,,SIM,21517.0,17943.0,Domínio aplicável = Sim + Não; Não declarado coincide com ausência/não aplicação de calçada.
E08,Obstáculo na calçada,Faces,3509502002,V05424,Sim,810.0,38.737446197991396,56.171983356449374,NÃO,2091.0,1442.0,Domínio aplicável = Sim + Não; Não declarado coincide com ausência/não aplicação de calçada.
E08,Obstáculo na calçada,Faces,3509502002,V05425,Não,632.0,30.224772835963655,43.828016643550626,NÃO,2091.0,1442.0,Domínio aplicável = Sim + Não; Não declarado coincide com ausência/não aplicação de calçada.
E08,Obstáculo na calçada,Faces,3509502002,V05426,Não declarado,649.0,31.037780966044952,,SIM,2091.0,1442.0,Domínio aplicável = Sim + Não; Não declarado coincide com ausência/não aplicação de calçada.
E09,Rampa para cadeirante,Domicílios,3509502002,V05027,Sim,239.0,3.0570478383218216,3.6527586733914106,NÃO,7818.0,6543.0,Domínio aplicável = Sim + Não; Não declarado coincide com ausência/não aplicação de calçada.
E09,Rampa para cadeirante,Domicílios,3509502002,V05028,Não,6304.0,80.63443335891533,96.3472413266086,NÃO,7818.0,6543.0,Domínio aplicável = Sim + Não; Não declarado coincide com ausência/não aplicação de calçada.
E09,Rampa para cadeirante,Domicílios,3509502002,V05029,Não declarado,1275.0,16.308518802762855,,SIM,7818.0,6543.0,Domínio aplicável = Sim + Não; Não declarado coincide com ausência/não aplicação de calçada.
E09,Rampa para cadeirante,Moradores,3509502002,V05227,Sim,700.0,3.253241622902821,3.901242824499805,NÃO,21517.0,17943.0,Domínio aplicável = Sim + Não; Não declarado coincide com ausência/não aplicação de calçada.
E09,Rampa para cadeirante,Moradores,3509502002,V05228,Não,17243.0,80.13663614816193,96.0987571755002,NÃO,21517.0,17943.0,Domínio aplicável = Sim + Não; Não declarado coincide com ausência/não aplicação de calçada.
E09,Rampa para cadeirante,Moradores,3509502002,V05229,Não declarado,3574.0,16.61012222893526,,SIM,21517.0,17943.0,Domínio aplicável = Sim + Não; Não declarado coincide com ausência/não aplicação de calçada.
E09,Rampa para cadeirante,Faces,3509502002,V05427,Sim,102.0,4.878048780487805,7.073509015256588,NÃO,2091.0,1442.0,Domínio aplicável = Sim + Não; Não declarado coincide com ausência/não aplicação de calçada.
E09,Rampa para cadeirante,Faces,3509502002,V05428,Não,1340.0,64.08417025346725,92.92649098474341,NÃO,2091.0,1442.0,Domínio aplicável = Sim + Não; Não declarado coincide com ausência/não aplicação de calçada.
E09,Rampa para cadeirante,Faces,3509502002,V05429,Não declarado,649.0,31.037780966044952,,SIM,2091.0,1442.0,Domínio aplicável = Sim + Não; Não declarado coincide com ausência/não aplicação de calçada.
E10,Arborização,Domicílios,3509502002,V05030,Sem árvores,486.0,6.216423637759018,6.246786632390745,NÃO,7818.0,7780.0,Domínio aplicável = classes substantivas de arborização; Saltado fica fora.
E10,Arborização,Domicílios,3509502002,V05031,1 a 2 árvores,973.0,12.445638270657456,12.50642673521851,NÃO,7818.0,7780.0,Domínio aplicável = classes substantivas de arborização; Saltado fica fora.
E10,Arborização,Domicílios,3509502002,V05032,3 a 4 árvores,1091.0,13.954975697109234,14.023136246786633,NÃO,7818.0,7780.0,Domínio aplicável = classes substantivas de arborização; Saltado fica fora.
E10,Arborização,Domicílios,3509502002,V05033,5 ou mais árvores,5230.0,66.89690457917627,67.22365038560412,NÃO,7818.0,7780.0,Domínio aplicável = classes substantivas de arborização; Saltado fica fora.
E10,Arborização,Domicílios,3509502002,V05034,Saltado,38.0,0.4860578152980302,,SIM,7818.0,7780.0,Domínio aplicável = classes substantivas de arborização; Saltado fica fora.
E10,Arborização,Moradores,3509502002,V05230,Sem árvores,1327.0,6.1672166194172044,6.1957232234569055,NÃO,21517.0,21418.0,Domínio aplicável = classes substantivas de arborização; Saltado fica fora.
E10,Arborização,Moradores,3509502002,V05231,1 a 2 árvores,2742.0,12.74341218571362,12.802315809132505,NÃO,21517.0,21418.0,Domínio aplicável = classes substantivas de arborização; Saltado fica fora.
E10,Arborização,Moradores,3509502002,V05232,3 a 4 árvores,3062.0,14.230608356183483,14.296386217200485,NÃO,21517.0,21418.0,Domínio aplicável = classes substantivas de arborização; Saltado fica fora.
E10,Arborização,Moradores,3509502002,V05233,5 ou mais árvores,14287.0,66.39866152344658,66.7055747502101,NÃO,21517.0,21418.0,Domínio aplicável = classes substantivas de arborização; Saltado fica fora.
E10,Arborização,Moradores,3509502002,V05234,Saltado,99.0,0.4601013152391133,,SIM,21517.0,21418.0,Domínio aplicável = classes substantivas de arborização; Saltado fica fora.
E10,Arborização,Faces,3509502002,V05430,Sem árvores,237.0,11.33428981348637,11.488124091129423,NÃO,2091.0,2063.0,Domínio aplicável = classes substantivas de arborização; Saltado fica fora.
E10,Arborização,Faces,3509502002,V05431,1 a 2 árvores,320.0,15.303682448589193,15.511391177896266,NÃO,2091.0,2063.0,Domínio aplicável = classes substantivas de arborização; Saltado fica fora.
E10,Arborização,Faces,3509502002,V05432,3 a 4 árvores,291.0,13.916786226685796,14.105671352399419,NÃO,2091.0,2063.0,Domínio aplicável = classes substantivas de arborização; Saltado fica fora.
E10,Arborização,Faces,3509502002,V05433,5 ou mais árvores,1215.0,58.10616929698709,58.894813378574895,NÃO,2091.0,2063.0,Domínio aplicável = classes substantivas de arborização; Saltado fica fora.
E10,Arborização,Faces,3509502002,V05434,Saltado,28.0,1.3390722142515543,,SIM,2091.0,2063.0,Domínio aplicável = classes substantivas de arborização; Saltado fica fora.
E01,Circulação da via,Domicílios,3509502003,V05001,"Caminhão, ônibus",14806.0,90.71192255850998,90.80093217220654,NÃO,16322.0,16306.0,Domínio aplicável = categorias substantivas de circulação; Saltado fica fora.
E01,Circulação da via,Domicílios,3509502003,V05002,Carros de passeio ou van,1448.0,8.871461830658008,8.880166809763278,NÃO,16322.0,16306.0,Domínio aplicável = categorias substantivas de circulação; Saltado fica fora.
E01,Circulação da via,Domicílios,3509502003,V05003,"Pedestres, bicicletas e motocicletas",52.0,0.3185884082832986,0.3189010180301729,NÃO,16322.0,16306.0,Domínio aplicável = categorias substantivas de circulação; Saltado fica fora.
E01,Circulação da via,Domicílios,3509502003,V05004,Aquavia,0.0,0.0,0.0,NÃO,16322.0,16306.0,Domínio aplicável = categorias substantivas de circulação; Saltado fica fora.
E01,Circulação da via,Domicílios,3509502003,V05005,Saltado,16.0,0.09802720254870727,,SIM,16322.0,16306.0,Domínio aplicável = categorias substantivas de circulação; Saltado fica fora.
E01,Circulação da via,Moradores,3509502003,V05201,"Caminhão, ônibus",38743.0,90.3584672435105,90.46607201232895,NÃO,42877.0,42826.0,Domínio aplicável = categorias substantivas de circulação; Saltado fica fora.
E01,Circulação da via,Moradores,3509502003,V05202,Carros de passeio ou van,3932.0,9.170417706462672,9.181338439265867,NÃO,42877.0,42826.0,Domínio aplicável = categorias substantivas de circulação; Saltado fica fora.
E01,Circulação da via,Moradores,3509502003,V05203,"Pedestres, bicicletas e motocicletas",151.0,0.3521701611586632,0.3525895484051744,NÃO,42877.0,42826.0,Domínio aplicável = categorias substantivas de circulação; Saltado fica fora.
E01,Circulação da via,Moradores,3509502003,V05204,Aquavia,0.0,0.0,0.0,NÃO,42877.0,42826.0,Domínio aplicável = categorias substantivas de circulação; Saltado fica fora.
E01,Circulação da via,Moradores,3509502003,V05205,Saltado,51.0,0.11894488886815777,,SIM,42877.0,42826.0,Domínio aplicável = categorias substantivas de circulação; Saltado fica fora.
E01,Circulação da via,Faces,3509502003,V05401,"Caminhão, ônibus",3299.0,90.45791061146147,90.78150798018713,NÃO,3647.0,3634.0,Domínio aplicável = categorias substantivas de circulação; Saltado fica fora.
E01,Circulação da via,Faces,3509502003,V05402,Carros de passeio ou van,307.0,8.417877707704962,8.447991194276279,NÃO,3647.0,3634.0,Domínio aplicável = categorias substantivas de circulação; Saltado fica fora.
E01,Circulação da via,Faces,3509502003,V05403,"Pedestres, bicicletas e motocicletas",28.0,0.7677543186180422,0.7705008255365988,NÃO,3647.0,3634.0,Domínio aplicável = categorias substantivas de circulação; Saltado fica fora.
E01,Circulação da via,Faces,3509502003,V05404,Aquavia,0.0,0.0,0.0,NÃO,3647.0,3634.0,Domínio aplicável = categorias substantivas de circulação; Saltado fica fora.
E01,Circulação da via,Faces,3509502003,V05405,Saltado,13.0,0.3564573622155196,,SIM,3647.0,3634.0,Domínio aplicável = categorias substantivas de circulação; Saltado fica fora.
E02,Pavimentação,Domicílios,3509502003,V05006,Sim,14367.0,88.02230118857983,88.10867165460566,NÃO,16322.0,16306.0,Domínio aplicável = Sim + Não; Não declarado coincide com circulação Aquavia + Saltado.
E02,Pavimentação,Domicílios,3509502003,V05007,Não,1939.0,11.879671608871462,11.891328345394333,NÃO,16322.0,16306.0,Domínio aplicável = Sim + Não; Não declarado coincide com circulação Aquavia + Saltado.
E02,Pavimentação,Domicílios,3509502003,V05008,Não declarado,16.0,0.09802720254870727,,SIM,16322.0,16306.0,Domínio aplicável = Sim + Não; Não declarado coincide com circulação Aquavia + Saltado.
E02,Pavimentação,Moradores,3509502003,V05206,Sim,37428.0,87.29155491289036,87.3955074020455,NÃO,42877.0,42826.0,Domínio aplicável = Sim + Não; Não declarado coincide com circulação Aquavia + Saltado.
E02,Pavimentação,Moradores,3509502003,V05207,Não,5398.0,12.589500198241483,12.604492597954515,NÃO,42877.0,42826.0,Domínio aplicável = Sim + Não; Não declarado coincide com circulação Aquavia + Saltado.
E02,Pavimentação,Moradores,3509502003,V05208,Não declarado,51.0,0.11894488886815777,,SIM,42877.0,42826.0,Domínio aplicável = Sim + Não; Não declarado coincide com circulação Aquavia + Saltado.
E02,Pavimentação,Faces,3509502003,V05406,Sim,3130.0,85.82396490265972,86.13098514034122,NÃO,3647.0,3634.0,Domínio aplicável = Sim + Não; Não declarado coincide com circulação Aquavia + Saltado.
E02,Pavimentação,Faces,3509502003,V05407,Não,504.0,13.81957773512476,13.86901485965878,NÃO,3647.0,3634.0,Domínio aplicável = Sim + Não; Não declarado coincide com circulação Aquavia + Saltado.
E02,Pavimentação,Faces,3509502003,V05408,Não declarado,13.0,0.3564573622155196,,SIM,3647.0,3634.0,Domínio aplicável = Sim + Não; Não declarado coincide com circulação Aquavia + Saltado.
E03,Bueiro / boca de lobo,Domicílios,3509502003,V05009,Sim,9079.0,55.62431074623208,55.67889120569116,NÃO,16322.0,16306.0,Domínio aplicável = Sim + Não; Não declarado coincide com circulação Aquavia + Saltado.
E03,Bueiro / boca de lobo,Domicílios,3509502003,V05010,Não,7227.0,44.27766205121921,44.32110879430884,NÃO,16322.0,16306.0,Domínio aplicável = Sim + Não; Não declarado coincide com circulação Aquavia + Saltado.
E03,Bueiro / boca de lobo,Domicílios,3509502003,V05011,Não declarado,16.0,0.09802720254870727,,SIM,16322.0,16306.0,Domínio aplicável = Sim + Não; Não declarado coincide com circulação Aquavia + Saltado.
E03,Bueiro / boca de lobo,Moradores,3509502003,V05209,Sim,23566.0,54.9618676679805,55.027319852426096,NÃO,42877.0,42826.0,Domínio aplicável = Sim + Não; Não declarado coincide com circulação Aquavia + Saltado.
E03,Bueiro / boca de lobo,Moradores,3509502003,V05210,Não,19260.0,44.91918744315134,44.972680147573904,NÃO,42877.0,42826.0,Domínio aplicável = Sim + Não; Não declarado coincide com circulação Aquavia + Saltado.
E03,Bueiro / boca de lobo,Moradores,3509502003,V05211,Não declarado,51.0,0.11894488886815777,,SIM,42877.0,42826.0,Domínio aplicável = Sim + Não; Não declarado coincide com circulação Aquavia + Saltado.
E03,Bueiro / boca de lobo,Faces,3509502003,V05409,Sim,1762.0,48.31368247874966,48.48651623555311,NÃO,3647.0,3634.0,Domínio aplicável = Sim + Não; Não declarado coincide com circulação Aquavia + Saltado.
E03,Bueiro / boca de lobo,Faces,3509502003,V05410,Não,1872.0,51.32986015903482,51.51348376444689,NÃO,3647.0,3634.0,Domínio aplicável = Sim + Não; Não declarado coincide com circulação Aquavia + Saltado.
E03,Bueiro / boca de lobo,Faces,3509502003,V05411,Não declarado,13.0,0.3564573622155196,,SIM,3647.0,3634.0,Domínio aplicável = Sim + Não; Não declarado coincide com circulação Aquavia + Saltado.
E04,Iluminação pública,Domicílios,3509502003,V05012,Sim,16144.0,98.90944737164563,99.00650067459831,NÃO,16322.0,16306.0,Domínio aplicável = Sim + Não; Não declarado coincide com circulação Aquavia + Saltado.
E04,Iluminação pública,Domicílios,3509502003,V05013,Não,162.0,0.992525425805661,0.9934993254016927,NÃO,16322.0,16306.0,Domínio aplicável = Sim + Não; Não declarado coincide com circulação Aquavia + Saltado.
E04,Iluminação pública,Domicílios,3509502003,V05014,Não declarado,16.0,0.09802720254870727,,SIM,16322.0,16306.0,Domínio aplicável = Sim + Não; Não declarado coincide com circulação Aquavia + Saltado.
E04,Iluminação pública,Moradores,3509502003,V05212,Sim,42411.0,98.91317023112624,99.03096249941625,NÃO,42877.0,42826.0,Domínio aplicável = Sim + Não; Não declarado coincide com circulação Aquavia + Saltado.
E04,Iluminação pública,Moradores,3509502003,V05213,Não,415.0,0.9678848800055975,0.9690375005837575,NÃO,42877.0,42826.0,Domínio aplicável = Sim + Não; Não declarado coincide com circulação Aquavia + Saltado.
E04,Iluminação pública,Moradores,3509502003,V05214,Não declarado,51.0,0.11894488886815777,,SIM,42877.0,42826.0,Domínio aplicável = Sim + Não; Não declarado coincide com circulação Aquavia + Saltado.
E04,Iluminação pública,Faces,3509502003,V05412,Sim,3538.0,97.01124211680833,97.35828288387451,NÃO,3647.0,3634.0,Domínio aplicável = Sim + Não; Não declarado coincide com circulação Aquavia + Saltado.
E04,Iluminação pública,Faces,3509502003,V05413,Não,96.0,2.6323005209761448,2.6417171161254815,NÃO,3647.0,3634.0,Domínio aplicável = Sim + Não; Não declarado coincide com circulação Aquavia + Saltado.
E04,Iluminação pública,Faces,3509502003,V05414,Não declarado,13.0,0.3564573622155196,,SIM,3647.0,3634.0,Domínio aplicável = Sim + Não; Não declarado coincide com circulação Aquavia + Saltado.
E05,Ponto de ônibus,Domicílios,3509502003,V05015,Sim,1733.0,10.617571376056855,10.627989697044033,NÃO,16322.0,16306.0,Domínio aplicável = Sim + Não; Não declarado coincide com circulação Aquavia + Saltado.
E05,Ponto de ônibus,Domicílios,3509502003,V05016,Não,14573.0,89.28440142139443,89.37201030295596,NÃO,16322.0,16306.0,Domínio aplicável = Sim + Não; Não declarado coincide com circulação Aquavia + Saltado.
E05,Ponto de ônibus,Domicílios,3509502003,V05017,Não declarado,16.0,0.09802720254870727,,SIM,16322.0,16306.0,Domínio aplicável = Sim + Não; Não declarado coincide com circulação Aquavia + Saltado.
E05,Ponto de ônibus,Moradores,3509502003,V05215,Sim,4381.0,10.217599179047042,10.229766963993836,NÃO,42877.0,42826.0,Domínio aplicável = Sim + Não; Não declarado coincide com circulação Aquavia + Saltado.
E05,Ponto de ônibus,Moradores,3509502003,V05216,Não,38445.0,89.6634559320848,89.77023303600616,NÃO,42877.0,42826.0,Domínio aplicável = Sim + Não; Não declarado coincide com circulação Aquavia + Saltado.
E05,Ponto de ônibus,Moradores,3509502003,V05217,Não declarado,51.0,0.11894488886815777,,SIM,42877.0,42826.0,Domínio aplicável = Sim + Não; Não declarado coincide com circulação Aquavia + Saltado.
E05,Ponto de ônibus,Faces,3509502003,V05415,Sim,418.0,11.46147518508363,11.502476609796368,NÃO,3647.0,3634.0,Domínio aplicável = Sim + Não; Não declarado coincide com circulação Aquavia + Saltado.
E05,Ponto de ônibus,Faces,3509502003,V05416,Não,3216.0,88.18206745270085,88.49752339020364,NÃO,3647.0,3634.0,Domínio aplicável = Sim + Não; Não declarado coincide com circulação Aquavia + Saltado.
E05,Ponto de ônibus,Faces,3509502003,V05417,Não declarado,13.0,0.3564573622155196,,SIM,3647.0,3634.0,Domínio aplicável = Sim + Não; Não declarado coincide com circulação Aquavia + Saltado.
E06,Via sinalizada para bicicleta,Domicílios,3509502003,V05018,Sim,330.0,2.021811052567087,2.023794922114559,NÃO,16322.0,16306.0,Domínio aplicável = Sim + Não; Não declarado coincide com circulação Aquavia + Saltado.
E06,Via sinalizada para bicicleta,Domicílios,3509502003,V05019,Não,15976.0,97.8801617448842,97.97620507788544,NÃO,16322.0,16306.0,Domínio aplicável = Sim + Não; Não declarado coincide com circulação Aquavia + Saltado.
E06,Via sinalizada para bicicleta,Domicílios,3509502003,V05020,Não declarado,16.0,0.09802720254870727,,SIM,16322.0,16306.0,Domínio aplicável = Sim + Não; Não declarado coincide com circulação Aquavia + Saltado.
E06,Via sinalizada para bicicleta,Moradores,3509502003,V05218,Sim,810.0,1.8891247055530938,1.8913743987297436,NÃO,42877.0,42826.0,Domínio aplicável = Sim + Não; Não declarado coincide com circulação Aquavia + Saltado.
E06,Via sinalizada para bicicleta,Moradores,3509502003,V05219,Não,42016.0,97.99193040557876,98.10862560127026,NÃO,42877.0,42826.0,Domínio aplicável = Sim + Não; Não declarado coincide com circulação Aquavia + Saltado.
E06,Via sinalizada para bicicleta,Moradores,3509502003,V05220,Não declarado,51.0,0.11894488886815777,,SIM,42877.0,42826.0,Domínio aplicável = Sim + Não; Não declarado coincide com circulação Aquavia + Saltado.
E06,Via sinalizada para bicicleta,Faces,3509502003,V05418,Sim,182.0,4.990403071017274,5.008255365987893,NÃO,3647.0,3634.0,Domínio aplicável = Sim + Não; Não declarado coincide com circulação Aquavia + Saltado.
E06,Via sinalizada para bicicleta,Faces,3509502003,V05419,Não,3452.0,94.65313956676721,94.99174463401211,NÃO,3647.0,3634.0,Domínio aplicável = Sim + Não; Não declarado coincide com circulação Aquavia + Saltado.
E06,Via sinalizada para bicicleta,Faces,3509502003,V05420,Não declarado,13.0,0.3564573622155196,,SIM,3647.0,3634.0,Domínio aplicável = Sim + Não; Não declarado coincide com circulação Aquavia + Saltado.
E07,Calçada,Domicílios,3509502003,V05021,Sim,14637.0,89.67651023158926,89.7645038636085,NÃO,16322.0,16306.0,Domínio aplicável = Sim + Não; Não declarado coincide com circulação Aquavia + Saltado.
E07,Calçada,Domicílios,3509502003,V05022,Não,1669.0,10.225462565862028,10.235496136391513,NÃO,16322.0,16306.0,Domínio aplicável = Sim + Não; Não declarado coincide com circulação Aquavia + Saltado.
E07,Calçada,Domicílios,3509502003,V05023,Não declarado,16.0,0.09802720254870727,,SIM,16322.0,16306.0,Domínio aplicável = Sim + Não; Não declarado coincide com circulação Aquavia + Saltado.
E07,Calçada,Moradores,3509502003,V05221,Sim,38122.0,88.91013830258647,89.01601830663616,NÃO,42877.0,42826.0,Domínio aplicável = Sim + Não; Não declarado coincide com circulação Aquavia + Saltado.
E07,Calçada,Moradores,3509502003,V05222,Não,4704.0,10.970916808545374,10.983981693363845,NÃO,42877.0,42826.0,Domínio aplicável = Sim + Não; Não declarado coincide com circulação Aquavia + Saltado.
E07,Calçada,Moradores,3509502003,V05223,Não declarado,51.0,0.11894488886815777,,SIM,42877.0,42826.0,Domínio aplicável = Sim + Não; Não declarado coincide com circulação Aquavia + Saltado.
E07,Calçada,Faces,3509502003,V05421,Sim,3030.0,83.08198519330958,83.37919647771052,NÃO,3647.0,3634.0,Domínio aplicável = Sim + Não; Não declarado coincide com circulação Aquavia + Saltado.
E07,Calçada,Faces,3509502003,V05422,Não,604.0,16.56155744447491,16.62080352228949,NÃO,3647.0,3634.0,Domínio aplicável = Sim + Não; Não declarado coincide com circulação Aquavia + Saltado.
E07,Calçada,Faces,3509502003,V05423,Não declarado,13.0,0.3564573622155196,,SIM,3647.0,3634.0,Domínio aplicável = Sim + Não; Não declarado coincide com circulação Aquavia + Saltado.
E08,Obstáculo na calçada,Domicílios,3509502003,V05024,Sim,9889.0,60.58693787526038,67.5616588098654,NÃO,16322.0,14637.0,Domínio aplicável = Sim + Não; Não declarado coincide com ausência/não aplicação de calçada.
E08,Obstáculo na calçada,Domicílios,3509502003,V05025,Não,4748.0,29.08957235632888,32.43834119013459,NÃO,16322.0,14637.0,Domínio aplicável = Sim + Não; Não declarado coincide com ausência/não aplicação de calçada.
E08,Obstáculo na calçada,Domicílios,3509502003,V05026,Não declarado,1685.0,10.323489768410735,,SIM,16322.0,14637.0,Domínio aplicável = Sim + Não; Não declarado coincide com ausência/não aplicação de calçada.
E08,Obstáculo na calçada,Moradores,3509502003,V05224,Sim,25988.0,60.61058376285654,68.17061014637217,NÃO,42877.0,38122.0,Domínio aplicável = Sim + Não; Não declarado coincide com ausência/não aplicação de calçada.
E08,Obstáculo na calçada,Moradores,3509502003,V05225,Não,12134.0,28.299554539729925,31.829389853627827,NÃO,42877.0,38122.0,Domínio aplicável = Sim + Não; Não declarado coincide com ausência/não aplicação de calçada.
E08,Obstáculo na calçada,Moradores,3509502003,V05226,Não declarado,4755.0,11.089861697413532,,SIM,42877.0,38122.0,Domínio aplicável = Sim + Não; Não declarado coincide com ausência/não aplicação de calçada.
E08,Obstáculo na calçada,Faces,3509502003,V05424,Sim,1778.0,48.75239923224568,58.67986798679868,NÃO,3647.0,3030.0,Domínio aplicável = Sim + Não; Não declarado coincide com ausência/não aplicação de calçada.
E08,Obstáculo na calçada,Faces,3509502003,V05425,Não,1252.0,34.329585961063884,41.320132013201324,NÃO,3647.0,3030.0,Domínio aplicável = Sim + Não; Não declarado coincide com ausência/não aplicação de calçada.
E08,Obstáculo na calçada,Faces,3509502003,V05426,Não declarado,617.0,16.918014806690433,,SIM,3647.0,3030.0,Domínio aplicável = Sim + Não; Não declarado coincide com ausência/não aplicação de calçada.
E09,Rampa para cadeirante,Domicílios,3509502003,V05027,Sim,660.0,4.043622105134174,4.509120721459316,NÃO,16322.0,14637.0,Domínio aplicável = Sim + Não; Não declarado coincide com ausência/não aplicação de calçada.
E09,Rampa para cadeirante,Domicílios,3509502003,V05028,Não,13977.0,85.63288812645509,95.49087927854069,NÃO,16322.0,14637.0,Domínio aplicável = Sim + Não; Não declarado coincide com ausência/não aplicação de calçada.
E09,Rampa para cadeirante,Domicílios,3509502003,V05029,Não declarado,1685.0,10.323489768410735,,SIM,16322.0,14637.0,Domínio aplicável = Sim + Não; Não declarado coincide com ausência/não aplicação de calçada.
E09,Rampa para cadeirante,Moradores,3509502003,V05227,Sim,1759.0,4.10243253958999,4.614133571166255,NÃO,42877.0,38122.0,Domínio aplicável = Sim + Não; Não declarado coincide com ausência/não aplicação de calçada.
E09,Rampa para cadeirante,Moradores,3509502003,V05228,Não,36363.0,84.80770576299648,95.38586642883374,NÃO,42877.0,38122.0,Domínio aplicável = Sim + Não; Não declarado coincide com ausência/não aplicação de calçada.
E09,Rampa para cadeirante,Moradores,3509502003,V05229,Não declarado,4755.0,11.089861697413532,,SIM,42877.0,38122.0,Domínio aplicável = Sim + Não; Não declarado coincide com ausência/não aplicação de calçada.
E09,Rampa para cadeirante,Faces,3509502003,V05427,Sim,333.0,9.130792432136001,10.990099009900991,NÃO,3647.0,3030.0,Domínio aplicável = Sim + Não; Não declarado coincide com ausência/não aplicação de calçada.
E09,Rampa para cadeirante,Faces,3509502003,V05428,Não,2697.0,73.95119276117357,89.00990099009901,NÃO,3647.0,3030.0,Domínio aplicável = Sim + Não; Não declarado coincide com ausência/não aplicação de calçada.
E09,Rampa para cadeirante,Faces,3509502003,V05429,Não declarado,617.0,16.918014806690433,,SIM,3647.0,3030.0,Domínio aplicável = Sim + Não; Não declarado coincide com ausência/não aplicação de calçada.
E10,Arborização,Domicílios,3509502003,V05030,Sem árvores,936.0,5.734591349099375,5.740218324543113,NÃO,16322.0,16306.0,Domínio aplicável = classes substantivas de arborização; Saltado fica fora.
E10,Arborização,Domicílios,3509502003,V05031,1 a 2 árvores,1690.0,10.354123269207205,10.36428308598062,NÃO,16322.0,16306.0,Domínio aplicável = classes substantivas de arborização; Saltado fica fora.
E10,Arborização,Domicílios,3509502003,V05032,3 a 4 árvores,1549.0,9.490258546746722,9.499570710168035,NÃO,16322.0,16306.0,Domínio aplicável = classes substantivas de arborização; Saltado fica fora.
E10,Arborização,Domicílios,3509502003,V05033,5 ou mais árvores,12131.0,74.322999632398,74.39592787930823,NÃO,16322.0,16306.0,Domínio aplicável = classes substantivas de arborização; Saltado fica fora.
E10,Arborização,Domicílios,3509502003,V05034,Saltado,16.0,0.09802720254870727,,SIM,16322.0,16306.0,Domínio aplicável = classes substantivas de arborização; Saltado fica fora.
E10,Arborização,Moradores,3509502003,V05230,Sem árvores,2538.0,5.919257410733027,5.926306449353197,NÃO,42877.0,42826.0,Domínio aplicável = classes substantivas de arborização; Saltado fica fora.
E10,Arborização,Moradores,3509502003,V05231,1 a 2 árvores,4397.0,10.254915222613523,10.267127445944052,NÃO,42877.0,42826.0,Domínio aplicável = classes substantivas de arborização; Saltado fica fora.
E10,Arborização,Moradores,3509502003,V05232,3 a 4 árvores,3933.0,9.172749959185577,9.183673469387756,NÃO,42877.0,42826.0,Domínio aplicável = classes substantivas de arborização; Saltado fica fora.
E10,Arborização,Moradores,3509502003,V05233,5 ou mais árvores,31958.0,74.53413251859972,74.622892635315,NÃO,42877.0,42826.0,Domínio aplicável = classes substantivas de arborização; Saltado fica fora.
E10,Arborização,Moradores,3509502003,V05234,Saltado,51.0,0.11894488886815777,,SIM,42877.0,42826.0,Domínio aplicável = classes substantivas de arborização; Saltado fica fora.
E10,Arborização,Faces,3509502003,V05430,Sem árvores,495.0,13.572799561283247,13.621353880022014,NÃO,3647.0,3634.0,Domínio aplicável = classes substantivas de arborização; Saltado fica fora.
E10,Arborização,Faces,3509502003,V05431,1 a 2 árvores,497.0,13.62763915547025,13.67638965327463,NÃO,3647.0,3634.0,Domínio aplicável = classes substantivas de arborização; Saltado fica fora.
E10,Arborização,Faces,3509502003,V05432,3 a 4 árvores,429.0,11.763092953112148,11.805173362685746,NÃO,3647.0,3634.0,Domínio aplicável = classes substantivas de arborização; Saltado fica fora.
E10,Arborização,Faces,3509502003,V05433,5 ou mais árvores,2213.0,60.68001096791884,60.89708310401761,NÃO,3647.0,3634.0,Domínio aplicável = classes substantivas de arborização; Saltado fica fora.
E10,Arborização,Faces,3509502003,V05434,Saltado,13.0,0.3564573622155196,,SIM,3647.0,3634.0,Domínio aplicável = classes substantivas de arborização; Saltado fica fora.
E01,Circulação da via,Domicílios,3509502004,V05001,"Caminhão, ônibus",13973.0,99.0852361367182,99.0852361367182,NÃO,14102.0,14102.0,Domínio aplicável = categorias substantivas de circulação; Saltado fica fora.
E01,Circulação da via,Domicílios,3509502004,V05002,Carros de passeio ou van,78.0,0.5531130336122536,0.5531130336122536,NÃO,14102.0,14102.0,Domínio aplicável = categorias substantivas de circulação; Saltado fica fora.
E01,Circulação da via,Domicílios,3509502004,V05003,"Pedestres, bicicletas e motocicletas",51.0,0.3616508296695504,0.3616508296695504,NÃO,14102.0,14102.0,Domínio aplicável = categorias substantivas de circulação; Saltado fica fora.
E01,Circulação da via,Domicílios,3509502004,V05004,Aquavia,0.0,0.0,0.0,NÃO,14102.0,14102.0,Domínio aplicável = categorias substantivas de circulação; Saltado fica fora.
E01,Circulação da via,Domicílios,3509502004,V05005,Saltado,0.0,0.0,,SIM,14102.0,14102.0,Domínio aplicável = categorias substantivas de circulação; Saltado fica fora.
E01,Circulação da via,Moradores,3509502004,V05201,"Caminhão, ônibus",33302.0,98.9834740221139,98.9834740221139,NÃO,33644.0,33644.0,Domínio aplicável = categorias substantivas de circulação; Saltado fica fora.
E01,Circulação da via,Moradores,3509502004,V05202,Carros de passeio ou van,202.0,0.6004042325526097,0.6004042325526097,NÃO,33644.0,33644.0,Domínio aplicável = categorias substantivas de circulação; Saltado fica fora.
E01,Circulação da via,Moradores,3509502004,V05203,"Pedestres, bicicletas e motocicletas",140.0,0.41612174533349183,0.41612174533349183,NÃO,33644.0,33644.0,Domínio aplicável = categorias substantivas de circulação; Saltado fica fora.
E01,Circulação da via,Moradores,3509502004,V05204,Aquavia,0.0,0.0,0.0,NÃO,33644.0,33644.0,Domínio aplicável = categorias substantivas de circulação; Saltado fica fora.
E01,Circulação da via,Moradores,3509502004,V05205,Saltado,0.0,0.0,,SIM,33644.0,33644.0,Domínio aplicável = categorias substantivas de circulação; Saltado fica fora.
E01,Circulação da via,Faces,3509502004,V05401,"Caminhão, ônibus",2028.0,97.35957753240518,97.40634005763688,NÃO,2083.0,2082.0,Domínio aplicável = categorias substantivas de circulação; Saltado fica fora.
E01,Circulação da via,Faces,3509502004,V05402,Carros de passeio ou van,21.0,1.0081613058089294,1.0086455331412103,NÃO,2083.0,2082.0,Domínio aplicável = categorias substantivas de circulação; Saltado fica fora.
E01,Circulação da via,Faces,3509502004,V05403,"Pedestres, bicicletas e motocicletas",33.0,1.584253480556889,1.585014409221902,NÃO,2083.0,2082.0,Domínio aplicável = categorias substantivas de circulação; Saltado fica fora.
E01,Circulação da via,Faces,3509502004,V05404,Aquavia,0.0,0.0,0.0,NÃO,2083.0,2082.0,Domínio aplicável = categorias substantivas de circulação; Saltado fica fora.
E01,Circulação da via,Faces,3509502004,V05405,Saltado,1.0,0.04800768122899664,,SIM,2083.0,2082.0,Domínio aplicável = categorias substantivas de circulação; Saltado fica fora.
E02,Pavimentação,Domicílios,3509502004,V05006,Sim,14100.0,99.98581761452276,99.98581761452276,NÃO,14102.0,14102.0,Domínio aplicável = Sim + Não; Não declarado coincide com circulação Aquavia + Saltado.
E02,Pavimentação,Domicílios,3509502004,V05007,Não,2.0,0.014182385477237271,0.014182385477237271,NÃO,14102.0,14102.0,Domínio aplicável = Sim + Não; Não declarado coincide com circulação Aquavia + Saltado.
E02,Pavimentação,Domicílios,3509502004,V05008,Não declarado,0.0,0.0,,SIM,14102.0,14102.0,Domínio aplicável = Sim + Não; Não declarado coincide com circulação Aquavia + Saltado.
E02,Pavimentação,Moradores,3509502004,V05206,Sim,33639.0,99.98513850909522,99.98513850909522,NÃO,33644.0,33644.0,Domínio aplicável = Sim + Não; Não declarado coincide com circulação Aquavia + Saltado.
E02,Pavimentação,Moradores,3509502004,V05207,Não,5.0,0.014861490904767566,0.014861490904767566,NÃO,33644.0,33644.0,Domínio aplicável = Sim + Não; Não declarado coincide com circulação Aquavia + Saltado.
E02,Pavimentação,Moradores,3509502004,V05208,Não declarado,0.0,0.0,,SIM,33644.0,33644.0,Domínio aplicável = Sim + Não; Não declarado coincide com circulação Aquavia + Saltado.
E02,Pavimentação,Faces,3509502004,V05406,Sim,2078.0,99.75996159385502,99.80787704130644,NÃO,2083.0,2082.0,Domínio aplicável = Sim + Não; Não declarado coincide com circulação Aquavia + Saltado.
E02,Pavimentação,Faces,3509502004,V05407,Não,4.0,0.19203072491598655,0.19212295869356388,NÃO,2083.0,2082.0,Domínio aplicável = Sim + Não; Não declarado coincide com circulação Aquavia + Saltado.
E02,Pavimentação,Faces,3509502004,V05408,Não declarado,1.0,0.04800768122899664,,SIM,2083.0,2082.0,Domínio aplicável = Sim + Não; Não declarado coincide com circulação Aquavia + Saltado.
E03,Bueiro / boca de lobo,Domicílios,3509502004,V05009,Sim,9255.0,65.62898879591548,65.62898879591548,NÃO,14102.0,14102.0,Domínio aplicável = Sim + Não; Não declarado coincide com circulação Aquavia + Saltado.
E03,Bueiro / boca de lobo,Domicílios,3509502004,V05010,Não,4847.0,34.37101120408453,34.37101120408453,NÃO,14102.0,14102.0,Domínio aplicável = Sim + Não; Não declarado coincide com circulação Aquavia + Saltado.
E03,Bueiro / boca de lobo,Domicílios,3509502004,V05011,Não declarado,0.0,0.0,,SIM,14102.0,14102.0,Domínio aplicável = Sim + Não; Não declarado coincide com circulação Aquavia + Saltado.
E03,Bueiro / boca de lobo,Moradores,3509502004,V05209,Sim,22305.0,66.29711092616812,66.29711092616812,NÃO,33644.0,33644.0,Domínio aplicável = Sim + Não; Não declarado coincide com circulação Aquavia + Saltado.
E03,Bueiro / boca de lobo,Moradores,3509502004,V05210,Não,11339.0,33.70288907383189,33.70288907383189,NÃO,33644.0,33644.0,Domínio aplicável = Sim + Não; Não declarado coincide com circulação Aquavia + Saltado.
E03,Bueiro / boca de lobo,Moradores,3509502004,V05211,Não declarado,0.0,0.0,,SIM,33644.0,33644.0,Domínio aplicável = Sim + Não; Não declarado coincide com circulação Aquavia + Saltado.
E03,Bueiro / boca de lobo,Faces,3509502004,V05409,Sim,1175.0,56.40902544407105,56.43611911623439,NÃO,2083.0,2082.0,Domínio aplicável = Sim + Não; Não declarado coincide com circulação Aquavia + Saltado.
E03,Bueiro / boca de lobo,Faces,3509502004,V05410,Não,907.0,43.54296687469995,43.56388088376561,NÃO,2083.0,2082.0,Domínio aplicável = Sim + Não; Não declarado coincide com circulação Aquavia + Saltado.
E03,Bueiro / boca de lobo,Faces,3509502004,V05411,Não declarado,1.0,0.04800768122899664,,SIM,2083.0,2082.0,Domínio aplicável = Sim + Não; Não declarado coincide com circulação Aquavia + Saltado.
E04,Iluminação pública,Domicílios,3509502004,V05012,Sim,14053.0,99.65253155580768,99.65253155580768,NÃO,14102.0,14102.0,Domínio aplicável = Sim + Não; Não declarado coincide com circulação Aquavia + Saltado.
E04,Iluminação pública,Domicílios,3509502004,V05013,Não,49.0,0.34746844419231315,0.34746844419231315,NÃO,14102.0,14102.0,Domínio aplicável = Sim + Não; Não declarado coincide com circulação Aquavia + Saltado.
E04,Iluminação pública,Domicílios,3509502004,V05014,Não declarado,0.0,0.0,,SIM,14102.0,14102.0,Domínio aplicável = Sim + Não; Não declarado coincide com circulação Aquavia + Saltado.
E04,Iluminação pública,Moradores,3509502004,V05212,Sim,33513.0,99.6106289382951,99.6106289382951,NÃO,33644.0,33644.0,Domínio aplicável = Sim + Não; Não declarado coincide com circulação Aquavia + Saltado.
E04,Iluminação pública,Moradores,3509502004,V05213,Não,131.0,0.3893710617049102,0.3893710617049102,NÃO,33644.0,33644.0,Domínio aplicável = Sim + Não; Não declarado coincide com circulação Aquavia + Saltado.
E04,Iluminação pública,Moradores,3509502004,V05214,Não declarado,0.0,0.0,,SIM,33644.0,33644.0,Domínio aplicável = Sim + Não; Não declarado coincide com circulação Aquavia + Saltado.
E04,Iluminação pública,Faces,3509502004,V05412,Sim,2018.0,96.87950072011522,96.92603266090299,NÃO,2083.0,2082.0,Domínio aplicável = Sim + Não; Não declarado coincide com circulação Aquavia + Saltado.
E04,Iluminação pública,Faces,3509502004,V05413,Não,64.0,3.072491598655785,3.073967339097022,NÃO,2083.0,2082.0,Domínio aplicável = Sim + Não; Não declarado coincide com circulação Aquavia + Saltado.
E04,Iluminação pública,Faces,3509502004,V05414,Não declarado,1.0,0.04800768122899664,,SIM,2083.0,2082.0,Domínio aplicável = Sim + Não; Não declarado coincide com circulação Aquavia + Saltado.
E05,Ponto de ônibus,Domicílios,3509502004,V05015,Sim,2453.0,17.394695787831512,17.394695787831512,NÃO,14102.0,14102.0,Domínio aplicável = Sim + Não; Não declarado coincide com circulação Aquavia + Saltado.
E05,Ponto de ônibus,Domicílios,3509502004,V05016,Não,11649.0,82.60530421216849,82.60530421216849,NÃO,14102.0,14102.0,Domínio aplicável = Sim + Não; Não declarado coincide com circulação Aquavia + Saltado.
E05,Ponto de ônibus,Domicílios,3509502004,V05017,Não declarado,0.0,0.0,,SIM,14102.0,14102.0,Domínio aplicável = Sim + Não; Não declarado coincide com circulação Aquavia + Saltado.
E05,Ponto de ônibus,Moradores,3509502004,V05215,Sim,5753.0,17.09963143502556,17.09963143502556,NÃO,33644.0,33644.0,Domínio aplicável = Sim + Não; Não declarado coincide com circulação Aquavia + Saltado.
E05,Ponto de ônibus,Moradores,3509502004,V05216,Não,27891.0,82.90036856497444,82.90036856497444,NÃO,33644.0,33644.0,Domínio aplicável = Sim + Não; Não declarado coincide com circulação Aquavia + Saltado.
E05,Ponto de ônibus,Moradores,3509502004,V05217,Não declarado,0.0,0.0,,SIM,33644.0,33644.0,Domínio aplicável = Sim + Não; Não declarado coincide com circulação Aquavia + Saltado.
E05,Ponto de ônibus,Faces,3509502004,V05415,Sim,292.0,14.018242918867019,14.024975984630164,NÃO,2083.0,2082.0,Domínio aplicável = Sim + Não; Não declarado coincide com circulação Aquavia + Saltado.
E05,Ponto de ônibus,Faces,3509502004,V05416,Não,1790.0,85.93374939990397,85.97502401536984,NÃO,2083.0,2082.0,Domínio aplicável = Sim + Não; Não declarado coincide com circulação Aquavia + Saltado.
E05,Ponto de ônibus,Faces,3509502004,V05417,Não declarado,1.0,0.04800768122899664,,SIM,2083.0,2082.0,Domínio aplicável = Sim + Não; Não declarado coincide com circulação Aquavia + Saltado.
E06,Via sinalizada para bicicleta,Domicílios,3509502004,V05018,Sim,8.0,0.056729541908949084,0.056729541908949084,NÃO,14102.0,14102.0,Domínio aplicável = Sim + Não; Não declarado coincide com circulação Aquavia + Saltado.
E06,Via sinalizada para bicicleta,Domicílios,3509502004,V05019,Não,14094.0,99.94327045809105,99.94327045809105,NÃO,14102.0,14102.0,Domínio aplicável = Sim + Não; Não declarado coincide com circulação Aquavia + Saltado.
E06,Via sinalizada para bicicleta,Domicílios,3509502004,V05020,Não declarado,0.0,0.0,,SIM,14102.0,14102.0,Domínio aplicável = Sim + Não; Não declarado coincide com circulação Aquavia + Saltado.
E06,Via sinalizada para bicicleta,Moradores,3509502004,V05218,Sim,20.0,0.059445963619070265,0.059445963619070265,NÃO,33644.0,33644.0,Domínio aplicável = Sim + Não; Não declarado coincide com circulação Aquavia + Saltado.
E06,Via sinalizada para bicicleta,Moradores,3509502004,V05219,Não,33624.0,99.94055403638093,99.94055403638093,NÃO,33644.0,33644.0,Domínio aplicável = Sim + Não; Não declarado coincide com circulação Aquavia + Saltado.
E06,Via sinalizada para bicicleta,Moradores,3509502004,V05220,Não declarado,0.0,0.0,,SIM,33644.0,33644.0,Domínio aplicável = Sim + Não; Não declarado coincide com circulação Aquavia + Saltado.
E06,Via sinalizada para bicicleta,Faces,3509502004,V05418,Sim,2.0,0.09601536245799328,0.09606147934678194,NÃO,2083.0,2082.0,Domínio aplicável = Sim + Não; Não declarado coincide com circulação Aquavia + Saltado.
E06,Via sinalizada para bicicleta,Faces,3509502004,V05419,Não,2080.0,99.85597695631301,99.90393852065321,NÃO,2083.0,2082.0,Domínio aplicável = Sim + Não; Não declarado coincide com circulação Aquavia + Saltado.
E06,Via sinalizada para bicicleta,Faces,3509502004,V05420,Não declarado,1.0,0.04800768122899664,,SIM,2083.0,2082.0,Domínio aplicável = Sim + Não; Não declarado coincide com circulação Aquavia + Saltado.
E07,Calçada,Domicílios,3509502004,V05021,Sim,14048.0,99.61707559211459,99.61707559211459,NÃO,14102.0,14102.0,Domínio aplicável = Sim + Não; Não declarado coincide com circulação Aquavia + Saltado.
E07,Calçada,Domicílios,3509502004,V05022,Não,54.0,0.3829244078854063,0.3829244078854063,NÃO,14102.0,14102.0,Domínio aplicável = Sim + Não; Não declarado coincide com circulação Aquavia + Saltado.
E07,Calçada,Domicílios,3509502004,V05023,Não declarado,0.0,0.0,,SIM,14102.0,14102.0,Domínio aplicável = Sim + Não; Não declarado coincide com circulação Aquavia + Saltado.
E07,Calçada,Moradores,3509502004,V05221,Sim,33493.0,99.55118297467602,99.55118297467602,NÃO,33644.0,33644.0,Domínio aplicável = Sim + Não; Não declarado coincide com circulação Aquavia + Saltado.
E07,Calçada,Moradores,3509502004,V05222,Não,151.0,0.4488170253239805,0.4488170253239805,NÃO,33644.0,33644.0,Domínio aplicável = Sim + Não; Não declarado coincide com circulação Aquavia + Saltado.
E07,Calçada,Moradores,3509502004,V05223,Não declarado,0.0,0.0,,SIM,33644.0,33644.0,Domínio aplicável = Sim + Não; Não declarado coincide com circulação Aquavia + Saltado.
E07,Calçada,Faces,3509502004,V05421,Sim,1919.0,92.12674027844456,92.17098943323727,NÃO,2083.0,2082.0,Domínio aplicável = Sim + Não; Não declarado coincide com circulação Aquavia + Saltado.
E07,Calçada,Faces,3509502004,V05422,Não,163.0,7.825252040326452,7.8290105667627286,NÃO,2083.0,2082.0,Domínio aplicável = Sim + Não; Não declarado coincide com circulação Aquavia + Saltado.
E07,Calçada,Faces,3509502004,V05423,Não declarado,1.0,0.04800768122899664,,SIM,2083.0,2082.0,Domínio aplicável = Sim + Não; Não declarado coincide com circulação Aquavia + Saltado.
E08,Obstáculo na calçada,Domicílios,3509502004,V05024,Sim,4203.0,29.804283080414123,29.91884965831435,NÃO,14102.0,14048.0,Domínio aplicável = Sim + Não; Não declarado coincide com ausência/não aplicação de calçada.
E08,Obstáculo na calçada,Domicílios,3509502004,V05025,Não,9845.0,69.81279251170048,70.08115034168566,NÃO,14102.0,14048.0,Domínio aplicável = Sim + Não; Não declarado coincide com ausência/não aplicação de calçada.
E08,Obstáculo na calçada,Domicílios,3509502004,V05026,Não declarado,54.0,0.3829244078854063,,SIM,14102.0,14048.0,Domínio aplicável = Sim + Não; Não declarado coincide com ausência/não aplicação de calçada.
E08,Obstáculo na calçada,Moradores,3509502004,V05224,Sim,10163.0,30.207466413030552,30.343653897829398,NÃO,33644.0,33493.0,Domínio aplicável = Sim + Não; Não declarado coincide com ausência/não aplicação de calçada.
E08,Obstáculo na calçada,Moradores,3509502004,V05225,Não,23330.0,69.34371656164546,69.6563461021706,NÃO,33644.0,33493.0,Domínio aplicável = Sim + Não; Não declarado coincide com ausência/não aplicação de calçada.
E08,Obstáculo na calçada,Moradores,3509502004,V05226,Não declarado,151.0,0.4488170253239805,,SIM,33644.0,33493.0,Domínio aplicável = Sim + Não; Não declarado coincide com ausência/não aplicação de calçada.
E08,Obstáculo na calçada,Faces,3509502004,V05424,Sim,460.0,22.083533365338454,23.970818134445025,NÃO,2083.0,1919.0,Domínio aplicável = Sim + Não; Não declarado coincide com ausência/não aplicação de calçada.
E08,Obstáculo na calçada,Faces,3509502004,V05425,Não,1459.0,70.04320691310609,76.02918186555497,NÃO,2083.0,1919.0,Domínio aplicável = Sim + Não; Não declarado coincide com ausência/não aplicação de calçada.
E08,Obstáculo na calçada,Faces,3509502004,V05426,Não declarado,164.0,7.873259721555449,,SIM,2083.0,1919.0,Domínio aplicável = Sim + Não; Não declarado coincide com ausência/não aplicação de calçada.
E09,Rampa para cadeirante,Domicílios,3509502004,V05027,Sim,1885.0,13.366898312296128,13.418280182232344,NÃO,14102.0,14048.0,Domínio aplicável = Sim + Não; Não declarado coincide com ausência/não aplicação de calçada.
E09,Rampa para cadeirante,Domicílios,3509502004,V05028,Não,12163.0,86.25017727981846,86.58171981776765,NÃO,14102.0,14048.0,Domínio aplicável = Sim + Não; Não declarado coincide com ausência/não aplicação de calçada.
E09,Rampa para cadeirante,Domicílios,3509502004,V05029,Não declarado,54.0,0.3829244078854063,,SIM,14102.0,14048.0,Domínio aplicável = Sim + Não; Não declarado coincide com ausência/não aplicação de calçada.
E09,Rampa para cadeirante,Moradores,3509502004,V05227,Sim,4125.0,12.260729996433243,12.316006329680828,NÃO,33644.0,33493.0,Domínio aplicável = Sim + Não; Não declarado coincide com ausência/não aplicação de calçada.
E09,Rampa para cadeirante,Moradores,3509502004,V05228,Não,29368.0,87.29045297824277,87.68399367031917,NÃO,33644.0,33493.0,Domínio aplicável = Sim + Não; Não declarado coincide com ausência/não aplicação de calçada.
E09,Rampa para cadeirante,Moradores,3509502004,V05229,Não declarado,151.0,0.4488170253239805,,SIM,33644.0,33493.0,Domínio aplicável = Sim + Não; Não declarado coincide com ausência/não aplicação de calçada.
E09,Rampa para cadeirante,Faces,3509502004,V05427,Sim,242.0,11.617858857417186,12.610734757686295,NÃO,2083.0,1919.0,Domínio aplicável = Sim + Não; Não declarado coincide com ausência/não aplicação de calçada.
E09,Rampa para cadeirante,Faces,3509502004,V05428,Não,1677.0,80.50888142102737,87.38926524231371,NÃO,2083.0,1919.0,Domínio aplicável = Sim + Não; Não declarado coincide com ausência/não aplicação de calçada.
E09,Rampa para cadeirante,Faces,3509502004,V05429,Não declarado,164.0,7.873259721555449,,SIM,2083.0,1919.0,Domínio aplicável = Sim + Não; Não declarado coincide com ausência/não aplicação de calçada.
E10,Arborização,Domicílios,3509502004,V05030,Sem árvores,1613.0,11.43809388739186,11.43809388739186,NÃO,14102.0,14102.0,Domínio aplicável = classes substantivas de arborização; Saltado fica fora.
E10,Arborização,Domicílios,3509502004,V05031,1 a 2 árvores,2074.0,14.70713373989505,14.70713373989505,NÃO,14102.0,14102.0,Domínio aplicável = classes substantivas de arborização; Saltado fica fora.
E10,Arborização,Domicílios,3509502004,V05032,3 a 4 árvores,2246.0,15.926818890937454,15.926818890937454,NÃO,14102.0,14102.0,Domínio aplicável = classes substantivas de arborização; Saltado fica fora.
E10,Arborização,Domicílios,3509502004,V05033,5 ou mais árvores,8169.0,57.92795348177563,57.92795348177563,NÃO,14102.0,14102.0,Domínio aplicável = classes substantivas de arborização; Saltado fica fora.
E10,Arborização,Domicílios,3509502004,V05034,Saltado,0.0,0.0,,SIM,14102.0,14102.0,Domínio aplicável = classes substantivas de arborização; Saltado fica fora.
E10,Arborização,Moradores,3509502004,V05230,Sem árvores,3695.0,10.98264177862323,10.98264177862323,NÃO,33644.0,33644.0,Domínio aplicável = classes substantivas de arborização; Saltado fica fora.
E10,Arborização,Moradores,3509502004,V05231,1 a 2 árvores,4961.0,14.745571275710379,14.745571275710379,NÃO,33644.0,33644.0,Domínio aplicável = classes substantivas de arborização; Saltado fica fora.
E10,Arborização,Moradores,3509502004,V05232,3 a 4 árvores,5330.0,15.842349304482225,15.842349304482225,NÃO,33644.0,33644.0,Domínio aplicável = classes substantivas de arborização; Saltado fica fora.
E10,Arborização,Moradores,3509502004,V05233,5 ou mais árvores,19658.0,58.429437641184165,58.429437641184165,NÃO,33644.0,33644.0,Domínio aplicável = classes substantivas de arborização; Saltado fica fora.
E10,Arborização,Moradores,3509502004,V05234,Saltado,0.0,0.0,,SIM,33644.0,33644.0,Domínio aplicável = classes substantivas de arborização; Saltado fica fora.
E10,Arborização,Faces,3509502004,V05430,Sem árvores,444.0,21.315410465674507,21.32564841498559,NÃO,2083.0,2082.0,Domínio aplicável = classes substantivas de arborização; Saltado fica fora.
E10,Arborização,Faces,3509502004,V05431,1 a 2 árvores,456.0,21.891502640422466,21.902017291066283,NÃO,2083.0,2082.0,Domínio aplicável = classes substantivas de arborização; Saltado fica fora.
E10,Arborização,Faces,3509502004,V05432,3 a 4 árvores,326.0,15.650504080652905,15.658021133525457,NÃO,2083.0,2082.0,Domínio aplicável = classes substantivas de arborização; Saltado fica fora.
E10,Arborização,Faces,3509502004,V05433,5 ou mais árvores,856.0,41.09457513202112,41.114313160422675,NÃO,2083.0,2082.0,Domínio aplicável = classes substantivas de arborização; Saltado fica fora.
E10,Arborização,Faces,3509502004,V05434,Saltado,1.0,0.04800768122899664,,SIM,2083.0,2082.0,Domínio aplicável = classes substantivas de arborização; Saltado fica fora.
E01,Circulação da via,Domicílios,3509502005,V05001,"Caminhão, ônibus",9847.0,95.44441213531066,95.4814312033356,NÃO,10317.0,10313.0,Domínio aplicável = categorias substantivas de circulação; Saltado fica fora.
E01,Circulação da via,Domicílios,3509502005,V05002,Carros de passeio ou van,447.0,4.332654841523699,4.334335304954911,NÃO,10317.0,10313.0,Domínio aplicável = categorias substantivas de circulação; Saltado fica fora.
E01,Circulação da via,Domicílios,3509502005,V05003,"Pedestres, bicicletas e motocicletas",19.0,0.1841620626151013,0.18423349170949288,NÃO,10317.0,10313.0,Domínio aplicável = categorias substantivas de circulação; Saltado fica fora.
E01,Circulação da via,Domicílios,3509502005,V05004,Aquavia,0.0,0.0,0.0,NÃO,10317.0,10313.0,Domínio aplicável = categorias substantivas de circulação; Saltado fica fora.
E01,Circulação da via,Domicílios,3509502005,V05005,Saltado,4.0,0.03877096055054764,,SIM,10317.0,10313.0,Domínio aplicável = categorias substantivas de circulação; Saltado fica fora.
E01,Circulação da via,Moradores,3509502005,V05201,"Caminhão, ônibus",26291.0,94.73892832690713,94.78332972817074,NÃO,27751.0,27738.0,Domínio aplicável = categorias substantivas de circulação; Saltado fica fora.
E01,Circulação da via,Moradores,3509502005,V05202,Carros de passeio ou van,1393.0,5.0196389319303805,5.021991491816281,NÃO,27751.0,27738.0,Domínio aplicável = categorias substantivas de circulação; Saltado fica fora.
E01,Circulação da via,Moradores,3509502005,V05203,"Pedestres, bicicletas e motocicletas",54.0,0.194587582429462,0.1946787800129786,NÃO,27751.0,27738.0,Domínio aplicável = categorias substantivas de circulação; Saltado fica fora.
E01,Circulação da via,Moradores,3509502005,V05204,Aquavia,0.0,0.0,0.0,NÃO,27751.0,27738.0,Domínio aplicável = categorias substantivas de circulação; Saltado fica fora.
E01,Circulação da via,Moradores,3509502005,V05205,Saltado,13.0,0.04684515873301863,,SIM,27751.0,27738.0,Domínio aplicável = categorias substantivas de circulação; Saltado fica fora.
E01,Circulação da via,Faces,3509502005,V05401,"Caminhão, ônibus",1343.0,91.67235494880546,91.98630136986301,NÃO,1465.0,1460.0,Domínio aplicável = categorias substantivas de circulação; Saltado fica fora.
E01,Circulação da via,Faces,3509502005,V05402,Carros de passeio ou van,102.0,6.96245733788396,6.986301369863014,NÃO,1465.0,1460.0,Domínio aplicável = categorias substantivas de circulação; Saltado fica fora.
E01,Circulação da via,Faces,3509502005,V05403,"Pedestres, bicicletas e motocicletas",15.0,1.023890784982935,1.0273972602739725,NÃO,1465.0,1460.0,Domínio aplicável = categorias substantivas de circulação; Saltado fica fora.
E01,Circulação da via,Faces,3509502005,V05404,Aquavia,0.0,0.0,0.0,NÃO,1465.0,1460.0,Domínio aplicável = categorias substantivas de circulação; Saltado fica fora.
E01,Circulação da via,Faces,3509502005,V05405,Saltado,5.0,0.3412969283276451,,SIM,1465.0,1460.0,Domínio aplicável = categorias substantivas de circulação; Saltado fica fora.
E02,Pavimentação,Domicílios,3509502005,V05006,Sim,10157.0,98.44916157797809,98.48734606806943,NÃO,10317.0,10313.0,Domínio aplicável = Sim + Não; Não declarado coincide com circulação Aquavia + Saltado.
E02,Pavimentação,Domicílios,3509502005,V05007,Não,156.0,1.5120674614713578,1.5126539319305732,NÃO,10317.0,10313.0,Domínio aplicável = Sim + Não; Não declarado coincide com circulação Aquavia + Saltado.
E02,Pavimentação,Domicílios,3509502005,V05008,Não declarado,4.0,0.03877096055054764,,SIM,10317.0,10313.0,Domínio aplicável = Sim + Não; Não declarado coincide com circulação Aquavia + Saltado.
E02,Pavimentação,Moradores,3509502005,V05206,Sim,27239.0,98.1550214406688,98.20102386617636,NÃO,27751.0,27738.0,Domínio aplicável = Sim + Não; Não declarado coincide com circulação Aquavia + Saltado.
E02,Pavimentação,Moradores,3509502005,V05207,Não,499.0,1.7981334005981766,1.7989761338236356,NÃO,27751.0,27738.0,Domínio aplicável = Sim + Não; Não declarado coincide com circulação Aquavia + Saltado.
E02,Pavimentação,Moradores,3509502005,V05208,Não declarado,13.0,0.04684515873301863,,SIM,27751.0,27738.0,Domínio aplicável = Sim + Não; Não declarado coincide com circulação Aquavia + Saltado.
E02,Pavimentação,Faces,3509502005,V05406,Sim,1413.0,96.45051194539249,96.78082191780823,NÃO,1465.0,1460.0,Domínio aplicável = Sim + Não; Não declarado coincide com circulação Aquavia + Saltado.
E02,Pavimentação,Faces,3509502005,V05407,Não,47.0,3.2081911262798632,3.219178082191781,NÃO,1465.0,1460.0,Domínio aplicável = Sim + Não; Não declarado coincide com circulação Aquavia + Saltado.
E02,Pavimentação,Faces,3509502005,V05408,Não declarado,5.0,0.3412969283276451,,SIM,1465.0,1460.0,Domínio aplicável = Sim + Não; Não declarado coincide com circulação Aquavia + Saltado.
E03,Bueiro / boca de lobo,Domicílios,3509502005,V05009,Sim,6542.0,63.40990598042067,63.434500145447494,NÃO,10317.0,10313.0,Domínio aplicável = Sim + Não; Não declarado coincide com circulação Aquavia + Saltado.
E03,Bueiro / boca de lobo,Domicílios,3509502005,V05010,Não,3771.0,36.55132305902879,36.565499854552506,NÃO,10317.0,10313.0,Domínio aplicável = Sim + Não; Não declarado coincide com circulação Aquavia + Saltado.
E03,Bueiro / boca de lobo,Domicílios,3509502005,V05011,Não declarado,4.0,0.03877096055054764,,SIM,10317.0,10313.0,Domínio aplicável = Sim + Não; Não declarado coincide com circulação Aquavia + Saltado.
E03,Bueiro / boca de lobo,Moradores,3509502005,V05209,Sim,17219.0,62.04821447875752,62.07729468599034,NÃO,27751.0,27738.0,Domínio aplicável = Sim + Não; Não declarado coincide com circulação Aquavia + Saltado.
E03,Bueiro / boca de lobo,Moradores,3509502005,V05210,Não,10519.0,37.90494036250946,37.92270531400966,NÃO,27751.0,27738.0,Domínio aplicável = Sim + Não; Não declarado coincide com circulação Aquavia + Saltado.
E03,Bueiro / boca de lobo,Moradores,3509502005,V05211,Não declarado,13.0,0.04684515873301863,,SIM,27751.0,27738.0,Domínio aplicável = Sim + Não; Não declarado coincide com circulação Aquavia + Saltado.
E03,Bueiro / boca de lobo,Faces,3509502005,V05409,Sim,847.0,57.81569965870307,58.013698630136986,NÃO,1465.0,1460.0,Domínio aplicável = Sim + Não; Não declarado coincide com circulação Aquavia + Saltado.
E03,Bueiro / boca de lobo,Faces,3509502005,V05410,Não,613.0,41.84300341296928,41.986301369863014,NÃO,1465.0,1460.0,Domínio aplicável = Sim + Não; Não declarado coincide com circulação Aquavia + Saltado.
E03,Bueiro / boca de lobo,Faces,3509502005,V05411,Não declarado,5.0,0.3412969283276451,,SIM,1465.0,1460.0,Domínio aplicável = Sim + Não; Não declarado coincide com circulação Aquavia + Saltado.
E04,Iluminação pública,Domicílios,3509502005,V05012,Sim,9777.0,94.76592032567606,94.80267623387957,NÃO,10317.0,10313.0,Domínio aplicável = Sim + Não; Não declarado coincide com circulação Aquavia + Saltado.
E04,Iluminação pública,Domicílios,3509502005,V05013,Não,536.0,5.195308713773384,5.19732376612043,NÃO,10317.0,10313.0,Domínio aplicável = Sim + Não; Não declarado coincide com circulação Aquavia + Saltado.
E04,Iluminação pública,Domicílios,3509502005,V05014,Não declarado,4.0,0.03877096055054764,,SIM,10317.0,10313.0,Domínio aplicável = Sim + Não; Não declarado coincide com circulação Aquavia + Saltado.
E04,Iluminação pública,Moradores,3509502005,V05212,Sim,26159.0,94.26326979207957,94.30744826591679,NÃO,27751.0,27738.0,Domínio aplicável = Sim + Não; Não declarado coincide com circulação Aquavia + Saltado.
E04,Iluminação pública,Moradores,3509502005,V05213,Não,1579.0,5.689885049187417,5.6925517340832075,NÃO,27751.0,27738.0,Domínio aplicável = Sim + Não; Não declarado coincide com circulação Aquavia + Saltado.
E04,Iluminação pública,Moradores,3509502005,V05214,Não declarado,13.0,0.04684515873301863,,SIM,27751.0,27738.0,Domínio aplicável = Sim + Não; Não declarado coincide com circulação Aquavia + Saltado.
E04,Iluminação pública,Faces,3509502005,V05412,Sim,1365.0,93.1740614334471,93.4931506849315,NÃO,1465.0,1460.0,Domínio aplicável = Sim + Não; Não declarado coincide com circulação Aquavia + Saltado.
E04,Iluminação pública,Faces,3509502005,V05413,Não,95.0,6.484641638225256,6.506849315068493,NÃO,1465.0,1460.0,Domínio aplicável = Sim + Não; Não declarado coincide com circulação Aquavia + Saltado.
E04,Iluminação pública,Faces,3509502005,V05414,Não declarado,5.0,0.3412969283276451,,SIM,1465.0,1460.0,Domínio aplicável = Sim + Não; Não declarado coincide com circulação Aquavia + Saltado.
E05,Ponto de ônibus,Domicílios,3509502005,V05015,Sim,1950.0,18.900843268391974,18.90817414913216,NÃO,10317.0,10313.0,Domínio aplicável = Sim + Não; Não declarado coincide com circulação Aquavia + Saltado.
E05,Ponto de ônibus,Domicílios,3509502005,V05016,Não,8363.0,81.06038577105747,81.09182585086783,NÃO,10317.0,10313.0,Domínio aplicável = Sim + Não; Não declarado coincide com circulação Aquavia + Saltado.
E05,Ponto de ônibus,Domicílios,3509502005,V05017,Não declarado,4.0,0.03877096055054764,,SIM,10317.0,10313.0,Domínio aplicável = Sim + Não; Não declarado coincide com circulação Aquavia + Saltado.
E05,Ponto de ônibus,Moradores,3509502005,V05215,Sim,4953.0,17.8480054772801,17.856370322301533,NÃO,27751.0,27738.0,Domínio aplicável = Sim + Não; Não declarado coincide com circulação Aquavia + Saltado.
E05,Ponto de ônibus,Moradores,3509502005,V05216,Não,22785.0,82.10514936398688,82.14362967769846,NÃO,27751.0,27738.0,Domínio aplicável = Sim + Não; Não declarado coincide com circulação Aquavia + Saltado.
E05,Ponto de ônibus,Moradores,3509502005,V05217,Não declarado,13.0,0.04684515873301863,,SIM,27751.0,27738.0,Domínio aplicável = Sim + Não; Não declarado coincide com circulação Aquavia + Saltado.
E05,Ponto de ônibus,Faces,3509502005,V05415,Sim,170.0,11.604095563139932,11.643835616438356,NÃO,1465.0,1460.0,Domínio aplicável = Sim + Não; Não declarado coincide com circulação Aquavia + Saltado.
E05,Ponto de ônibus,Faces,3509502005,V05416,Não,1290.0,88.05460750853243,88.35616438356165,NÃO,1465.0,1460.0,Domínio aplicável = Sim + Não; Não declarado coincide com circulação Aquavia + Saltado.
E05,Ponto de ônibus,Faces,3509502005,V05417,Não declarado,5.0,0.3412969283276451,,SIM,1465.0,1460.0,Domínio aplicável = Sim + Não; Não declarado coincide com circulação Aquavia + Saltado.
E06,Via sinalizada para bicicleta,Domicílios,3509502005,V05018,Sim,146.0,1.4151400600949888,1.415688936293998,NÃO,10317.0,10313.0,Domínio aplicável = Sim + Não; Não declarado coincide com circulação Aquavia + Saltado.
E06,Via sinalizada para bicicleta,Domicílios,3509502005,V05019,Não,10167.0,98.54608897935447,98.584311063706,NÃO,10317.0,10313.0,Domínio aplicável = Sim + Não; Não declarado coincide com circulação Aquavia + Saltado.
E06,Via sinalizada para bicicleta,Domicílios,3509502005,V05020,Não declarado,4.0,0.03877096055054764,,SIM,10317.0,10313.0,Domínio aplicável = Sim + Não; Não declarado coincide com circulação Aquavia + Saltado.
E06,Via sinalizada para bicicleta,Moradores,3509502005,V05218,Sim,336.0,1.2107671795610968,1.2113346311918667,NÃO,27751.0,27738.0,Domínio aplicável = Sim + Não; Não declarado coincide com circulação Aquavia + Saltado.
E06,Via sinalizada para bicicleta,Moradores,3509502005,V05219,Não,27402.0,98.74238766170589,98.78866536880814,NÃO,27751.0,27738.0,Domínio aplicável = Sim + Não; Não declarado coincide com circulação Aquavia + Saltado.
E06,Via sinalizada para bicicleta,Moradores,3509502005,V05220,Não declarado,13.0,0.04684515873301863,,SIM,27751.0,27738.0,Domínio aplicável = Sim + Não; Não declarado coincide com circulação Aquavia + Saltado.
E06,Via sinalizada para bicicleta,Faces,3509502005,V05418,Sim,33.0,2.2525597269624575,2.26027397260274,NÃO,1465.0,1460.0,Domínio aplicável = Sim + Não; Não declarado coincide com circulação Aquavia + Saltado.
E06,Via sinalizada para bicicleta,Faces,3509502005,V05419,Não,1427.0,97.40614334470989,97.73972602739725,NÃO,1465.0,1460.0,Domínio aplicável = Sim + Não; Não declarado coincide com circulação Aquavia + Saltado.
E06,Via sinalizada para bicicleta,Faces,3509502005,V05420,Não declarado,5.0,0.3412969283276451,,SIM,1465.0,1460.0,Domínio aplicável = Sim + Não; Não declarado coincide com circulação Aquavia + Saltado.
E07,Calçada,Domicílios,3509502005,V05021,Sim,9643.0,93.46709314723273,93.50334529234947,NÃO,10317.0,10313.0,Domínio aplicável = Sim + Não; Não declarado coincide com circulação Aquavia + Saltado.
E07,Calçada,Domicílios,3509502005,V05022,Não,670.0,6.494135892216729,6.4966547076505385,NÃO,10317.0,10313.0,Domínio aplicável = Sim + Não; Não declarado coincide com circulação Aquavia + Saltado.
E07,Calçada,Domicílios,3509502005,V05023,Não declarado,4.0,0.03877096055054764,,SIM,10317.0,10313.0,Domínio aplicável = Sim + Não; Não declarado coincide com circulação Aquavia + Saltado.
E07,Calçada,Moradores,3509502005,V05221,Sim,25677.0,92.52639544520919,92.56975989617132,NÃO,27751.0,27738.0,Domínio aplicável = Sim + Não; Não declarado coincide com circulação Aquavia + Saltado.
E07,Calçada,Moradores,3509502005,V05222,Não,2061.0,7.4267593960578,7.430240103828682,NÃO,27751.0,27738.0,Domínio aplicável = Sim + Não; Não declarado coincide com circulação Aquavia + Saltado.
E07,Calçada,Moradores,3509502005,V05223,Não declarado,13.0,0.04684515873301863,,SIM,27751.0,27738.0,Domínio aplicável = Sim + Não; Não declarado coincide com circulação Aquavia + Saltado.
E07,Calçada,Faces,3509502005,V05421,Sim,1232.0,84.09556313993174,84.38356164383562,NÃO,1465.0,1460.0,Domínio aplicável = Sim + Não; Não declarado coincide com circulação Aquavia + Saltado.
E07,Calçada,Faces,3509502005,V05422,Não,228.0,15.563139931740613,15.616438356164384,NÃO,1465.0,1460.0,Domínio aplicável = Sim + Não; Não declarado coincide com circulação Aquavia + Saltado.
E07,Calçada,Faces,3509502005,V05423,Não declarado,5.0,0.3412969283276451,,SIM,1465.0,1460.0,Domínio aplicável = Sim + Não; Não declarado coincide com circulação Aquavia + Saltado.
E08,Obstáculo na calçada,Domicílios,3509502005,V05024,Sim,5188.0,50.28593583406029,53.80068443430468,NÃO,10317.0,9643.0,Domínio aplicável = Sim + Não; Não declarado coincide com ausência/não aplicação de calçada.
E08,Obstáculo na calçada,Domicílios,3509502005,V05025,Não,4455.0,43.181157313172434,46.19931556569532,NÃO,10317.0,9643.0,Domínio aplicável = Sim + Não; Não declarado coincide com ausência/não aplicação de calçada.
E08,Obstáculo na calçada,Domicílios,3509502005,V05026,Não declarado,674.0,6.532906852767277,,SIM,10317.0,9643.0,Domínio aplicável = Sim + Não; Não declarado coincide com ausência/não aplicação de calçada.
E08,Obstáculo na calçada,Moradores,3509502005,V05224,Sim,14415.0,51.944074087420276,56.1397359504615,NÃO,27751.0,25677.0,Domínio aplicável = Sim + Não; Não declarado coincide com ausência/não aplicação de calçada.
E08,Obstáculo na calçada,Moradores,3509502005,V05225,Não,11262.0,40.582321357788906,43.8602640495385,NÃO,27751.0,25677.0,Domínio aplicável = Sim + Não; Não declarado coincide com ausência/não aplicação de calçada.
E08,Obstáculo na calçada,Moradores,3509502005,V05226,Não declarado,2074.0,7.473604554790818,,SIM,27751.0,25677.0,Domínio aplicável = Sim + Não; Não declarado coincide com ausência/não aplicação de calçada.
E08,Obstáculo na calçada,Faces,3509502005,V05424,Sim,681.0,46.484641638225256,55.27597402597403,NÃO,1465.0,1232.0,Domínio aplicável = Sim + Não; Não declarado coincide com ausência/não aplicação de calçada.
E08,Obstáculo na calçada,Faces,3509502005,V05425,Não,551.0,37.610921501706486,44.72402597402597,NÃO,1465.0,1232.0,Domínio aplicável = Sim + Não; Não declarado coincide com ausência/não aplicação de calçada.
E08,Obstáculo na calçada,Faces,3509502005,V05426,Não declarado,233.0,15.90443686006826,,SIM,1465.0,1232.0,Domínio aplicável = Sim + Não; Não declarado coincide com ausência/não aplicação de calçada.
E09,Rampa para cadeirante,Domicílios,3509502005,V05027,Sim,1096.0,10.623243190850053,11.365757544332675,NÃO,10317.0,9643.0,Domínio aplicável = Sim + Não; Não declarado coincide com ausência/não aplicação de calçada.
E09,Rampa para cadeirante,Domicílios,3509502005,V05028,Não,8547.0,82.84384995638267,88.63424245566732,NÃO,10317.0,9643.0,Domínio aplicável = Sim + Não; Não declarado coincide com ausência/não aplicação de calçada.
E09,Rampa para cadeirante,Domicílios,3509502005,V05029,Não declarado,674.0,6.532906852767277,,SIM,10317.0,9643.0,Domínio aplicável = Sim + Não; Não declarado coincide com ausência/não aplicação de calçada.
E09,Rampa para cadeirante,Moradores,3509502005,V05227,Sim,2489.0,8.96904616049872,9.69350001947268,NÃO,27751.0,25677.0,Domínio aplicável = Sim + Não; Não declarado coincide com ausência/não aplicação de calçada.
E09,Rampa para cadeirante,Moradores,3509502005,V05228,Não,23188.0,83.55734928471045,90.30649998052732,NÃO,27751.0,25677.0,Domínio aplicável = Sim + Não; Não declarado coincide com ausência/não aplicação de calçada.
E09,Rampa para cadeirante,Moradores,3509502005,V05229,Não declarado,2074.0,7.473604554790818,,SIM,27751.0,25677.0,Domínio aplicável = Sim + Não; Não declarado coincide com ausência/não aplicação de calçada.
E09,Rampa para cadeirante,Faces,3509502005,V05427,Sim,54.0,3.6860068259385668,4.383116883116883,NÃO,1465.0,1232.0,Domínio aplicável = Sim + Não; Não declarado coincide com ausência/não aplicação de calçada.
E09,Rampa para cadeirante,Faces,3509502005,V05428,Não,1178.0,80.40955631399316,95.61688311688312,NÃO,1465.0,1232.0,Domínio aplicável = Sim + Não; Não declarado coincide com ausência/não aplicação de calçada.
E09,Rampa para cadeirante,Faces,3509502005,V05429,Não declarado,233.0,15.90443686006826,,SIM,1465.0,1232.0,Domínio aplicável = Sim + Não; Não declarado coincide com ausência/não aplicação de calçada.
E10,Arborização,Domicílios,3509502005,V05030,Sem árvores,1902.0,18.435591741785405,18.442742170076603,NÃO,10317.0,10313.0,Domínio aplicável = classes substantivas de arborização; Saltado fica fora.
E10,Arborização,Domicílios,3509502005,V05031,1 a 2 árvores,2066.0,20.025201124357856,20.032968098516434,NÃO,10317.0,10313.0,Domínio aplicável = classes substantivas de arborização; Saltado fica fora.
E10,Arborização,Domicílios,3509502005,V05032,3 a 4 árvores,1495.0,14.49064650576718,14.496266847667991,NÃO,10317.0,10313.0,Domínio aplicável = classes substantivas de arborização; Saltado fica fora.
E10,Arborização,Domicílios,3509502005,V05033,5 ou mais árvores,4850.0,47.00978966753902,47.02802288373897,NÃO,10317.0,10313.0,Domínio aplicável = classes substantivas de arborização; Saltado fica fora.
E10,Arborização,Domicílios,3509502005,V05034,Saltado,4.0,0.03877096055054764,,SIM,10317.0,10313.0,Domínio aplicável = classes substantivas de arborização; Saltado fica fora.
E10,Arborização,Moradores,3509502005,V05230,Sem árvores,5506.0,19.840726460307735,19.85002523613815,NÃO,27751.0,27738.0,Domínio aplicável = classes substantivas de arborização; Saltado fica fora.
E10,Arborização,Moradores,3509502005,V05231,1 a 2 árvores,5665.0,20.413678786350044,20.423246088398585,NÃO,27751.0,27738.0,Domínio aplicável = classes substantivas de arborização; Saltado fica fora.
E10,Arborização,Moradores,3509502005,V05232,3 a 4 árvores,3928.0,14.154444884869013,14.161078664647775,NÃO,27751.0,27738.0,Domínio aplicável = classes substantivas de arborização; Saltado fica fora.
E10,Arborização,Moradores,3509502005,V05233,5 ou mais árvores,12639.0,45.54430470974019,45.56565001081549,NÃO,27751.0,27738.0,Domínio aplicável = classes substantivas de arborização; Saltado fica fora.
E10,Arborização,Moradores,3509502005,V05234,Saltado,13.0,0.04684515873301863,,SIM,27751.0,27738.0,Domínio aplicável = classes substantivas de arborização; Saltado fica fora.
E10,Arborização,Faces,3509502005,V05430,Sem árvores,455.0,31.058020477815703,31.164383561643838,NÃO,1465.0,1460.0,Domínio aplicável = classes substantivas de arborização; Saltado fica fora.
E10,Arborização,Faces,3509502005,V05431,1 a 2 árvores,368.0,25.119453924914676,25.205479452054796,NÃO,1465.0,1460.0,Domínio aplicável = classes substantivas de arborização; Saltado fica fora.
E10,Arborização,Faces,3509502005,V05432,3 a 4 árvores,192.0,13.10580204778157,13.150684931506849,NÃO,1465.0,1460.0,Domínio aplicável = classes substantivas de arborização; Saltado fica fora.
E10,Arborização,Faces,3509502005,V05433,5 ou mais árvores,445.0,30.37542662116041,30.47945205479452,NÃO,1465.0,1460.0,Domínio aplicável = classes substantivas de arborização; Saltado fica fora.
E10,Arborização,Faces,3509502005,V05434,Saltado,5.0,0.3412969283276451,,SIM,1465.0,1460.0,Domínio aplicável = classes substantivas de arborização; Saltado fica fora.
E01,Circulação da via,Domicílios,3509502006,V05001,"Caminhão, ônibus",13000.0,99.40357852882704,99.40357852882704,NÃO,13078.0,13078.0,Domínio aplicável = categorias substantivas de circulação; Saltado fica fora.
E01,Circulação da via,Domicílios,3509502006,V05002,Carros de passeio ou van,69.0,0.5276036091145435,0.5276036091145435,NÃO,13078.0,13078.0,Domínio aplicável = categorias substantivas de circulação; Saltado fica fora.
E01,Circulação da via,Domicílios,3509502006,V05003,"Pedestres, bicicletas e motocicletas",9.0,0.06881786205841871,0.06881786205841871,NÃO,13078.0,13078.0,Domínio aplicável = categorias substantivas de circulação; Saltado fica fora.
E01,Circulação da via,Domicílios,3509502006,V05004,Aquavia,0.0,0.0,0.0,NÃO,13078.0,13078.0,Domínio aplicável = categorias substantivas de circulação; Saltado fica fora.
E01,Circulação da via,Domicílios,3509502006,V05005,Saltado,0.0,0.0,,SIM,13078.0,13078.0,Domínio aplicável = categorias substantivas de circulação; Saltado fica fora.
E01,Circulação da via,Moradores,3509502006,V05201,"Caminhão, ônibus",31237.0,99.36696780760911,99.36696780760911,NÃO,31436.0,31436.0,Domínio aplicável = categorias substantivas de circulação; Saltado fica fora.
E01,Circulação da via,Moradores,3509502006,V05202,Carros de passeio ou van,176.0,0.5598676676421938,0.5598676676421938,NÃO,31436.0,31436.0,Domínio aplicável = categorias substantivas de circulação; Saltado fica fora.
E01,Circulação da via,Moradores,3509502006,V05203,"Pedestres, bicicletas e motocicletas",23.0,0.07316452474869577,0.07316452474869577,NÃO,31436.0,31436.0,Domínio aplicável = categorias substantivas de circulação; Saltado fica fora.
E01,Circulação da via,Moradores,3509502006,V05204,Aquavia,0.0,0.0,0.0,NÃO,31436.0,31436.0,Domínio aplicável = categorias substantivas de circulação; Saltado fica fora.
E01,Circulação da via,Moradores,3509502006,V05205,Saltado,0.0,0.0,,SIM,31436.0,31436.0,Domínio aplicável = categorias substantivas de circulação; Saltado fica fora.
E01,Circulação da via,Faces,3509502006,V05401,"Caminhão, ônibus",1431.0,98.28296703296702,98.35051546391752,NÃO,1456.0,1455.0,Domínio aplicável = categorias substantivas de circulação; Saltado fica fora.
E01,Circulação da via,Faces,3509502006,V05402,Carros de passeio ou van,16.0,1.098901098901099,1.0996563573883162,NÃO,1456.0,1455.0,Domínio aplicável = categorias substantivas de circulação; Saltado fica fora.
E01,Circulação da via,Faces,3509502006,V05403,"Pedestres, bicicletas e motocicletas",8.0,0.5494505494505495,0.5498281786941581,NÃO,1456.0,1455.0,Domínio aplicável = categorias substantivas de circulação; Saltado fica fora.
E01,Circulação da via,Faces,3509502006,V05404,Aquavia,0.0,0.0,0.0,NÃO,1456.0,1455.0,Domínio aplicável = categorias substantivas de circulação; Saltado fica fora.
E01,Circulação da via,Faces,3509502006,V05405,Saltado,1.0,0.06868131868131869,,SIM,1456.0,1455.0,Domínio aplicável = categorias substantivas de circulação; Saltado fica fora.
E02,Pavimentação,Domicílios,3509502006,V05006,Sim,13071.0,99.94647499617678,99.94647499617678,NÃO,13078.0,13078.0,Domínio aplicável = Sim + Não; Não declarado coincide com circulação Aquavia + Saltado.
E02,Pavimentação,Domicílios,3509502006,V05007,Não,7.0,0.053525003823214554,0.053525003823214554,NÃO,13078.0,13078.0,Domínio aplicável = Sim + Não; Não declarado coincide com circulação Aquavia + Saltado.
E02,Pavimentação,Domicílios,3509502006,V05008,Não declarado,0.0,0.0,,SIM,13078.0,13078.0,Domínio aplicável = Sim + Não; Não declarado coincide com circulação Aquavia + Saltado.
E02,Pavimentação,Moradores,3509502006,V05206,Sim,31414.0,99.93001654154473,99.93001654154473,NÃO,31436.0,31436.0,Domínio aplicável = Sim + Não; Não declarado coincide com circulação Aquavia + Saltado.
E02,Pavimentação,Moradores,3509502006,V05207,Não,22.0,0.06998345845527422,0.06998345845527422,NÃO,31436.0,31436.0,Domínio aplicável = Sim + Não; Não declarado coincide com circulação Aquavia + Saltado.
E02,Pavimentação,Moradores,3509502006,V05208,Não declarado,0.0,0.0,,SIM,31436.0,31436.0,Domínio aplicável = Sim + Não; Não declarado coincide com circulação Aquavia + Saltado.
E02,Pavimentação,Faces,3509502006,V05406,Sim,1448.0,99.45054945054946,99.51890034364261,NÃO,1456.0,1455.0,Domínio aplicável = Sim + Não; Não declarado coincide com circulação Aquavia + Saltado.
E02,Pavimentação,Faces,3509502006,V05407,Não,7.0,0.4807692307692308,0.48109965635738833,NÃO,1456.0,1455.0,Domínio aplicável = Sim + Não; Não declarado coincide com circulação Aquavia + Saltado.
E02,Pavimentação,Faces,3509502006,V05408,Não declarado,1.0,0.06868131868131869,,SIM,1456.0,1455.0,Domínio aplicável = Sim + Não; Não declarado coincide com circulação Aquavia + Saltado.
E03,Bueiro / boca de lobo,Domicílios,3509502006,V05009,Sim,9891.0,75.63083040220218,75.63083040220218,NÃO,13078.0,13078.0,Domínio aplicável = Sim + Não; Não declarado coincide com circulação Aquavia + Saltado.
E03,Bueiro / boca de lobo,Domicílios,3509502006,V05010,Não,3187.0,24.36916959779783,24.36916959779783,NÃO,13078.0,13078.0,Domínio aplicável = Sim + Não; Não declarado coincide com circulação Aquavia + Saltado.
E03,Bueiro / boca de lobo,Domicílios,3509502006,V05011,Não declarado,0.0,0.0,,SIM,13078.0,13078.0,Domínio aplicável = Sim + Não; Não declarado coincide com circulação Aquavia + Saltado.
E03,Bueiro / boca de lobo,Moradores,3509502006,V05209,Sim,23967.0,76.2406158544344,76.2406158544344,NÃO,31436.0,31436.0,Domínio aplicável = Sim + Não; Não declarado coincide com circulação Aquavia + Saltado.
E03,Bueiro / boca de lobo,Moradores,3509502006,V05210,Não,7469.0,23.759384145565594,23.759384145565594,NÃO,31436.0,31436.0,Domínio aplicável = Sim + Não; Não declarado coincide com circulação Aquavia + Saltado.
E03,Bueiro / boca de lobo,Moradores,3509502006,V05211,Não declarado,0.0,0.0,,SIM,31436.0,31436.0,Domínio aplicável = Sim + Não; Não declarado coincide com circulação Aquavia + Saltado.
E03,Bueiro / boca de lobo,Faces,3509502006,V05409,Sim,964.0,66.20879120879121,66.25429553264604,NÃO,1456.0,1455.0,Domínio aplicável = Sim + Não; Não declarado coincide com circulação Aquavia + Saltado.
E03,Bueiro / boca de lobo,Faces,3509502006,V05410,Não,491.0,33.722527472527474,33.74570446735395,NÃO,1456.0,1455.0,Domínio aplicável = Sim + Não; Não declarado coincide com circulação Aquavia + Saltado.
E03,Bueiro / boca de lobo,Faces,3509502006,V05411,Não declarado,1.0,0.06868131868131869,,SIM,1456.0,1455.0,Domínio aplicável = Sim + Não; Não declarado coincide com circulação Aquavia + Saltado.
E04,Iluminação pública,Domicílios,3509502006,V05012,Sim,13067.0,99.91588927970638,99.91588927970638,NÃO,13078.0,13078.0,Domínio aplicável = Sim + Não; Não declarado coincide com circulação Aquavia + Saltado.
E04,Iluminação pública,Domicílios,3509502006,V05013,Não,11.0,0.08411072029362288,0.08411072029362288,NÃO,13078.0,13078.0,Domínio aplicável = Sim + Não; Não declarado coincide com circulação Aquavia + Saltado.
E04,Iluminação pública,Domicílios,3509502006,V05014,Não declarado,0.0,0.0,,SIM,13078.0,13078.0,Domínio aplicável = Sim + Não; Não declarado coincide com circulação Aquavia + Saltado.
E04,Iluminação pública,Moradores,3509502006,V05212,Sim,31410.0,99.91729227637104,99.91729227637104,NÃO,31436.0,31436.0,Domínio aplicável = Sim + Não; Não declarado coincide com circulação Aquavia + Saltado.
E04,Iluminação pública,Moradores,3509502006,V05213,Não,26.0,0.08270772362896042,0.08270772362896042,NÃO,31436.0,31436.0,Domínio aplicável = Sim + Não; Não declarado coincide com circulação Aquavia + Saltado.
E04,Iluminação pública,Moradores,3509502006,V05214,Não declarado,0.0,0.0,,SIM,31436.0,31436.0,Domínio aplicável = Sim + Não; Não declarado coincide com circulação Aquavia + Saltado.
E04,Iluminação pública,Faces,3509502006,V05412,Sim,1443.0,99.10714285714286,99.17525773195877,NÃO,1456.0,1455.0,Domínio aplicável = Sim + Não; Não declarado coincide com circulação Aquavia + Saltado.
E04,Iluminação pública,Faces,3509502006,V05413,Não,12.0,0.8241758241758242,0.8247422680412372,NÃO,1456.0,1455.0,Domínio aplicável = Sim + Não; Não declarado coincide com circulação Aquavia + Saltado.
E04,Iluminação pública,Faces,3509502006,V05414,Não declarado,1.0,0.06868131868131869,,SIM,1456.0,1455.0,Domínio aplicável = Sim + Não; Não declarado coincide com circulação Aquavia + Saltado.
E05,Ponto de ônibus,Domicílios,3509502006,V05015,Sim,3485.0,26.64780547484325,26.64780547484325,NÃO,13078.0,13078.0,Domínio aplicável = Sim + Não; Não declarado coincide com circulação Aquavia + Saltado.
E05,Ponto de ônibus,Domicílios,3509502006,V05016,Não,9593.0,73.35219452515676,73.35219452515676,NÃO,13078.0,13078.0,Domínio aplicável = Sim + Não; Não declarado coincide com circulação Aquavia + Saltado.
E05,Ponto de ônibus,Domicílios,3509502006,V05017,Não declarado,0.0,0.0,,SIM,13078.0,13078.0,Domínio aplicável = Sim + Não; Não declarado coincide com circulação Aquavia + Saltado.
E05,Ponto de ônibus,Moradores,3509502006,V05215,Sim,8189.0,26.049751876829113,26.049751876829113,NÃO,31436.0,31436.0,Domínio aplicável = Sim + Não; Não declarado coincide com circulação Aquavia + Saltado.
E05,Ponto de ônibus,Moradores,3509502006,V05216,Não,23247.0,73.9502481231709,73.9502481231709,NÃO,31436.0,31436.0,Domínio aplicável = Sim + Não; Não declarado coincide com circulação Aquavia + Saltado.
E05,Ponto de ônibus,Moradores,3509502006,V05217,Não declarado,0.0,0.0,,SIM,31436.0,31436.0,Domínio aplicável = Sim + Não; Não declarado coincide com circulação Aquavia + Saltado.
E05,Ponto de ônibus,Faces,3509502006,V05415,Sim,253.0,17.376373626373624,17.388316151202748,NÃO,1456.0,1455.0,Domínio aplicável = Sim + Não; Não declarado coincide com circulação Aquavia + Saltado.
E05,Ponto de ônibus,Faces,3509502006,V05416,Não,1202.0,82.55494505494505,82.61168384879724,NÃO,1456.0,1455.0,Domínio aplicável = Sim + Não; Não declarado coincide com circulação Aquavia + Saltado.
E05,Ponto de ônibus,Faces,3509502006,V05417,Não declarado,1.0,0.06868131868131869,,SIM,1456.0,1455.0,Domínio aplicável = Sim + Não; Não declarado coincide com circulação Aquavia + Saltado.
E06,Via sinalizada para bicicleta,Domicílios,3509502006,V05018,Sim,286.0,2.1868787276341948,2.1868787276341948,NÃO,13078.0,13078.0,Domínio aplicável = Sim + Não; Não declarado coincide com circulação Aquavia + Saltado.
E06,Via sinalizada para bicicleta,Domicílios,3509502006,V05019,Não,12792.0,97.8131212723658,97.8131212723658,NÃO,13078.0,13078.0,Domínio aplicável = Sim + Não; Não declarado coincide com circulação Aquavia + Saltado.
E06,Via sinalizada para bicicleta,Domicílios,3509502006,V05020,Não declarado,0.0,0.0,,SIM,13078.0,13078.0,Domínio aplicável = Sim + Não; Não declarado coincide com circulação Aquavia + Saltado.
E06,Via sinalizada para bicicleta,Moradores,3509502006,V05218,Sim,601.0,1.9118208423463547,1.9118208423463547,NÃO,31436.0,31436.0,Domínio aplicável = Sim + Não; Não declarado coincide com circulação Aquavia + Saltado.
E06,Via sinalizada para bicicleta,Moradores,3509502006,V05219,Não,30835.0,98.08817915765364,98.08817915765364,NÃO,31436.0,31436.0,Domínio aplicável = Sim + Não; Não declarado coincide com circulação Aquavia + Saltado.
E06,Via sinalizada para bicicleta,Moradores,3509502006,V05220,Não declarado,0.0,0.0,,SIM,31436.0,31436.0,Domínio aplicável = Sim + Não; Não declarado coincide com circulação Aquavia + Saltado.
E06,Via sinalizada para bicicleta,Faces,3509502006,V05418,Sim,14.0,0.9615384615384616,0.9621993127147767,NÃO,1456.0,1455.0,Domínio aplicável = Sim + Não; Não declarado coincide com circulação Aquavia + Saltado.
E06,Via sinalizada para bicicleta,Faces,3509502006,V05419,Não,1441.0,98.96978021978022,99.03780068728523,NÃO,1456.0,1455.0,Domínio aplicável = Sim + Não; Não declarado coincide com circulação Aquavia + Saltado.
E06,Via sinalizada para bicicleta,Faces,3509502006,V05420,Não declarado,1.0,0.06868131868131869,,SIM,1456.0,1455.0,Domínio aplicável = Sim + Não; Não declarado coincide com circulação Aquavia + Saltado.
E07,Calçada,Domicílios,3509502006,V05021,Sim,12998.0,99.38828567059184,99.38828567059184,NÃO,13078.0,13078.0,Domínio aplicável = Sim + Não; Não declarado coincide com circulação Aquavia + Saltado.
E07,Calçada,Domicílios,3509502006,V05022,Não,80.0,0.6117143294081664,0.6117143294081664,NÃO,13078.0,13078.0,Domínio aplicável = Sim + Não; Não declarado coincide com circulação Aquavia + Saltado.
E07,Calçada,Domicílios,3509502006,V05023,Não declarado,0.0,0.0,,SIM,13078.0,13078.0,Domínio aplicável = Sim + Não; Não declarado coincide com circulação Aquavia + Saltado.
E07,Calçada,Moradores,3509502006,V05221,Sim,31224.0,99.32561394579463,99.32561394579463,NÃO,31436.0,31436.0,Domínio aplicável = Sim + Não; Não declarado coincide com circulação Aquavia + Saltado.
E07,Calçada,Moradores,3509502006,V05222,Não,212.0,0.6743860542053696,0.6743860542053696,NÃO,31436.0,31436.0,Domínio aplicável = Sim + Não; Não declarado coincide com circulação Aquavia + Saltado.
E07,Calçada,Moradores,3509502006,V05223,Não declarado,0.0,0.0,,SIM,31436.0,31436.0,Domínio aplicável = Sim + Não; Não declarado coincide com circulação Aquavia + Saltado.
E07,Calçada,Faces,3509502006,V05421,Sim,1385.0,95.12362637362637,95.1890034364261,NÃO,1456.0,1455.0,Domínio aplicável = Sim + Não; Não declarado coincide com circulação Aquavia + Saltado.
E07,Calçada,Faces,3509502006,V05422,Não,70.0,4.807692307692308,4.810996563573884,NÃO,1456.0,1455.0,Domínio aplicável = Sim + Não; Não declarado coincide com circulação Aquavia + Saltado.
E07,Calçada,Faces,3509502006,V05423,Não declarado,1.0,0.06868131868131869,,SIM,1456.0,1455.0,Domínio aplicável = Sim + Não; Não declarado coincide com circulação Aquavia + Saltado.
E08,Obstáculo na calçada,Domicílios,3509502006,V05024,Sim,4586.0,35.06652393332314,35.282351130943226,NÃO,13078.0,12998.0,Domínio aplicável = Sim + Não; Não declarado coincide com ausência/não aplicação de calçada.
E08,Obstáculo na calçada,Domicílios,3509502006,V05025,Não,8412.0,64.32176173726869,64.71764886905677,NÃO,13078.0,12998.0,Domínio aplicável = Sim + Não; Não declarado coincide com ausência/não aplicação de calçada.
E08,Obstáculo na calçada,Domicílios,3509502006,V05026,Não declarado,80.0,0.6117143294081664,,SIM,13078.0,12998.0,Domínio aplicável = Sim + Não; Não declarado coincide com ausência/não aplicação de calçada.
E08,Obstáculo na calçada,Moradores,3509502006,V05224,Sim,11373.0,36.178266955083345,36.423904688701,NÃO,31436.0,31224.0,Domínio aplicável = Sim + Não; Não declarado coincide com ausência/não aplicação de calçada.
E08,Obstáculo na calçada,Moradores,3509502006,V05225,Não,19851.0,63.147346990711284,63.576095311299,NÃO,31436.0,31224.0,Domínio aplicável = Sim + Não; Não declarado coincide com ausência/não aplicação de calçada.
E08,Obstáculo na calçada,Moradores,3509502006,V05226,Não declarado,212.0,0.6743860542053696,,SIM,31436.0,31224.0,Domínio aplicável = Sim + Não; Não declarado coincide com ausência/não aplicação de calçada.
E08,Obstáculo na calçada,Faces,3509502006,V05424,Sim,467.0,32.074175824175825,33.71841155234657,NÃO,1456.0,1385.0,Domínio aplicável = Sim + Não; Não declarado coincide com ausência/não aplicação de calçada.
E08,Obstáculo na calçada,Faces,3509502006,V05425,Não,918.0,63.04945054945055,66.28158844765343,NÃO,1456.0,1385.0,Domínio aplicável = Sim + Não; Não declarado coincide com ausência/não aplicação de calçada.
E08,Obstáculo na calçada,Faces,3509502006,V05426,Não declarado,71.0,4.876373626373627,,SIM,1456.0,1385.0,Domínio aplicável = Sim + Não; Não declarado coincide com ausência/não aplicação de calçada.
E09,Rampa para cadeirante,Domicílios,3509502006,V05027,Sim,2053.0,15.69811897843707,15.794737651946452,NÃO,13078.0,12998.0,Domínio aplicável = Sim + Não; Não declarado coincide com ausência/não aplicação de calçada.
E09,Rampa para cadeirante,Domicílios,3509502006,V05028,Não,10945.0,83.69016669215476,84.20526234805354,NÃO,13078.0,12998.0,Domínio aplicável = Sim + Não; Não declarado coincide com ausência/não aplicação de calçada.
E09,Rampa para cadeirante,Domicílios,3509502006,V05029,Não declarado,80.0,0.6117143294081664,,SIM,13078.0,12998.0,Domínio aplicável = Sim + Não; Não declarado coincide com ausência/não aplicação de calçada.
E09,Rampa para cadeirante,Moradores,3509502006,V05227,Sim,4632.0,14.734699071128643,14.834742505764797,NÃO,31436.0,31224.0,Domínio aplicável = Sim + Não; Não declarado coincide com ausência/não aplicação de calçada.
E09,Rampa para cadeirante,Moradores,3509502006,V05228,Não,26592.0,84.59091487466598,85.1652574942352,NÃO,31436.0,31224.0,Domínio aplicável = Sim + Não; Não declarado coincide com ausência/não aplicação de calçada.
E09,Rampa para cadeirante,Moradores,3509502006,V05229,Não declarado,212.0,0.6743860542053696,,SIM,31436.0,31224.0,Domínio aplicável = Sim + Não; Não declarado coincide com ausência/não aplicação de calçada.
E09,Rampa para cadeirante,Faces,3509502006,V05427,Sim,192.0,13.186813186813188,13.862815884476534,NÃO,1456.0,1385.0,Domínio aplicável = Sim + Não; Não declarado coincide com ausência/não aplicação de calçada.
E09,Rampa para cadeirante,Faces,3509502006,V05428,Não,1193.0,81.93681318681318,86.13718411552347,NÃO,1456.0,1385.0,Domínio aplicável = Sim + Não; Não declarado coincide com ausência/não aplicação de calçada.
E09,Rampa para cadeirante,Faces,3509502006,V05429,Não declarado,71.0,4.876373626373627,,SIM,1456.0,1385.0,Domínio aplicável = Sim + Não; Não declarado coincide com ausência/não aplicação de calçada.
E10,Arborização,Domicílios,3509502006,V05030,Sem árvores,2214.0,16.929194066371007,16.929194066371007,NÃO,13078.0,13078.0,Domínio aplicável = classes substantivas de arborização; Saltado fica fora.
E10,Arborização,Domicílios,3509502006,V05031,1 a 2 árvores,2419.0,18.496712035479433,18.496712035479433,NÃO,13078.0,13078.0,Domínio aplicável = classes substantivas de arborização; Saltado fica fora.
E10,Arborização,Domicílios,3509502006,V05032,3 a 4 árvores,2251.0,17.212111943722284,17.212111943722284,NÃO,13078.0,13078.0,Domínio aplicável = classes substantivas de arborização; Saltado fica fora.
E10,Arborização,Domicílios,3509502006,V05033,5 ou mais árvores,6194.0,47.361981954427286,47.361981954427286,NÃO,13078.0,13078.0,Domínio aplicável = classes substantivas de arborização; Saltado fica fora.
E10,Arborização,Domicílios,3509502006,V05034,Saltado,0.0,0.0,,SIM,13078.0,13078.0,Domínio aplicável = classes substantivas de arborização; Saltado fica fora.
E10,Arborização,Moradores,3509502006,V05230,Sem árvores,5227.0,16.62743351571447,16.62743351571447,NÃO,31436.0,31436.0,Domínio aplicável = classes substantivas de arborização; Saltado fica fora.
E10,Arborização,Moradores,3509502006,V05231,1 a 2 árvores,5701.0,18.135258938796284,18.135258938796284,NÃO,31436.0,31436.0,Domínio aplicável = classes substantivas de arborização; Saltado fica fora.
E10,Arborização,Moradores,3509502006,V05232,3 a 4 árvores,5287.0,16.81829749331976,16.81829749331976,NÃO,31436.0,31436.0,Domínio aplicável = classes substantivas de arborização; Saltado fica fora.
E10,Arborização,Moradores,3509502006,V05233,5 ou mais árvores,15221.0,48.41901005216948,48.41901005216948,NÃO,31436.0,31436.0,Domínio aplicável = classes substantivas de arborização; Saltado fica fora.
E10,Arborização,Moradores,3509502006,V05234,Saltado,0.0,0.0,,SIM,31436.0,31436.0,Domínio aplicável = classes substantivas de arborização; Saltado fica fora.
E10,Arborização,Faces,3509502006,V05430,Sem árvores,393.0,26.99175824175824,27.010309278350515,NÃO,1456.0,1455.0,Domínio aplicável = classes substantivas de arborização; Saltado fica fora.
E10,Arborização,Faces,3509502006,V05431,1 a 2 árvores,326.0,22.39010989010989,22.405498281786944,NÃO,1456.0,1455.0,Domínio aplicável = classes substantivas de arborização; Saltado fica fora.
E10,Arborização,Faces,3509502006,V05432,3 a 4 árvores,225.0,15.453296703296704,15.463917525773196,NÃO,1456.0,1455.0,Domínio aplicável = classes substantivas de arborização; Saltado fica fora.
E10,Arborização,Faces,3509502006,V05433,5 ou mais árvores,511.0,35.09615384615385,35.12027491408934,NÃO,1456.0,1455.0,Domínio aplicável = classes substantivas de arborização; Saltado fica fora.
E10,Arborização,Faces,3509502006,V05434,Saltado,1.0,0.06868131868131869,,SIM,1456.0,1455.0,Domínio aplicável = classes substantivas de arborização; Saltado fica fora.
E01,Circulação da via,Domicílios,3509502007,V05001,"Caminhão, ônibus",8447.0,79.26245660129493,79.26245660129493,NÃO,10657.0,10657.0,Domínio aplicável = categorias substantivas de circulação; Saltado fica fora.
E01,Circulação da via,Domicílios,3509502007,V05002,Carros de passeio ou van,2210.0,20.73754339870508,20.73754339870508,NÃO,10657.0,10657.0,Domínio aplicável = categorias substantivas de circulação; Saltado fica fora.
E01,Circulação da via,Domicílios,3509502007,V05003,"Pedestres, bicicletas e motocicletas",0.0,0.0,0.0,NÃO,10657.0,10657.0,Domínio aplicável = categorias substantivas de circulação; Saltado fica fora.
E01,Circulação da via,Domicílios,3509502007,V05004,Aquavia,0.0,0.0,0.0,NÃO,10657.0,10657.0,Domínio aplicável = categorias substantivas de circulação; Saltado fica fora.
E01,Circulação da via,Domicílios,3509502007,V05005,Saltado,0.0,0.0,,SIM,10657.0,10657.0,Domínio aplicável = categorias substantivas de circulação; Saltado fica fora.
E01,Circulação da via,Moradores,3509502007,V05201,"Caminhão, ônibus",19442.0,77.59109230953426,77.59109230953426,NÃO,25057.0,25057.0,Domínio aplicável = categorias substantivas de circulação; Saltado fica fora.
E01,Circulação da via,Moradores,3509502007,V05202,Carros de passeio ou van,5615.0,22.40890769046574,22.40890769046574,NÃO,25057.0,25057.0,Domínio aplicável = categorias substantivas de circulação; Saltado fica fora.
E01,Circulação da via,Moradores,3509502007,V05203,"Pedestres, bicicletas e motocicletas",0.0,0.0,0.0,NÃO,25057.0,25057.0,Domínio aplicável = categorias substantivas de circulação; Saltado fica fora.
E01,Circulação da via,Moradores,3509502007,V05204,Aquavia,0.0,0.0,0.0,NÃO,25057.0,25057.0,Domínio aplicável = categorias substantivas de circulação; Saltado fica fora.
E01,Circulação da via,Moradores,3509502007,V05205,Saltado,0.0,0.0,,SIM,25057.0,25057.0,Domínio aplicável = categorias substantivas de circulação; Saltado fica fora.
E01,Circulação da via,Faces,3509502007,V05401,"Caminhão, ônibus",472.0,73.29192546583852,73.29192546583852,NÃO,644.0,644.0,Domínio aplicável = categorias substantivas de circulação; Saltado fica fora.
E01,Circulação da via,Faces,3509502007,V05402,Carros de passeio ou van,169.0,26.242236024844722,26.242236024844722,NÃO,644.0,644.0,Domínio aplicável = categorias substantivas de circulação; Saltado fica fora.
E01,Circulação da via,Faces,3509502007,V05403,"Pedestres, bicicletas e motocicletas",3.0,0.4658385093167702,0.4658385093167702,NÃO,644.0,644.0,Domínio aplicável = categorias substantivas de circulação; Saltado fica fora.
E01,Circulação da via,Faces,3509502007,V05404,Aquavia,0.0,0.0,0.0,NÃO,644.0,644.0,Domínio aplicável = categorias substantivas de circulação; Saltado fica fora.
E01,Circulação da via,Faces,3509502007,V05405,Saltado,0.0,0.0,,SIM,644.0,644.0,Domínio aplicável = categorias substantivas de circulação; Saltado fica fora.
E02,Pavimentação,Domicílios,3509502007,V05006,Sim,10656.0,99.99061649619968,99.99061649619968,NÃO,10657.0,10657.0,Domínio aplicável = Sim + Não; Não declarado coincide com circulação Aquavia + Saltado.
E02,Pavimentação,Domicílios,3509502007,V05007,Não,1.0,0.00938350380031904,0.00938350380031904,NÃO,10657.0,10657.0,Domínio aplicável = Sim + Não; Não declarado coincide com circulação Aquavia + Saltado.
E02,Pavimentação,Domicílios,3509502007,V05008,Não declarado,0.0,0.0,,SIM,10657.0,10657.0,Domínio aplicável = Sim + Não; Não declarado coincide com circulação Aquavia + Saltado.
E02,Pavimentação,Moradores,3509502007,V05206,Sim,25055.0,99.99201819850741,99.99201819850741,NÃO,25057.0,25057.0,Domínio aplicável = Sim + Não; Não declarado coincide com circulação Aquavia + Saltado.
E02,Pavimentação,Moradores,3509502007,V05207,Não,2.0,0.007981801492596878,0.007981801492596878,NÃO,25057.0,25057.0,Domínio aplicável = Sim + Não; Não declarado coincide com circulação Aquavia + Saltado.
E02,Pavimentação,Moradores,3509502007,V05208,Não declarado,0.0,0.0,,SIM,25057.0,25057.0,Domínio aplicável = Sim + Não; Não declarado coincide com circulação Aquavia + Saltado.
E02,Pavimentação,Faces,3509502007,V05406,Sim,640.0,99.37888198757764,99.37888198757764,NÃO,644.0,644.0,Domínio aplicável = Sim + Não; Não declarado coincide com circulação Aquavia + Saltado.
E02,Pavimentação,Faces,3509502007,V05407,Não,4.0,0.6211180124223602,0.6211180124223602,NÃO,644.0,644.0,Domínio aplicável = Sim + Não; Não declarado coincide com circulação Aquavia + Saltado.
E02,Pavimentação,Faces,3509502007,V05408,Não declarado,0.0,0.0,,SIM,644.0,644.0,Domínio aplicável = Sim + Não; Não declarado coincide com circulação Aquavia + Saltado.
E03,Bueiro / boca de lobo,Domicílios,3509502007,V05009,Sim,8740.0,82.01182321478841,82.01182321478841,NÃO,10657.0,10657.0,Domínio aplicável = Sim + Não; Não declarado coincide com circulação Aquavia + Saltado.
E03,Bueiro / boca de lobo,Domicílios,3509502007,V05010,Não,1917.0,17.9881767852116,17.9881767852116,NÃO,10657.0,10657.0,Domínio aplicável = Sim + Não; Não declarado coincide com circulação Aquavia + Saltado.
E03,Bueiro / boca de lobo,Domicílios,3509502007,V05011,Não declarado,0.0,0.0,,SIM,10657.0,10657.0,Domínio aplicável = Sim + Não; Não declarado coincide com circulação Aquavia + Saltado.
E03,Bueiro / boca de lobo,Moradores,3509502007,V05209,Sim,20502.0,81.82144710061061,81.82144710061061,NÃO,25057.0,25057.0,Domínio aplicável = Sim + Não; Não declarado coincide com circulação Aquavia + Saltado.
E03,Bueiro / boca de lobo,Moradores,3509502007,V05210,Não,4555.0,18.17855289938939,18.17855289938939,NÃO,25057.0,25057.0,Domínio aplicável = Sim + Não; Não declarado coincide com circulação Aquavia + Saltado.
E03,Bueiro / boca de lobo,Moradores,3509502007,V05211,Não declarado,0.0,0.0,,SIM,25057.0,25057.0,Domínio aplicável = Sim + Não; Não declarado coincide com circulação Aquavia + Saltado.
E03,Bueiro / boca de lobo,Faces,3509502007,V05409,Sim,460.0,71.42857142857143,71.42857142857143,NÃO,644.0,644.0,Domínio aplicável = Sim + Não; Não declarado coincide com circulação Aquavia + Saltado.
E03,Bueiro / boca de lobo,Faces,3509502007,V05410,Não,184.0,28.57142857142857,28.57142857142857,NÃO,644.0,644.0,Domínio aplicável = Sim + Não; Não declarado coincide com circulação Aquavia + Saltado.
E03,Bueiro / boca de lobo,Faces,3509502007,V05411,Não declarado,0.0,0.0,,SIM,644.0,644.0,Domínio aplicável = Sim + Não; Não declarado coincide com circulação Aquavia + Saltado.
E04,Iluminação pública,Domicílios,3509502007,V05012,Sim,10650.0,99.93431547339776,99.93431547339776,NÃO,10657.0,10657.0,Domínio aplicável = Sim + Não; Não declarado coincide com circulação Aquavia + Saltado.
E04,Iluminação pública,Domicílios,3509502007,V05013,Não,7.0,0.06568452660223327,0.06568452660223327,NÃO,10657.0,10657.0,Domínio aplicável = Sim + Não; Não declarado coincide com circulação Aquavia + Saltado.
E04,Iluminação pública,Domicílios,3509502007,V05014,Não declarado,0.0,0.0,,SIM,10657.0,10657.0,Domínio aplicável = Sim + Não; Não declarado coincide com circulação Aquavia + Saltado.
E04,Iluminação pública,Moradores,3509502007,V05212,Sim,25042.0,99.94013648880552,99.94013648880552,NÃO,25057.0,25057.0,Domínio aplicável = Sim + Não; Não declarado coincide com circulação Aquavia + Saltado.
E04,Iluminação pública,Moradores,3509502007,V05213,Não,15.0,0.059863511194476596,0.059863511194476596,NÃO,25057.0,25057.0,Domínio aplicável = Sim + Não; Não declarado coincide com circulação Aquavia + Saltado.
E04,Iluminação pública,Moradores,3509502007,V05214,Não declarado,0.0,0.0,,SIM,25057.0,25057.0,Domínio aplicável = Sim + Não; Não declarado coincide com circulação Aquavia + Saltado.
E04,Iluminação pública,Faces,3509502007,V05412,Sim,635.0,98.6024844720497,98.6024844720497,NÃO,644.0,644.0,Domínio aplicável = Sim + Não; Não declarado coincide com circulação Aquavia + Saltado.
E04,Iluminação pública,Faces,3509502007,V05413,Não,9.0,1.3975155279503106,1.3975155279503106,NÃO,644.0,644.0,Domínio aplicável = Sim + Não; Não declarado coincide com circulação Aquavia + Saltado.
E04,Iluminação pública,Faces,3509502007,V05414,Não declarado,0.0,0.0,,SIM,644.0,644.0,Domínio aplicável = Sim + Não; Não declarado coincide com circulação Aquavia + Saltado.
E05,Ponto de ônibus,Domicílios,3509502007,V05015,Sim,2889.0,27.108942479121705,27.108942479121705,NÃO,10657.0,10657.0,Domínio aplicável = Sim + Não; Não declarado coincide com circulação Aquavia + Saltado.
E05,Ponto de ônibus,Domicílios,3509502007,V05016,Não,7768.0,72.8910575208783,72.8910575208783,NÃO,10657.0,10657.0,Domínio aplicável = Sim + Não; Não declarado coincide com circulação Aquavia + Saltado.
E05,Ponto de ônibus,Domicílios,3509502007,V05017,Não declarado,0.0,0.0,,SIM,10657.0,10657.0,Domínio aplicável = Sim + Não; Não declarado coincide com circulação Aquavia + Saltado.
E05,Ponto de ônibus,Moradores,3509502007,V05215,Sim,6310.0,25.182583709143152,25.182583709143152,NÃO,25057.0,25057.0,Domínio aplicável = Sim + Não; Não declarado coincide com circulação Aquavia + Saltado.
E05,Ponto de ônibus,Moradores,3509502007,V05216,Não,18747.0,74.81741629085684,74.81741629085684,NÃO,25057.0,25057.0,Domínio aplicável = Sim + Não; Não declarado coincide com circulação Aquavia + Saltado.
E05,Ponto de ônibus,Moradores,3509502007,V05217,Não declarado,0.0,0.0,,SIM,25057.0,25057.0,Domínio aplicável = Sim + Não; Não declarado coincide com circulação Aquavia + Saltado.
E05,Ponto de ônibus,Faces,3509502007,V05415,Sim,97.0,15.062111801242237,15.062111801242237,NÃO,644.0,644.0,Domínio aplicável = Sim + Não; Não declarado coincide com circulação Aquavia + Saltado.
E05,Ponto de ônibus,Faces,3509502007,V05416,Não,547.0,84.93788819875776,84.93788819875776,NÃO,644.0,644.0,Domínio aplicável = Sim + Não; Não declarado coincide com circulação Aquavia + Saltado.
E05,Ponto de ônibus,Faces,3509502007,V05417,Não declarado,0.0,0.0,,SIM,644.0,644.0,Domínio aplicável = Sim + Não; Não declarado coincide com circulação Aquavia + Saltado.
E06,Via sinalizada para bicicleta,Domicílios,3509502007,V05018,Sim,128.0,1.201088486440837,1.201088486440837,NÃO,10657.0,10657.0,Domínio aplicável = Sim + Não; Não declarado coincide com circulação Aquavia + Saltado.
E06,Via sinalizada para bicicleta,Domicílios,3509502007,V05019,Não,10529.0,98.79891151355916,98.79891151355916,NÃO,10657.0,10657.0,Domínio aplicável = Sim + Não; Não declarado coincide com circulação Aquavia + Saltado.
E06,Via sinalizada para bicicleta,Domicílios,3509502007,V05020,Não declarado,0.0,0.0,,SIM,10657.0,10657.0,Domínio aplicável = Sim + Não; Não declarado coincide com circulação Aquavia + Saltado.
E06,Via sinalizada para bicicleta,Moradores,3509502007,V05218,Sim,258.0,1.0296523925449974,1.0296523925449974,NÃO,25057.0,25057.0,Domínio aplicável = Sim + Não; Não declarado coincide com circulação Aquavia + Saltado.
E06,Via sinalizada para bicicleta,Moradores,3509502007,V05219,Não,24799.0,98.970347607455,98.970347607455,NÃO,25057.0,25057.0,Domínio aplicável = Sim + Não; Não declarado coincide com circulação Aquavia + Saltado.
E06,Via sinalizada para bicicleta,Moradores,3509502007,V05220,Não declarado,0.0,0.0,,SIM,25057.0,25057.0,Domínio aplicável = Sim + Não; Não declarado coincide com circulação Aquavia + Saltado.
E06,Via sinalizada para bicicleta,Faces,3509502007,V05418,Sim,8.0,1.2422360248447204,1.2422360248447204,NÃO,644.0,644.0,Domínio aplicável = Sim + Não; Não declarado coincide com circulação Aquavia + Saltado.
E06,Via sinalizada para bicicleta,Faces,3509502007,V05419,Não,636.0,98.75776397515527,98.75776397515527,NÃO,644.0,644.0,Domínio aplicável = Sim + Não; Não declarado coincide com circulação Aquavia + Saltado.
E06,Via sinalizada para bicicleta,Faces,3509502007,V05420,Não declarado,0.0,0.0,,SIM,644.0,644.0,Domínio aplicável = Sim + Não; Não declarado coincide com circulação Aquavia + Saltado.
E07,Calçada,Domicílios,3509502007,V05021,Sim,10644.0,99.87801445059586,99.87801445059586,NÃO,10657.0,10657.0,Domínio aplicável = Sim + Não; Não declarado coincide com circulação Aquavia + Saltado.
E07,Calçada,Domicílios,3509502007,V05022,Não,13.0,0.12198554940414749,0.12198554940414749,NÃO,10657.0,10657.0,Domínio aplicável = Sim + Não; Não declarado coincide com circulação Aquavia + Saltado.
E07,Calçada,Domicílios,3509502007,V05023,Não declarado,0.0,0.0,,SIM,10657.0,10657.0,Domínio aplicável = Sim + Não; Não declarado coincide com circulação Aquavia + Saltado.
E07,Calçada,Moradores,3509502007,V05221,Sim,25019.0,99.84834577164065,99.84834577164065,NÃO,25057.0,25057.0,Domínio aplicável = Sim + Não; Não declarado coincide com circulação Aquavia + Saltado.
E07,Calçada,Moradores,3509502007,V05222,Não,38.0,0.1516542283593407,0.1516542283593407,NÃO,25057.0,25057.0,Domínio aplicável = Sim + Não; Não declarado coincide com circulação Aquavia + Saltado.
E07,Calçada,Moradores,3509502007,V05223,Não declarado,0.0,0.0,,SIM,25057.0,25057.0,Domínio aplicável = Sim + Não; Não declarado coincide com circulação Aquavia + Saltado.
E07,Calçada,Faces,3509502007,V05421,Sim,627.0,97.36024844720497,97.36024844720497,NÃO,644.0,644.0,Domínio aplicável = Sim + Não; Não declarado coincide com circulação Aquavia + Saltado.
E07,Calçada,Faces,3509502007,V05422,Não,17.0,2.639751552795031,2.639751552795031,NÃO,644.0,644.0,Domínio aplicável = Sim + Não; Não declarado coincide com circulação Aquavia + Saltado.
E07,Calçada,Faces,3509502007,V05423,Não declarado,0.0,0.0,,SIM,644.0,644.0,Domínio aplicável = Sim + Não; Não declarado coincide com circulação Aquavia + Saltado.
E08,Obstáculo na calçada,Domicílios,3509502007,V05024,Sim,3225.0,30.2617997560289,30.298759864712515,NÃO,10657.0,10644.0,Domínio aplicável = Sim + Não; Não declarado coincide com ausência/não aplicação de calçada.
E08,Obstáculo na calçada,Domicílios,3509502007,V05025,Não,7419.0,69.61621469456695,69.70124013528749,NÃO,10657.0,10644.0,Domínio aplicável = Sim + Não; Não declarado coincide com ausência/não aplicação de calçada.
E08,Obstáculo na calçada,Domicílios,3509502007,V05026,Não declarado,13.0,0.12198554940414749,,SIM,10657.0,10644.0,Domínio aplicável = Sim + Não; Não declarado coincide com ausência/não aplicação de calçada.
E08,Obstáculo na calçada,Moradores,3509502007,V05224,Sim,8251.0,32.92892205770843,32.97893600863343,NÃO,25057.0,25019.0,Domínio aplicável = Sim + Não; Não declarado coincide com ausência/não aplicação de calçada.
E08,Obstáculo na calçada,Moradores,3509502007,V05225,Não,16768.0,66.91942371393223,67.02106399136656,NÃO,25057.0,25019.0,Domínio aplicável = Sim + Não; Não declarado coincide com ausência/não aplicação de calçada.
E08,Obstáculo na calçada,Moradores,3509502007,V05226,Não declarado,38.0,0.1516542283593407,,SIM,25057.0,25019.0,Domínio aplicável = Sim + Não; Não declarado coincide com ausência/não aplicação de calçada.
E08,Obstáculo na calçada,Faces,3509502007,V05424,Sim,265.0,41.14906832298137,42.26475279106858,NÃO,644.0,627.0,Domínio aplicável = Sim + Não; Não declarado coincide com ausência/não aplicação de calçada.
E08,Obstáculo na calçada,Faces,3509502007,V05425,Não,362.0,56.2111801242236,57.73524720893142,NÃO,644.0,627.0,Domínio aplicável = Sim + Não; Não declarado coincide com ausência/não aplicação de calçada.
E08,Obstáculo na calçada,Faces,3509502007,V05426,Não declarado,17.0,2.639751552795031,,SIM,644.0,627.0,Domínio aplicável = Sim + Não; Não declarado coincide com ausência/não aplicação de calçada.
E09,Rampa para cadeirante,Domicílios,3509502007,V05027,Sim,3181.0,29.84892558881486,29.885381435550546,NÃO,10657.0,10644.0,Domínio aplicável = Sim + Não; Não declarado coincide com ausência/não aplicação de calçada.
E09,Rampa para cadeirante,Domicílios,3509502007,V05028,Não,7463.0,70.02908886178099,70.11461856444946,NÃO,10657.0,10644.0,Domínio aplicável = Sim + Não; Não declarado coincide com ausência/não aplicação de calçada.
E09,Rampa para cadeirante,Domicílios,3509502007,V05029,Não declarado,13.0,0.12198554940414749,,SIM,10657.0,10644.0,Domínio aplicável = Sim + Não; Não declarado coincide com ausência/não aplicação de calçada.
E09,Rampa para cadeirante,Moradores,3509502007,V05227,Sim,6934.0,27.672905774833378,27.714936648147408,NÃO,25057.0,25019.0,Domínio aplicável = Sim + Não; Não declarado coincide com ausência/não aplicação de calçada.
E09,Rampa para cadeirante,Moradores,3509502007,V05228,Não,18085.0,72.17543999680728,72.2850633518526,NÃO,25057.0,25019.0,Domínio aplicável = Sim + Não; Não declarado coincide com ausência/não aplicação de calçada.
E09,Rampa para cadeirante,Moradores,3509502007,V05229,Não declarado,38.0,0.1516542283593407,,SIM,25057.0,25019.0,Domínio aplicável = Sim + Não; Não declarado coincide com ausência/não aplicação de calçada.
E09,Rampa para cadeirante,Faces,3509502007,V05427,Sim,74.0,11.490683229813664,11.802232854864434,NÃO,644.0,627.0,Domínio aplicável = Sim + Não; Não declarado coincide com ausência/não aplicação de calçada.
E09,Rampa para cadeirante,Faces,3509502007,V05428,Não,553.0,85.86956521739131,88.19776714513556,NÃO,644.0,627.0,Domínio aplicável = Sim + Não; Não declarado coincide com ausência/não aplicação de calçada.
E09,Rampa para cadeirante,Faces,3509502007,V05429,Não declarado,17.0,2.639751552795031,,SIM,644.0,627.0,Domínio aplicável = Sim + Não; Não declarado coincide com ausência/não aplicação de calçada.
E10,Arborização,Domicílios,3509502007,V05030,Sem árvores,924.0,8.670357511494792,8.670357511494792,NÃO,10657.0,10657.0,Domínio aplicável = classes substantivas de arborização; Saltado fica fora.
E10,Arborização,Domicílios,3509502007,V05031,1 a 2 árvores,1330.0,12.480060054424321,12.480060054424321,NÃO,10657.0,10657.0,Domínio aplicável = classes substantivas de arborização; Saltado fica fora.
E10,Arborização,Domicílios,3509502007,V05032,3 a 4 árvores,704.0,6.605986675424604,6.605986675424604,NÃO,10657.0,10657.0,Domínio aplicável = classes substantivas de arborização; Saltado fica fora.
E10,Arborização,Domicílios,3509502007,V05033,5 ou mais árvores,7699.0,72.24359575865628,72.24359575865628,NÃO,10657.0,10657.0,Domínio aplicável = classes substantivas de arborização; Saltado fica fora.
E10,Arborização,Domicílios,3509502007,V05034,Saltado,0.0,0.0,,SIM,10657.0,10657.0,Domínio aplicável = classes substantivas de arborização; Saltado fica fora.
E10,Arborização,Moradores,3509502007,V05230,Sem árvores,2230.0,8.89970866424552,8.89970866424552,NÃO,25057.0,25057.0,Domínio aplicável = classes substantivas de arborização; Saltado fica fora.
E10,Arborização,Moradores,3509502007,V05231,1 a 2 árvores,3033.0,12.104401963523168,12.104401963523168,NÃO,25057.0,25057.0,Domínio aplicável = classes substantivas de arborização; Saltado fica fora.
E10,Arborização,Moradores,3509502007,V05232,3 a 4 árvores,1730.0,6.9042582910963,6.9042582910963,NÃO,25057.0,25057.0,Domínio aplicável = classes substantivas de arborização; Saltado fica fora.
E10,Arborização,Moradores,3509502007,V05233,5 ou mais árvores,18064.0,72.091631081135,72.091631081135,NÃO,25057.0,25057.0,Domínio aplicável = classes substantivas de arborização; Saltado fica fora.
E10,Arborização,Moradores,3509502007,V05234,Saltado,0.0,0.0,,SIM,25057.0,25057.0,Domínio aplicável = classes substantivas de arborização; Saltado fica fora.
E10,Arborização,Faces,3509502007,V05430,Sem árvores,88.0,13.664596273291925,13.664596273291925,NÃO,644.0,644.0,Domínio aplicável = classes substantivas de arborização; Saltado fica fora.
E10,Arborização,Faces,3509502007,V05431,1 a 2 árvores,94.0,14.596273291925465,14.596273291925465,NÃO,644.0,644.0,Domínio aplicável = classes substantivas de arborização; Saltado fica fora.
E10,Arborização,Faces,3509502007,V05432,3 a 4 árvores,62.0,9.627329192546584,9.627329192546584,NÃO,644.0,644.0,Domínio aplicável = classes substantivas de arborização; Saltado fica fora.
E10,Arborização,Faces,3509502007,V05433,5 ou mais árvores,400.0,62.11180124223602,62.11180124223602,NÃO,644.0,644.0,Domínio aplicável = classes substantivas de arborização; Saltado fica fora.
E10,Arborização,Faces,3509502007,V05434,Saltado,0.0,0.0,,SIM,644.0,644.0,Domínio aplicável = classes substantivas de arborização; Saltado fica fora.
E01,Circulação da via,Domicílios,3509502008,V05001,"Caminhão, ônibus",9421.0,91.51933164950457,91.51933164950457,NÃO,10294.0,10294.0,Domínio aplicável = categorias substantivas de circulação; Saltado fica fora.
E01,Circulação da via,Domicílios,3509502008,V05002,Carros de passeio ou van,868.0,8.432096366815621,8.432096366815621,NÃO,10294.0,10294.0,Domínio aplicável = categorias substantivas de circulação; Saltado fica fora.
E01,Circulação da via,Domicílios,3509502008,V05003,"Pedestres, bicicletas e motocicletas",5.0,0.04857198367981348,0.04857198367981348,NÃO,10294.0,10294.0,Domínio aplicável = categorias substantivas de circulação; Saltado fica fora.
E01,Circulação da via,Domicílios,3509502008,V05004,Aquavia,0.0,0.0,0.0,NÃO,10294.0,10294.0,Domínio aplicável = categorias substantivas de circulação; Saltado fica fora.
E01,Circulação da via,Domicílios,3509502008,V05005,Saltado,0.0,0.0,,SIM,10294.0,10294.0,Domínio aplicável = categorias substantivas de circulação; Saltado fica fora.
E01,Circulação da via,Moradores,3509502008,V05201,"Caminhão, ônibus",23397.0,91.18082618862043,91.18082618862043,NÃO,25660.0,25660.0,Domínio aplicável = categorias substantivas de circulação; Saltado fica fora.
E01,Circulação da via,Moradores,3509502008,V05202,Carros de passeio ou van,2249.0,8.764614185502728,8.764614185502728,NÃO,25660.0,25660.0,Domínio aplicável = categorias substantivas de circulação; Saltado fica fora.
E01,Circulação da via,Moradores,3509502008,V05203,"Pedestres, bicicletas e motocicletas",14.0,0.05455962587685113,0.05455962587685113,NÃO,25660.0,25660.0,Domínio aplicável = categorias substantivas de circulação; Saltado fica fora.
E01,Circulação da via,Moradores,3509502008,V05204,Aquavia,0.0,0.0,0.0,NÃO,25660.0,25660.0,Domínio aplicável = categorias substantivas de circulação; Saltado fica fora.
E01,Circulação da via,Moradores,3509502008,V05205,Saltado,0.0,0.0,,SIM,25660.0,25660.0,Domínio aplicável = categorias substantivas de circulação; Saltado fica fora.
E01,Circulação da via,Faces,3509502008,V05401,"Caminhão, ônibus",1438.0,92.47588424437299,92.47588424437299,NÃO,1555.0,1555.0,Domínio aplicável = categorias substantivas de circulação; Saltado fica fora.
E01,Circulação da via,Faces,3509502008,V05402,Carros de passeio ou van,113.0,7.266881028938907,7.266881028938907,NÃO,1555.0,1555.0,Domínio aplicável = categorias substantivas de circulação; Saltado fica fora.
E01,Circulação da via,Faces,3509502008,V05403,"Pedestres, bicicletas e motocicletas",4.0,0.2572347266881029,0.2572347266881029,NÃO,1555.0,1555.0,Domínio aplicável = categorias substantivas de circulação; Saltado fica fora.
E01,Circulação da via,Faces,3509502008,V05404,Aquavia,0.0,0.0,0.0,NÃO,1555.0,1555.0,Domínio aplicável = categorias substantivas de circulação; Saltado fica fora.
E01,Circulação da via,Faces,3509502008,V05405,Saltado,0.0,0.0,,SIM,1555.0,1555.0,Domínio aplicável = categorias substantivas de circulação; Saltado fica fora.
E02,Pavimentação,Domicílios,3509502008,V05006,Sim,10294.0,100.0,100.0,NÃO,10294.0,10294.0,Domínio aplicável = Sim + Não; Não declarado coincide com circulação Aquavia + Saltado.
E02,Pavimentação,Domicílios,3509502008,V05007,Não,0.0,0.0,0.0,NÃO,10294.0,10294.0,Domínio aplicável = Sim + Não; Não declarado coincide com circulação Aquavia + Saltado.
E02,Pavimentação,Domicílios,3509502008,V05008,Não declarado,0.0,0.0,,SIM,10294.0,10294.0,Domínio aplicável = Sim + Não; Não declarado coincide com circulação Aquavia + Saltado.
E02,Pavimentação,Moradores,3509502008,V05206,Sim,25660.0,100.0,100.0,NÃO,25660.0,25660.0,Domínio aplicável = Sim + Não; Não declarado coincide com circulação Aquavia + Saltado.
E02,Pavimentação,Moradores,3509502008,V05207,Não,0.0,0.0,0.0,NÃO,25660.0,25660.0,Domínio aplicável = Sim + Não; Não declarado coincide com circulação Aquavia + Saltado.
E02,Pavimentação,Moradores,3509502008,V05208,Não declarado,0.0,0.0,,SIM,25660.0,25660.0,Domínio aplicável = Sim + Não; Não declarado coincide com circulação Aquavia + Saltado.
E02,Pavimentação,Faces,3509502008,V05406,Sim,1554.0,99.93569131832798,99.93569131832798,NÃO,1555.0,1555.0,Domínio aplicável = Sim + Não; Não declarado coincide com circulação Aquavia + Saltado.
E02,Pavimentação,Faces,3509502008,V05407,Não,1.0,0.06430868167202572,0.06430868167202572,NÃO,1555.0,1555.0,Domínio aplicável = Sim + Não; Não declarado coincide com circulação Aquavia + Saltado.
E02,Pavimentação,Faces,3509502008,V05408,Não declarado,0.0,0.0,,SIM,1555.0,1555.0,Domínio aplicável = Sim + Não; Não declarado coincide com circulação Aquavia + Saltado.
E03,Bueiro / boca de lobo,Domicílios,3509502008,V05009,Sim,6822.0,66.27161453273752,66.27161453273752,NÃO,10294.0,10294.0,Domínio aplicável = Sim + Não; Não declarado coincide com circulação Aquavia + Saltado.
E03,Bueiro / boca de lobo,Domicílios,3509502008,V05010,Não,3472.0,33.728385467262484,33.728385467262484,NÃO,10294.0,10294.0,Domínio aplicável = Sim + Não; Não declarado coincide com circulação Aquavia + Saltado.
E03,Bueiro / boca de lobo,Domicílios,3509502008,V05011,Não declarado,0.0,0.0,,SIM,10294.0,10294.0,Domínio aplicável = Sim + Não; Não declarado coincide com circulação Aquavia + Saltado.
E03,Bueiro / boca de lobo,Moradores,3509502008,V05209,Sim,17510.0,68.23850350740453,68.23850350740453,NÃO,25660.0,25660.0,Domínio aplicável = Sim + Não; Não declarado coincide com circulação Aquavia + Saltado.
E03,Bueiro / boca de lobo,Moradores,3509502008,V05210,Não,8150.0,31.76149649259548,31.76149649259548,NÃO,25660.0,25660.0,Domínio aplicável = Sim + Não; Não declarado coincide com circulação Aquavia + Saltado.
E03,Bueiro / boca de lobo,Moradores,3509502008,V05211,Não declarado,0.0,0.0,,SIM,25660.0,25660.0,Domínio aplicável = Sim + Não; Não declarado coincide com circulação Aquavia + Saltado.
E03,Bueiro / boca de lobo,Faces,3509502008,V05409,Sim,967.0,62.18649517684888,62.18649517684888,NÃO,1555.0,1555.0,Domínio aplicável = Sim + Não; Não declarado coincide com circulação Aquavia + Saltado.
E03,Bueiro / boca de lobo,Faces,3509502008,V05410,Não,588.0,37.81350482315112,37.81350482315112,NÃO,1555.0,1555.0,Domínio aplicável = Sim + Não; Não declarado coincide com circulação Aquavia + Saltado.
E03,Bueiro / boca de lobo,Faces,3509502008,V05411,Não declarado,0.0,0.0,,SIM,1555.0,1555.0,Domínio aplicável = Sim + Não; Não declarado coincide com circulação Aquavia + Saltado.
E04,Iluminação pública,Domicílios,3509502008,V05012,Sim,10263.0,99.69885370118516,99.69885370118516,NÃO,10294.0,10294.0,Domínio aplicável = Sim + Não; Não declarado coincide com circulação Aquavia + Saltado.
E04,Iluminação pública,Domicílios,3509502008,V05013,Não,31.0,0.30114629881484356,0.30114629881484356,NÃO,10294.0,10294.0,Domínio aplicável = Sim + Não; Não declarado coincide com circulação Aquavia + Saltado.
E04,Iluminação pública,Domicílios,3509502008,V05014,Não declarado,0.0,0.0,,SIM,10294.0,10294.0,Domínio aplicável = Sim + Não; Não declarado coincide com circulação Aquavia + Saltado.
E04,Iluminação pública,Moradores,3509502008,V05212,Sim,25577.0,99.67653936087295,99.67653936087295,NÃO,25660.0,25660.0,Domínio aplicável = Sim + Não; Não declarado coincide com circulação Aquavia + Saltado.
E04,Iluminação pública,Moradores,3509502008,V05213,Não,83.0,0.323460639127046,0.323460639127046,NÃO,25660.0,25660.0,Domínio aplicável = Sim + Não; Não declarado coincide com circulação Aquavia + Saltado.
E04,Iluminação pública,Moradores,3509502008,V05214,Não declarado,0.0,0.0,,SIM,25660.0,25660.0,Domínio aplicável = Sim + Não; Não declarado coincide com circulação Aquavia + Saltado.
E04,Iluminação pública,Faces,3509502008,V05412,Sim,1547.0,99.48553054662379,99.48553054662379,NÃO,1555.0,1555.0,Domínio aplicável = Sim + Não; Não declarado coincide com circulação Aquavia + Saltado.
E04,Iluminação pública,Faces,3509502008,V05413,Não,8.0,0.5144694533762058,0.5144694533762058,NÃO,1555.0,1555.0,Domínio aplicável = Sim + Não; Não declarado coincide com circulação Aquavia + Saltado.
E04,Iluminação pública,Faces,3509502008,V05414,Não declarado,0.0,0.0,,SIM,1555.0,1555.0,Domínio aplicável = Sim + Não; Não declarado coincide com circulação Aquavia + Saltado.
E05,Ponto de ônibus,Domicílios,3509502008,V05015,Sim,1908.0,18.535068972216827,18.535068972216827,NÃO,10294.0,10294.0,Domínio aplicável = Sim + Não; Não declarado coincide com circulação Aquavia + Saltado.
E05,Ponto de ônibus,Domicílios,3509502008,V05016,Não,8386.0,81.46493102778317,81.46493102778317,NÃO,10294.0,10294.0,Domínio aplicável = Sim + Não; Não declarado coincide com circulação Aquavia + Saltado.
E05,Ponto de ônibus,Domicílios,3509502008,V05017,Não declarado,0.0,0.0,,SIM,10294.0,10294.0,Domínio aplicável = Sim + Não; Não declarado coincide com circulação Aquavia + Saltado.
E05,Ponto de ônibus,Moradores,3509502008,V05215,Sim,4673.0,18.211223694466096,18.211223694466096,NÃO,25660.0,25660.0,Domínio aplicável = Sim + Não; Não declarado coincide com circulação Aquavia + Saltado.
E05,Ponto de ônibus,Moradores,3509502008,V05216,Não,20987.0,81.7887763055339,81.7887763055339,NÃO,25660.0,25660.0,Domínio aplicável = Sim + Não; Não declarado coincide com circulação Aquavia + Saltado.
E05,Ponto de ônibus,Moradores,3509502008,V05217,Não declarado,0.0,0.0,,SIM,25660.0,25660.0,Domínio aplicável = Sim + Não; Não declarado coincide com circulação Aquavia + Saltado.
E05,Ponto de ônibus,Faces,3509502008,V05415,Sim,260.0,16.720257234726688,16.720257234726688,NÃO,1555.0,1555.0,Domínio aplicável = Sim + Não; Não declarado coincide com circulação Aquavia + Saltado.
E05,Ponto de ônibus,Faces,3509502008,V05416,Não,1295.0,83.27974276527331,83.27974276527331,NÃO,1555.0,1555.0,Domínio aplicável = Sim + Não; Não declarado coincide com circulação Aquavia + Saltado.
E05,Ponto de ônibus,Faces,3509502008,V05417,Não declarado,0.0,0.0,,SIM,1555.0,1555.0,Domínio aplicável = Sim + Não; Não declarado coincide com circulação Aquavia + Saltado.
E06,Via sinalizada para bicicleta,Domicílios,3509502008,V05018,Sim,149.0,1.4474451136584419,1.4474451136584419,NÃO,10294.0,10294.0,Domínio aplicável = Sim + Não; Não declarado coincide com circulação Aquavia + Saltado.
E06,Via sinalizada para bicicleta,Domicílios,3509502008,V05019,Não,10145.0,98.55255488634155,98.55255488634155,NÃO,10294.0,10294.0,Domínio aplicável = Sim + Não; Não declarado coincide com circulação Aquavia + Saltado.
E06,Via sinalizada para bicicleta,Domicílios,3509502008,V05020,Não declarado,0.0,0.0,,SIM,10294.0,10294.0,Domínio aplicável = Sim + Não; Não declarado coincide com circulação Aquavia + Saltado.
E06,Via sinalizada para bicicleta,Moradores,3509502008,V05218,Sim,349.0,1.3600935307872175,1.3600935307872175,NÃO,25660.0,25660.0,Domínio aplicável = Sim + Não; Não declarado coincide com circulação Aquavia + Saltado.
E06,Via sinalizada para bicicleta,Moradores,3509502008,V05219,Não,25311.0,98.63990646921278,98.63990646921278,NÃO,25660.0,25660.0,Domínio aplicável = Sim + Não; Não declarado coincide com circulação Aquavia + Saltado.
E06,Via sinalizada para bicicleta,Moradores,3509502008,V05220,Não declarado,0.0,0.0,,SIM,25660.0,25660.0,Domínio aplicável = Sim + Não; Não declarado coincide com circulação Aquavia + Saltado.
E06,Via sinalizada para bicicleta,Faces,3509502008,V05418,Sim,33.0,2.122186495176849,2.122186495176849,NÃO,1555.0,1555.0,Domínio aplicável = Sim + Não; Não declarado coincide com circulação Aquavia + Saltado.
E06,Via sinalizada para bicicleta,Faces,3509502008,V05419,Não,1522.0,97.87781350482315,97.87781350482315,NÃO,1555.0,1555.0,Domínio aplicável = Sim + Não; Não declarado coincide com circulação Aquavia + Saltado.
E06,Via sinalizada para bicicleta,Faces,3509502008,V05420,Não declarado,0.0,0.0,,SIM,1555.0,1555.0,Domínio aplicável = Sim + Não; Não declarado coincide com circulação Aquavia + Saltado.
E07,Calçada,Domicílios,3509502008,V05021,Sim,10281.0,99.87371284243248,99.87371284243248,NÃO,10294.0,10294.0,Domínio aplicável = Sim + Não; Não declarado coincide com circulação Aquavia + Saltado.
E07,Calçada,Domicílios,3509502008,V05022,Não,13.0,0.12628715756751507,0.12628715756751507,NÃO,10294.0,10294.0,Domínio aplicável = Sim + Não; Não declarado coincide com circulação Aquavia + Saltado.
E07,Calçada,Domicílios,3509502008,V05023,Não declarado,0.0,0.0,,SIM,10294.0,10294.0,Domínio aplicável = Sim + Não; Não declarado coincide com circulação Aquavia + Saltado.
E07,Calçada,Moradores,3509502008,V05221,Sim,25621.0,99.84801247077164,99.84801247077164,NÃO,25660.0,25660.0,Domínio aplicável = Sim + Não; Não declarado coincide com circulação Aquavia + Saltado.
E07,Calçada,Moradores,3509502008,V05222,Não,39.0,0.151987529228371,0.151987529228371,NÃO,25660.0,25660.0,Domínio aplicável = Sim + Não; Não declarado coincide com circulação Aquavia + Saltado.
E07,Calçada,Moradores,3509502008,V05223,Não declarado,0.0,0.0,,SIM,25660.0,25660.0,Domínio aplicável = Sim + Não; Não declarado coincide com circulação Aquavia + Saltado.
E07,Calçada,Faces,3509502008,V05421,Sim,1522.0,97.87781350482315,97.87781350482315,NÃO,1555.0,1555.0,Domínio aplicável = Sim + Não; Não declarado coincide com circulação Aquavia + Saltado.
E07,Calçada,Faces,3509502008,V05422,Não,33.0,2.122186495176849,2.122186495176849,NÃO,1555.0,1555.0,Domínio aplicável = Sim + Não; Não declarado coincide com circulação Aquavia + Saltado.
E07,Calçada,Faces,3509502008,V05423,Não declarado,0.0,0.0,,SIM,1555.0,1555.0,Domínio aplicável = Sim + Não; Não declarado coincide com circulação Aquavia + Saltado.
E08,Obstáculo na calçada,Domicílios,3509502008,V05024,Sim,3944.0,38.31358072663688,38.362027040171185,NÃO,10294.0,10281.0,Domínio aplicável = Sim + Não; Não declarado coincide com ausência/não aplicação de calçada.
E08,Obstáculo na calçada,Domicílios,3509502008,V05025,Não,6337.0,61.56013211579561,61.637972959828815,NÃO,10294.0,10281.0,Domínio aplicável = Sim + Não; Não declarado coincide com ausência/não aplicação de calçada.
E08,Obstáculo na calçada,Domicílios,3509502008,V05026,Não declarado,13.0,0.12628715756751507,,SIM,10294.0,10281.0,Domínio aplicável = Sim + Não; Não declarado coincide com ausência/não aplicação de calçada.
E08,Obstáculo na calçada,Moradores,3509502008,V05224,Sim,10441.0,40.68978955572876,40.751727098864215,NÃO,25660.0,25621.0,Domínio aplicável = Sim + Não; Não declarado coincide com ausência/não aplicação de calçada.
E08,Obstáculo na calçada,Moradores,3509502008,V05225,Não,15180.0,59.15822291504287,59.24827290113579,NÃO,25660.0,25621.0,Domínio aplicável = Sim + Não; Não declarado coincide com ausência/não aplicação de calçada.
E08,Obstáculo na calçada,Moradores,3509502008,V05226,Não declarado,39.0,0.151987529228371,,SIM,25660.0,25621.0,Domínio aplicável = Sim + Não; Não declarado coincide com ausência/não aplicação de calçada.
E08,Obstáculo na calçada,Faces,3509502008,V05424,Sim,489.0,31.44694533762058,32.1287779237845,NÃO,1555.0,1522.0,Domínio aplicável = Sim + Não; Não declarado coincide com ausência/não aplicação de calçada.
E08,Obstáculo na calçada,Faces,3509502008,V05425,Não,1033.0,66.43086816720258,67.8712220762155,NÃO,1555.0,1522.0,Domínio aplicável = Sim + Não; Não declarado coincide com ausência/não aplicação de calçada.
E08,Obstáculo na calçada,Faces,3509502008,V05426,Não declarado,33.0,2.122186495176849,,SIM,1555.0,1522.0,Domínio aplicável = Sim + Não; Não declarado coincide com ausência/não aplicação de calçada.
E09,Rampa para cadeirante,Domicílios,3509502008,V05027,Sim,1056.0,10.258402953176608,10.271374379924133,NÃO,10294.0,10281.0,Domínio aplicável = Sim + Não; Não declarado coincide com ausência/não aplicação de calçada.
E09,Rampa para cadeirante,Domicílios,3509502008,V05028,Não,9225.0,89.61530988925588,89.72862562007586,NÃO,10294.0,10281.0,Domínio aplicável = Sim + Não; Não declarado coincide com ausência/não aplicação de calçada.
E09,Rampa para cadeirante,Domicílios,3509502008,V05029,Não declarado,13.0,0.12628715756751507,,SIM,10294.0,10281.0,Domínio aplicável = Sim + Não; Não declarado coincide com ausência/não aplicação de calçada.
E09,Rampa para cadeirante,Moradores,3509502008,V05227,Sim,2387.0,9.302416212003116,9.316576246048164,NÃO,25660.0,25621.0,Domínio aplicável = Sim + Não; Não declarado coincide com ausência/não aplicação de calçada.
E09,Rampa para cadeirante,Moradores,3509502008,V05228,Não,23234.0,90.54559625876851,90.68342375395184,NÃO,25660.0,25621.0,Domínio aplicável = Sim + Não; Não declarado coincide com ausência/não aplicação de calçada.
E09,Rampa para cadeirante,Moradores,3509502008,V05229,Não declarado,39.0,0.151987529228371,,SIM,25660.0,25621.0,Domínio aplicável = Sim + Não; Não declarado coincide com ausência/não aplicação de calçada.
E09,Rampa para cadeirante,Faces,3509502008,V05427,Sim,168.0,10.80385852090032,11.038107752956636,NÃO,1555.0,1522.0,Domínio aplicável = Sim + Não; Não declarado coincide com ausência/não aplicação de calçada.
E09,Rampa para cadeirante,Faces,3509502008,V05428,Não,1354.0,87.07395498392283,88.96189224704337,NÃO,1555.0,1522.0,Domínio aplicável = Sim + Não; Não declarado coincide com ausência/não aplicação de calçada.
E09,Rampa para cadeirante,Faces,3509502008,V05429,Não declarado,33.0,2.122186495176849,,SIM,1555.0,1522.0,Domínio aplicável = Sim + Não; Não declarado coincide com ausência/não aplicação de calçada.
E10,Arborização,Domicílios,3509502008,V05030,Sem árvores,784.0,7.616087040994754,7.616087040994754,NÃO,10294.0,10294.0,Domínio aplicável = classes substantivas de arborização; Saltado fica fora.
E10,Arborização,Domicílios,3509502008,V05031,1 a 2 árvores,1218.0,11.832135224402565,11.832135224402565,NÃO,10294.0,10294.0,Domínio aplicável = classes substantivas de arborização; Saltado fica fora.
E10,Arborização,Domicílios,3509502008,V05032,3 a 4 árvores,1438.0,13.969302506314357,13.969302506314357,NÃO,10294.0,10294.0,Domínio aplicável = classes substantivas de arborização; Saltado fica fora.
E10,Arborização,Domicílios,3509502008,V05033,5 ou mais árvores,6854.0,66.58247522828832,66.58247522828832,NÃO,10294.0,10294.0,Domínio aplicável = classes substantivas de arborização; Saltado fica fora.
E10,Arborização,Domicílios,3509502008,V05034,Saltado,0.0,0.0,,SIM,10294.0,10294.0,Domínio aplicável = classes substantivas de arborização; Saltado fica fora.
E10,Arborização,Moradores,3509502008,V05230,Sem árvores,1960.0,7.638347622759158,7.638347622759158,NÃO,25660.0,25660.0,Domínio aplicável = classes substantivas de arborização; Saltado fica fora.
E10,Arborização,Moradores,3509502008,V05231,1 a 2 árvores,2965.0,11.554949337490257,11.554949337490257,NÃO,25660.0,25660.0,Domínio aplicável = classes substantivas de arborização; Saltado fica fora.
E10,Arborização,Moradores,3509502008,V05232,3 a 4 árvores,3561.0,13.87763055339049,13.87763055339049,NÃO,25660.0,25660.0,Domínio aplicável = classes substantivas de arborização; Saltado fica fora.
E10,Arborização,Moradores,3509502008,V05233,5 ou mais árvores,17174.0,66.9290724863601,66.9290724863601,NÃO,25660.0,25660.0,Domínio aplicável = classes substantivas de arborização; Saltado fica fora.
E10,Arborização,Moradores,3509502008,V05234,Saltado,0.0,0.0,,SIM,25660.0,25660.0,Domínio aplicável = classes substantivas de arborização; Saltado fica fora.
E10,Arborização,Faces,3509502008,V05430,Sem árvores,276.0,17.7491961414791,17.7491961414791,NÃO,1555.0,1555.0,Domínio aplicável = classes substantivas de arborização; Saltado fica fora.
E10,Arborização,Faces,3509502008,V05431,1 a 2 árvores,333.0,21.414790996784568,21.414790996784568,NÃO,1555.0,1555.0,Domínio aplicável = classes substantivas de arborização; Saltado fica fora.
E10,Arborização,Faces,3509502008,V05432,3 a 4 árvores,282.0,18.135048231511252,18.135048231511252,NÃO,1555.0,1555.0,Domínio aplicável = classes substantivas de arborização; Saltado fica fora.
E10,Arborização,Faces,3509502008,V05433,5 ou mais árvores,664.0,42.70096463022508,42.70096463022508,NÃO,1555.0,1555.0,Domínio aplicável = classes substantivas de arborização; Saltado fica fora.
E10,Arborização,Faces,3509502008,V05434,Saltado,0.0,0.0,,SIM,1555.0,1555.0,Domínio aplicável = classes substantivas de arborização; Saltado fica fora.
E01,Circulação da via,Domicílios,3509502009,V05001,"Caminhão, ônibus",20390.0,93.45066226683166,94.19319074236616,NÃO,21819.0,21647.0,Domínio aplicável = categorias substantivas de circulação; Saltado fica fora.
E01,Circulação da via,Domicílios,3509502009,V05002,Carros de passeio ou van,1218.0,5.582290664100096,5.626645724580773,NÃO,21819.0,21647.0,Domínio aplicável = categorias substantivas de circulação; Saltado fica fora.
E01,Circulação da via,Domicílios,3509502009,V05003,"Pedestres, bicicletas e motocicletas",39.0,0.17874329712635775,0.18016353305307897,NÃO,21819.0,21647.0,Domínio aplicável = categorias substantivas de circulação; Saltado fica fora.
E01,Circulação da via,Domicílios,3509502009,V05004,Aquavia,0.0,0.0,0.0,NÃO,21819.0,21647.0,Domínio aplicável = categorias substantivas de circulação; Saltado fica fora.
E01,Circulação da via,Domicílios,3509502009,V05005,Saltado,172.0,0.7883037719418855,,SIM,21819.0,21647.0,Domínio aplicável = categorias substantivas de circulação; Saltado fica fora.
E01,Circulação da via,Moradores,3509502009,V05201,"Caminhão, ônibus",54119.0,92.69809187763352,93.5214626391097,NÃO,58382.0,57868.0,Domínio aplicável = categorias substantivas de circulação; Saltado fica fora.
E01,Circulação da via,Moradores,3509502009,V05202,Carros de passeio ou van,3629.0,6.215956973039635,6.2711688670767956,NÃO,58382.0,57868.0,Domínio aplicável = categorias substantivas de circulação; Saltado fica fora.
E01,Circulação da via,Moradores,3509502009,V05203,"Pedestres, bicicletas e motocicletas",120.0,0.20554280428899319,0.20736849381350658,NÃO,58382.0,57868.0,Domínio aplicável = categorias substantivas de circulação; Saltado fica fora.
E01,Circulação da via,Moradores,3509502009,V05204,Aquavia,0.0,0.0,0.0,NÃO,58382.0,57868.0,Domínio aplicável = categorias substantivas de circulação; Saltado fica fora.
E01,Circulação da via,Moradores,3509502009,V05205,Saltado,514.0,0.880408345037854,,SIM,58382.0,57868.0,Domínio aplicável = categorias substantivas de circulação; Saltado fica fora.
E01,Circulação da via,Faces,3509502009,V05401,"Caminhão, ônibus",3736.0,92.40662874103388,94.60622942517092,NÃO,4043.0,3949.0,Domínio aplicável = categorias substantivas de circulação; Saltado fica fora.
E01,Circulação da via,Faces,3509502009,V05402,Carros de passeio ou van,181.0,4.4768736087064065,4.583438845277285,NÃO,4043.0,3949.0,Domínio aplicável = categorias substantivas de circulação; Saltado fica fora.
E01,Circulação da via,Faces,3509502009,V05403,"Pedestres, bicicletas e motocicletas",32.0,0.7914914667326243,0.8103317295517852,NÃO,4043.0,3949.0,Domínio aplicável = categorias substantivas de circulação; Saltado fica fora.
E01,Circulação da via,Faces,3509502009,V05404,Aquavia,0.0,0.0,0.0,NÃO,4043.0,3949.0,Domínio aplicável = categorias substantivas de circulação; Saltado fica fora.
E01,Circulação da via,Faces,3509502009,V05405,Saltado,94.0,2.325006183527084,,SIM,4043.0,3949.0,Domínio aplicável = categorias substantivas de circulação; Saltado fica fora.
E02,Pavimentação,Domicílios,3509502009,V05006,Sim,20046.0,91.87405472294789,92.60405598928257,NÃO,21819.0,21647.0,Domínio aplicável = Sim + Não; Não declarado coincide com circulação Aquavia + Saltado.
E02,Pavimentação,Domicílios,3509502009,V05007,Não,1601.0,7.337641505110224,7.39594401071742,NÃO,21819.0,21647.0,Domínio aplicável = Sim + Não; Não declarado coincide com circulação Aquavia + Saltado.
E02,Pavimentação,Domicílios,3509502009,V05008,Não declarado,172.0,0.7883037719418855,,SIM,21819.0,21647.0,Domínio aplicável = Sim + Não; Não declarado coincide com circulação Aquavia + Saltado.
E02,Pavimentação,Moradores,3509502009,V05206,Sim,53117.0,90.98180946182043,91.78993571576692,NÃO,58382.0,57868.0,Domínio aplicável = Sim + Não; Não declarado coincide com circulação Aquavia + Saltado.
E02,Pavimentação,Moradores,3509502009,V05207,Não,4751.0,8.137782193141723,8.210064284233082,NÃO,58382.0,57868.0,Domínio aplicável = Sim + Não; Não declarado coincide com circulação Aquavia + Saltado.
E02,Pavimentação,Moradores,3509502009,V05208,Não declarado,514.0,0.880408345037854,,SIM,58382.0,57868.0,Domínio aplicável = Sim + Não; Não declarado coincide com circulação Aquavia + Saltado.
E02,Pavimentação,Faces,3509502009,V05406,Sim,3501.0,86.59411328221618,88.65535578627501,NÃO,4043.0,3949.0,Domínio aplicável = Sim + Não; Não declarado coincide com circulação Aquavia + Saltado.
E02,Pavimentação,Faces,3509502009,V05407,Não,448.0,11.08088053425674,11.344644213724994,NÃO,4043.0,3949.0,Domínio aplicável = Sim + Não; Não declarado coincide com circulação Aquavia + Saltado.
E02,Pavimentação,Faces,3509502009,V05408,Não declarado,94.0,2.325006183527084,,SIM,4043.0,3949.0,Domínio aplicável = Sim + Não; Não declarado coincide com circulação Aquavia + Saltado.
E03,Bueiro / boca de lobo,Domicílios,3509502009,V05009,Sim,16994.0,77.8862459324442,78.5051046334365,NÃO,21819.0,21647.0,Domínio aplicável = Sim + Não; Não declarado coincide com circulação Aquavia + Saltado.
E03,Bueiro / boca de lobo,Domicílios,3509502009,V05010,Não,4653.0,21.325450295613916,21.494895366563497,NÃO,21819.0,21647.0,Domínio aplicável = Sim + Não; Não declarado coincide com circulação Aquavia + Saltado.
E03,Bueiro / boca de lobo,Domicílios,3509502009,V05011,Não declarado,172.0,0.7883037719418855,,SIM,21819.0,21647.0,Domínio aplicável = Sim + Não; Não declarado coincide com circulação Aquavia + Saltado.
E03,Bueiro / boca de lobo,Moradores,3509502009,V05209,Sim,44820.0,76.77023740193896,77.45213243934471,NÃO,58382.0,57868.0,Domínio aplicável = Sim + Não; Não declarado coincide com circulação Aquavia + Saltado.
E03,Bueiro / boca de lobo,Moradores,3509502009,V05210,Não,13048.0,22.349354253023193,22.547867560655284,NÃO,58382.0,57868.0,Domínio aplicável = Sim + Não; Não declarado coincide com circulação Aquavia + Saltado.
E03,Bueiro / boca de lobo,Moradores,3509502009,V05211,Não declarado,514.0,0.880408345037854,,SIM,58382.0,57868.0,Domínio aplicável = Sim + Não; Não declarado coincide com circulação Aquavia + Saltado.
E03,Bueiro / boca de lobo,Faces,3509502009,V05409,Sim,2807.0,69.42864209745238,71.08128640162066,NÃO,4043.0,3949.0,Domínio aplicável = Sim + Não; Não declarado coincide com circulação Aquavia + Saltado.
E03,Bueiro / boca de lobo,Faces,3509502009,V05410,Não,1142.0,28.24635171902053,28.918713598379338,NÃO,4043.0,3949.0,Domínio aplicável = Sim + Não; Não declarado coincide com circulação Aquavia + Saltado.
E03,Bueiro / boca de lobo,Faces,3509502009,V05411,Não declarado,94.0,2.325006183527084,,SIM,4043.0,3949.0,Domínio aplicável = Sim + Não; Não declarado coincide com circulação Aquavia + Saltado.
E04,Iluminação pública,Domicílios,3509502009,V05012,Sim,21003.0,96.26014024474082,97.0249919157389,NÃO,21819.0,21647.0,Domínio aplicável = Sim + Não; Não declarado coincide com circulação Aquavia + Saltado.
E04,Iluminação pública,Domicílios,3509502009,V05013,Não,644.0,2.9515559833172924,2.9750080842610984,NÃO,21819.0,21647.0,Domínio aplicável = Sim + Não; Não declarado coincide com circulação Aquavia + Saltado.
E04,Iluminação pública,Domicílios,3509502009,V05014,Não declarado,172.0,0.7883037719418855,,SIM,21819.0,21647.0,Domínio aplicável = Sim + Não; Não declarado coincide com circulação Aquavia + Saltado.
E04,Iluminação pública,Moradores,3509502009,V05212,Sim,56087.0,96.068993867973,96.9223059376512,NÃO,58382.0,57868.0,Domínio aplicável = Sim + Não; Não declarado coincide com circulação Aquavia + Saltado.
E04,Iluminação pública,Moradores,3509502009,V05213,Não,1781.0,3.0505977869891407,3.077694062348794,NÃO,58382.0,57868.0,Domínio aplicável = Sim + Não; Não declarado coincide com circulação Aquavia + Saltado.
E04,Iluminação pública,Moradores,3509502009,V05214,Não declarado,514.0,0.880408345037854,,SIM,58382.0,57868.0,Domínio aplicável = Sim + Não; Não declarado coincide com circulação Aquavia + Saltado.
E04,Iluminação pública,Faces,3509502009,V05412,Sim,3859.0,95.4489240662874,97.7209420106356,NÃO,4043.0,3949.0,Domínio aplicável = Sim + Não; Não declarado coincide com circulação Aquavia + Saltado.
E04,Iluminação pública,Faces,3509502009,V05413,Não,90.0,2.2260697501855056,2.279057989364396,NÃO,4043.0,3949.0,Domínio aplicável = Sim + Não; Não declarado coincide com circulação Aquavia + Saltado.
E04,Iluminação pública,Faces,3509502009,V05414,Não declarado,94.0,2.325006183527084,,SIM,4043.0,3949.0,Domínio aplicável = Sim + Não; Não declarado coincide com circulação Aquavia + Saltado.
E05,Ponto de ônibus,Domicílios,3509502009,V05015,Sim,4573.0,20.958797378431644,21.125329144916154,NÃO,21819.0,21647.0,Domínio aplicável = Sim + Não; Não declarado coincide com circulação Aquavia + Saltado.
E05,Ponto de ônibus,Domicílios,3509502009,V05016,Não,17074.0,78.25289884962648,78.87467085508385,NÃO,21819.0,21647.0,Domínio aplicável = Sim + Não; Não declarado coincide com circulação Aquavia + Saltado.
E05,Ponto de ônibus,Domicílios,3509502009,V05017,Não declarado,172.0,0.7883037719418855,,SIM,21819.0,21647.0,Domínio aplicável = Sim + Não; Não declarado coincide com circulação Aquavia + Saltado.
E05,Ponto de ônibus,Moradores,3509502009,V05215,Sim,11663.0,19.97704772018773,20.154489527891062,NÃO,58382.0,57868.0,Domínio aplicável = Sim + Não; Não declarado coincide com circulação Aquavia + Saltado.
E05,Ponto de ônibus,Moradores,3509502009,V05216,Não,46205.0,79.14254393477441,79.84551047210894,NÃO,58382.0,57868.0,Domínio aplicável = Sim + Não; Não declarado coincide com circulação Aquavia + Saltado.
E05,Ponto de ônibus,Moradores,3509502009,V05217,Não declarado,514.0,0.880408345037854,,SIM,58382.0,57868.0,Domínio aplicável = Sim + Não; Não declarado coincide com circulação Aquavia + Saltado.
E05,Ponto de ônibus,Faces,3509502009,V05415,Sim,641.0,15.854563442987878,16.231957457584198,NÃO,4043.0,3949.0,Domínio aplicável = Sim + Não; Não declarado coincide com circulação Aquavia + Saltado.
E05,Ponto de ônibus,Faces,3509502009,V05416,Não,3308.0,81.82043037348504,83.7680425424158,NÃO,4043.0,3949.0,Domínio aplicável = Sim + Não; Não declarado coincide com circulação Aquavia + Saltado.
E05,Ponto de ônibus,Faces,3509502009,V05417,Não declarado,94.0,2.325006183527084,,SIM,4043.0,3949.0,Domínio aplicável = Sim + Não; Não declarado coincide com circulação Aquavia + Saltado.
E06,Via sinalizada para bicicleta,Domicílios,3509502009,V05018,Sim,2808.0,12.869517393097759,12.971774379821685,NÃO,21819.0,21647.0,Domínio aplicável = Sim + Não; Não declarado coincide com circulação Aquavia + Saltado.
E06,Via sinalizada para bicicleta,Domicílios,3509502009,V05019,Não,18839.0,86.34217883496036,87.02822562017832,NÃO,21819.0,21647.0,Domínio aplicável = Sim + Não; Não declarado coincide com circulação Aquavia + Saltado.
E06,Via sinalizada para bicicleta,Domicílios,3509502009,V05020,Não declarado,172.0,0.7883037719418855,,SIM,21819.0,21647.0,Domínio aplicável = Sim + Não; Não declarado coincide com circulação Aquavia + Saltado.
E06,Via sinalizada para bicicleta,Moradores,3509502009,V05218,Sim,7348.0,12.586071049296017,12.69786410451372,NÃO,58382.0,57868.0,Domínio aplicável = Sim + Não; Não declarado coincide com circulação Aquavia + Saltado.
E06,Via sinalizada para bicicleta,Moradores,3509502009,V05219,Não,50520.0,86.53352060566613,87.30213589548627,NÃO,58382.0,57868.0,Domínio aplicável = Sim + Não; Não declarado coincide com circulação Aquavia + Saltado.
E06,Via sinalizada para bicicleta,Moradores,3509502009,V05220,Não declarado,514.0,0.880408345037854,,SIM,58382.0,57868.0,Domínio aplicável = Sim + Não; Não declarado coincide com circulação Aquavia + Saltado.
E06,Via sinalizada para bicicleta,Faces,3509502009,V05418,Sim,487.0,12.045510759337127,12.332236009116231,NÃO,4043.0,3949.0,Domínio aplicável = Sim + Não; Não declarado coincide com circulação Aquavia + Saltado.
E06,Via sinalizada para bicicleta,Faces,3509502009,V05419,Não,3462.0,85.62948305713579,87.66776399088377,NÃO,4043.0,3949.0,Domínio aplicável = Sim + Não; Não declarado coincide com circulação Aquavia + Saltado.
E06,Via sinalizada para bicicleta,Faces,3509502009,V05420,Não declarado,94.0,2.325006183527084,,SIM,4043.0,3949.0,Domínio aplicável = Sim + Não; Não declarado coincide com circulação Aquavia + Saltado.
E07,Calçada,Domicílios,3509502009,V05021,Sim,18767.0,86.01219120949631,86.69561602069571,NÃO,21819.0,21647.0,Domínio aplicável = Sim + Não; Não declarado coincide com circulação Aquavia + Saltado.
E07,Calçada,Domicílios,3509502009,V05022,Não,2880.0,13.199505018561805,13.30438397930429,NÃO,21819.0,21647.0,Domínio aplicável = Sim + Não; Não declarado coincide com circulação Aquavia + Saltado.
E07,Calçada,Domicílios,3509502009,V05023,Não declarado,172.0,0.7883037719418855,,SIM,21819.0,21647.0,Domínio aplicável = Sim + Não; Não declarado coincide com circulação Aquavia + Saltado.
E07,Calçada,Moradores,3509502009,V05221,Sim,49249.0,84.35647973690521,85.10575793184488,NÃO,58382.0,57868.0,Domínio aplicável = Sim + Não; Não declarado coincide com circulação Aquavia + Saltado.
E07,Calçada,Moradores,3509502009,V05222,Não,8619.0,14.763111918056934,14.894242068155112,NÃO,58382.0,57868.0,Domínio aplicável = Sim + Não; Não declarado coincide com circulação Aquavia + Saltado.
E07,Calçada,Moradores,3509502009,V05223,Não declarado,514.0,0.880408345037854,,SIM,58382.0,57868.0,Domínio aplicável = Sim + Não; Não declarado coincide com circulação Aquavia + Saltado.
E07,Calçada,Faces,3509502009,V05421,Sim,2942.0,72.76774672273064,74.49987338566726,NÃO,4043.0,3949.0,Domínio aplicável = Sim + Não; Não declarado coincide com circulação Aquavia + Saltado.
E07,Calçada,Faces,3509502009,V05422,Não,1007.0,24.90724709374227,25.500126614332743,NÃO,4043.0,3949.0,Domínio aplicável = Sim + Não; Não declarado coincide com circulação Aquavia + Saltado.
E07,Calçada,Faces,3509502009,V05423,Não declarado,94.0,2.325006183527084,,SIM,4043.0,3949.0,Domínio aplicável = Sim + Não; Não declarado coincide com circulação Aquavia + Saltado.
E08,Obstáculo na calçada,Domicílios,3509502009,V05024,Sim,6425.0,29.446812411201247,34.23562636542868,NÃO,21819.0,18767.0,Domínio aplicável = Sim + Não; Não declarado coincide com ausência/não aplicação de calçada.
E08,Obstáculo na calçada,Domicílios,3509502009,V05025,Não,12342.0,56.565378798295065,65.76437363457133,NÃO,21819.0,18767.0,Domínio aplicável = Sim + Não; Não declarado coincide com ausência/não aplicação de calçada.
E08,Obstáculo na calçada,Domicílios,3509502009,V05026,Não declarado,3052.0,13.987808790503689,,SIM,21819.0,18767.0,Domínio aplicável = Sim + Não; Não declarado coincide com ausência/não aplicação de calçada.
E08,Obstáculo na calçada,Moradores,3509502009,V05224,Sim,17420.0,29.83796375595218,35.37127657414364,NÃO,58382.0,49249.0,Domínio aplicável = Sim + Não; Não declarado coincide com ausência/não aplicação de calçada.
E08,Obstáculo na calçada,Moradores,3509502009,V05225,Não,31829.0,54.51851598095303,64.62872342585636,NÃO,58382.0,49249.0,Domínio aplicável = Sim + Não; Não declarado coincide com ausência/não aplicação de calçada.
E08,Obstáculo na calçada,Moradores,3509502009,V05226,Não declarado,9133.0,15.64352026309479,,SIM,58382.0,49249.0,Domínio aplicável = Sim + Não; Não declarado coincide com ausência/não aplicação de calçada.
E08,Obstáculo na calçada,Faces,3509502009,V05424,Sim,959.0,23.720009893643336,32.59687287559483,NÃO,4043.0,2942.0,Domínio aplicável = Sim + Não; Não declarado coincide com ausência/não aplicação de calçada.
E08,Obstáculo na calçada,Faces,3509502009,V05425,Não,1983.0,49.04773682908731,67.40312712440517,NÃO,4043.0,2942.0,Domínio aplicável = Sim + Não; Não declarado coincide com ausência/não aplicação de calçada.
E08,Obstáculo na calçada,Faces,3509502009,V05426,Não declarado,1101.0,27.232253277269354,,SIM,4043.0,2942.0,Domínio aplicável = Sim + Não; Não declarado coincide com ausência/não aplicação de calçada.
E09,Rampa para cadeirante,Domicílios,3509502009,V05027,Sim,3710.0,17.00352903432788,19.768743006340916,NÃO,21819.0,18767.0,Domínio aplicável = Sim + Não; Não declarado coincide com ausência/não aplicação de calçada.
E09,Rampa para cadeirante,Domicílios,3509502009,V05028,Não,15057.0,69.00866217516844,80.23125699365909,NÃO,21819.0,18767.0,Domínio aplicável = Sim + Não; Não declarado coincide com ausência/não aplicação de calçada.
E09,Rampa para cadeirante,Domicílios,3509502009,V05029,Não declarado,3052.0,13.987808790503689,,SIM,21819.0,18767.0,Domínio aplicável = Sim + Não; Não declarado coincide com ausência/não aplicação de calçada.
E09,Rampa para cadeirante,Moradores,3509502009,V05227,Sim,9983.0,17.099448460141826,20.270462344413083,NÃO,58382.0,49249.0,Domínio aplicável = Sim + Não; Não declarado coincide com ausência/não aplicação de calçada.
E09,Rampa para cadeirante,Moradores,3509502009,V05228,Não,39266.0,67.25703127676339,79.72953765558691,NÃO,58382.0,49249.0,Domínio aplicável = Sim + Não; Não declarado coincide com ausência/não aplicação de calçada.
E09,Rampa para cadeirante,Moradores,3509502009,V05229,Não declarado,9133.0,15.64352026309479,,SIM,58382.0,49249.0,Domínio aplicável = Sim + Não; Não declarado coincide com ausência/não aplicação de calçada.
E09,Rampa para cadeirante,Faces,3509502009,V05427,Sim,588.0,14.543655701211971,19.986403806934057,NÃO,4043.0,2942.0,Domínio aplicável = Sim + Não; Não declarado coincide com ausência/não aplicação de calçada.
E09,Rampa para cadeirante,Faces,3509502009,V05428,Não,2354.0,58.224091021518674,80.01359619306594,NÃO,4043.0,2942.0,Domínio aplicável = Sim + Não; Não declarado coincide com ausência/não aplicação de calçada.
E09,Rampa para cadeirante,Faces,3509502009,V05429,Não declarado,1101.0,27.232253277269354,,SIM,4043.0,2942.0,Domínio aplicável = Sim + Não; Não declarado coincide com ausência/não aplicação de calçada.
E10,Arborização,Domicílios,3509502009,V05030,Sem árvores,2317.0,10.619185113891563,10.703561694461126,NÃO,21819.0,21647.0,Domínio aplicável = classes substantivas de arborização; Saltado fica fora.
E10,Arborização,Domicílios,3509502009,V05031,1 a 2 árvores,4621.0,21.178789128741005,21.347068877904558,NÃO,21819.0,21647.0,Domínio aplicável = classes substantivas de arborização; Saltado fica fora.
E10,Arborização,Domicílios,3509502009,V05032,3 a 4 árvores,2491.0,11.416655208763004,11.507368226544095,NÃO,21819.0,21647.0,Domínio aplicável = classes substantivas de arborização; Saltado fica fora.
E10,Arborização,Domicílios,3509502009,V05033,5 ou mais árvores,12218.0,55.99706677666254,56.44200120109022,NÃO,21819.0,21647.0,Domínio aplicável = classes substantivas de arborização; Saltado fica fora.
E10,Arborização,Domicílios,3509502009,V05034,Saltado,172.0,0.7883037719418855,,SIM,21819.0,21647.0,Domínio aplicável = classes substantivas de arborização; Saltado fica fora.
E10,Arborização,Moradores,3509502009,V05230,Sem árvores,6407.0,10.974272892329829,11.071749498859473,NÃO,58382.0,57868.0,Domínio aplicável = classes substantivas de arborização; Saltado fica fora.
E10,Arborização,Moradores,3509502009,V05231,1 a 2 árvores,12460.0,21.342194512007126,21.5317619409691,NÃO,58382.0,57868.0,Domínio aplicável = classes substantivas de arborização; Saltado fica fora.
E10,Arborização,Moradores,3509502009,V05232,3 a 4 árvores,6785.0,11.621732725840156,11.724960254372018,NÃO,58382.0,57868.0,Domínio aplicável = classes substantivas de arborização; Saltado fica fora.
E10,Arborização,Moradores,3509502009,V05233,5 ou mais árvores,32216.0,55.18139152478504,55.6715283057994,NÃO,58382.0,57868.0,Domínio aplicável = classes substantivas de arborização; Saltado fica fora.
E10,Arborização,Moradores,3509502009,V05234,Saltado,514.0,0.880408345037854,,SIM,58382.0,57868.0,Domínio aplicável = classes substantivas de arborização; Saltado fica fora.
E10,Arborização,Faces,3509502009,V05430,Sem árvores,558.0,13.801632451150137,14.130159534059256,NÃO,4043.0,3949.0,Domínio aplicável = classes substantivas de arborização; Saltado fica fora.
E10,Arborização,Faces,3509502009,V05431,1 a 2 árvores,988.0,24.437299035369776,25.01899214991137,NÃO,4043.0,3949.0,Domínio aplicável = classes substantivas de arborização; Saltado fica fora.
E10,Arborização,Faces,3509502009,V05432,3 a 4 árvores,572.0,14.14790996784566,14.484679665738161,NÃO,4043.0,3949.0,Domínio aplicável = classes substantivas de arborização; Saltado fica fora.
E10,Arborização,Faces,3509502009,V05433,5 ou mais árvores,1831.0,45.28815236210735,46.366168650291215,NÃO,4043.0,3949.0,Domínio aplicável = classes substantivas de arborização; Saltado fica fora.
E10,Arborização,Faces,3509502009,V05434,Saltado,94.0,2.325006183527084,,SIM,4043.0,3949.0,Domínio aplicável = classes substantivas de arborização; Saltado fica fora.
E01,Circulação da via,Domicílios,3509502010,V05001,"Caminhão, ônibus",14216.0,96.73380511703866,96.73380511703866,NÃO,14696.0,14696.0,Domínio aplicável = categorias substantivas de circulação; Saltado fica fora.
E01,Circulação da via,Domicílios,3509502010,V05002,Carros de passeio ou van,480.0,3.26619488296135,3.26619488296135,NÃO,14696.0,14696.0,Domínio aplicável = categorias substantivas de circulação; Saltado fica fora.
E01,Circulação da via,Domicílios,3509502010,V05003,"Pedestres, bicicletas e motocicletas",0.0,0.0,0.0,NÃO,14696.0,14696.0,Domínio aplicável = categorias substantivas de circulação; Saltado fica fora.
E01,Circulação da via,Domicílios,3509502010,V05004,Aquavia,0.0,0.0,0.0,NÃO,14696.0,14696.0,Domínio aplicável = categorias substantivas de circulação; Saltado fica fora.
E01,Circulação da via,Domicílios,3509502010,V05005,Saltado,0.0,0.0,,SIM,14696.0,14696.0,Domínio aplicável = categorias substantivas de circulação; Saltado fica fora.
E01,Circulação da via,Moradores,3509502010,V05201,"Caminhão, ônibus",27093.0,97.06230072009457,97.06230072009457,NÃO,27913.0,27913.0,Domínio aplicável = categorias substantivas de circulação; Saltado fica fora.
E01,Circulação da via,Moradores,3509502010,V05202,Carros de passeio ou van,820.0,2.9376992799054205,2.9376992799054205,NÃO,27913.0,27913.0,Domínio aplicável = categorias substantivas de circulação; Saltado fica fora.
E01,Circulação da via,Moradores,3509502010,V05203,"Pedestres, bicicletas e motocicletas",0.0,0.0,0.0,NÃO,27913.0,27913.0,Domínio aplicável = categorias substantivas de circulação; Saltado fica fora.
E01,Circulação da via,Moradores,3509502010,V05204,Aquavia,0.0,0.0,0.0,NÃO,27913.0,27913.0,Domínio aplicável = categorias substantivas de circulação; Saltado fica fora.
E01,Circulação da via,Moradores,3509502010,V05205,Saltado,0.0,0.0,,SIM,27913.0,27913.0,Domínio aplicável = categorias substantivas de circulação; Saltado fica fora.
E01,Circulação da via,Faces,3509502010,V05401,"Caminhão, ônibus",969.0,97.87878787878788,97.87878787878788,NÃO,990.0,990.0,Domínio aplicável = categorias substantivas de circulação; Saltado fica fora.
E01,Circulação da via,Faces,3509502010,V05402,Carros de passeio ou van,21.0,2.1212121212121215,2.1212121212121215,NÃO,990.0,990.0,Domínio aplicável = categorias substantivas de circulação; Saltado fica fora.
E01,Circulação da via,Faces,3509502010,V05403,"Pedestres, bicicletas e motocicletas",0.0,0.0,0.0,NÃO,990.0,990.0,Domínio aplicável = categorias substantivas de circulação; Saltado fica fora.
E01,Circulação da via,Faces,3509502010,V05404,Aquavia,0.0,0.0,0.0,NÃO,990.0,990.0,Domínio aplicável = categorias substantivas de circulação; Saltado fica fora.
E01,Circulação da via,Faces,3509502010,V05405,Saltado,0.0,0.0,,SIM,990.0,990.0,Domínio aplicável = categorias substantivas de circulação; Saltado fica fora.
E02,Pavimentação,Domicílios,3509502010,V05006,Sim,14696.0,100.0,100.0,NÃO,14696.0,14696.0,Domínio aplicável = Sim + Não; Não declarado coincide com circulação Aquavia + Saltado.
E02,Pavimentação,Domicílios,3509502010,V05007,Não,0.0,0.0,0.0,NÃO,14696.0,14696.0,Domínio aplicável = Sim + Não; Não declarado coincide com circulação Aquavia + Saltado.
E02,Pavimentação,Domicílios,3509502010,V05008,Não declarado,0.0,0.0,,SIM,14696.0,14696.0,Domínio aplicável = Sim + Não; Não declarado coincide com circulação Aquavia + Saltado.
E02,Pavimentação,Moradores,3509502010,V05206,Sim,27913.0,100.0,100.0,NÃO,27913.0,27913.0,Domínio aplicável = Sim + Não; Não declarado coincide com circulação Aquavia + Saltado.
E02,Pavimentação,Moradores,3509502010,V05207,Não,0.0,0.0,0.0,NÃO,27913.0,27913.0,Domínio aplicável = Sim + Não; Não declarado coincide com circulação Aquavia + Saltado.
E02,Pavimentação,Moradores,3509502010,V05208,Não declarado,0.0,0.0,,SIM,27913.0,27913.0,Domínio aplicável = Sim + Não; Não declarado coincide com circulação Aquavia + Saltado.
E02,Pavimentação,Faces,3509502010,V05406,Sim,990.0,100.0,100.0,NÃO,990.0,990.0,Domínio aplicável = Sim + Não; Não declarado coincide com circulação Aquavia + Saltado.
E02,Pavimentação,Faces,3509502010,V05407,Não,0.0,0.0,0.0,NÃO,990.0,990.0,Domínio aplicável = Sim + Não; Não declarado coincide com circulação Aquavia + Saltado.
E02,Pavimentação,Faces,3509502010,V05408,Não declarado,0.0,0.0,,SIM,990.0,990.0,Domínio aplicável = Sim + Não; Não declarado coincide com circulação Aquavia + Saltado.
E03,Bueiro / boca de lobo,Domicílios,3509502010,V05009,Sim,8002.0,54.45019052803484,54.45019052803484,NÃO,14696.0,14696.0,Domínio aplicável = Sim + Não; Não declarado coincide com circulação Aquavia + Saltado.
E03,Bueiro / boca de lobo,Domicílios,3509502010,V05010,Não,6694.0,45.549809471965155,45.549809471965155,NÃO,14696.0,14696.0,Domínio aplicável = Sim + Não; Não declarado coincide com circulação Aquavia + Saltado.
E03,Bueiro / boca de lobo,Domicílios,3509502010,V05011,Não declarado,0.0,0.0,,SIM,14696.0,14696.0,Domínio aplicável = Sim + Não; Não declarado coincide com circulação Aquavia + Saltado.
E03,Bueiro / boca de lobo,Moradores,3509502010,V05209,Sim,15189.0,54.415505320101744,54.415505320101744,NÃO,27913.0,27913.0,Domínio aplicável = Sim + Não; Não declarado coincide com circulação Aquavia + Saltado.
E03,Bueiro / boca de lobo,Moradores,3509502010,V05210,Não,12724.0,45.584494679898256,45.584494679898256,NÃO,27913.0,27913.0,Domínio aplicável = Sim + Não; Não declarado coincide com circulação Aquavia + Saltado.
E03,Bueiro / boca de lobo,Moradores,3509502010,V05211,Não declarado,0.0,0.0,,SIM,27913.0,27913.0,Domínio aplicável = Sim + Não; Não declarado coincide com circulação Aquavia + Saltado.
E03,Bueiro / boca de lobo,Faces,3509502010,V05409,Sim,522.0,52.72727272727272,52.72727272727272,NÃO,990.0,990.0,Domínio aplicável = Sim + Não; Não declarado coincide com circulação Aquavia + Saltado.
E03,Bueiro / boca de lobo,Faces,3509502010,V05410,Não,468.0,47.27272727272727,47.27272727272727,NÃO,990.0,990.0,Domínio aplicável = Sim + Não; Não declarado coincide com circulação Aquavia + Saltado.
E03,Bueiro / boca de lobo,Faces,3509502010,V05411,Não declarado,0.0,0.0,,SIM,990.0,990.0,Domínio aplicável = Sim + Não; Não declarado coincide com circulação Aquavia + Saltado.
E04,Iluminação pública,Domicílios,3509502010,V05012,Sim,14696.0,100.0,100.0,NÃO,14696.0,14696.0,Domínio aplicável = Sim + Não; Não declarado coincide com circulação Aquavia + Saltado.
E04,Iluminação pública,Domicílios,3509502010,V05013,Não,0.0,0.0,0.0,NÃO,14696.0,14696.0,Domínio aplicável = Sim + Não; Não declarado coincide com circulação Aquavia + Saltado.
E04,Iluminação pública,Domicílios,3509502010,V05014,Não declarado,0.0,0.0,,SIM,14696.0,14696.0,Domínio aplicável = Sim + Não; Não declarado coincide com circulação Aquavia + Saltado.
E04,Iluminação pública,Moradores,3509502010,V05212,Sim,27913.0,100.0,100.0,NÃO,27913.0,27913.0,Domínio aplicável = Sim + Não; Não declarado coincide com circulação Aquavia + Saltado.
E04,Iluminação pública,Moradores,3509502010,V05213,Não,0.0,0.0,0.0,NÃO,27913.0,27913.0,Domínio aplicável = Sim + Não; Não declarado coincide com circulação Aquavia + Saltado.
E04,Iluminação pública,Moradores,3509502010,V05214,Não declarado,0.0,0.0,,SIM,27913.0,27913.0,Domínio aplicável = Sim + Não; Não declarado coincide com circulação Aquavia + Saltado.
E04,Iluminação pública,Faces,3509502010,V05412,Sim,990.0,100.0,100.0,NÃO,990.0,990.0,Domínio aplicável = Sim + Não; Não declarado coincide com circulação Aquavia + Saltado.
E04,Iluminação pública,Faces,3509502010,V05413,Não,0.0,0.0,0.0,NÃO,990.0,990.0,Domínio aplicável = Sim + Não; Não declarado coincide com circulação Aquavia + Saltado.
E04,Iluminação pública,Faces,3509502010,V05414,Não declarado,0.0,0.0,,SIM,990.0,990.0,Domínio aplicável = Sim + Não; Não declarado coincide com circulação Aquavia + Saltado.
E05,Ponto de ônibus,Domicílios,3509502010,V05015,Sim,1533.0,10.431409907457812,10.431409907457812,NÃO,14696.0,14696.0,Domínio aplicável = Sim + Não; Não declarado coincide com circulação Aquavia + Saltado.
E05,Ponto de ônibus,Domicílios,3509502010,V05016,Não,13163.0,89.5685900925422,89.5685900925422,NÃO,14696.0,14696.0,Domínio aplicável = Sim + Não; Não declarado coincide com circulação Aquavia + Saltado.
E05,Ponto de ônibus,Domicílios,3509502010,V05017,Não declarado,0.0,0.0,,SIM,14696.0,14696.0,Domínio aplicável = Sim + Não; Não declarado coincide com circulação Aquavia + Saltado.
E05,Ponto de ônibus,Moradores,3509502010,V05215,Sim,2913.0,10.435997563859134,10.435997563859134,NÃO,27913.0,27913.0,Domínio aplicável = Sim + Não; Não declarado coincide com circulação Aquavia + Saltado.
E05,Ponto de ônibus,Moradores,3509502010,V05216,Não,25000.0,89.56400243614087,89.56400243614087,NÃO,27913.0,27913.0,Domínio aplicável = Sim + Não; Não declarado coincide com circulação Aquavia + Saltado.
E05,Ponto de ônibus,Moradores,3509502010,V05217,Não declarado,0.0,0.0,,SIM,27913.0,27913.0,Domínio aplicável = Sim + Não; Não declarado coincide com circulação Aquavia + Saltado.
E05,Ponto de ônibus,Faces,3509502010,V05415,Sim,105.0,10.606060606060606,10.606060606060606,NÃO,990.0,990.0,Domínio aplicável = Sim + Não; Não declarado coincide com circulação Aquavia + Saltado.
E05,Ponto de ônibus,Faces,3509502010,V05416,Não,885.0,89.39393939393939,89.39393939393939,NÃO,990.0,990.0,Domínio aplicável = Sim + Não; Não declarado coincide com circulação Aquavia + Saltado.
E05,Ponto de ônibus,Faces,3509502010,V05417,Não declarado,0.0,0.0,,SIM,990.0,990.0,Domínio aplicável = Sim + Não; Não declarado coincide com circulação Aquavia + Saltado.
E06,Via sinalizada para bicicleta,Domicílios,3509502010,V05018,Sim,2.0,0.013609145345672292,0.013609145345672292,NÃO,14696.0,14696.0,Domínio aplicável = Sim + Não; Não declarado coincide com circulação Aquavia + Saltado.
E06,Via sinalizada para bicicleta,Domicílios,3509502010,V05019,Não,14694.0,99.98639085465433,99.98639085465433,NÃO,14696.0,14696.0,Domínio aplicável = Sim + Não; Não declarado coincide com circulação Aquavia + Saltado.
E06,Via sinalizada para bicicleta,Domicílios,3509502010,V05020,Não declarado,0.0,0.0,,SIM,14696.0,14696.0,Domínio aplicável = Sim + Não; Não declarado coincide com circulação Aquavia + Saltado.
E06,Via sinalizada para bicicleta,Moradores,3509502010,V05218,Sim,4.0,0.014330240389782539,0.014330240389782539,NÃO,27913.0,27913.0,Domínio aplicável = Sim + Não; Não declarado coincide com circulação Aquavia + Saltado.
E06,Via sinalizada para bicicleta,Moradores,3509502010,V05219,Não,27909.0,99.98566975961022,99.98566975961022,NÃO,27913.0,27913.0,Domínio aplicável = Sim + Não; Não declarado coincide com circulação Aquavia + Saltado.
E06,Via sinalizada para bicicleta,Moradores,3509502010,V05220,Não declarado,0.0,0.0,,SIM,27913.0,27913.0,Domínio aplicável = Sim + Não; Não declarado coincide com circulação Aquavia + Saltado.
E06,Via sinalizada para bicicleta,Faces,3509502010,V05418,Sim,15.0,1.5151515151515151,1.5151515151515151,NÃO,990.0,990.0,Domínio aplicável = Sim + Não; Não declarado coincide com circulação Aquavia + Saltado.
E06,Via sinalizada para bicicleta,Faces,3509502010,V05419,Não,975.0,98.48484848484848,98.48484848484848,NÃO,990.0,990.0,Domínio aplicável = Sim + Não; Não declarado coincide com circulação Aquavia + Saltado.
E06,Via sinalizada para bicicleta,Faces,3509502010,V05420,Não declarado,0.0,0.0,,SIM,990.0,990.0,Domínio aplicável = Sim + Não; Não declarado coincide com circulação Aquavia + Saltado.
E07,Calçada,Domicílios,3509502010,V05021,Sim,14693.0,99.9795862819815,99.9795862819815,NÃO,14696.0,14696.0,Domínio aplicável = Sim + Não; Não declarado coincide com circulação Aquavia + Saltado.
E07,Calçada,Domicílios,3509502010,V05022,Não,3.0,0.020413718018508435,0.020413718018508435,NÃO,14696.0,14696.0,Domínio aplicável = Sim + Não; Não declarado coincide com circulação Aquavia + Saltado.
E07,Calçada,Domicílios,3509502010,V05023,Não declarado,0.0,0.0,,SIM,14696.0,14696.0,Domínio aplicável = Sim + Não; Não declarado coincide com circulação Aquavia + Saltado.
E07,Calçada,Moradores,3509502010,V05221,Sim,27902.0,99.96059183892811,99.96059183892811,NÃO,27913.0,27913.0,Domínio aplicável = Sim + Não; Não declarado coincide com circulação Aquavia + Saltado.
E07,Calçada,Moradores,3509502010,V05222,Não,11.0,0.03940816107190198,0.03940816107190198,NÃO,27913.0,27913.0,Domínio aplicável = Sim + Não; Não declarado coincide com circulação Aquavia + Saltado.
E07,Calçada,Moradores,3509502010,V05223,Não declarado,0.0,0.0,,SIM,27913.0,27913.0,Domínio aplicável = Sim + Não; Não declarado coincide com circulação Aquavia + Saltado.
E07,Calçada,Faces,3509502010,V05421,Sim,961.0,97.07070707070707,97.07070707070707,NÃO,990.0,990.0,Domínio aplicável = Sim + Não; Não declarado coincide com circulação Aquavia + Saltado.
E07,Calçada,Faces,3509502010,V05422,Não,29.0,2.9292929292929295,2.9292929292929295,NÃO,990.0,990.0,Domínio aplicável = Sim + Não; Não declarado coincide com circulação Aquavia + Saltado.
E07,Calçada,Faces,3509502010,V05423,Não declarado,0.0,0.0,,SIM,990.0,990.0,Domínio aplicável = Sim + Não; Não declarado coincide com circulação Aquavia + Saltado.
E08,Obstáculo na calçada,Domicílios,3509502010,V05024,Sim,2662.0,18.113772455089823,18.117470904512352,NÃO,14696.0,14693.0,Domínio aplicável = Sim + Não; Não declarado coincide com ausência/não aplicação de calçada.
E08,Obstáculo na calçada,Domicílios,3509502010,V05025,Não,12031.0,81.86581382689168,81.88252909548764,NÃO,14696.0,14693.0,Domínio aplicável = Sim + Não; Não declarado coincide com ausência/não aplicação de calçada.
E08,Obstáculo na calçada,Domicílios,3509502010,V05026,Não declarado,3.0,0.020413718018508435,,SIM,14696.0,14693.0,Domínio aplicável = Sim + Não; Não declarado coincide com ausência/não aplicação de calçada.
E08,Obstáculo na calçada,Moradores,3509502010,V05224,Sim,5176.0,18.543331064378606,18.55064153107304,NÃO,27913.0,27902.0,Domínio aplicável = Sim + Não; Não declarado coincide com ausência/não aplicação de calçada.
E08,Obstáculo na calçada,Moradores,3509502010,V05225,Não,22726.0,81.41726077454949,81.44935846892696,NÃO,27913.0,27902.0,Domínio aplicável = Sim + Não; Não declarado coincide com ausência/não aplicação de calçada.
E08,Obstáculo na calçada,Moradores,3509502010,V05226,Não declarado,11.0,0.03940816107190198,,SIM,27913.0,27902.0,Domínio aplicável = Sim + Não; Não declarado coincide com ausência/não aplicação de calçada.
E08,Obstáculo na calçada,Faces,3509502010,V05424,Sim,187.0,18.88888888888889,19.458896982310094,NÃO,990.0,961.0,Domínio aplicável = Sim + Não; Não declarado coincide com ausência/não aplicação de calçada.
E08,Obstáculo na calçada,Faces,3509502010,V05425,Não,774.0,78.18181818181819,80.5411030176899,NÃO,990.0,961.0,Domínio aplicável = Sim + Não; Não declarado coincide com ausência/não aplicação de calçada.
E08,Obstáculo na calçada,Faces,3509502010,V05426,Não declarado,29.0,2.9292929292929295,,SIM,990.0,961.0,Domínio aplicável = Sim + Não; Não declarado coincide com ausência/não aplicação de calçada.
E09,Rampa para cadeirante,Domicílios,3509502010,V05027,Sim,10312.0,70.16875340228633,70.18308037841149,NÃO,14696.0,14693.0,Domínio aplicável = Sim + Não; Não declarado coincide com ausência/não aplicação de calçada.
E09,Rampa para cadeirante,Domicílios,3509502010,V05028,Não,4381.0,29.810832879695155,29.81691962158851,NÃO,14696.0,14693.0,Domínio aplicável = Sim + Não; Não declarado coincide com ausência/não aplicação de calçada.
E09,Rampa para cadeirante,Domicílios,3509502010,V05029,Não declarado,3.0,0.020413718018508435,,SIM,14696.0,14693.0,Domínio aplicável = Sim + Não; Não declarado coincide com ausência/não aplicação de calçada.
E09,Rampa para cadeirante,Moradores,3509502010,V05227,Sim,19312.0,69.1864006018701,69.21367643896494,NÃO,27913.0,27902.0,Domínio aplicável = Sim + Não; Não declarado coincide com ausência/não aplicação de calçada.
E09,Rampa para cadeirante,Moradores,3509502010,V05228,Não,8590.0,30.774191237058,30.78632356103505,NÃO,27913.0,27902.0,Domínio aplicável = Sim + Não; Não declarado coincide com ausência/não aplicação de calçada.
E09,Rampa para cadeirante,Moradores,3509502010,V05229,Não declarado,11.0,0.03940816107190198,,SIM,27913.0,27902.0,Domínio aplicável = Sim + Não; Não declarado coincide com ausência/não aplicação de calçada.
E09,Rampa para cadeirante,Faces,3509502010,V05427,Sim,554.0,55.959595959595966,57.64828303850156,NÃO,990.0,961.0,Domínio aplicável = Sim + Não; Não declarado coincide com ausência/não aplicação de calçada.
E09,Rampa para cadeirante,Faces,3509502010,V05428,Não,407.0,41.11111111111111,42.35171696149844,NÃO,990.0,961.0,Domínio aplicável = Sim + Não; Não declarado coincide com ausência/não aplicação de calçada.
E09,Rampa para cadeirante,Faces,3509502010,V05429,Não declarado,29.0,2.9292929292929295,,SIM,990.0,961.0,Domínio aplicável = Sim + Não; Não declarado coincide com ausência/não aplicação de calçada.
E10,Arborização,Domicílios,3509502010,V05030,Sem árvores,2269.0,15.439575394665214,15.439575394665214,NÃO,14696.0,14696.0,Domínio aplicável = classes substantivas de arborização; Saltado fica fora.
E10,Arborização,Domicílios,3509502010,V05031,1 a 2 árvores,1567.0,10.66276537833424,10.66276537833424,NÃO,14696.0,14696.0,Domínio aplicável = classes substantivas de arborização; Saltado fica fora.
E10,Arborização,Domicílios,3509502010,V05032,3 a 4 árvores,2560.0,17.419706042460533,17.419706042460533,NÃO,14696.0,14696.0,Domínio aplicável = classes substantivas de arborização; Saltado fica fora.
E10,Arborização,Domicílios,3509502010,V05033,5 ou mais árvores,8300.0,56.477953184540006,56.477953184540006,NÃO,14696.0,14696.0,Domínio aplicável = classes substantivas de arborização; Saltado fica fora.
E10,Arborização,Domicílios,3509502010,V05034,Saltado,0.0,0.0,,SIM,14696.0,14696.0,Domínio aplicável = classes substantivas de arborização; Saltado fica fora.
E10,Arborização,Moradores,3509502010,V05230,Sem árvores,4044.0,14.487873034070148,14.487873034070148,NÃO,27913.0,27913.0,Domínio aplicável = classes substantivas de arborização; Saltado fica fora.
E10,Arborização,Moradores,3509502010,V05231,1 a 2 árvores,2880.0,10.317773080643427,10.317773080643427,NÃO,27913.0,27913.0,Domínio aplicável = classes substantivas de arborização; Saltado fica fora.
E10,Arborização,Moradores,3509502010,V05232,3 a 4 árvores,4824.0,17.28226991007774,17.28226991007774,NÃO,27913.0,27913.0,Domínio aplicável = classes substantivas de arborização; Saltado fica fora.
E10,Arborização,Moradores,3509502010,V05233,5 ou mais árvores,16165.0,57.91208397520868,57.91208397520868,NÃO,27913.0,27913.0,Domínio aplicável = classes substantivas de arborização; Saltado fica fora.
E10,Arborização,Moradores,3509502010,V05234,Saltado,0.0,0.0,,SIM,27913.0,27913.0,Domínio aplicável = classes substantivas de arborização; Saltado fica fora.
E10,Arborização,Faces,3509502010,V05430,Sem árvores,227.0,22.92929292929293,22.92929292929293,NÃO,990.0,990.0,Domínio aplicável = classes substantivas de arborização; Saltado fica fora.
E10,Arborização,Faces,3509502010,V05431,1 a 2 árvores,188.0,18.98989898989899,18.98989898989899,NÃO,990.0,990.0,Domínio aplicável = classes substantivas de arborização; Saltado fica fora.
E10,Arborização,Faces,3509502010,V05432,3 a 4 árvores,184.0,18.585858585858585,18.585858585858585,NÃO,990.0,990.0,Domínio aplicável = classes substantivas de arborização; Saltado fica fora.
E10,Arborização,Faces,3509502010,V05433,5 ou mais árvores,391.0,39.494949494949495,39.494949494949495,NÃO,990.0,990.0,Domínio aplicável = classes substantivas de arborização; Saltado fica fora.
E10,Arborização,Faces,3509502010,V05434,Saltado,0.0,0.0,,SIM,990.0,990.0,Domínio aplicável = classes substantivas de arborização; Saltado fica fora.
E01,Circulação da via,Domicílios,3509502011,V05001,"Caminhão, ônibus",15930.0,98.54624188060625,98.54624188060625,NÃO,16165.0,16165.0,Domínio aplicável = categorias substantivas de circulação; Saltado fica fora.
E01,Circulação da via,Domicílios,3509502011,V05002,Carros de passeio ou van,154.0,0.9526755335601609,0.9526755335601609,NÃO,16165.0,16165.0,Domínio aplicável = categorias substantivas de circulação; Saltado fica fora.
E01,Circulação da via,Domicílios,3509502011,V05003,"Pedestres, bicicletas e motocicletas",81.0,0.5010825858335911,0.5010825858335911,NÃO,16165.0,16165.0,Domínio aplicável = categorias substantivas de circulação; Saltado fica fora.
E01,Circulação da via,Domicílios,3509502011,V05004,Aquavia,0.0,0.0,0.0,NÃO,16165.0,16165.0,Domínio aplicável = categorias substantivas de circulação; Saltado fica fora.
E01,Circulação da via,Domicílios,3509502011,V05005,Saltado,0.0,0.0,,SIM,16165.0,16165.0,Domínio aplicável = categorias substantivas de circulação; Saltado fica fora.
E01,Circulação da via,Moradores,3509502011,V05201,"Caminhão, ônibus",27935.0,98.37999647825322,98.37999647825322,NÃO,28395.0,28395.0,Domínio aplicável = categorias substantivas de circulação; Saltado fica fora.
E01,Circulação da via,Moradores,3509502011,V05202,Carros de passeio ou van,312.0,1.09878499735869,1.09878499735869,NÃO,28395.0,28395.0,Domínio aplicável = categorias substantivas de circulação; Saltado fica fora.
E01,Circulação da via,Moradores,3509502011,V05203,"Pedestres, bicicletas e motocicletas",148.0,0.5212185243880965,0.5212185243880965,NÃO,28395.0,28395.0,Domínio aplicável = categorias substantivas de circulação; Saltado fica fora.
E01,Circulação da via,Moradores,3509502011,V05204,Aquavia,0.0,0.0,0.0,NÃO,28395.0,28395.0,Domínio aplicável = categorias substantivas de circulação; Saltado fica fora.
E01,Circulação da via,Moradores,3509502011,V05205,Saltado,0.0,0.0,,SIM,28395.0,28395.0,Domínio aplicável = categorias substantivas de circulação; Saltado fica fora.
E01,Circulação da via,Faces,3509502011,V05401,"Caminhão, ônibus",1163.0,94.86133768352364,95.24979524979526,NÃO,1226.0,1221.0,Domínio aplicável = categorias substantivas de circulação; Saltado fica fora.
E01,Circulação da via,Faces,3509502011,V05402,Carros de passeio ou van,31.0,2.528548123980424,2.538902538902539,NÃO,1226.0,1221.0,Domínio aplicável = categorias substantivas de circulação; Saltado fica fora.
E01,Circulação da via,Faces,3509502011,V05403,"Pedestres, bicicletas e motocicletas",27.0,2.202283849918434,2.211302211302211,NÃO,1226.0,1221.0,Domínio aplicável = categorias substantivas de circulação; Saltado fica fora.
E01,Circulação da via,Faces,3509502011,V05404,Aquavia,0.0,0.0,0.0,NÃO,1226.0,1221.0,Domínio aplicável = categorias substantivas de circulação; Saltado fica fora.
E01,Circulação da via,Faces,3509502011,V05405,Saltado,5.0,0.40783034257748774,,SIM,1226.0,1221.0,Domínio aplicável = categorias substantivas de circulação; Saltado fica fora.
E02,Pavimentação,Domicílios,3509502011,V05006,Sim,16165.0,100.0,100.0,NÃO,16165.0,16165.0,Domínio aplicável = Sim + Não; Não declarado coincide com circulação Aquavia + Saltado.
E02,Pavimentação,Domicílios,3509502011,V05007,Não,0.0,0.0,0.0,NÃO,16165.0,16165.0,Domínio aplicável = Sim + Não; Não declarado coincide com circulação Aquavia + Saltado.
E02,Pavimentação,Domicílios,3509502011,V05008,Não declarado,0.0,0.0,,SIM,16165.0,16165.0,Domínio aplicável = Sim + Não; Não declarado coincide com circulação Aquavia + Saltado.
E02,Pavimentação,Moradores,3509502011,V05206,Sim,28395.0,100.0,100.0,NÃO,28395.0,28395.0,Domínio aplicável = Sim + Não; Não declarado coincide com circulação Aquavia + Saltado.
E02,Pavimentação,Moradores,3509502011,V05207,Não,0.0,0.0,0.0,NÃO,28395.0,28395.0,Domínio aplicável = Sim + Não; Não declarado coincide com circulação Aquavia + Saltado.
E02,Pavimentação,Moradores,3509502011,V05208,Não declarado,0.0,0.0,,SIM,28395.0,28395.0,Domínio aplicável = Sim + Não; Não declarado coincide com circulação Aquavia + Saltado.
E02,Pavimentação,Faces,3509502011,V05406,Sim,1219.0,99.42903752039152,99.83619983619984,NÃO,1226.0,1221.0,Domínio aplicável = Sim + Não; Não declarado coincide com circulação Aquavia + Saltado.
E02,Pavimentação,Faces,3509502011,V05407,Não,2.0,0.1631321370309951,0.16380016380016382,NÃO,1226.0,1221.0,Domínio aplicável = Sim + Não; Não declarado coincide com circulação Aquavia + Saltado.
E02,Pavimentação,Faces,3509502011,V05408,Não declarado,5.0,0.40783034257748774,,SIM,1226.0,1221.0,Domínio aplicável = Sim + Não; Não declarado coincide com circulação Aquavia + Saltado.
E03,Bueiro / boca de lobo,Domicílios,3509502011,V05009,Sim,11511.0,71.20940303124034,71.20940303124034,NÃO,16165.0,16165.0,Domínio aplicável = Sim + Não; Não declarado coincide com circulação Aquavia + Saltado.
E03,Bueiro / boca de lobo,Domicílios,3509502011,V05010,Não,4654.0,28.79059696875967,28.79059696875967,NÃO,16165.0,16165.0,Domínio aplicável = Sim + Não; Não declarado coincide com circulação Aquavia + Saltado.
E03,Bueiro / boca de lobo,Domicílios,3509502011,V05011,Não declarado,0.0,0.0,,SIM,16165.0,16165.0,Domínio aplicável = Sim + Não; Não declarado coincide com circulação Aquavia + Saltado.
E03,Bueiro / boca de lobo,Moradores,3509502011,V05209,Sim,20322.0,71.5689381933439,71.5689381933439,NÃO,28395.0,28395.0,Domínio aplicável = Sim + Não; Não declarado coincide com circulação Aquavia + Saltado.
E03,Bueiro / boca de lobo,Moradores,3509502011,V05210,Não,8073.0,28.4310618066561,28.4310618066561,NÃO,28395.0,28395.0,Domínio aplicável = Sim + Não; Não declarado coincide com circulação Aquavia + Saltado.
E03,Bueiro / boca de lobo,Moradores,3509502011,V05211,Não declarado,0.0,0.0,,SIM,28395.0,28395.0,Domínio aplicável = Sim + Não; Não declarado coincide com circulação Aquavia + Saltado.
E03,Bueiro / boca de lobo,Faces,3509502011,V05409,Sim,867.0,70.71778140293638,71.007371007371,NÃO,1226.0,1221.0,Domínio aplicável = Sim + Não; Não declarado coincide com circulação Aquavia + Saltado.
E03,Bueiro / boca de lobo,Faces,3509502011,V05410,Não,354.0,28.87438825448613,28.992628992628994,NÃO,1226.0,1221.0,Domínio aplicável = Sim + Não; Não declarado coincide com circulação Aquavia + Saltado.
E03,Bueiro / boca de lobo,Faces,3509502011,V05411,Não declarado,5.0,0.40783034257748774,,SIM,1226.0,1221.0,Domínio aplicável = Sim + Não; Não declarado coincide com circulação Aquavia + Saltado.
E04,Iluminação pública,Domicílios,3509502011,V05012,Sim,16165.0,100.0,100.0,NÃO,16165.0,16165.0,Domínio aplicável = Sim + Não; Não declarado coincide com circulação Aquavia + Saltado.
E04,Iluminação pública,Domicílios,3509502011,V05013,Não,0.0,0.0,0.0,NÃO,16165.0,16165.0,Domínio aplicável = Sim + Não; Não declarado coincide com circulação Aquavia + Saltado.
E04,Iluminação pública,Domicílios,3509502011,V05014,Não declarado,0.0,0.0,,SIM,16165.0,16165.0,Domínio aplicável = Sim + Não; Não declarado coincide com circulação Aquavia + Saltado.
E04,Iluminação pública,Moradores,3509502011,V05212,Sim,28395.0,100.0,100.0,NÃO,28395.0,28395.0,Domínio aplicável = Sim + Não; Não declarado coincide com circulação Aquavia + Saltado.
E04,Iluminação pública,Moradores,3509502011,V05213,Não,0.0,0.0,0.0,NÃO,28395.0,28395.0,Domínio aplicável = Sim + Não; Não declarado coincide com circulação Aquavia + Saltado.
E04,Iluminação pública,Moradores,3509502011,V05214,Não declarado,0.0,0.0,,SIM,28395.0,28395.0,Domínio aplicável = Sim + Não; Não declarado coincide com circulação Aquavia + Saltado.
E04,Iluminação pública,Faces,3509502011,V05412,Sim,1217.0,99.26590538336052,99.67239967239966,NÃO,1226.0,1221.0,Domínio aplicável = Sim + Não; Não declarado coincide com circulação Aquavia + Saltado.
E04,Iluminação pública,Faces,3509502011,V05413,Não,4.0,0.3262642740619902,0.32760032760032765,NÃO,1226.0,1221.0,Domínio aplicável = Sim + Não; Não declarado coincide com circulação Aquavia + Saltado.
E04,Iluminação pública,Faces,3509502011,V05414,Não declarado,5.0,0.40783034257748774,,SIM,1226.0,1221.0,Domínio aplicável = Sim + Não; Não declarado coincide com circulação Aquavia + Saltado.
E05,Ponto de ônibus,Domicílios,3509502011,V05015,Sim,2371.0,14.667491493968452,14.667491493968452,NÃO,16165.0,16165.0,Domínio aplicável = Sim + Não; Não declarado coincide com circulação Aquavia + Saltado.
E05,Ponto de ônibus,Domicílios,3509502011,V05016,Não,13794.0,85.33250850603154,85.33250850603154,NÃO,16165.0,16165.0,Domínio aplicável = Sim + Não; Não declarado coincide com circulação Aquavia + Saltado.
E05,Ponto de ônibus,Domicílios,3509502011,V05017,Não declarado,0.0,0.0,,SIM,16165.0,16165.0,Domínio aplicável = Sim + Não; Não declarado coincide com circulação Aquavia + Saltado.
E05,Ponto de ônibus,Moradores,3509502011,V05215,Sim,3788.0,13.340376826906144,13.340376826906144,NÃO,28395.0,28395.0,Domínio aplicável = Sim + Não; Não declarado coincide com circulação Aquavia + Saltado.
E05,Ponto de ônibus,Moradores,3509502011,V05216,Não,24607.0,86.65962317309386,86.65962317309386,NÃO,28395.0,28395.0,Domínio aplicável = Sim + Não; Não declarado coincide com circulação Aquavia + Saltado.
E05,Ponto de ônibus,Moradores,3509502011,V05217,Não declarado,0.0,0.0,,SIM,28395.0,28395.0,Domínio aplicável = Sim + Não; Não declarado coincide com circulação Aquavia + Saltado.
E05,Ponto de ônibus,Faces,3509502011,V05415,Sim,222.0,18.107667210440457,18.181818181818183,NÃO,1226.0,1221.0,Domínio aplicável = Sim + Não; Não declarado coincide com circulação Aquavia + Saltado.
E05,Ponto de ônibus,Faces,3509502011,V05416,Não,999.0,81.48450244698205,81.81818181818183,NÃO,1226.0,1221.0,Domínio aplicável = Sim + Não; Não declarado coincide com circulação Aquavia + Saltado.
E05,Ponto de ônibus,Faces,3509502011,V05417,Não declarado,5.0,0.40783034257748774,,SIM,1226.0,1221.0,Domínio aplicável = Sim + Não; Não declarado coincide com circulação Aquavia + Saltado.
E06,Via sinalizada para bicicleta,Domicílios,3509502011,V05018,Sim,242.0,1.4970615527373956,1.4970615527373956,NÃO,16165.0,16165.0,Domínio aplicável = Sim + Não; Não declarado coincide com circulação Aquavia + Saltado.
E06,Via sinalizada para bicicleta,Domicílios,3509502011,V05019,Não,15923.0,98.5029384472626,98.5029384472626,NÃO,16165.0,16165.0,Domínio aplicável = Sim + Não; Não declarado coincide com circulação Aquavia + Saltado.
E06,Via sinalizada para bicicleta,Domicílios,3509502011,V05020,Não declarado,0.0,0.0,,SIM,16165.0,16165.0,Domínio aplicável = Sim + Não; Não declarado coincide com circulação Aquavia + Saltado.
E06,Via sinalizada para bicicleta,Moradores,3509502011,V05218,Sim,377.0,1.3276985384750837,1.3276985384750837,NÃO,28395.0,28395.0,Domínio aplicável = Sim + Não; Não declarado coincide com circulação Aquavia + Saltado.
E06,Via sinalizada para bicicleta,Moradores,3509502011,V05219,Não,28018.0,98.67230146152491,98.67230146152491,NÃO,28395.0,28395.0,Domínio aplicável = Sim + Não; Não declarado coincide com circulação Aquavia + Saltado.
E06,Via sinalizada para bicicleta,Moradores,3509502011,V05220,Não declarado,0.0,0.0,,SIM,28395.0,28395.0,Domínio aplicável = Sim + Não; Não declarado coincide com circulação Aquavia + Saltado.
E06,Via sinalizada para bicicleta,Faces,3509502011,V05418,Sim,9.0,0.734094616639478,0.7371007371007371,NÃO,1226.0,1221.0,Domínio aplicável = Sim + Não; Não declarado coincide com circulação Aquavia + Saltado.
E06,Via sinalizada para bicicleta,Faces,3509502011,V05419,Não,1212.0,98.85807504078304,99.26289926289927,NÃO,1226.0,1221.0,Domínio aplicável = Sim + Não; Não declarado coincide com circulação Aquavia + Saltado.
E06,Via sinalizada para bicicleta,Faces,3509502011,V05420,Não declarado,5.0,0.40783034257748774,,SIM,1226.0,1221.0,Domínio aplicável = Sim + Não; Não declarado coincide com circulação Aquavia + Saltado.
E07,Calçada,Domicílios,3509502011,V05021,Sim,16099.0,99.59171048561707,99.59171048561707,NÃO,16165.0,16165.0,Domínio aplicável = Sim + Não; Não declarado coincide com circulação Aquavia + Saltado.
E07,Calçada,Domicílios,3509502011,V05022,Não,66.0,0.40828951438292604,0.40828951438292604,NÃO,16165.0,16165.0,Domínio aplicável = Sim + Não; Não declarado coincide com circulação Aquavia + Saltado.
E07,Calçada,Domicílios,3509502011,V05023,Não declarado,0.0,0.0,,SIM,16165.0,16165.0,Domínio aplicável = Sim + Não; Não declarado coincide com circulação Aquavia + Saltado.
E07,Calçada,Moradores,3509502011,V05221,Sim,28291.0,99.63373833421377,99.63373833421377,NÃO,28395.0,28395.0,Domínio aplicável = Sim + Não; Não declarado coincide com circulação Aquavia + Saltado.
E07,Calçada,Moradores,3509502011,V05222,Não,104.0,0.36626166578623,0.36626166578623,NÃO,28395.0,28395.0,Domínio aplicável = Sim + Não; Não declarado coincide com circulação Aquavia + Saltado.
E07,Calçada,Moradores,3509502011,V05223,Não declarado,0.0,0.0,,SIM,28395.0,28395.0,Domínio aplicável = Sim + Não; Não declarado coincide com circulação Aquavia + Saltado.
E07,Calçada,Faces,3509502011,V05421,Sim,1199.0,97.79771615008157,98.1981981981982,NÃO,1226.0,1221.0,Domínio aplicável = Sim + Não; Não declarado coincide com circulação Aquavia + Saltado.
E07,Calçada,Faces,3509502011,V05422,Não,22.0,1.794453507340946,1.8018018018018018,NÃO,1226.0,1221.0,Domínio aplicável = Sim + Não; Não declarado coincide com circulação Aquavia + Saltado.
E07,Calçada,Faces,3509502011,V05423,Não declarado,5.0,0.40783034257748774,,SIM,1226.0,1221.0,Domínio aplicável = Sim + Não; Não declarado coincide com circulação Aquavia + Saltado.
E08,Obstáculo na calçada,Domicílios,3509502011,V05024,Sim,3597.0,22.25177853386947,22.343002670973352,NÃO,16165.0,16099.0,Domínio aplicável = Sim + Não; Não declarado coincide com ausência/não aplicação de calçada.
E08,Obstáculo na calçada,Domicílios,3509502011,V05025,Não,12502.0,77.3399319517476,77.65699732902664,NÃO,16165.0,16099.0,Domínio aplicável = Sim + Não; Não declarado coincide com ausência/não aplicação de calçada.
E08,Obstáculo na calçada,Domicílios,3509502011,V05026,Não declarado,66.0,0.40828951438292604,,SIM,16165.0,16099.0,Domínio aplicável = Sim + Não; Não declarado coincide com ausência/não aplicação de calçada.
E08,Obstáculo na calçada,Moradores,3509502011,V05224,Sim,6426.0,22.630744849445325,22.713937294545968,NÃO,28395.0,28291.0,Domínio aplicável = Sim + Não; Não declarado coincide com ausência/não aplicação de calçada.
E08,Obstáculo na calçada,Moradores,3509502011,V05225,Não,21865.0,77.00299348476844,77.28606270545403,NÃO,28395.0,28291.0,Domínio aplicável = Sim + Não; Não declarado coincide com ausência/não aplicação de calçada.
E08,Obstáculo na calçada,Moradores,3509502011,V05226,Não declarado,104.0,0.36626166578623,,SIM,28395.0,28291.0,Domínio aplicável = Sim + Não; Não declarado coincide com ausência/não aplicação de calçada.
E08,Obstáculo na calçada,Faces,3509502011,V05424,Sim,287.0,23.4094616639478,23.936613844870724,NÃO,1226.0,1199.0,Domínio aplicável = Sim + Não; Não declarado coincide com ausência/não aplicação de calçada.
E08,Obstáculo na calçada,Faces,3509502011,V05425,Não,912.0,74.38825448613376,76.06338615512928,NÃO,1226.0,1199.0,Domínio aplicável = Sim + Não; Não declarado coincide com ausência/não aplicação de calçada.
E08,Obstáculo na calçada,Faces,3509502011,V05426,Não declarado,27.0,2.202283849918434,,SIM,1226.0,1199.0,Domínio aplicável = Sim + Não; Não declarado coincide com ausência/não aplicação de calçada.
E09,Rampa para cadeirante,Domicílios,3509502011,V05027,Sim,12968.0,80.2227033714816,80.55158705509659,NÃO,16165.0,16099.0,Domínio aplicável = Sim + Não; Não declarado coincide com ausência/não aplicação de calçada.
E09,Rampa para cadeirante,Domicílios,3509502011,V05028,Não,3131.0,19.369007114135478,19.44841294490341,NÃO,16165.0,16099.0,Domínio aplicável = Sim + Não; Não declarado coincide com ausência/não aplicação de calçada.
E09,Rampa para cadeirante,Domicílios,3509502011,V05029,Não declarado,66.0,0.40828951438292604,,SIM,16165.0,16099.0,Domínio aplicável = Sim + Não; Não declarado coincide com ausência/não aplicação de calçada.
E09,Rampa para cadeirante,Moradores,3509502011,V05227,Sim,22670.0,79.83799964782531,80.13149058004312,NÃO,28395.0,28291.0,Domínio aplicável = Sim + Não; Não declarado coincide com ausência/não aplicação de calçada.
E09,Rampa para cadeirante,Moradores,3509502011,V05228,Não,5621.0,19.795738686388447,19.868509419956876,NÃO,28395.0,28291.0,Domínio aplicável = Sim + Não; Não declarado coincide com ausência/não aplicação de calçada.
E09,Rampa para cadeirante,Moradores,3509502011,V05229,Não declarado,104.0,0.36626166578623,,SIM,28395.0,28291.0,Domínio aplicável = Sim + Não; Não declarado coincide com ausência/não aplicação de calçada.
E09,Rampa para cadeirante,Faces,3509502011,V05427,Sim,948.0,77.32463295269169,79.06588824020017,NÃO,1226.0,1199.0,Domínio aplicável = Sim + Não; Não declarado coincide com ausência/não aplicação de calçada.
E09,Rampa para cadeirante,Faces,3509502011,V05428,Não,251.0,20.473083197389887,20.934111759799833,NÃO,1226.0,1199.0,Domínio aplicável = Sim + Não; Não declarado coincide com ausência/não aplicação de calçada.
E09,Rampa para cadeirante,Faces,3509502011,V05429,Não declarado,27.0,2.202283849918434,,SIM,1226.0,1199.0,Domínio aplicável = Sim + Não; Não declarado coincide com ausência/não aplicação de calçada.
E10,Arborização,Domicílios,3509502011,V05030,Sem árvores,8478.0,52.44664398391586,52.44664398391586,NÃO,16165.0,16165.0,Domínio aplicável = classes substantivas de arborização; Saltado fica fora.
E10,Arborização,Domicílios,3509502011,V05031,1 a 2 árvores,1512.0,9.353541602227033,9.353541602227033,NÃO,16165.0,16165.0,Domínio aplicável = classes substantivas de arborização; Saltado fica fora.
E10,Arborização,Domicílios,3509502011,V05032,3 a 4 árvores,2240.0,13.857098669965975,13.857098669965975,NÃO,16165.0,16165.0,Domínio aplicável = classes substantivas de arborização; Saltado fica fora.
E10,Arborização,Domicílios,3509502011,V05033,5 ou mais árvores,3935.0,24.342715743891123,24.342715743891123,NÃO,16165.0,16165.0,Domínio aplicável = classes substantivas de arborização; Saltado fica fora.
E10,Arborização,Domicílios,3509502011,V05034,Saltado,0.0,0.0,,SIM,16165.0,16165.0,Domínio aplicável = classes substantivas de arborização; Saltado fica fora.
E10,Arborização,Moradores,3509502011,V05230,Sem árvores,15033.0,52.942419440042265,52.942419440042265,NÃO,28395.0,28395.0,Domínio aplicável = classes substantivas de arborização; Saltado fica fora.
E10,Arborização,Moradores,3509502011,V05231,1 a 2 árvores,2469.0,8.695192815636556,8.695192815636556,NÃO,28395.0,28395.0,Domínio aplicável = classes substantivas de arborização; Saltado fica fora.
E10,Arborização,Moradores,3509502011,V05232,3 a 4 árvores,3866.0,13.615073076245817,13.615073076245817,NÃO,28395.0,28395.0,Domínio aplicável = classes substantivas de arborização; Saltado fica fora.
E10,Arborização,Moradores,3509502011,V05233,5 ou mais árvores,7027.0,24.747314668075365,24.747314668075365,NÃO,28395.0,28395.0,Domínio aplicável = classes substantivas de arborização; Saltado fica fora.
E10,Arborização,Moradores,3509502011,V05234,Saltado,0.0,0.0,,SIM,28395.0,28395.0,Domínio aplicável = classes substantivas de arborização; Saltado fica fora.
E10,Arborização,Faces,3509502011,V05430,Sem árvores,646.0,52.69168026101142,52.907452907452914,NÃO,1226.0,1221.0,Domínio aplicável = classes substantivas de arborização; Saltado fica fora.
E10,Arborização,Faces,3509502011,V05431,1 a 2 árvores,174.0,14.192495921696574,14.250614250614252,NÃO,1226.0,1221.0,Domínio aplicável = classes substantivas de arborização; Saltado fica fora.
E10,Arborização,Faces,3509502011,V05432,3 a 4 árvores,124.0,10.114192495921696,10.155610155610155,NÃO,1226.0,1221.0,Domínio aplicável = classes substantivas de arborização; Saltado fica fora.
E10,Arborização,Faces,3509502011,V05433,5 ou mais árvores,277.0,22.59380097879282,22.686322686322686,NÃO,1226.0,1221.0,Domínio aplicável = classes substantivas de arborização; Saltado fica fora.
E10,Arborização,Faces,3509502011,V05434,Saltado,5.0,0.40783034257748774,,SIM,1226.0,1221.0,Domínio aplicável = classes substantivas de arborização; Saltado fica fora.
E01,Circulação da via,Domicílios,3509502012,V05001,"Caminhão, ônibus",13701.0,95.79779051880855,95.79779051880855,NÃO,14302.0,14302.0,Domínio aplicável = categorias substantivas de circulação; Saltado fica fora.
E01,Circulação da via,Domicílios,3509502012,V05002,Carros de passeio ou van,438.0,3.0625087400363586,3.0625087400363586,NÃO,14302.0,14302.0,Domínio aplicável = categorias substantivas de circulação; Saltado fica fora.
E01,Circulação da via,Domicílios,3509502012,V05003,"Pedestres, bicicletas e motocicletas",163.0,1.1397007411550832,1.1397007411550832,NÃO,14302.0,14302.0,Domínio aplicável = categorias substantivas de circulação; Saltado fica fora.
E01,Circulação da via,Domicílios,3509502012,V05004,Aquavia,0.0,0.0,0.0,NÃO,14302.0,14302.0,Domínio aplicável = categorias substantivas de circulação; Saltado fica fora.
E01,Circulação da via,Domicílios,3509502012,V05005,Saltado,0.0,0.0,,SIM,14302.0,14302.0,Domínio aplicável = categorias substantivas de circulação; Saltado fica fora.
E01,Circulação da via,Moradores,3509502012,V05201,"Caminhão, ônibus",34269.0,95.12560721721027,95.12560721721027,NÃO,36025.0,36025.0,Domínio aplicável = categorias substantivas de circulação; Saltado fica fora.
E01,Circulação da via,Moradores,3509502012,V05202,Carros de passeio ou van,1384.0,3.8417765440666205,3.8417765440666205,NÃO,36025.0,36025.0,Domínio aplicável = categorias substantivas de circulação; Saltado fica fora.
E01,Circulação da via,Moradores,3509502012,V05203,"Pedestres, bicicletas e motocicletas",372.0,1.0326162387231088,1.0326162387231088,NÃO,36025.0,36025.0,Domínio aplicável = categorias substantivas de circulação; Saltado fica fora.
E01,Circulação da via,Moradores,3509502012,V05204,Aquavia,0.0,0.0,0.0,NÃO,36025.0,36025.0,Domínio aplicável = categorias substantivas de circulação; Saltado fica fora.
E01,Circulação da via,Moradores,3509502012,V05205,Saltado,0.0,0.0,,SIM,36025.0,36025.0,Domínio aplicável = categorias substantivas de circulação; Saltado fica fora.
E01,Circulação da via,Faces,3509502012,V05401,"Caminhão, ônibus",1581.0,94.10714285714286,94.27549194991055,NÃO,1680.0,1677.0,Domínio aplicável = categorias substantivas de circulação; Saltado fica fora.
E01,Circulação da via,Faces,3509502012,V05402,Carros de passeio ou van,86.0,5.119047619047619,5.128205128205128,NÃO,1680.0,1677.0,Domínio aplicável = categorias substantivas de circulação; Saltado fica fora.
E01,Circulação da via,Faces,3509502012,V05403,"Pedestres, bicicletas e motocicletas",10.0,0.5952380952380952,0.5963029218843172,NÃO,1680.0,1677.0,Domínio aplicável = categorias substantivas de circulação; Saltado fica fora.
E01,Circulação da via,Faces,3509502012,V05404,Aquavia,0.0,0.0,0.0,NÃO,1680.0,1677.0,Domínio aplicável = categorias substantivas de circulação; Saltado fica fora.
E01,Circulação da via,Faces,3509502012,V05405,Saltado,3.0,0.17857142857142858,,SIM,1680.0,1677.0,Domínio aplicável = categorias substantivas de circulação; Saltado fica fora.
E02,Pavimentação,Domicílios,3509502012,V05006,Sim,14202.0,99.3007970913159,99.3007970913159,NÃO,14302.0,14302.0,Domínio aplicável = Sim + Não; Não declarado coincide com circulação Aquavia + Saltado.
E02,Pavimentação,Domicílios,3509502012,V05007,Não,100.0,0.6992029086841001,0.6992029086841001,NÃO,14302.0,14302.0,Domínio aplicável = Sim + Não; Não declarado coincide com circulação Aquavia + Saltado.
E02,Pavimentação,Domicílios,3509502012,V05008,Não declarado,0.0,0.0,,SIM,14302.0,14302.0,Domínio aplicável = Sim + Não; Não declarado coincide com circulação Aquavia + Saltado.
E02,Pavimentação,Moradores,3509502012,V05206,Sim,35758.0,99.2588480222068,99.2588480222068,NÃO,36025.0,36025.0,Domínio aplicável = Sim + Não; Não declarado coincide com circulação Aquavia + Saltado.
E02,Pavimentação,Moradores,3509502012,V05207,Não,267.0,0.7411519777931992,0.7411519777931992,NÃO,36025.0,36025.0,Domínio aplicável = Sim + Não; Não declarado coincide com circulação Aquavia + Saltado.
E02,Pavimentação,Moradores,3509502012,V05208,Não declarado,0.0,0.0,,SIM,36025.0,36025.0,Domínio aplicável = Sim + Não; Não declarado coincide com circulação Aquavia + Saltado.
E02,Pavimentação,Faces,3509502012,V05406,Sim,1627.0,96.8452380952381,97.01848539057842,NÃO,1680.0,1677.0,Domínio aplicável = Sim + Não; Não declarado coincide com circulação Aquavia + Saltado.
E02,Pavimentação,Faces,3509502012,V05407,Não,50.0,2.976190476190476,2.9815146094215863,NÃO,1680.0,1677.0,Domínio aplicável = Sim + Não; Não declarado coincide com circulação Aquavia + Saltado.
E02,Pavimentação,Faces,3509502012,V05408,Não declarado,3.0,0.17857142857142858,,SIM,1680.0,1677.0,Domínio aplicável = Sim + Não; Não declarado coincide com circulação Aquavia + Saltado.
E03,Bueiro / boca de lobo,Domicílios,3509502012,V05009,Sim,11035.0,77.15704097329045,77.15704097329045,NÃO,14302.0,14302.0,Domínio aplicável = Sim + Não; Não declarado coincide com circulação Aquavia + Saltado.
E03,Bueiro / boca de lobo,Domicílios,3509502012,V05010,Não,3267.0,22.84295902670955,22.84295902670955,NÃO,14302.0,14302.0,Domínio aplicável = Sim + Não; Não declarado coincide com circulação Aquavia + Saltado.
E03,Bueiro / boca de lobo,Domicílios,3509502012,V05011,Não declarado,0.0,0.0,,SIM,14302.0,14302.0,Domínio aplicável = Sim + Não; Não declarado coincide com circulação Aquavia + Saltado.
E03,Bueiro / boca de lobo,Moradores,3509502012,V05209,Sim,28198.0,78.2734212352533,78.2734212352533,NÃO,36025.0,36025.0,Domínio aplicável = Sim + Não; Não declarado coincide com circulação Aquavia + Saltado.
E03,Bueiro / boca de lobo,Moradores,3509502012,V05210,Não,7827.0,21.726578764746705,21.726578764746705,NÃO,36025.0,36025.0,Domínio aplicável = Sim + Não; Não declarado coincide com circulação Aquavia + Saltado.
E03,Bueiro / boca de lobo,Moradores,3509502012,V05211,Não declarado,0.0,0.0,,SIM,36025.0,36025.0,Domínio aplicável = Sim + Não; Não declarado coincide com circulação Aquavia + Saltado.
E03,Bueiro / boca de lobo,Faces,3509502012,V05409,Sim,1172.0,69.76190476190476,69.88670244484197,NÃO,1680.0,1677.0,Domínio aplicável = Sim + Não; Não declarado coincide com circulação Aquavia + Saltado.
E03,Bueiro / boca de lobo,Faces,3509502012,V05410,Não,505.0,30.059523809523807,30.11329755515802,NÃO,1680.0,1677.0,Domínio aplicável = Sim + Não; Não declarado coincide com circulação Aquavia + Saltado.
E03,Bueiro / boca de lobo,Faces,3509502012,V05411,Não declarado,3.0,0.17857142857142858,,SIM,1680.0,1677.0,Domínio aplicável = Sim + Não; Não declarado coincide com circulação Aquavia + Saltado.
E04,Iluminação pública,Domicílios,3509502012,V05012,Sim,14043.0,98.18906446650819,98.18906446650819,NÃO,14302.0,14302.0,Domínio aplicável = Sim + Não; Não declarado coincide com circulação Aquavia + Saltado.
E04,Iluminação pública,Domicílios,3509502012,V05013,Não,259.0,1.8109355334918193,1.8109355334918193,NÃO,14302.0,14302.0,Domínio aplicável = Sim + Não; Não declarado coincide com circulação Aquavia + Saltado.
E04,Iluminação pública,Domicílios,3509502012,V05014,Não declarado,0.0,0.0,,SIM,14302.0,14302.0,Domínio aplicável = Sim + Não; Não declarado coincide com circulação Aquavia + Saltado.
E04,Iluminação pública,Moradores,3509502012,V05212,Sim,35424.0,98.33171408743928,98.33171408743928,NÃO,36025.0,36025.0,Domínio aplicável = Sim + Não; Não declarado coincide com circulação Aquavia + Saltado.
E04,Iluminação pública,Moradores,3509502012,V05213,Não,601.0,1.6682859125607217,1.6682859125607217,NÃO,36025.0,36025.0,Domínio aplicável = Sim + Não; Não declarado coincide com circulação Aquavia + Saltado.
E04,Iluminação pública,Moradores,3509502012,V05214,Não declarado,0.0,0.0,,SIM,36025.0,36025.0,Domínio aplicável = Sim + Não; Não declarado coincide com circulação Aquavia + Saltado.
E04,Iluminação pública,Faces,3509502012,V05412,Sim,1635.0,97.32142857142857,97.49552772808586,NÃO,1680.0,1677.0,Domínio aplicável = Sim + Não; Não declarado coincide com circulação Aquavia + Saltado.
E04,Iluminação pública,Faces,3509502012,V05413,Não,42.0,2.5,2.5044722719141324,NÃO,1680.0,1677.0,Domínio aplicável = Sim + Não; Não declarado coincide com circulação Aquavia + Saltado.
E04,Iluminação pública,Faces,3509502012,V05414,Não declarado,3.0,0.17857142857142858,,SIM,1680.0,1677.0,Domínio aplicável = Sim + Não; Não declarado coincide com circulação Aquavia + Saltado.
E05,Ponto de ônibus,Domicílios,3509502012,V05015,Sim,3196.0,22.34652496154384,22.34652496154384,NÃO,14302.0,14302.0,Domínio aplicável = Sim + Não; Não declarado coincide com circulação Aquavia + Saltado.
E05,Ponto de ônibus,Domicílios,3509502012,V05016,Não,11106.0,77.65347503845615,77.65347503845615,NÃO,14302.0,14302.0,Domínio aplicável = Sim + Não; Não declarado coincide com circulação Aquavia + Saltado.
E05,Ponto de ônibus,Domicílios,3509502012,V05017,Não declarado,0.0,0.0,,SIM,14302.0,14302.0,Domínio aplicável = Sim + Não; Não declarado coincide com circulação Aquavia + Saltado.
E05,Ponto de ônibus,Moradores,3509502012,V05215,Sim,7882.0,21.879250520471892,21.879250520471892,NÃO,36025.0,36025.0,Domínio aplicável = Sim + Não; Não declarado coincide com circulação Aquavia + Saltado.
E05,Ponto de ônibus,Moradores,3509502012,V05216,Não,28143.0,78.1207494795281,78.1207494795281,NÃO,36025.0,36025.0,Domínio aplicável = Sim + Não; Não declarado coincide com circulação Aquavia + Saltado.
E05,Ponto de ônibus,Moradores,3509502012,V05217,Não declarado,0.0,0.0,,SIM,36025.0,36025.0,Domínio aplicável = Sim + Não; Não declarado coincide com circulação Aquavia + Saltado.
E05,Ponto de ônibus,Faces,3509502012,V05415,Sim,280.0,16.666666666666664,16.696481812760883,NÃO,1680.0,1677.0,Domínio aplicável = Sim + Não; Não declarado coincide com circulação Aquavia + Saltado.
E05,Ponto de ônibus,Faces,3509502012,V05416,Não,1397.0,83.15476190476191,83.30351818723912,NÃO,1680.0,1677.0,Domínio aplicável = Sim + Não; Não declarado coincide com circulação Aquavia + Saltado.
E05,Ponto de ônibus,Faces,3509502012,V05417,Não declarado,3.0,0.17857142857142858,,SIM,1680.0,1677.0,Domínio aplicável = Sim + Não; Não declarado coincide com circulação Aquavia + Saltado.
E06,Via sinalizada para bicicleta,Domicílios,3509502012,V05018,Sim,656.0,4.586771080967697,4.586771080967697,NÃO,14302.0,14302.0,Domínio aplicável = Sim + Não; Não declarado coincide com circulação Aquavia + Saltado.
E06,Via sinalizada para bicicleta,Domicílios,3509502012,V05019,Não,13646.0,95.4132289190323,95.4132289190323,NÃO,14302.0,14302.0,Domínio aplicável = Sim + Não; Não declarado coincide com circulação Aquavia + Saltado.
E06,Via sinalizada para bicicleta,Domicílios,3509502012,V05020,Não declarado,0.0,0.0,,SIM,14302.0,14302.0,Domínio aplicável = Sim + Não; Não declarado coincide com circulação Aquavia + Saltado.
E06,Via sinalizada para bicicleta,Moradores,3509502012,V05218,Sim,1600.0,4.441360166551006,4.441360166551006,NÃO,36025.0,36025.0,Domínio aplicável = Sim + Não; Não declarado coincide com circulação Aquavia + Saltado.
E06,Via sinalizada para bicicleta,Moradores,3509502012,V05219,Não,34425.0,95.55863983344899,95.55863983344899,NÃO,36025.0,36025.0,Domínio aplicável = Sim + Não; Não declarado coincide com circulação Aquavia + Saltado.
E06,Via sinalizada para bicicleta,Moradores,3509502012,V05220,Não declarado,0.0,0.0,,SIM,36025.0,36025.0,Domínio aplicável = Sim + Não; Não declarado coincide com circulação Aquavia + Saltado.
E06,Via sinalizada para bicicleta,Faces,3509502012,V05418,Sim,15.0,0.8928571428571428,0.8944543828264758,NÃO,1680.0,1677.0,Domínio aplicável = Sim + Não; Não declarado coincide com circulação Aquavia + Saltado.
E06,Via sinalizada para bicicleta,Faces,3509502012,V05419,Não,1662.0,98.92857142857143,99.10554561717353,NÃO,1680.0,1677.0,Domínio aplicável = Sim + Não; Não declarado coincide com circulação Aquavia + Saltado.
E06,Via sinalizada para bicicleta,Faces,3509502012,V05420,Não declarado,3.0,0.17857142857142858,,SIM,1680.0,1677.0,Domínio aplicável = Sim + Não; Não declarado coincide com circulação Aquavia + Saltado.
E07,Calçada,Domicílios,3509502012,V05021,Sim,13740.0,96.07047965319536,96.07047965319536,NÃO,14302.0,14302.0,Domínio aplicável = Sim + Não; Não declarado coincide com circulação Aquavia + Saltado.
E07,Calçada,Domicílios,3509502012,V05022,Não,562.0,3.929520346804643,3.929520346804643,NÃO,14302.0,14302.0,Domínio aplicável = Sim + Não; Não declarado coincide com circulação Aquavia + Saltado.
E07,Calçada,Domicílios,3509502012,V05023,Não declarado,0.0,0.0,,SIM,14302.0,14302.0,Domínio aplicável = Sim + Não; Não declarado coincide com circulação Aquavia + Saltado.
E07,Calçada,Moradores,3509502012,V05221,Sim,34211.0,94.96460791117279,94.96460791117279,NÃO,36025.0,36025.0,Domínio aplicável = Sim + Não; Não declarado coincide com circulação Aquavia + Saltado.
E07,Calçada,Moradores,3509502012,V05222,Não,1814.0,5.035392088827203,5.035392088827203,NÃO,36025.0,36025.0,Domínio aplicável = Sim + Não; Não declarado coincide com circulação Aquavia + Saltado.
E07,Calçada,Moradores,3509502012,V05223,Não declarado,0.0,0.0,,SIM,36025.0,36025.0,Domínio aplicável = Sim + Não; Não declarado coincide com circulação Aquavia + Saltado.
E07,Calçada,Faces,3509502012,V05421,Sim,1492.0,88.80952380952381,88.96839594514013,NÃO,1680.0,1677.0,Domínio aplicável = Sim + Não; Não declarado coincide com circulação Aquavia + Saltado.
E07,Calçada,Faces,3509502012,V05422,Não,185.0,11.011904761904761,11.03160405485987,NÃO,1680.0,1677.0,Domínio aplicável = Sim + Não; Não declarado coincide com circulação Aquavia + Saltado.
E07,Calçada,Faces,3509502012,V05423,Não declarado,3.0,0.17857142857142858,,SIM,1680.0,1677.0,Domínio aplicável = Sim + Não; Não declarado coincide com circulação Aquavia + Saltado.
E08,Obstáculo na calçada,Domicílios,3509502012,V05024,Sim,5985.0,41.84729408474339,43.5589519650655,NÃO,14302.0,13740.0,Domínio aplicável = Sim + Não; Não declarado coincide com ausência/não aplicação de calçada.
E08,Obstáculo na calçada,Domicílios,3509502012,V05025,Não,7755.0,54.22318556845196,56.4410480349345,NÃO,14302.0,13740.0,Domínio aplicável = Sim + Não; Não declarado coincide com ausência/não aplicação de calçada.
E08,Obstáculo na calçada,Domicílios,3509502012,V05026,Não declarado,562.0,3.929520346804643,,SIM,14302.0,13740.0,Domínio aplicável = Sim + Não; Não declarado coincide com ausência/não aplicação de calçada.
E08,Obstáculo na calçada,Moradores,3509502012,V05224,Sim,15463.0,42.92297015961138,45.1989126304405,NÃO,36025.0,34211.0,Domínio aplicável = Sim + Não; Não declarado coincide com ausência/não aplicação de calçada.
E08,Obstáculo na calçada,Moradores,3509502012,V05225,Não,18748.0,52.04163775156142,54.8010873695595,NÃO,36025.0,34211.0,Domínio aplicável = Sim + Não; Não declarado coincide com ausência/não aplicação de calçada.
E08,Obstáculo na calçada,Moradores,3509502012,V05226,Não declarado,1814.0,5.035392088827203,,SIM,36025.0,34211.0,Domínio aplicável = Sim + Não; Não declarado coincide com ausência/não aplicação de calçada.
E08,Obstáculo na calçada,Faces,3509502012,V05424,Sim,645.0,38.392857142857146,43.23056300268097,NÃO,1680.0,1492.0,Domínio aplicável = Sim + Não; Não declarado coincide com ausência/não aplicação de calçada.
E08,Obstáculo na calçada,Faces,3509502012,V05425,Não,847.0,50.416666666666664,56.76943699731903,NÃO,1680.0,1492.0,Domínio aplicável = Sim + Não; Não declarado coincide com ausência/não aplicação de calçada.
E08,Obstáculo na calçada,Faces,3509502012,V05426,Não declarado,188.0,11.190476190476192,,SIM,1680.0,1492.0,Domínio aplicável = Sim + Não; Não declarado coincide com ausência/não aplicação de calçada.
E09,Rampa para cadeirante,Domicílios,3509502012,V05027,Sim,3833.0,26.800447489861558,27.896652110625908,NÃO,14302.0,13740.0,Domínio aplicável = Sim + Não; Não declarado coincide com ausência/não aplicação de calçada.
E09,Rampa para cadeirante,Domicílios,3509502012,V05028,Não,9907.0,69.2700321633338,72.10334788937409,NÃO,14302.0,13740.0,Domínio aplicável = Sim + Não; Não declarado coincide com ausência/não aplicação de calçada.
E09,Rampa para cadeirante,Domicílios,3509502012,V05029,Não declarado,562.0,3.929520346804643,,SIM,14302.0,13740.0,Domínio aplicável = Sim + Não; Não declarado coincide com ausência/não aplicação de calçada.
E09,Rampa para cadeirante,Moradores,3509502012,V05227,Sim,9012.0,25.01596113809854,26.342404489783988,NÃO,36025.0,34211.0,Domínio aplicável = Sim + Não; Não declarado coincide com ausência/não aplicação de calçada.
E09,Rampa para cadeirante,Moradores,3509502012,V05228,Não,25199.0,69.94864677307426,73.65759551021601,NÃO,36025.0,34211.0,Domínio aplicável = Sim + Não; Não declarado coincide com ausência/não aplicação de calçada.
E09,Rampa para cadeirante,Moradores,3509502012,V05229,Não declarado,1814.0,5.035392088827203,,SIM,36025.0,34211.0,Domínio aplicável = Sim + Não; Não declarado coincide com ausência/não aplicação de calçada.
E09,Rampa para cadeirante,Faces,3509502012,V05427,Sim,254.0,15.119047619047619,17.024128686327078,NÃO,1680.0,1492.0,Domínio aplicável = Sim + Não; Não declarado coincide com ausência/não aplicação de calçada.
E09,Rampa para cadeirante,Faces,3509502012,V05428,Não,1238.0,73.69047619047619,82.97587131367293,NÃO,1680.0,1492.0,Domínio aplicável = Sim + Não; Não declarado coincide com ausência/não aplicação de calçada.
E09,Rampa para cadeirante,Faces,3509502012,V05429,Não declarado,188.0,11.190476190476192,,SIM,1680.0,1492.0,Domínio aplicável = Sim + Não; Não declarado coincide com ausência/não aplicação de calçada.
E10,Arborização,Domicílios,3509502012,V05030,Sem árvores,2106.0,14.725213256887148,14.725213256887148,NÃO,14302.0,14302.0,Domínio aplicável = classes substantivas de arborização; Saltado fica fora.
E10,Arborização,Domicílios,3509502012,V05031,1 a 2 árvores,2142.0,14.976926304013425,14.976926304013425,NÃO,14302.0,14302.0,Domínio aplicável = classes substantivas de arborização; Saltado fica fora.
E10,Arborização,Domicílios,3509502012,V05032,3 a 4 árvores,2840.0,19.857362606628442,19.857362606628442,NÃO,14302.0,14302.0,Domínio aplicável = classes substantivas de arborização; Saltado fica fora.
E10,Arborização,Domicílios,3509502012,V05033,5 ou mais árvores,7214.0,50.44049783247099,50.44049783247099,NÃO,14302.0,14302.0,Domínio aplicável = classes substantivas de arborização; Saltado fica fora.
E10,Arborização,Domicílios,3509502012,V05034,Saltado,0.0,0.0,,SIM,14302.0,14302.0,Domínio aplicável = classes substantivas de arborização; Saltado fica fora.
E10,Arborização,Moradores,3509502012,V05230,Sem árvores,5252.0,14.57876474670368,14.57876474670368,NÃO,36025.0,36025.0,Domínio aplicável = classes substantivas de arborização; Saltado fica fora.
E10,Arborização,Moradores,3509502012,V05231,1 a 2 árvores,5664.0,15.722414989590563,15.722414989590563,NÃO,36025.0,36025.0,Domínio aplicável = classes substantivas de arborização; Saltado fica fora.
E10,Arborização,Moradores,3509502012,V05232,3 a 4 árvores,7060.0,19.597501734906313,19.597501734906313,NÃO,36025.0,36025.0,Domínio aplicável = classes substantivas de arborização; Saltado fica fora.
E10,Arborização,Moradores,3509502012,V05233,5 ou mais árvores,18049.0,50.101318528799446,50.101318528799446,NÃO,36025.0,36025.0,Domínio aplicável = classes substantivas de arborização; Saltado fica fora.
E10,Arborização,Moradores,3509502012,V05234,Saltado,0.0,0.0,,SIM,36025.0,36025.0,Domínio aplicável = classes substantivas de arborização; Saltado fica fora.
E10,Arborização,Faces,3509502012,V05430,Sem árvores,451.0,26.845238095238095,26.89326177698271,NÃO,1680.0,1677.0,Domínio aplicável = classes substantivas de arborização; Saltado fica fora.
E10,Arborização,Faces,3509502012,V05431,1 a 2 árvores,382.0,22.738095238095237,22.77877161598092,NÃO,1680.0,1677.0,Domínio aplicável = classes substantivas de arborização; Saltado fica fora.
E10,Arborização,Faces,3509502012,V05432,3 a 4 árvores,254.0,15.119047619047619,15.146094215861657,NÃO,1680.0,1677.0,Domínio aplicável = classes substantivas de arborização; Saltado fica fora.
E10,Arborização,Faces,3509502012,V05433,5 ou mais árvores,590.0,35.11904761904761,35.18187239117472,NÃO,1680.0,1677.0,Domínio aplicável = classes substantivas de arborização; Saltado fica fora.
E10,Arborização,Faces,3509502012,V05434,Saltado,3.0,0.17857142857142858,,SIM,1680.0,1677.0,Domínio aplicável = classes substantivas de arborização; Saltado fica fora.
E01,Circulação da via,Domicílios,3509502013,V05001,"Caminhão, ônibus",9435.0,91.63752913752914,91.63752913752914,NÃO,10296.0,10296.0,Domínio aplicável = categorias substantivas de circulação; Saltado fica fora.
E01,Circulação da via,Domicílios,3509502013,V05002,Carros de passeio ou van,846.0,8.216783216783217,8.216783216783217,NÃO,10296.0,10296.0,Domínio aplicável = categorias substantivas de circulação; Saltado fica fora.
E01,Circulação da via,Domicílios,3509502013,V05003,"Pedestres, bicicletas e motocicletas",15.0,0.1456876456876457,0.1456876456876457,NÃO,10296.0,10296.0,Domínio aplicável = categorias substantivas de circulação; Saltado fica fora.
E01,Circulação da via,Domicílios,3509502013,V05004,Aquavia,0.0,0.0,0.0,NÃO,10296.0,10296.0,Domínio aplicável = categorias substantivas de circulação; Saltado fica fora.
E01,Circulação da via,Domicílios,3509502013,V05005,Saltado,0.0,0.0,,SIM,10296.0,10296.0,Domínio aplicável = categorias substantivas de circulação; Saltado fica fora.
E01,Circulação da via,Moradores,3509502013,V05201,"Caminhão, ônibus",24115.0,89.8271623333085,89.8271623333085,NÃO,26846.0,26846.0,Domínio aplicável = categorias substantivas de circulação; Saltado fica fora.
E01,Circulação da via,Moradores,3509502013,V05202,Carros de passeio ou van,2693.0,10.031289577590702,10.031289577590702,NÃO,26846.0,26846.0,Domínio aplicável = categorias substantivas de circulação; Saltado fica fora.
E01,Circulação da via,Moradores,3509502013,V05203,"Pedestres, bicicletas e motocicletas",38.0,0.14154808910079714,0.14154808910079714,NÃO,26846.0,26846.0,Domínio aplicável = categorias substantivas de circulação; Saltado fica fora.
E01,Circulação da via,Moradores,3509502013,V05204,Aquavia,0.0,0.0,0.0,NÃO,26846.0,26846.0,Domínio aplicável = categorias substantivas de circulação; Saltado fica fora.
E01,Circulação da via,Moradores,3509502013,V05205,Saltado,0.0,0.0,,SIM,26846.0,26846.0,Domínio aplicável = categorias substantivas de circulação; Saltado fica fora.
E01,Circulação da via,Faces,3509502013,V05401,"Caminhão, ônibus",1264.0,85.4054054054054,85.4054054054054,NÃO,1480.0,1480.0,Domínio aplicável = categorias substantivas de circulação; Saltado fica fora.
E01,Circulação da via,Faces,3509502013,V05402,Carros de passeio ou van,196.0,13.243243243243244,13.243243243243244,NÃO,1480.0,1480.0,Domínio aplicável = categorias substantivas de circulação; Saltado fica fora.
E01,Circulação da via,Faces,3509502013,V05403,"Pedestres, bicicletas e motocicletas",20.0,1.3513513513513513,1.3513513513513513,NÃO,1480.0,1480.0,Domínio aplicável = categorias substantivas de circulação; Saltado fica fora.
E01,Circulação da via,Faces,3509502013,V05404,Aquavia,0.0,0.0,0.0,NÃO,1480.0,1480.0,Domínio aplicável = categorias substantivas de circulação; Saltado fica fora.
E01,Circulação da via,Faces,3509502013,V05405,Saltado,0.0,0.0,,SIM,1480.0,1480.0,Domínio aplicável = categorias substantivas de circulação; Saltado fica fora.
E02,Pavimentação,Domicílios,3509502013,V05006,Sim,9856.0,95.72649572649573,95.72649572649573,NÃO,10296.0,10296.0,Domínio aplicável = Sim + Não; Não declarado coincide com circulação Aquavia + Saltado.
E02,Pavimentação,Domicílios,3509502013,V05007,Não,440.0,4.273504273504273,4.273504273504273,NÃO,10296.0,10296.0,Domínio aplicável = Sim + Não; Não declarado coincide com circulação Aquavia + Saltado.
E02,Pavimentação,Domicílios,3509502013,V05008,Não declarado,0.0,0.0,,SIM,10296.0,10296.0,Domínio aplicável = Sim + Não; Não declarado coincide com circulação Aquavia + Saltado.
E02,Pavimentação,Moradores,3509502013,V05206,Sim,25402.0,94.62117261416971,94.62117261416971,NÃO,26846.0,26846.0,Domínio aplicável = Sim + Não; Não declarado coincide com circulação Aquavia + Saltado.
E02,Pavimentação,Moradores,3509502013,V05207,Não,1444.0,5.3788273858302915,5.3788273858302915,NÃO,26846.0,26846.0,Domínio aplicável = Sim + Não; Não declarado coincide com circulação Aquavia + Saltado.
E02,Pavimentação,Moradores,3509502013,V05208,Não declarado,0.0,0.0,,SIM,26846.0,26846.0,Domínio aplicável = Sim + Não; Não declarado coincide com circulação Aquavia + Saltado.
E02,Pavimentação,Faces,3509502013,V05406,Sim,1354.0,91.48648648648648,91.48648648648648,NÃO,1480.0,1480.0,Domínio aplicável = Sim + Não; Não declarado coincide com circulação Aquavia + Saltado.
E02,Pavimentação,Faces,3509502013,V05407,Não,126.0,8.513513513513514,8.513513513513514,NÃO,1480.0,1480.0,Domínio aplicável = Sim + Não; Não declarado coincide com circulação Aquavia + Saltado.
E02,Pavimentação,Faces,3509502013,V05408,Não declarado,0.0,0.0,,SIM,1480.0,1480.0,Domínio aplicável = Sim + Não; Não declarado coincide com circulação Aquavia + Saltado.
E03,Bueiro / boca de lobo,Domicílios,3509502013,V05009,Sim,7198.0,69.91064491064492,69.91064491064492,NÃO,10296.0,10296.0,Domínio aplicável = Sim + Não; Não declarado coincide com circulação Aquavia + Saltado.
E03,Bueiro / boca de lobo,Domicílios,3509502013,V05010,Não,3098.0,30.08935508935509,30.08935508935509,NÃO,10296.0,10296.0,Domínio aplicável = Sim + Não; Não declarado coincide com circulação Aquavia + Saltado.
E03,Bueiro / boca de lobo,Domicílios,3509502013,V05011,Não declarado,0.0,0.0,,SIM,10296.0,10296.0,Domínio aplicável = Sim + Não; Não declarado coincide com circulação Aquavia + Saltado.
E03,Bueiro / boca de lobo,Moradores,3509502013,V05209,Sim,18407.0,68.5651493704835,68.5651493704835,NÃO,26846.0,26846.0,Domínio aplicável = Sim + Não; Não declarado coincide com circulação Aquavia + Saltado.
E03,Bueiro / boca de lobo,Moradores,3509502013,V05210,Não,8439.0,31.434850629516504,31.434850629516504,NÃO,26846.0,26846.0,Domínio aplicável = Sim + Não; Não declarado coincide com circulação Aquavia + Saltado.
E03,Bueiro / boca de lobo,Moradores,3509502013,V05211,Não declarado,0.0,0.0,,SIM,26846.0,26846.0,Domínio aplicável = Sim + Não; Não declarado coincide com circulação Aquavia + Saltado.
E03,Bueiro / boca de lobo,Faces,3509502013,V05409,Sim,844.0,57.027027027027025,57.027027027027025,NÃO,1480.0,1480.0,Domínio aplicável = Sim + Não; Não declarado coincide com circulação Aquavia + Saltado.
E03,Bueiro / boca de lobo,Faces,3509502013,V05410,Não,636.0,42.972972972972975,42.972972972972975,NÃO,1480.0,1480.0,Domínio aplicável = Sim + Não; Não declarado coincide com circulação Aquavia + Saltado.
E03,Bueiro / boca de lobo,Faces,3509502013,V05411,Não declarado,0.0,0.0,,SIM,1480.0,1480.0,Domínio aplicável = Sim + Não; Não declarado coincide com circulação Aquavia + Saltado.
E04,Iluminação pública,Domicílios,3509502013,V05012,Sim,10179.0,98.86363636363636,98.86363636363636,NÃO,10296.0,10296.0,Domínio aplicável = Sim + Não; Não declarado coincide com circulação Aquavia + Saltado.
E04,Iluminação pública,Domicílios,3509502013,V05013,Não,117.0,1.1363636363636365,1.1363636363636365,NÃO,10296.0,10296.0,Domínio aplicável = Sim + Não; Não declarado coincide com circulação Aquavia + Saltado.
E04,Iluminação pública,Domicílios,3509502013,V05014,Não declarado,0.0,0.0,,SIM,10296.0,10296.0,Domínio aplicável = Sim + Não; Não declarado coincide com circulação Aquavia + Saltado.
E04,Iluminação pública,Moradores,3509502013,V05212,Sim,26493.0,98.68509275124786,98.68509275124786,NÃO,26846.0,26846.0,Domínio aplicável = Sim + Não; Não declarado coincide com circulação Aquavia + Saltado.
E04,Iluminação pública,Moradores,3509502013,V05213,Não,353.0,1.3149072487521418,1.3149072487521418,NÃO,26846.0,26846.0,Domínio aplicável = Sim + Não; Não declarado coincide com circulação Aquavia + Saltado.
E04,Iluminação pública,Moradores,3509502013,V05214,Não declarado,0.0,0.0,,SIM,26846.0,26846.0,Domínio aplicável = Sim + Não; Não declarado coincide com circulação Aquavia + Saltado.
E04,Iluminação pública,Faces,3509502013,V05412,Sim,1422.0,96.08108108108108,96.08108108108108,NÃO,1480.0,1480.0,Domínio aplicável = Sim + Não; Não declarado coincide com circulação Aquavia + Saltado.
E04,Iluminação pública,Faces,3509502013,V05413,Não,58.0,3.9189189189189193,3.9189189189189193,NÃO,1480.0,1480.0,Domínio aplicável = Sim + Não; Não declarado coincide com circulação Aquavia + Saltado.
E04,Iluminação pública,Faces,3509502013,V05414,Não declarado,0.0,0.0,,SIM,1480.0,1480.0,Domínio aplicável = Sim + Não; Não declarado coincide com circulação Aquavia + Saltado.
E05,Ponto de ônibus,Domicílios,3509502013,V05015,Sim,1260.0,12.237762237762238,12.237762237762238,NÃO,10296.0,10296.0,Domínio aplicável = Sim + Não; Não declarado coincide com circulação Aquavia + Saltado.
E05,Ponto de ônibus,Domicílios,3509502013,V05016,Não,9036.0,87.76223776223776,87.76223776223776,NÃO,10296.0,10296.0,Domínio aplicável = Sim + Não; Não declarado coincide com circulação Aquavia + Saltado.
E05,Ponto de ônibus,Domicílios,3509502013,V05017,Não declarado,0.0,0.0,,SIM,10296.0,10296.0,Domínio aplicável = Sim + Não; Não declarado coincide com circulação Aquavia + Saltado.
E05,Ponto de ônibus,Moradores,3509502013,V05215,Sim,3091.0,11.513819563435893,11.513819563435893,NÃO,26846.0,26846.0,Domínio aplicável = Sim + Não; Não declarado coincide com circulação Aquavia + Saltado.
E05,Ponto de ônibus,Moradores,3509502013,V05216,Não,23755.0,88.48618043656411,88.48618043656411,NÃO,26846.0,26846.0,Domínio aplicável = Sim + Não; Não declarado coincide com circulação Aquavia + Saltado.
E05,Ponto de ônibus,Moradores,3509502013,V05217,Não declarado,0.0,0.0,,SIM,26846.0,26846.0,Domínio aplicável = Sim + Não; Não declarado coincide com circulação Aquavia + Saltado.
E05,Ponto de ônibus,Faces,3509502013,V05415,Sim,141.0,9.527027027027026,9.527027027027026,NÃO,1480.0,1480.0,Domínio aplicável = Sim + Não; Não declarado coincide com circulação Aquavia + Saltado.
E05,Ponto de ônibus,Faces,3509502013,V05416,Não,1339.0,90.47297297297298,90.47297297297298,NÃO,1480.0,1480.0,Domínio aplicável = Sim + Não; Não declarado coincide com circulação Aquavia + Saltado.
E05,Ponto de ônibus,Faces,3509502013,V05417,Não declarado,0.0,0.0,,SIM,1480.0,1480.0,Domínio aplicável = Sim + Não; Não declarado coincide com circulação Aquavia + Saltado.
E06,Via sinalizada para bicicleta,Domicílios,3509502013,V05018,Sim,28.0,0.27195027195027194,0.27195027195027194,NÃO,10296.0,10296.0,Domínio aplicável = Sim + Não; Não declarado coincide com circulação Aquavia + Saltado.
E06,Via sinalizada para bicicleta,Domicílios,3509502013,V05019,Não,10268.0,99.72804972804973,99.72804972804973,NÃO,10296.0,10296.0,Domínio aplicável = Sim + Não; Não declarado coincide com circulação Aquavia + Saltado.
E06,Via sinalizada para bicicleta,Domicílios,3509502013,V05020,Não declarado,0.0,0.0,,SIM,10296.0,10296.0,Domínio aplicável = Sim + Não; Não declarado coincide com circulação Aquavia + Saltado.
E06,Via sinalizada para bicicleta,Moradores,3509502013,V05218,Sim,73.0,0.2719213290620576,0.2719213290620576,NÃO,26846.0,26846.0,Domínio aplicável = Sim + Não; Não declarado coincide com circulação Aquavia + Saltado.
E06,Via sinalizada para bicicleta,Moradores,3509502013,V05219,Não,26773.0,99.72807867093795,99.72807867093795,NÃO,26846.0,26846.0,Domínio aplicável = Sim + Não; Não declarado coincide com circulação Aquavia + Saltado.
E06,Via sinalizada para bicicleta,Moradores,3509502013,V05220,Não declarado,0.0,0.0,,SIM,26846.0,26846.0,Domínio aplicável = Sim + Não; Não declarado coincide com circulação Aquavia + Saltado.
E06,Via sinalizada para bicicleta,Faces,3509502013,V05418,Sim,27.0,1.8243243243243243,1.8243243243243243,NÃO,1480.0,1480.0,Domínio aplicável = Sim + Não; Não declarado coincide com circulação Aquavia + Saltado.
E06,Via sinalizada para bicicleta,Faces,3509502013,V05419,Não,1453.0,98.17567567567568,98.17567567567568,NÃO,1480.0,1480.0,Domínio aplicável = Sim + Não; Não declarado coincide com circulação Aquavia + Saltado.
E06,Via sinalizada para bicicleta,Faces,3509502013,V05420,Não declarado,0.0,0.0,,SIM,1480.0,1480.0,Domínio aplicável = Sim + Não; Não declarado coincide com circulação Aquavia + Saltado.
E07,Calçada,Domicílios,3509502013,V05021,Sim,9424.0,91.53069153069153,91.53069153069153,NÃO,10296.0,10296.0,Domínio aplicável = Sim + Não; Não declarado coincide com circulação Aquavia + Saltado.
E07,Calçada,Domicílios,3509502013,V05022,Não,872.0,8.46930846930847,8.46930846930847,NÃO,10296.0,10296.0,Domínio aplicável = Sim + Não; Não declarado coincide com circulação Aquavia + Saltado.
E07,Calçada,Domicílios,3509502013,V05023,Não declarado,0.0,0.0,,SIM,10296.0,10296.0,Domínio aplicável = Sim + Não; Não declarado coincide com circulação Aquavia + Saltado.
E07,Calçada,Moradores,3509502013,V05221,Sim,24076.0,89.68188929449452,89.68188929449452,NÃO,26846.0,26846.0,Domínio aplicável = Sim + Não; Não declarado coincide com circulação Aquavia + Saltado.
E07,Calçada,Moradores,3509502013,V05222,Não,2770.0,10.318110705505475,10.318110705505475,NÃO,26846.0,26846.0,Domínio aplicável = Sim + Não; Não declarado coincide com circulação Aquavia + Saltado.
E07,Calçada,Moradores,3509502013,V05223,Não declarado,0.0,0.0,,SIM,26846.0,26846.0,Domínio aplicável = Sim + Não; Não declarado coincide com circulação Aquavia + Saltado.
E07,Calçada,Faces,3509502013,V05421,Sim,1181.0,79.79729729729729,79.79729729729729,NÃO,1480.0,1480.0,Domínio aplicável = Sim + Não; Não declarado coincide com circulação Aquavia + Saltado.
E07,Calçada,Faces,3509502013,V05422,Não,299.0,20.2027027027027,20.2027027027027,NÃO,1480.0,1480.0,Domínio aplicável = Sim + Não; Não declarado coincide com circulação Aquavia + Saltado.
E07,Calçada,Faces,3509502013,V05423,Não declarado,0.0,0.0,,SIM,1480.0,1480.0,Domínio aplicável = Sim + Não; Não declarado coincide com circulação Aquavia + Saltado.
E08,Obstáculo na calçada,Domicílios,3509502013,V05024,Sim,7257.0,70.48368298368298,77.00551782682513,NÃO,10296.0,9424.0,Domínio aplicável = Sim + Não; Não declarado coincide com ausência/não aplicação de calçada.
E08,Obstáculo na calçada,Domicílios,3509502013,V05025,Não,2167.0,21.04700854700855,22.994482173174873,NÃO,10296.0,9424.0,Domínio aplicável = Sim + Não; Não declarado coincide com ausência/não aplicação de calçada.
E08,Obstáculo na calçada,Domicílios,3509502013,V05026,Não declarado,872.0,8.46930846930847,,SIM,10296.0,9424.0,Domínio aplicável = Sim + Não; Não declarado coincide com ausência/não aplicação de calçada.
E08,Obstáculo na calçada,Moradores,3509502013,V05224,Sim,18812.0,70.07375400432095,78.13590297391593,NÃO,26846.0,24076.0,Domínio aplicável = Sim + Não; Não declarado coincide com ausência/não aplicação de calçada.
E08,Obstáculo na calçada,Moradores,3509502013,V05225,Não,5264.0,19.608135290173585,21.864097026084067,NÃO,26846.0,24076.0,Domínio aplicável = Sim + Não; Não declarado coincide com ausência/não aplicação de calçada.
E08,Obstáculo na calçada,Moradores,3509502013,V05226,Não declarado,2770.0,10.318110705505475,,SIM,26846.0,24076.0,Domínio aplicável = Sim + Não; Não declarado coincide com ausência/não aplicação de calçada.
E08,Obstáculo na calçada,Faces,3509502013,V05424,Sim,888.0,60.0,75.190516511431,NÃO,1480.0,1181.0,Domínio aplicável = Sim + Não; Não declarado coincide com ausência/não aplicação de calçada.
E08,Obstáculo na calçada,Faces,3509502013,V05425,Não,293.0,19.7972972972973,24.809483488569008,NÃO,1480.0,1181.0,Domínio aplicável = Sim + Não; Não declarado coincide com ausência/não aplicação de calçada.
E08,Obstáculo na calçada,Faces,3509502013,V05426,Não declarado,299.0,20.2027027027027,,SIM,1480.0,1181.0,Domínio aplicável = Sim + Não; Não declarado coincide com ausência/não aplicação de calçada.
E09,Rampa para cadeirante,Domicílios,3509502013,V05027,Sim,1987.0,19.2987567987568,21.084465195246178,NÃO,10296.0,9424.0,Domínio aplicável = Sim + Não; Não declarado coincide com ausência/não aplicação de calçada.
E09,Rampa para cadeirante,Domicílios,3509502013,V05028,Não,7437.0,72.23193473193473,78.91553480475382,NÃO,10296.0,9424.0,Domínio aplicável = Sim + Não; Não declarado coincide com ausência/não aplicação de calçada.
E09,Rampa para cadeirante,Domicílios,3509502013,V05029,Não declarado,872.0,8.46930846930847,,SIM,10296.0,9424.0,Domínio aplicável = Sim + Não; Não declarado coincide com ausência/não aplicação de calçada.
E09,Rampa para cadeirante,Moradores,3509502013,V05227,Sim,4879.0,18.174029650599717,20.264994185080578,NÃO,26846.0,24076.0,Domínio aplicável = Sim + Não; Não declarado coincide com ausência/não aplicação de calçada.
E09,Rampa para cadeirante,Moradores,3509502013,V05228,Não,19197.0,71.50785964389482,79.73500581491942,NÃO,26846.0,24076.0,Domínio aplicável = Sim + Não; Não declarado coincide com ausência/não aplicação de calçada.
E09,Rampa para cadeirante,Moradores,3509502013,V05229,Não declarado,2770.0,10.318110705505475,,SIM,26846.0,24076.0,Domínio aplicável = Sim + Não; Não declarado coincide com ausência/não aplicação de calçada.
E09,Rampa para cadeirante,Faces,3509502013,V05427,Sim,241.0,16.283783783783782,20.40643522438611,NÃO,1480.0,1181.0,Domínio aplicável = Sim + Não; Não declarado coincide com ausência/não aplicação de calçada.
E09,Rampa para cadeirante,Faces,3509502013,V05428,Não,940.0,63.51351351351351,79.59356477561388,NÃO,1480.0,1181.0,Domínio aplicável = Sim + Não; Não declarado coincide com ausência/não aplicação de calçada.
E09,Rampa para cadeirante,Faces,3509502013,V05429,Não declarado,299.0,20.2027027027027,,SIM,1480.0,1181.0,Domínio aplicável = Sim + Não; Não declarado coincide com ausência/não aplicação de calçada.
E10,Arborização,Domicílios,3509502013,V05030,Sem árvores,1463.0,14.209401709401709,14.209401709401709,NÃO,10296.0,10296.0,Domínio aplicável = classes substantivas de arborização; Saltado fica fora.
E10,Arborização,Domicílios,3509502013,V05031,1 a 2 árvores,1475.0,14.325951825951828,14.325951825951828,NÃO,10296.0,10296.0,Domínio aplicável = classes substantivas de arborização; Saltado fica fora.
E10,Arborização,Domicílios,3509502013,V05032,3 a 4 árvores,1432.0,13.908313908313907,13.908313908313907,NÃO,10296.0,10296.0,Domínio aplicável = classes substantivas de arborização; Saltado fica fora.
E10,Arborização,Domicílios,3509502013,V05033,5 ou mais árvores,5926.0,57.556332556332556,57.556332556332556,NÃO,10296.0,10296.0,Domínio aplicável = classes substantivas de arborização; Saltado fica fora.
E10,Arborização,Domicílios,3509502013,V05034,Saltado,0.0,0.0,,SIM,10296.0,10296.0,Domínio aplicável = classes substantivas de arborização; Saltado fica fora.
E10,Arborização,Moradores,3509502013,V05230,Sem árvores,4333.0,16.140207107204052,16.140207107204052,NÃO,26846.0,26846.0,Domínio aplicável = classes substantivas de arborização; Saltado fica fora.
E10,Arborização,Moradores,3509502013,V05231,1 a 2 árvores,3863.0,14.389480742009983,14.389480742009983,NÃO,26846.0,26846.0,Domínio aplicável = classes substantivas de arborização; Saltado fica fora.
E10,Arborização,Moradores,3509502013,V05232,3 a 4 árvores,3905.0,14.545928629963495,14.545928629963495,NÃO,26846.0,26846.0,Domínio aplicável = classes substantivas de arborização; Saltado fica fora.
E10,Arborização,Moradores,3509502013,V05233,5 ou mais árvores,14745.0,54.924383520822474,54.924383520822474,NÃO,26846.0,26846.0,Domínio aplicável = classes substantivas de arborização; Saltado fica fora.
E10,Arborização,Moradores,3509502013,V05234,Saltado,0.0,0.0,,SIM,26846.0,26846.0,Domínio aplicável = classes substantivas de arborização; Saltado fica fora.
E10,Arborização,Faces,3509502013,V05430,Sem árvores,500.0,33.78378378378378,33.78378378378378,NÃO,1480.0,1480.0,Domínio aplicável = classes substantivas de arborização; Saltado fica fora.
E10,Arborização,Faces,3509502013,V05431,1 a 2 árvores,299.0,20.2027027027027,20.2027027027027,NÃO,1480.0,1480.0,Domínio aplicável = classes substantivas de arborização; Saltado fica fora.
E10,Arborização,Faces,3509502013,V05432,3 a 4 árvores,197.0,13.31081081081081,13.31081081081081,NÃO,1480.0,1480.0,Domínio aplicável = classes substantivas de arborização; Saltado fica fora.
E10,Arborização,Faces,3509502013,V05433,5 ou mais árvores,484.0,32.7027027027027,32.7027027027027,NÃO,1480.0,1480.0,Domínio aplicável = classes substantivas de arborização; Saltado fica fora.
E10,Arborização,Faces,3509502013,V05434,Saltado,0.0,0.0,,SIM,1480.0,1480.0,Domínio aplicável = classes substantivas de arborização; Saltado fica fora.
E01,Circulação da via,Domicílios,3509502014,V05001,"Caminhão, ônibus",11419.0,97.62332221937248,97.62332221937248,NÃO,11697.0,11697.0,Domínio aplicável = categorias substantivas de circulação; Saltado fica fora.
E01,Circulação da via,Domicílios,3509502014,V05002,Carros de passeio ou van,278.0,2.376677780627511,2.376677780627511,NÃO,11697.0,11697.0,Domínio aplicável = categorias substantivas de circulação; Saltado fica fora.
E01,Circulação da via,Domicílios,3509502014,V05003,"Pedestres, bicicletas e motocicletas",0.0,0.0,0.0,NÃO,11697.0,11697.0,Domínio aplicável = categorias substantivas de circulação; Saltado fica fora.
E01,Circulação da via,Domicílios,3509502014,V05004,Aquavia,0.0,0.0,0.0,NÃO,11697.0,11697.0,Domínio aplicável = categorias substantivas de circulação; Saltado fica fora.
E01,Circulação da via,Domicílios,3509502014,V05005,Saltado,0.0,0.0,,SIM,11697.0,11697.0,Domínio aplicável = categorias substantivas de circulação; Saltado fica fora.
E01,Circulação da via,Moradores,3509502014,V05201,"Caminhão, ônibus",29389.0,97.57952055249352,97.57952055249352,NÃO,30118.0,30118.0,Domínio aplicável = categorias substantivas de circulação; Saltado fica fora.
E01,Circulação da via,Moradores,3509502014,V05202,Carros de passeio ou van,729.0,2.420479447506475,2.420479447506475,NÃO,30118.0,30118.0,Domínio aplicável = categorias substantivas de circulação; Saltado fica fora.
E01,Circulação da via,Moradores,3509502014,V05203,"Pedestres, bicicletas e motocicletas",0.0,0.0,0.0,NÃO,30118.0,30118.0,Domínio aplicável = categorias substantivas de circulação; Saltado fica fora.
E01,Circulação da via,Moradores,3509502014,V05204,Aquavia,0.0,0.0,0.0,NÃO,30118.0,30118.0,Domínio aplicável = categorias substantivas de circulação; Saltado fica fora.
E01,Circulação da via,Moradores,3509502014,V05205,Saltado,0.0,0.0,,SIM,30118.0,30118.0,Domínio aplicável = categorias substantivas de circulação; Saltado fica fora.
E01,Circulação da via,Faces,3509502014,V05401,"Caminhão, ônibus",1276.0,97.18202589489718,97.40458015267176,NÃO,1313.0,1310.0,Domínio aplicável = categorias substantivas de circulação; Saltado fica fora.
E01,Circulação da via,Faces,3509502014,V05402,Carros de passeio ou van,32.0,2.437166793602437,2.4427480916030535,NÃO,1313.0,1310.0,Domínio aplicável = categorias substantivas de circulação; Saltado fica fora.
E01,Circulação da via,Faces,3509502014,V05403,"Pedestres, bicicletas e motocicletas",2.0,0.15232292460015232,0.15267175572519084,NÃO,1313.0,1310.0,Domínio aplicável = categorias substantivas de circulação; Saltado fica fora.
E01,Circulação da via,Faces,3509502014,V05404,Aquavia,0.0,0.0,0.0,NÃO,1313.0,1310.0,Domínio aplicável = categorias substantivas de circulação; Saltado fica fora.
E01,Circulação da via,Faces,3509502014,V05405,Saltado,3.0,0.2284843869002285,,SIM,1313.0,1310.0,Domínio aplicável = categorias substantivas de circulação; Saltado fica fora.
E02,Pavimentação,Domicílios,3509502014,V05006,Sim,11621.0,99.35026075061981,99.35026075061981,NÃO,11697.0,11697.0,Domínio aplicável = Sim + Não; Não declarado coincide com circulação Aquavia + Saltado.
E02,Pavimentação,Domicílios,3509502014,V05007,Não,76.0,0.6497392493801829,0.6497392493801829,NÃO,11697.0,11697.0,Domínio aplicável = Sim + Não; Não declarado coincide com circulação Aquavia + Saltado.
E02,Pavimentação,Domicílios,3509502014,V05008,Não declarado,0.0,0.0,,SIM,11697.0,11697.0,Domínio aplicável = Sim + Não; Não declarado coincide com circulação Aquavia + Saltado.
E02,Pavimentação,Moradores,3509502014,V05206,Sim,29882.0,99.21641543263165,99.21641543263165,NÃO,30118.0,30118.0,Domínio aplicável = Sim + Não; Não declarado coincide com circulação Aquavia + Saltado.
E02,Pavimentação,Moradores,3509502014,V05207,Não,236.0,0.7835845673683511,0.7835845673683511,NÃO,30118.0,30118.0,Domínio aplicável = Sim + Não; Não declarado coincide com circulação Aquavia + Saltado.
E02,Pavimentação,Moradores,3509502014,V05208,Não declarado,0.0,0.0,,SIM,30118.0,30118.0,Domínio aplicável = Sim + Não; Não declarado coincide com circulação Aquavia + Saltado.
E02,Pavimentação,Faces,3509502014,V05406,Sim,1287.0,98.01980198019803,98.2442748091603,NÃO,1313.0,1310.0,Domínio aplicável = Sim + Não; Não declarado coincide com circulação Aquavia + Saltado.
E02,Pavimentação,Faces,3509502014,V05407,Não,23.0,1.7517136329017517,1.7557251908396947,NÃO,1313.0,1310.0,Domínio aplicável = Sim + Não; Não declarado coincide com circulação Aquavia + Saltado.
E02,Pavimentação,Faces,3509502014,V05408,Não declarado,3.0,0.2284843869002285,,SIM,1313.0,1310.0,Domínio aplicável = Sim + Não; Não declarado coincide com circulação Aquavia + Saltado.
E03,Bueiro / boca de lobo,Domicílios,3509502014,V05009,Sim,9294.0,79.45627083867657,79.45627083867657,NÃO,11697.0,11697.0,Domínio aplicável = Sim + Não; Não declarado coincide com circulação Aquavia + Saltado.
E03,Bueiro / boca de lobo,Domicílios,3509502014,V05010,Não,2403.0,20.543729161323416,20.543729161323416,NÃO,11697.0,11697.0,Domínio aplicável = Sim + Não; Não declarado coincide com circulação Aquavia + Saltado.
E03,Bueiro / boca de lobo,Domicílios,3509502014,V05011,Não declarado,0.0,0.0,,SIM,11697.0,11697.0,Domínio aplicável = Sim + Não; Não declarado coincide com circulação Aquavia + Saltado.
E03,Bueiro / boca de lobo,Moradores,3509502014,V05209,Sim,23941.0,79.49067003121057,79.49067003121057,NÃO,30118.0,30118.0,Domínio aplicável = Sim + Não; Não declarado coincide com circulação Aquavia + Saltado.
E03,Bueiro / boca de lobo,Moradores,3509502014,V05210,Não,6177.0,20.509329968789427,20.509329968789427,NÃO,30118.0,30118.0,Domínio aplicável = Sim + Não; Não declarado coincide com circulação Aquavia + Saltado.
E03,Bueiro / boca de lobo,Moradores,3509502014,V05211,Não declarado,0.0,0.0,,SIM,30118.0,30118.0,Domínio aplicável = Sim + Não; Não declarado coincide com circulação Aquavia + Saltado.
E03,Bueiro / boca de lobo,Faces,3509502014,V05409,Sim,910.0,69.3069306930693,69.46564885496184,NÃO,1313.0,1310.0,Domínio aplicável = Sim + Não; Não declarado coincide com circulação Aquavia + Saltado.
E03,Bueiro / boca de lobo,Faces,3509502014,V05410,Não,400.0,30.464584920030465,30.53435114503817,NÃO,1313.0,1310.0,Domínio aplicável = Sim + Não; Não declarado coincide com circulação Aquavia + Saltado.
E03,Bueiro / boca de lobo,Faces,3509502014,V05411,Não declarado,3.0,0.2284843869002285,,SIM,1313.0,1310.0,Domínio aplicável = Sim + Não; Não declarado coincide com circulação Aquavia + Saltado.
E04,Iluminação pública,Domicílios,3509502014,V05012,Sim,11669.0,99.7606223818073,99.7606223818073,NÃO,11697.0,11697.0,Domínio aplicável = Sim + Não; Não declarado coincide com circulação Aquavia + Saltado.
E04,Iluminação pública,Domicílios,3509502014,V05013,Não,28.0,0.23937761819269898,0.23937761819269898,NÃO,11697.0,11697.0,Domínio aplicável = Sim + Não; Não declarado coincide com circulação Aquavia + Saltado.
E04,Iluminação pública,Domicílios,3509502014,V05014,Não declarado,0.0,0.0,,SIM,11697.0,11697.0,Domínio aplicável = Sim + Não; Não declarado coincide com circulação Aquavia + Saltado.
E04,Iluminação pública,Moradores,3509502014,V05212,Sim,30021.0,99.67793346171725,99.67793346171725,NÃO,30118.0,30118.0,Domínio aplicável = Sim + Não; Não declarado coincide com circulação Aquavia + Saltado.
E04,Iluminação pública,Moradores,3509502014,V05213,Não,97.0,0.3220665382827545,0.3220665382827545,NÃO,30118.0,30118.0,Domínio aplicável = Sim + Não; Não declarado coincide com circulação Aquavia + Saltado.
E04,Iluminação pública,Moradores,3509502014,V05214,Não declarado,0.0,0.0,,SIM,30118.0,30118.0,Domínio aplicável = Sim + Não; Não declarado coincide com circulação Aquavia + Saltado.
E04,Iluminação pública,Faces,3509502014,V05412,Sim,1292.0,98.4006092916984,98.62595419847328,NÃO,1313.0,1310.0,Domínio aplicável = Sim + Não; Não declarado coincide com circulação Aquavia + Saltado.
E04,Iluminação pública,Faces,3509502014,V05413,Não,18.0,1.3709063214013708,1.3740458015267176,NÃO,1313.0,1310.0,Domínio aplicável = Sim + Não; Não declarado coincide com circulação Aquavia + Saltado.
E04,Iluminação pública,Faces,3509502014,V05414,Não declarado,3.0,0.2284843869002285,,SIM,1313.0,1310.0,Domínio aplicável = Sim + Não; Não declarado coincide com circulação Aquavia + Saltado.
E05,Ponto de ônibus,Domicílios,3509502014,V05015,Sim,3138.0,26.827391638881764,26.827391638881764,NÃO,11697.0,11697.0,Domínio aplicável = Sim + Não; Não declarado coincide com circulação Aquavia + Saltado.
E05,Ponto de ônibus,Domicílios,3509502014,V05016,Não,8559.0,73.17260836111824,73.17260836111824,NÃO,11697.0,11697.0,Domínio aplicável = Sim + Não; Não declarado coincide com circulação Aquavia + Saltado.
E05,Ponto de ônibus,Domicílios,3509502014,V05017,Não declarado,0.0,0.0,,SIM,11697.0,11697.0,Domínio aplicável = Sim + Não; Não declarado coincide com circulação Aquavia + Saltado.
E05,Ponto de ônibus,Moradores,3509502014,V05215,Sim,7638.0,25.36024968457401,25.36024968457401,NÃO,30118.0,30118.0,Domínio aplicável = Sim + Não; Não declarado coincide com circulação Aquavia + Saltado.
E05,Ponto de ônibus,Moradores,3509502014,V05216,Não,22480.0,74.63975031542599,74.63975031542599,NÃO,30118.0,30118.0,Domínio aplicável = Sim + Não; Não declarado coincide com circulação Aquavia + Saltado.
E05,Ponto de ônibus,Moradores,3509502014,V05217,Não declarado,0.0,0.0,,SIM,30118.0,30118.0,Domínio aplicável = Sim + Não; Não declarado coincide com circulação Aquavia + Saltado.
E05,Ponto de ônibus,Faces,3509502014,V05415,Sim,235.0,17.897943640517898,17.938931297709924,NÃO,1313.0,1310.0,Domínio aplicável = Sim + Não; Não declarado coincide com circulação Aquavia + Saltado.
E05,Ponto de ônibus,Faces,3509502014,V05416,Não,1075.0,81.87357197258187,82.06106870229007,NÃO,1313.0,1310.0,Domínio aplicável = Sim + Não; Não declarado coincide com circulação Aquavia + Saltado.
E05,Ponto de ônibus,Faces,3509502014,V05417,Não declarado,3.0,0.2284843869002285,,SIM,1313.0,1310.0,Domínio aplicável = Sim + Não; Não declarado coincide com circulação Aquavia + Saltado.
E06,Via sinalizada para bicicleta,Domicílios,3509502014,V05018,Sim,638.0,5.454390014533641,5.454390014533641,NÃO,11697.0,11697.0,Domínio aplicável = Sim + Não; Não declarado coincide com circulação Aquavia + Saltado.
E06,Via sinalizada para bicicleta,Domicílios,3509502014,V05019,Não,11059.0,94.54560998546636,94.54560998546636,NÃO,11697.0,11697.0,Domínio aplicável = Sim + Não; Não declarado coincide com circulação Aquavia + Saltado.
E06,Via sinalizada para bicicleta,Domicílios,3509502014,V05020,Não declarado,0.0,0.0,,SIM,11697.0,11697.0,Domínio aplicável = Sim + Não; Não declarado coincide com circulação Aquavia + Saltado.
E06,Via sinalizada para bicicleta,Moradores,3509502014,V05218,Sim,1473.0,4.890762998871107,4.890762998871107,NÃO,30118.0,30118.0,Domínio aplicável = Sim + Não; Não declarado coincide com circulação Aquavia + Saltado.
E06,Via sinalizada para bicicleta,Moradores,3509502014,V05219,Não,28645.0,95.10923700112889,95.10923700112889,NÃO,30118.0,30118.0,Domínio aplicável = Sim + Não; Não declarado coincide com circulação Aquavia + Saltado.
E06,Via sinalizada para bicicleta,Moradores,3509502014,V05220,Não declarado,0.0,0.0,,SIM,30118.0,30118.0,Domínio aplicável = Sim + Não; Não declarado coincide com circulação Aquavia + Saltado.
E06,Via sinalizada para bicicleta,Faces,3509502014,V05418,Sim,75.0,5.712109672505712,5.7251908396946565,NÃO,1313.0,1310.0,Domínio aplicável = Sim + Não; Não declarado coincide com circulação Aquavia + Saltado.
E06,Via sinalizada para bicicleta,Faces,3509502014,V05419,Não,1235.0,94.05940594059405,94.27480916030534,NÃO,1313.0,1310.0,Domínio aplicável = Sim + Não; Não declarado coincide com circulação Aquavia + Saltado.
E06,Via sinalizada para bicicleta,Faces,3509502014,V05420,Não declarado,3.0,0.2284843869002285,,SIM,1313.0,1310.0,Domínio aplicável = Sim + Não; Não declarado coincide com circulação Aquavia + Saltado.
E07,Calçada,Domicílios,3509502014,V05021,Sim,11529.0,98.56373429084381,98.56373429084381,NÃO,11697.0,11697.0,Domínio aplicável = Sim + Não; Não declarado coincide com circulação Aquavia + Saltado.
E07,Calçada,Domicílios,3509502014,V05022,Não,168.0,1.436265709156194,1.436265709156194,NÃO,11697.0,11697.0,Domínio aplicável = Sim + Não; Não declarado coincide com circulação Aquavia + Saltado.
E07,Calçada,Domicílios,3509502014,V05023,Não declarado,0.0,0.0,,SIM,11697.0,11697.0,Domínio aplicável = Sim + Não; Não declarado coincide com circulação Aquavia + Saltado.
E07,Calçada,Moradores,3509502014,V05221,Sim,29624.0,98.35978484627134,98.35978484627134,NÃO,30118.0,30118.0,Domínio aplicável = Sim + Não; Não declarado coincide com circulação Aquavia + Saltado.
E07,Calçada,Moradores,3509502014,V05222,Não,494.0,1.6402151537286673,1.6402151537286673,NÃO,30118.0,30118.0,Domínio aplicável = Sim + Não; Não declarado coincide com circulação Aquavia + Saltado.
E07,Calçada,Moradores,3509502014,V05223,Não declarado,0.0,0.0,,SIM,30118.0,30118.0,Domínio aplicável = Sim + Não; Não declarado coincide com circulação Aquavia + Saltado.
E07,Calçada,Faces,3509502014,V05421,Sim,1204.0,91.6984006092917,91.90839694656489,NÃO,1313.0,1310.0,Domínio aplicável = Sim + Não; Não declarado coincide com circulação Aquavia + Saltado.
E07,Calçada,Faces,3509502014,V05422,Não,106.0,8.073115003808073,8.091603053435115,NÃO,1313.0,1310.0,Domínio aplicável = Sim + Não; Não declarado coincide com circulação Aquavia + Saltado.
E07,Calçada,Faces,3509502014,V05423,Não declarado,3.0,0.2284843869002285,,SIM,1313.0,1310.0,Domínio aplicável = Sim + Não; Não declarado coincide com circulação Aquavia + Saltado.
E08,Obstáculo na calçada,Domicílios,3509502014,V05024,Sim,6812.0,58.23715482602376,59.08578367594761,NÃO,11697.0,11529.0,Domínio aplicável = Sim + Não; Não declarado coincide com ausência/não aplicação de calçada.
E08,Obstáculo na calçada,Domicílios,3509502014,V05025,Não,4717.0,40.32657946482004,40.91421632405239,NÃO,11697.0,11529.0,Domínio aplicável = Sim + Não; Não declarado coincide com ausência/não aplicação de calçada.
E08,Obstáculo na calçada,Domicílios,3509502014,V05026,Não declarado,168.0,1.436265709156194,,SIM,11697.0,11529.0,Domínio aplicável = Sim + Não; Não declarado coincide com ausência/não aplicação de calçada.
E08,Obstáculo na calçada,Moradores,3509502014,V05224,Sim,18104.0,60.110233083206055,61.11261139616527,NÃO,30118.0,29624.0,Domínio aplicável = Sim + Não; Não declarado coincide com ausência/não aplicação de calçada.
E08,Obstáculo na calçada,Moradores,3509502014,V05225,Não,11520.0,38.24955176306528,38.88738860383473,NÃO,30118.0,29624.0,Domínio aplicável = Sim + Não; Não declarado coincide com ausência/não aplicação de calçada.
E08,Obstáculo na calçada,Moradores,3509502014,V05226,Não declarado,494.0,1.6402151537286673,,SIM,30118.0,29624.0,Domínio aplicável = Sim + Não; Não declarado coincide com ausência/não aplicação de calçada.
E08,Obstáculo na calçada,Faces,3509502014,V05424,Sim,722.0,54.98857578065499,59.966777408637874,NÃO,1313.0,1204.0,Domínio aplicável = Sim + Não; Não declarado coincide com ausência/não aplicação de calçada.
E08,Obstáculo na calçada,Faces,3509502014,V05425,Não,482.0,36.70982482863671,40.033222591362126,NÃO,1313.0,1204.0,Domínio aplicável = Sim + Não; Não declarado coincide com ausência/não aplicação de calçada.
E08,Obstáculo na calçada,Faces,3509502014,V05426,Não declarado,109.0,8.3015993907083,,SIM,1313.0,1204.0,Domínio aplicável = Sim + Não; Não declarado coincide com ausência/não aplicação de calçada.
E09,Rampa para cadeirante,Domicílios,3509502014,V05027,Sim,2337.0,19.979481918440626,20.27062190996617,NÃO,11697.0,11529.0,Domínio aplicável = Sim + Não; Não declarado coincide com ausência/não aplicação de calçada.
E09,Rampa para cadeirante,Domicílios,3509502014,V05028,Não,9192.0,78.58425237240318,79.72937809003383,NÃO,11697.0,11529.0,Domínio aplicável = Sim + Não; Não declarado coincide com ausência/não aplicação de calçada.
E09,Rampa para cadeirante,Domicílios,3509502014,V05029,Não declarado,168.0,1.436265709156194,,SIM,11697.0,11529.0,Domínio aplicável = Sim + Não; Não declarado coincide com ausência/não aplicação de calçada.
E09,Rampa para cadeirante,Moradores,3509502014,V05227,Sim,5808.0,19.284149013878743,19.605725087766675,NÃO,30118.0,29624.0,Domínio aplicável = Sim + Não; Não declarado coincide com ausência/não aplicação de calçada.
E09,Rampa para cadeirante,Moradores,3509502014,V05228,Não,23816.0,79.07563583239259,80.39427491223333,NÃO,30118.0,29624.0,Domínio aplicável = Sim + Não; Não declarado coincide com ausência/não aplicação de calçada.
E09,Rampa para cadeirante,Moradores,3509502014,V05229,Não declarado,494.0,1.6402151537286673,,SIM,30118.0,29624.0,Domínio aplicável = Sim + Não; Não declarado coincide com ausência/não aplicação de calçada.
E09,Rampa para cadeirante,Faces,3509502014,V05427,Sim,227.0,17.28865194211729,18.853820598006646,NÃO,1313.0,1204.0,Domínio aplicável = Sim + Não; Não declarado coincide com ausência/não aplicação de calçada.
E09,Rampa para cadeirante,Faces,3509502014,V05428,Não,977.0,74.40974866717441,81.14617940199335,NÃO,1313.0,1204.0,Domínio aplicável = Sim + Não; Não declarado coincide com ausência/não aplicação de calçada.
E09,Rampa para cadeirante,Faces,3509502014,V05429,Não declarado,109.0,8.3015993907083,,SIM,1313.0,1204.0,Domínio aplicável = Sim + Não; Não declarado coincide com ausência/não aplicação de calçada.
E10,Arborização,Domicílios,3509502014,V05030,Sem árvores,2283.0,19.517825083354705,19.517825083354705,NÃO,11697.0,11697.0,Domínio aplicável = classes substantivas de arborização; Saltado fica fora.
E10,Arborização,Domicílios,3509502014,V05031,1 a 2 árvores,1829.0,15.636487988373087,15.636487988373087,NÃO,11697.0,11697.0,Domínio aplicável = classes substantivas de arborização; Saltado fica fora.
E10,Arborização,Domicílios,3509502014,V05032,3 a 4 árvores,2251.0,19.24425066256305,19.24425066256305,NÃO,11697.0,11697.0,Domínio aplicável = classes substantivas de arborização; Saltado fica fora.
E10,Arborização,Domicílios,3509502014,V05033,5 ou mais árvores,5334.0,45.601436265709154,45.601436265709154,NÃO,11697.0,11697.0,Domínio aplicável = classes substantivas de arborização; Saltado fica fora.
E10,Arborização,Domicílios,3509502014,V05034,Saltado,0.0,0.0,,SIM,11697.0,11697.0,Domínio aplicável = classes substantivas de arborização; Saltado fica fora.
E10,Arborização,Moradores,3509502014,V05230,Sem árvores,5625.0,18.676538946809217,18.676538946809217,NÃO,30118.0,30118.0,Domínio aplicável = classes substantivas de arborização; Saltado fica fora.
E10,Arborização,Moradores,3509502014,V05231,1 a 2 árvores,4853.0,16.113287734909356,16.113287734909356,NÃO,30118.0,30118.0,Domínio aplicável = classes substantivas de arborização; Saltado fica fora.
E10,Arborização,Moradores,3509502014,V05232,3 a 4 árvores,5854.0,19.436881599043762,19.436881599043762,NÃO,30118.0,30118.0,Domínio aplicável = classes substantivas de arborização; Saltado fica fora.
E10,Arborização,Moradores,3509502014,V05233,5 ou mais árvores,13786.0,45.77329171923766,45.77329171923766,NÃO,30118.0,30118.0,Domínio aplicável = classes substantivas de arborização; Saltado fica fora.
E10,Arborização,Moradores,3509502014,V05234,Saltado,0.0,0.0,,SIM,30118.0,30118.0,Domínio aplicável = classes substantivas de arborização; Saltado fica fora.
E10,Arborização,Faces,3509502014,V05430,Sem árvores,399.0,30.38842345773039,30.45801526717557,NÃO,1313.0,1310.0,Domínio aplicável = classes substantivas de arborização; Saltado fica fora.
E10,Arborização,Faces,3509502014,V05431,1 a 2 árvores,257.0,19.573495811119574,19.61832061068702,NÃO,1313.0,1310.0,Domínio aplicável = classes substantivas de arborização; Saltado fica fora.
E10,Arborização,Faces,3509502014,V05432,3 a 4 árvores,179.0,13.632901751713632,13.664122137404581,NÃO,1313.0,1310.0,Domínio aplicável = classes substantivas de arborização; Saltado fica fora.
E10,Arborização,Faces,3509502014,V05433,5 ou mais árvores,475.0,36.17669459253618,36.25954198473282,NÃO,1313.0,1310.0,Domínio aplicável = classes substantivas de arborização; Saltado fica fora.
E10,Arborização,Faces,3509502014,V05434,Saltado,3.0,0.2284843869002285,,SIM,1313.0,1310.0,Domínio aplicável = classes substantivas de arborização; Saltado fica fora.
E01,Circulação da via,Domicílios,3509502015,V05001,"Caminhão, ônibus",10456.0,94.72730567131727,94.72730567131727,NÃO,11038.0,11038.0,Domínio aplicável = categorias substantivas de circulação; Saltado fica fora.
E01,Circulação da via,Domicílios,3509502015,V05002,Carros de passeio ou van,422.0,3.823156368907411,3.823156368907411,NÃO,11038.0,11038.0,Domínio aplicável = categorias substantivas de circulação; Saltado fica fora.
E01,Circulação da via,Domicílios,3509502015,V05003,"Pedestres, bicicletas e motocicletas",160.0,1.4495379597753215,1.4495379597753215,NÃO,11038.0,11038.0,Domínio aplicável = categorias substantivas de circulação; Saltado fica fora.
E01,Circulação da via,Domicílios,3509502015,V05004,Aquavia,0.0,0.0,0.0,NÃO,11038.0,11038.0,Domínio aplicável = categorias substantivas de circulação; Saltado fica fora.
E01,Circulação da via,Domicílios,3509502015,V05005,Saltado,0.0,0.0,,SIM,11038.0,11038.0,Domínio aplicável = categorias substantivas de circulação; Saltado fica fora.
E01,Circulação da via,Moradores,3509502015,V05201,"Caminhão, ônibus",28838.0,94.30655024690147,94.30655024690147,NÃO,30579.0,30579.0,Domínio aplicável = categorias substantivas de circulação; Saltado fica fora.
E01,Circulação da via,Moradores,3509502015,V05202,Carros de passeio ou van,1257.0,4.110664181300893,4.110664181300893,NÃO,30579.0,30579.0,Domínio aplicável = categorias substantivas de circulação; Saltado fica fora.
E01,Circulação da via,Moradores,3509502015,V05203,"Pedestres, bicicletas e motocicletas",484.0,1.582785571797639,1.582785571797639,NÃO,30579.0,30579.0,Domínio aplicável = categorias substantivas de circulação; Saltado fica fora.
E01,Circulação da via,Moradores,3509502015,V05204,Aquavia,0.0,0.0,0.0,NÃO,30579.0,30579.0,Domínio aplicável = categorias substantivas de circulação; Saltado fica fora.
E01,Circulação da via,Moradores,3509502015,V05205,Saltado,0.0,0.0,,SIM,30579.0,30579.0,Domínio aplicável = categorias substantivas de circulação; Saltado fica fora.
E01,Circulação da via,Faces,3509502015,V05401,"Caminhão, ônibus",1145.0,84.19117647058823,84.37730287398674,NÃO,1360.0,1357.0,Domínio aplicável = categorias substantivas de circulação; Saltado fica fora.
E01,Circulação da via,Faces,3509502015,V05402,Carros de passeio ou van,127.0,9.338235294117647,9.358879882092852,NÃO,1360.0,1357.0,Domínio aplicável = categorias substantivas de circulação; Saltado fica fora.
E01,Circulação da via,Faces,3509502015,V05403,"Pedestres, bicicletas e motocicletas",85.0,6.25,6.263817243920412,NÃO,1360.0,1357.0,Domínio aplicável = categorias substantivas de circulação; Saltado fica fora.
E01,Circulação da via,Faces,3509502015,V05404,Aquavia,0.0,0.0,0.0,NÃO,1360.0,1357.0,Domínio aplicável = categorias substantivas de circulação; Saltado fica fora.
E01,Circulação da via,Faces,3509502015,V05405,Saltado,3.0,0.22058823529411764,,SIM,1360.0,1357.0,Domínio aplicável = categorias substantivas de circulação; Saltado fica fora.
E02,Pavimentação,Domicílios,3509502015,V05006,Sim,10511.0,95.22558434499004,95.22558434499004,NÃO,11038.0,11038.0,Domínio aplicável = Sim + Não; Não declarado coincide com circulação Aquavia + Saltado.
E02,Pavimentação,Domicílios,3509502015,V05007,Não,527.0,4.774415655009966,4.774415655009966,NÃO,11038.0,11038.0,Domínio aplicável = Sim + Não; Não declarado coincide com circulação Aquavia + Saltado.
E02,Pavimentação,Domicílios,3509502015,V05008,Não declarado,0.0,0.0,,SIM,11038.0,11038.0,Domínio aplicável = Sim + Não; Não declarado coincide com circulação Aquavia + Saltado.
E02,Pavimentação,Moradores,3509502015,V05206,Sim,28983.0,94.78073187481606,94.78073187481606,NÃO,30579.0,30579.0,Domínio aplicável = Sim + Não; Não declarado coincide com circulação Aquavia + Saltado.
E02,Pavimentação,Moradores,3509502015,V05207,Não,1596.0,5.21926812518395,5.21926812518395,NÃO,30579.0,30579.0,Domínio aplicável = Sim + Não; Não declarado coincide com circulação Aquavia + Saltado.
E02,Pavimentação,Moradores,3509502015,V05208,Não declarado,0.0,0.0,,SIM,30579.0,30579.0,Domínio aplicável = Sim + Não; Não declarado coincide com circulação Aquavia + Saltado.
E02,Pavimentação,Faces,3509502015,V05406,Sim,1214.0,89.26470588235294,89.4620486366986,NÃO,1360.0,1357.0,Domínio aplicável = Sim + Não; Não declarado coincide com circulação Aquavia + Saltado.
E02,Pavimentação,Faces,3509502015,V05407,Não,143.0,10.514705882352942,10.5379513633014,NÃO,1360.0,1357.0,Domínio aplicável = Sim + Não; Não declarado coincide com circulação Aquavia + Saltado.
E02,Pavimentação,Faces,3509502015,V05408,Não declarado,3.0,0.22058823529411764,,SIM,1360.0,1357.0,Domínio aplicável = Sim + Não; Não declarado coincide com circulação Aquavia + Saltado.
E03,Bueiro / boca de lobo,Domicílios,3509502015,V05009,Sim,8177.0,74.08044935676753,74.08044935676753,NÃO,11038.0,11038.0,Domínio aplicável = Sim + Não; Não declarado coincide com circulação Aquavia + Saltado.
E03,Bueiro / boca de lobo,Domicílios,3509502015,V05010,Não,2861.0,25.91955064323247,25.91955064323247,NÃO,11038.0,11038.0,Domínio aplicável = Sim + Não; Não declarado coincide com circulação Aquavia + Saltado.
E03,Bueiro / boca de lobo,Domicílios,3509502015,V05011,Não declarado,0.0,0.0,,SIM,11038.0,11038.0,Domínio aplicável = Sim + Não; Não declarado coincide com circulação Aquavia + Saltado.
E03,Bueiro / boca de lobo,Moradores,3509502015,V05209,Sim,22538.0,73.70417606854377,73.70417606854377,NÃO,30579.0,30579.0,Domínio aplicável = Sim + Não; Não declarado coincide com circulação Aquavia + Saltado.
E03,Bueiro / boca de lobo,Moradores,3509502015,V05210,Não,8041.0,26.29582393145623,26.29582393145623,NÃO,30579.0,30579.0,Domínio aplicável = Sim + Não; Não declarado coincide com circulação Aquavia + Saltado.
E03,Bueiro / boca de lobo,Moradores,3509502015,V05211,Não declarado,0.0,0.0,,SIM,30579.0,30579.0,Domínio aplicável = Sim + Não; Não declarado coincide com circulação Aquavia + Saltado.
E03,Bueiro / boca de lobo,Faces,3509502015,V05409,Sim,775.0,56.98529411764706,57.11127487103905,NÃO,1360.0,1357.0,Domínio aplicável = Sim + Não; Não declarado coincide com circulação Aquavia + Saltado.
E03,Bueiro / boca de lobo,Faces,3509502015,V05410,Não,582.0,42.79411764705882,42.88872512896094,NÃO,1360.0,1357.0,Domínio aplicável = Sim + Não; Não declarado coincide com circulação Aquavia + Saltado.
E03,Bueiro / boca de lobo,Faces,3509502015,V05411,Não declarado,3.0,0.22058823529411764,,SIM,1360.0,1357.0,Domínio aplicável = Sim + Não; Não declarado coincide com circulação Aquavia + Saltado.
E04,Iluminação pública,Domicílios,3509502015,V05012,Sim,10793.0,97.78039499909403,97.78039499909403,NÃO,11038.0,11038.0,Domínio aplicável = Sim + Não; Não declarado coincide com circulação Aquavia + Saltado.
E04,Iluminação pública,Domicílios,3509502015,V05013,Não,245.0,2.219605000905961,2.219605000905961,NÃO,11038.0,11038.0,Domínio aplicável = Sim + Não; Não declarado coincide com circulação Aquavia + Saltado.
E04,Iluminação pública,Domicílios,3509502015,V05014,Não declarado,0.0,0.0,,SIM,11038.0,11038.0,Domínio aplicável = Sim + Não; Não declarado coincide com circulação Aquavia + Saltado.
E04,Iluminação pública,Moradores,3509502015,V05212,Sim,29877.0,97.7043068772687,97.7043068772687,NÃO,30579.0,30579.0,Domínio aplicável = Sim + Não; Não declarado coincide com circulação Aquavia + Saltado.
E04,Iluminação pública,Moradores,3509502015,V05213,Não,702.0,2.2956931227312865,2.2956931227312865,NÃO,30579.0,30579.0,Domínio aplicável = Sim + Não; Não declarado coincide com circulação Aquavia + Saltado.
E04,Iluminação pública,Moradores,3509502015,V05214,Não declarado,0.0,0.0,,SIM,30579.0,30579.0,Domínio aplicável = Sim + Não; Não declarado coincide com circulação Aquavia + Saltado.
E04,Iluminação pública,Faces,3509502015,V05412,Sim,1269.0,93.30882352941177,93.51510685335298,NÃO,1360.0,1357.0,Domínio aplicável = Sim + Não; Não declarado coincide com circulação Aquavia + Saltado.
E04,Iluminação pública,Faces,3509502015,V05413,Não,88.0,6.470588235294119,6.484893146647015,NÃO,1360.0,1357.0,Domínio aplicável = Sim + Não; Não declarado coincide com circulação Aquavia + Saltado.
E04,Iluminação pública,Faces,3509502015,V05414,Não declarado,3.0,0.22058823529411764,,SIM,1360.0,1357.0,Domínio aplicável = Sim + Não; Não declarado coincide com circulação Aquavia + Saltado.
E05,Ponto de ônibus,Domicílios,3509502015,V05015,Sim,1874.0,16.977713353868452,16.977713353868452,NÃO,11038.0,11038.0,Domínio aplicável = Sim + Não; Não declarado coincide com circulação Aquavia + Saltado.
E05,Ponto de ônibus,Domicílios,3509502015,V05016,Não,9164.0,83.02228664613155,83.02228664613155,NÃO,11038.0,11038.0,Domínio aplicável = Sim + Não; Não declarado coincide com circulação Aquavia + Saltado.
E05,Ponto de ônibus,Domicílios,3509502015,V05017,Não declarado,0.0,0.0,,SIM,11038.0,11038.0,Domínio aplicável = Sim + Não; Não declarado coincide com circulação Aquavia + Saltado.
E05,Ponto de ônibus,Moradores,3509502015,V05215,Sim,4983.0,16.295496909643873,16.295496909643873,NÃO,30579.0,30579.0,Domínio aplicável = Sim + Não; Não declarado coincide com circulação Aquavia + Saltado.
E05,Ponto de ônibus,Moradores,3509502015,V05216,Não,25596.0,83.70450309035613,83.70450309035613,NÃO,30579.0,30579.0,Domínio aplicável = Sim + Não; Não declarado coincide com circulação Aquavia + Saltado.
E05,Ponto de ônibus,Moradores,3509502015,V05217,Não declarado,0.0,0.0,,SIM,30579.0,30579.0,Domínio aplicável = Sim + Não; Não declarado coincide com circulação Aquavia + Saltado.
E05,Ponto de ônibus,Faces,3509502015,V05415,Sim,186.0,13.676470588235295,13.706705969049374,NÃO,1360.0,1357.0,Domínio aplicável = Sim + Não; Não declarado coincide com circulação Aquavia + Saltado.
E05,Ponto de ônibus,Faces,3509502015,V05416,Não,1171.0,86.1029411764706,86.29329403095063,NÃO,1360.0,1357.0,Domínio aplicável = Sim + Não; Não declarado coincide com circulação Aquavia + Saltado.
E05,Ponto de ônibus,Faces,3509502015,V05417,Não declarado,3.0,0.22058823529411764,,SIM,1360.0,1357.0,Domínio aplicável = Sim + Não; Não declarado coincide com circulação Aquavia + Saltado.
E06,Via sinalizada para bicicleta,Domicílios,3509502015,V05018,Sim,108.0,0.9784381228483421,0.9784381228483421,NÃO,11038.0,11038.0,Domínio aplicável = Sim + Não; Não declarado coincide com circulação Aquavia + Saltado.
E06,Via sinalizada para bicicleta,Domicílios,3509502015,V05019,Não,10930.0,99.02156187715165,99.02156187715165,NÃO,11038.0,11038.0,Domínio aplicável = Sim + Não; Não declarado coincide com circulação Aquavia + Saltado.
E06,Via sinalizada para bicicleta,Domicílios,3509502015,V05020,Não declarado,0.0,0.0,,SIM,11038.0,11038.0,Domínio aplicável = Sim + Não; Não declarado coincide com circulação Aquavia + Saltado.
E06,Via sinalizada para bicicleta,Moradores,3509502015,V05218,Sim,284.0,0.9287419470878707,0.9287419470878707,NÃO,30579.0,30579.0,Domínio aplicável = Sim + Não; Não declarado coincide com circulação Aquavia + Saltado.
E06,Via sinalizada para bicicleta,Moradores,3509502015,V05219,Não,30295.0,99.07125805291213,99.07125805291213,NÃO,30579.0,30579.0,Domínio aplicável = Sim + Não; Não declarado coincide com circulação Aquavia + Saltado.
E06,Via sinalizada para bicicleta,Moradores,3509502015,V05220,Não declarado,0.0,0.0,,SIM,30579.0,30579.0,Domínio aplicável = Sim + Não; Não declarado coincide com circulação Aquavia + Saltado.
E06,Via sinalizada para bicicleta,Faces,3509502015,V05418,Sim,27.0,1.9852941176470587,1.989683124539425,NÃO,1360.0,1357.0,Domínio aplicável = Sim + Não; Não declarado coincide com circulação Aquavia + Saltado.
E06,Via sinalizada para bicicleta,Faces,3509502015,V05419,Não,1330.0,97.79411764705883,98.01031687546057,NÃO,1360.0,1357.0,Domínio aplicável = Sim + Não; Não declarado coincide com circulação Aquavia + Saltado.
E06,Via sinalizada para bicicleta,Faces,3509502015,V05420,Não declarado,3.0,0.22058823529411764,,SIM,1360.0,1357.0,Domínio aplicável = Sim + Não; Não declarado coincide com circulação Aquavia + Saltado.
E07,Calçada,Domicílios,3509502015,V05021,Sim,9954.0,90.17938032252219,90.17938032252219,NÃO,11038.0,11038.0,Domínio aplicável = Sim + Não; Não declarado coincide com circulação Aquavia + Saltado.
E07,Calçada,Domicílios,3509502015,V05022,Não,1084.0,9.820619677477804,9.820619677477804,NÃO,11038.0,11038.0,Domínio aplicável = Sim + Não; Não declarado coincide com circulação Aquavia + Saltado.
E07,Calçada,Domicílios,3509502015,V05023,Não declarado,0.0,0.0,,SIM,11038.0,11038.0,Domínio aplicável = Sim + Não; Não declarado coincide com circulação Aquavia + Saltado.
E07,Calçada,Moradores,3509502015,V05221,Sim,27442.0,89.7413257464273,89.7413257464273,NÃO,30579.0,30579.0,Domínio aplicável = Sim + Não; Não declarado coincide com circulação Aquavia + Saltado.
E07,Calçada,Moradores,3509502015,V05222,Não,3137.0,10.258674253572714,10.258674253572714,NÃO,30579.0,30579.0,Domínio aplicável = Sim + Não; Não declarado coincide com circulação Aquavia + Saltado.
E07,Calçada,Moradores,3509502015,V05223,Não declarado,0.0,0.0,,SIM,30579.0,30579.0,Domínio aplicável = Sim + Não; Não declarado coincide com circulação Aquavia + Saltado.
E07,Calçada,Faces,3509502015,V05421,Sim,1044.0,76.76470588235294,76.93441414885778,NÃO,1360.0,1357.0,Domínio aplicável = Sim + Não; Não declarado coincide com circulação Aquavia + Saltado.
E07,Calçada,Faces,3509502015,V05422,Não,313.0,23.01470588235294,23.065585851142227,NÃO,1360.0,1357.0,Domínio aplicável = Sim + Não; Não declarado coincide com circulação Aquavia + Saltado.
E07,Calçada,Faces,3509502015,V05423,Não declarado,3.0,0.22058823529411764,,SIM,1360.0,1357.0,Domínio aplicável = Sim + Não; Não declarado coincide com circulação Aquavia + Saltado.
E08,Obstáculo na calçada,Domicílios,3509502015,V05024,Sim,7763.0,70.32976988584888,77.9887482419128,NÃO,11038.0,9954.0,Domínio aplicável = Sim + Não; Não declarado coincide com ausência/não aplicação de calçada.
E08,Obstáculo na calçada,Domicílios,3509502015,V05025,Não,2191.0,19.84961043667331,22.0112517580872,NÃO,11038.0,9954.0,Domínio aplicável = Sim + Não; Não declarado coincide com ausência/não aplicação de calçada.
E08,Obstáculo na calçada,Domicílios,3509502015,V05026,Não declarado,1084.0,9.820619677477804,,SIM,11038.0,9954.0,Domínio aplicável = Sim + Não; Não declarado coincide com ausência/não aplicação de calçada.
E08,Obstáculo na calçada,Moradores,3509502015,V05224,Sim,21605.0,70.65306255927271,78.72968442533343,NÃO,30579.0,27442.0,Domínio aplicável = Sim + Não; Não declarado coincide com ausência/não aplicação de calçada.
E08,Obstáculo na calçada,Moradores,3509502015,V05225,Não,5837.0,19.088263187154585,21.270315574666572,NÃO,30579.0,27442.0,Domínio aplicável = Sim + Não; Não declarado coincide com ausência/não aplicação de calçada.
E08,Obstáculo na calçada,Moradores,3509502015,V05226,Não declarado,3137.0,10.258674253572714,,SIM,30579.0,27442.0,Domínio aplicável = Sim + Não; Não declarado coincide com ausência/não aplicação de calçada.
E08,Obstáculo na calçada,Faces,3509502015,V05424,Sim,780.0,57.35294117647059,74.71264367816092,NÃO,1360.0,1044.0,Domínio aplicável = Sim + Não; Não declarado coincide com ausência/não aplicação de calçada.
E08,Obstáculo na calçada,Faces,3509502015,V05425,Não,264.0,19.411764705882355,25.287356321839084,NÃO,1360.0,1044.0,Domínio aplicável = Sim + Não; Não declarado coincide com ausência/não aplicação de calçada.
E08,Obstáculo na calçada,Faces,3509502015,V05426,Não declarado,316.0,23.235294117647058,,SIM,1360.0,1044.0,Domínio aplicável = Sim + Não; Não declarado coincide com ausência/não aplicação de calçada.
E09,Rampa para cadeirante,Domicílios,3509502015,V05027,Sim,1674.0,15.1657909041493,16.817359855334537,NÃO,11038.0,9954.0,Domínio aplicável = Sim + Não; Não declarado coincide com ausência/não aplicação de calçada.
E09,Rampa para cadeirante,Domicílios,3509502015,V05028,Não,8280.0,75.01358941837289,83.18264014466547,NÃO,11038.0,9954.0,Domínio aplicável = Sim + Não; Não declarado coincide com ausência/não aplicação de calçada.
E09,Rampa para cadeirante,Domicílios,3509502015,V05029,Não declarado,1084.0,9.820619677477804,,SIM,11038.0,9954.0,Domínio aplicável = Sim + Não; Não declarado coincide com ausência/não aplicação de calçada.
E09,Rampa para cadeirante,Moradores,3509502015,V05227,Sim,4481.0,14.653847411622356,16.32898476787406,NÃO,30579.0,27442.0,Domínio aplicável = Sim + Não; Não declarado coincide com ausência/não aplicação de calçada.
E09,Rampa para cadeirante,Moradores,3509502015,V05228,Não,22961.0,75.08747833480494,83.67101523212594,NÃO,30579.0,27442.0,Domínio aplicável = Sim + Não; Não declarado coincide com ausência/não aplicação de calçada.
E09,Rampa para cadeirante,Moradores,3509502015,V05229,Não declarado,3137.0,10.258674253572714,,SIM,30579.0,27442.0,Domínio aplicável = Sim + Não; Não declarado coincide com ausência/não aplicação de calçada.
E09,Rampa para cadeirante,Faces,3509502015,V05427,Sim,177.0,13.014705882352942,16.954022988505745,NÃO,1360.0,1044.0,Domínio aplicável = Sim + Não; Não declarado coincide com ausência/não aplicação de calçada.
E09,Rampa para cadeirante,Faces,3509502015,V05428,Não,867.0,63.74999999999999,83.04597701149426,NÃO,1360.0,1044.0,Domínio aplicável = Sim + Não; Não declarado coincide com ausência/não aplicação de calçada.
E09,Rampa para cadeirante,Faces,3509502015,V05429,Não declarado,316.0,23.235294117647058,,SIM,1360.0,1044.0,Domínio aplicável = Sim + Não; Não declarado coincide com ausência/não aplicação de calçada.
E10,Arborização,Domicílios,3509502015,V05030,Sem árvores,1332.0,12.067403515129554,12.067403515129554,NÃO,11038.0,11038.0,Domínio aplicável = classes substantivas de arborização; Saltado fica fora.
E10,Arborização,Domicílios,3509502015,V05031,1 a 2 árvores,2183.0,19.777133538684545,19.777133538684545,NÃO,11038.0,11038.0,Domínio aplicável = classes substantivas de arborização; Saltado fica fora.
E10,Arborização,Domicílios,3509502015,V05032,3 a 4 árvores,1561.0,14.142054720057981,14.142054720057981,NÃO,11038.0,11038.0,Domínio aplicável = classes substantivas de arborização; Saltado fica fora.
E10,Arborização,Domicílios,3509502015,V05033,5 ou mais árvores,5962.0,54.01340822612792,54.01340822612792,NÃO,11038.0,11038.0,Domínio aplicável = classes substantivas de arborização; Saltado fica fora.
E10,Arborização,Domicílios,3509502015,V05034,Saltado,0.0,0.0,,SIM,11038.0,11038.0,Domínio aplicável = classes substantivas de arborização; Saltado fica fora.
E10,Arborização,Moradores,3509502015,V05230,Sem árvores,3740.0,12.230615782072665,12.230615782072665,NÃO,30579.0,30579.0,Domínio aplicável = classes substantivas de arborização; Saltado fica fora.
E10,Arborização,Moradores,3509502015,V05231,1 a 2 árvores,5984.0,19.568985251316263,19.568985251316263,NÃO,30579.0,30579.0,Domínio aplicável = classes substantivas de arborização; Saltado fica fora.
E10,Arborização,Moradores,3509502015,V05232,3 a 4 árvores,4274.0,13.976912260047744,13.976912260047744,NÃO,30579.0,30579.0,Domínio aplicável = classes substantivas de arborização; Saltado fica fora.
E10,Arborização,Moradores,3509502015,V05233,5 ou mais árvores,16581.0,54.22348670656333,54.22348670656333,NÃO,30579.0,30579.0,Domínio aplicável = classes substantivas de arborização; Saltado fica fora.
E10,Arborização,Moradores,3509502015,V05234,Saltado,0.0,0.0,,SIM,30579.0,30579.0,Domínio aplicável = classes substantivas de arborização; Saltado fica fora.
E10,Arborização,Faces,3509502015,V05430,Sem árvores,402.0,29.558823529411764,29.624170965364776,NÃO,1360.0,1357.0,Domínio aplicável = classes substantivas de arborização; Saltado fica fora.
E10,Arborização,Faces,3509502015,V05431,1 a 2 árvores,289.0,21.25,21.296978629329402,NÃO,1360.0,1357.0,Domínio aplicável = classes substantivas de arborização; Saltado fica fora.
E10,Arborização,Faces,3509502015,V05432,3 a 4 árvores,186.0,13.676470588235295,13.706705969049374,NÃO,1360.0,1357.0,Domínio aplicável = classes substantivas de arborização; Saltado fica fora.
E10,Arborização,Faces,3509502015,V05433,5 ou mais árvores,480.0,35.294117647058826,35.37214443625645,NÃO,1360.0,1357.0,Domínio aplicável = classes substantivas de arborização; Saltado fica fora.
E10,Arborização,Faces,3509502015,V05434,Saltado,3.0,0.22058823529411764,,SIM,1360.0,1357.0,Domínio aplicável = classes substantivas de arborização; Saltado fica fora.
E01,Circulação da via,Domicílios,3509502016,V05001,"Caminhão, ônibus",8876.0,95.3895754970446,95.58475123842344,NÃO,9305.0,9286.0,Domínio aplicável = categorias substantivas de circulação; Saltado fica fora.
E01,Circulação da via,Domicílios,3509502016,V05002,Carros de passeio ou van,380.0,4.083825900053735,4.092181779022184,NÃO,9305.0,9286.0,Domínio aplicável = categorias substantivas de circulação; Saltado fica fora.
E01,Circulação da via,Domicílios,3509502016,V05003,"Pedestres, bicicletas e motocicletas",30.0,0.32240730789897903,0.32306698255438293,NÃO,9305.0,9286.0,Domínio aplicável = categorias substantivas de circulação; Saltado fica fora.
E01,Circulação da via,Domicílios,3509502016,V05004,Aquavia,0.0,0.0,0.0,NÃO,9305.0,9286.0,Domínio aplicável = categorias substantivas de circulação; Saltado fica fora.
E01,Circulação da via,Domicílios,3509502016,V05005,Saltado,19.0,0.20419129500268673,,SIM,9305.0,9286.0,Domínio aplicável = categorias substantivas de circulação; Saltado fica fora.
E01,Circulação da via,Moradores,3509502016,V05201,"Caminhão, ônibus",24262.0,95.0705329153605,95.26464583006126,NÃO,25520.0,25468.0,Domínio aplicável = categorias substantivas de circulação; Saltado fica fora.
E01,Circulação da via,Moradores,3509502016,V05202,Carros de passeio ou van,1114.0,4.3652037617554855,4.374116538401131,NÃO,25520.0,25468.0,Domínio aplicável = categorias substantivas de circulação; Saltado fica fora.
E01,Circulação da via,Moradores,3509502016,V05203,"Pedestres, bicicletas e motocicletas",92.0,0.3605015673981191,0.36123763153761584,NÃO,25520.0,25468.0,Domínio aplicável = categorias substantivas de circulação; Saltado fica fora.
E01,Circulação da via,Moradores,3509502016,V05204,Aquavia,0.0,0.0,0.0,NÃO,25520.0,25468.0,Domínio aplicável = categorias substantivas de circulação; Saltado fica fora.
E01,Circulação da via,Moradores,3509502016,V05205,Saltado,52.0,0.20376175548589343,,SIM,25520.0,25468.0,Domínio aplicável = categorias substantivas de circulação; Saltado fica fora.
E01,Circulação da via,Faces,3509502016,V05401,"Caminhão, ônibus",1107.0,90.51512673753066,92.55852842809364,NÃO,1223.0,1196.0,Domínio aplicável = categorias substantivas de circulação; Saltado fica fora.
E01,Circulação da via,Faces,3509502016,V05402,Carros de passeio ou van,66.0,5.396565821749796,5.518394648829431,NÃO,1223.0,1196.0,Domínio aplicável = categorias substantivas de circulação; Saltado fica fora.
E01,Circulação da via,Faces,3509502016,V05403,"Pedestres, bicicletas e motocicletas",22.0,1.7988552739165986,1.839464882943144,NÃO,1223.0,1196.0,Domínio aplicável = categorias substantivas de circulação; Saltado fica fora.
E01,Circulação da via,Faces,3509502016,V05404,Aquavia,1.0,0.08176614881439084,0.08361204013377926,NÃO,1223.0,1196.0,Domínio aplicável = categorias substantivas de circulação; Saltado fica fora.
E01,Circulação da via,Faces,3509502016,V05405,Saltado,27.0,2.2076860179885527,,SIM,1223.0,1196.0,Domínio aplicável = categorias substantivas de circulação; Saltado fica fora.
E02,Pavimentação,Domicílios,3509502016,V05006,Sim,9188.0,98.74261149919398,98.94464785698902,NÃO,9305.0,9286.0,Domínio aplicável = Sim + Não; Não declarado coincide com circulação Aquavia + Saltado.
E02,Pavimentação,Domicílios,3509502016,V05007,Não,98.0,1.0531972058033314,1.0553521430109842,NÃO,9305.0,9286.0,Domínio aplicável = Sim + Não; Não declarado coincide com circulação Aquavia + Saltado.
E02,Pavimentação,Domicílios,3509502016,V05008,Não declarado,19.0,0.20419129500268673,,SIM,9305.0,9286.0,Domínio aplicável = Sim + Não; Não declarado coincide com circulação Aquavia + Saltado.
E02,Pavimentação,Moradores,3509502016,V05206,Sim,25164.0,98.60501567398119,98.80634521752788,NÃO,25520.0,25468.0,Domínio aplicável = Sim + Não; Não declarado coincide com circulação Aquavia + Saltado.
E02,Pavimentação,Moradores,3509502016,V05207,Não,304.0,1.1912225705329154,1.193654782472122,NÃO,25520.0,25468.0,Domínio aplicável = Sim + Não; Não declarado coincide com circulação Aquavia + Saltado.
E02,Pavimentação,Moradores,3509502016,V05208,Não declarado,52.0,0.20376175548589343,,SIM,25520.0,25468.0,Domínio aplicável = Sim + Não; Não declarado coincide com circulação Aquavia + Saltado.
E02,Pavimentação,Faces,3509502016,V05406,Sim,1136.0,92.886345053148,95.06276150627615,NÃO,1223.0,1195.0,Domínio aplicável = Sim + Não; Não declarado coincide com circulação Aquavia + Saltado.
E02,Pavimentação,Faces,3509502016,V05407,Não,59.0,4.82420278004906,4.937238493723849,NÃO,1223.0,1195.0,Domínio aplicável = Sim + Não; Não declarado coincide com circulação Aquavia + Saltado.
E02,Pavimentação,Faces,3509502016,V05408,Não declarado,28.0,2.2894521668029433,,SIM,1223.0,1195.0,Domínio aplicável = Sim + Não; Não declarado coincide com circulação Aquavia + Saltado.
E03,Bueiro / boca de lobo,Domicílios,3509502016,V05009,Sim,7306.0,78.5169263836647,78.67757915141073,NÃO,9305.0,9286.0,Domínio aplicável = Sim + Não; Não declarado coincide com circulação Aquavia + Saltado.
E03,Bueiro / boca de lobo,Domicílios,3509502016,V05010,Não,1980.0,21.278882321332617,21.322420848589275,NÃO,9305.0,9286.0,Domínio aplicável = Sim + Não; Não declarado coincide com circulação Aquavia + Saltado.
E03,Bueiro / boca de lobo,Domicílios,3509502016,V05011,Não declarado,19.0,0.20419129500268673,,SIM,9305.0,9286.0,Domínio aplicável = Sim + Não; Não declarado coincide com circulação Aquavia + Saltado.
E03,Bueiro / boca de lobo,Moradores,3509502016,V05209,Sim,19859.0,77.81739811912226,77.97628396419036,NÃO,25520.0,25468.0,Domínio aplicável = Sim + Não; Não declarado coincide com circulação Aquavia + Saltado.
E03,Bueiro / boca de lobo,Moradores,3509502016,V05210,Não,5609.0,21.978840125391848,22.02371603580964,NÃO,25520.0,25468.0,Domínio aplicável = Sim + Não; Não declarado coincide com circulação Aquavia + Saltado.
E03,Bueiro / boca de lobo,Moradores,3509502016,V05211,Não declarado,52.0,0.20376175548589343,,SIM,25520.0,25468.0,Domínio aplicável = Sim + Não; Não declarado coincide com circulação Aquavia + Saltado.
E03,Bueiro / boca de lobo,Faces,3509502016,V05409,Sim,775.0,63.3687653311529,64.85355648535564,NÃO,1223.0,1195.0,Domínio aplicável = Sim + Não; Não declarado coincide com circulação Aquavia + Saltado.
E03,Bueiro / boca de lobo,Faces,3509502016,V05410,Não,420.0,34.341782502044154,35.146443514644346,NÃO,1223.0,1195.0,Domínio aplicável = Sim + Não; Não declarado coincide com circulação Aquavia + Saltado.
E03,Bueiro / boca de lobo,Faces,3509502016,V05411,Não declarado,28.0,2.2894521668029433,,SIM,1223.0,1195.0,Domínio aplicável = Sim + Não; Não declarado coincide com circulação Aquavia + Saltado.
E04,Iluminação pública,Domicílios,3509502016,V05012,Sim,9229.0,99.18323481998925,99.38617273314667,NÃO,9305.0,9286.0,Domínio aplicável = Sim + Não; Não declarado coincide com circulação Aquavia + Saltado.
E04,Iluminação pública,Domicílios,3509502016,V05013,Não,57.0,0.6125738850080602,0.6138272668533276,NÃO,9305.0,9286.0,Domínio aplicável = Sim + Não; Não declarado coincide com circulação Aquavia + Saltado.
E04,Iluminação pública,Domicílios,3509502016,V05014,Não declarado,19.0,0.20419129500268673,,SIM,9305.0,9286.0,Domínio aplicável = Sim + Não; Não declarado coincide com circulação Aquavia + Saltado.
E04,Iluminação pública,Moradores,3509502016,V05212,Sim,25294.0,99.11442006269593,99.31678969687451,NÃO,25520.0,25468.0,Domínio aplicável = Sim + Não; Não declarado coincide com circulação Aquavia + Saltado.
E04,Iluminação pública,Moradores,3509502016,V05213,Não,174.0,0.6818181818181818,0.6832103031254908,NÃO,25520.0,25468.0,Domínio aplicável = Sim + Não; Não declarado coincide com circulação Aquavia + Saltado.
E04,Iluminação pública,Moradores,3509502016,V05214,Não declarado,52.0,0.20376175548589343,,SIM,25520.0,25468.0,Domínio aplicável = Sim + Não; Não declarado coincide com circulação Aquavia + Saltado.
E04,Iluminação pública,Faces,3509502016,V05412,Sim,1155.0,94.43990188062142,96.65271966527197,NÃO,1223.0,1195.0,Domínio aplicável = Sim + Não; Não declarado coincide com circulação Aquavia + Saltado.
E04,Iluminação pública,Faces,3509502016,V05413,Não,40.0,3.2706459525756335,3.3472803347280333,NÃO,1223.0,1195.0,Domínio aplicável = Sim + Não; Não declarado coincide com circulação Aquavia + Saltado.
E04,Iluminação pública,Faces,3509502016,V05414,Não declarado,28.0,2.2894521668029433,,SIM,1223.0,1195.0,Domínio aplicável = Sim + Não; Não declarado coincide com circulação Aquavia + Saltado.
E05,Ponto de ônibus,Domicílios,3509502016,V05015,Sim,2195.0,23.58946802794197,23.63773422356235,NÃO,9305.0,9286.0,Domínio aplicável = Sim + Não; Não declarado coincide com circulação Aquavia + Saltado.
E05,Ponto de ônibus,Domicílios,3509502016,V05016,Não,7091.0,76.20634067705535,76.36226577643764,NÃO,9305.0,9286.0,Domínio aplicável = Sim + Não; Não declarado coincide com circulação Aquavia + Saltado.
E05,Ponto de ônibus,Domicílios,3509502016,V05017,Não declarado,19.0,0.20419129500268673,,SIM,9305.0,9286.0,Domínio aplicável = Sim + Não; Não declarado coincide com circulação Aquavia + Saltado.
E05,Ponto de ônibus,Moradores,3509502016,V05215,Sim,5893.0,23.09169278996865,23.138840898382284,NÃO,25520.0,25468.0,Domínio aplicável = Sim + Não; Não declarado coincide com circulação Aquavia + Saltado.
E05,Ponto de ônibus,Moradores,3509502016,V05216,Não,19575.0,76.70454545454545,76.86115910161772,NÃO,25520.0,25468.0,Domínio aplicável = Sim + Não; Não declarado coincide com circulação Aquavia + Saltado.
E05,Ponto de ônibus,Moradores,3509502016,V05217,Não declarado,52.0,0.20376175548589343,,SIM,25520.0,25468.0,Domínio aplicável = Sim + Não; Não declarado coincide com circulação Aquavia + Saltado.
E05,Ponto de ônibus,Faces,3509502016,V05415,Sim,200.0,16.35322976287817,16.736401673640167,NÃO,1223.0,1195.0,Domínio aplicável = Sim + Não; Não declarado coincide com circulação Aquavia + Saltado.
E05,Ponto de ônibus,Faces,3509502016,V05416,Não,995.0,81.35731807031888,83.26359832635984,NÃO,1223.0,1195.0,Domínio aplicável = Sim + Não; Não declarado coincide com circulação Aquavia + Saltado.
E05,Ponto de ônibus,Faces,3509502016,V05417,Não declarado,28.0,2.2894521668029433,,SIM,1223.0,1195.0,Domínio aplicável = Sim + Não; Não declarado coincide com circulação Aquavia + Saltado.
E06,Via sinalizada para bicicleta,Domicílios,3509502016,V05018,Sim,150.0,1.6120365394948952,1.6153349127719148,NÃO,9305.0,9286.0,Domínio aplicável = Sim + Não; Não declarado coincide com circulação Aquavia + Saltado.
E06,Via sinalizada para bicicleta,Domicílios,3509502016,V05019,Não,9136.0,98.18377216550242,98.38466508722809,NÃO,9305.0,9286.0,Domínio aplicável = Sim + Não; Não declarado coincide com circulação Aquavia + Saltado.
E06,Via sinalizada para bicicleta,Domicílios,3509502016,V05020,Não declarado,19.0,0.20419129500268673,,SIM,9305.0,9286.0,Domínio aplicável = Sim + Não; Não declarado coincide com circulação Aquavia + Saltado.
E06,Via sinalizada para bicicleta,Moradores,3509502016,V05218,Sim,395.0,1.5478056426332287,1.5509659180147637,NÃO,25520.0,25468.0,Domínio aplicável = Sim + Não; Não declarado coincide com circulação Aquavia + Saltado.
E06,Via sinalizada para bicicleta,Moradores,3509502016,V05219,Não,25073.0,98.24843260188088,98.44903408198523,NÃO,25520.0,25468.0,Domínio aplicável = Sim + Não; Não declarado coincide com circulação Aquavia + Saltado.
E06,Via sinalizada para bicicleta,Moradores,3509502016,V05220,Não declarado,52.0,0.20376175548589343,,SIM,25520.0,25468.0,Domínio aplicável = Sim + Não; Não declarado coincide com circulação Aquavia + Saltado.
E06,Via sinalizada para bicicleta,Faces,3509502016,V05418,Sim,10.0,0.8176614881439084,0.8368200836820083,NÃO,1223.0,1195.0,Domínio aplicável = Sim + Não; Não declarado coincide com circulação Aquavia + Saltado.
E06,Via sinalizada para bicicleta,Faces,3509502016,V05419,Não,1185.0,96.89288634505316,99.16317991631799,NÃO,1223.0,1195.0,Domínio aplicável = Sim + Não; Não declarado coincide com circulação Aquavia + Saltado.
E06,Via sinalizada para bicicleta,Faces,3509502016,V05420,Não declarado,28.0,2.2894521668029433,,SIM,1223.0,1195.0,Domínio aplicável = Sim + Não; Não declarado coincide com circulação Aquavia + Saltado.
E07,Calçada,Domicílios,3509502016,V05021,Sim,8385.0,90.11284255776464,90.29722162395004,NÃO,9305.0,9286.0,Domínio aplicável = Sim + Não; Não declarado coincide com circulação Aquavia + Saltado.
E07,Calçada,Domicílios,3509502016,V05022,Não,901.0,9.682966147232671,9.702778376049968,NÃO,9305.0,9286.0,Domínio aplicável = Sim + Não; Não declarado coincide com circulação Aquavia + Saltado.
E07,Calçada,Domicílios,3509502016,V05023,Não declarado,19.0,0.20419129500268673,,SIM,9305.0,9286.0,Domínio aplicável = Sim + Não; Não declarado coincide com circulação Aquavia + Saltado.
E07,Calçada,Moradores,3509502016,V05221,Sim,22851.0,89.54153605015675,89.72435998115283,NÃO,25520.0,25468.0,Domínio aplicável = Sim + Não; Não declarado coincide com circulação Aquavia + Saltado.
E07,Calçada,Moradores,3509502016,V05222,Não,2617.0,10.254702194357366,10.27564001884718,NÃO,25520.0,25468.0,Domínio aplicável = Sim + Não; Não declarado coincide com circulação Aquavia + Saltado.
E07,Calçada,Moradores,3509502016,V05223,Não declarado,52.0,0.20376175548589343,,SIM,25520.0,25468.0,Domínio aplicável = Sim + Não; Não declarado coincide com circulação Aquavia + Saltado.
E07,Calçada,Faces,3509502016,V05421,Sim,922.0,75.38838920686835,77.15481171548117,NÃO,1223.0,1195.0,Domínio aplicável = Sim + Não; Não declarado coincide com circulação Aquavia + Saltado.
E07,Calçada,Faces,3509502016,V05422,Não,273.0,22.3221586263287,22.845188284518827,NÃO,1223.0,1195.0,Domínio aplicável = Sim + Não; Não declarado coincide com circulação Aquavia + Saltado.
E07,Calçada,Faces,3509502016,V05423,Não declarado,28.0,2.2894521668029433,,SIM,1223.0,1195.0,Domínio aplicável = Sim + Não; Não declarado coincide com circulação Aquavia + Saltado.
E08,Obstáculo na calçada,Domicílios,3509502016,V05024,Sim,5705.0,61.31112305212252,68.0381633870006,NÃO,9305.0,8385.0,Domínio aplicável = Sim + Não; Não declarado coincide com ausência/não aplicação de calçada.
E08,Obstáculo na calçada,Domicílios,3509502016,V05025,Não,2680.0,28.801719505642126,31.961836612999406,NÃO,9305.0,8385.0,Domínio aplicável = Sim + Não; Não declarado coincide com ausência/não aplicação de calçada.
E08,Obstáculo na calçada,Domicílios,3509502016,V05026,Não declarado,920.0,9.887157442235358,,SIM,9305.0,8385.0,Domínio aplicável = Sim + Não; Não declarado coincide com ausência/não aplicação de calçada.
E08,Obstáculo na calçada,Moradores,3509502016,V05224,Sim,15818.0,61.98275862068966,69.22235350750515,NÃO,25520.0,22851.0,Domínio aplicável = Sim + Não; Não declarado coincide com ausência/não aplicação de calçada.
E08,Obstáculo na calçada,Moradores,3509502016,V05225,Não,7033.0,27.558777429467085,30.77764649249486,NÃO,25520.0,22851.0,Domínio aplicável = Sim + Não; Não declarado coincide com ausência/não aplicação de calçada.
E08,Obstáculo na calçada,Moradores,3509502016,V05226,Não declarado,2669.0,10.45846394984326,,SIM,25520.0,22851.0,Domínio aplicável = Sim + Não; Não declarado coincide com ausência/não aplicação de calçada.
E08,Obstáculo na calçada,Faces,3509502016,V05424,Sim,583.0,47.66966475878986,63.232104121475054,NÃO,1223.0,922.0,Domínio aplicável = Sim + Não; Não declarado coincide com ausência/não aplicação de calçada.
E08,Obstáculo na calçada,Faces,3509502016,V05425,Não,339.0,27.718724448078497,36.767895878524946,NÃO,1223.0,922.0,Domínio aplicável = Sim + Não; Não declarado coincide com ausência/não aplicação de calçada.
E08,Obstáculo na calçada,Faces,3509502016,V05426,Não declarado,301.0,24.611610793131643,,SIM,1223.0,922.0,Domínio aplicável = Sim + Não; Não declarado coincide com ausência/não aplicação de calçada.
E09,Rampa para cadeirante,Domicílios,3509502016,V05027,Sim,296.0,3.1810854379365936,3.5301132975551583,NÃO,9305.0,8385.0,Domínio aplicável = Sim + Não; Não declarado coincide com ausência/não aplicação de calçada.
E09,Rampa para cadeirante,Domicílios,3509502016,V05028,Não,8089.0,86.93175711982805,96.46988670244484,NÃO,9305.0,8385.0,Domínio aplicável = Sim + Não; Não declarado coincide com ausência/não aplicação de calçada.
E09,Rampa para cadeirante,Domicílios,3509502016,V05029,Não declarado,920.0,9.887157442235358,,SIM,9305.0,8385.0,Domínio aplicável = Sim + Não; Não declarado coincide com ausência/não aplicação de calçada.
E09,Rampa para cadeirante,Moradores,3509502016,V05227,Sim,823.0,3.2249216300940438,3.6015929280994263,NÃO,25520.0,22851.0,Domínio aplicável = Sim + Não; Não declarado coincide com ausência/não aplicação de calçada.
E09,Rampa para cadeirante,Moradores,3509502016,V05228,Não,22028.0,86.31661442006269,96.39840707190058,NÃO,25520.0,22851.0,Domínio aplicável = Sim + Não; Não declarado coincide com ausência/não aplicação de calçada.
E09,Rampa para cadeirante,Moradores,3509502016,V05229,Não declarado,2669.0,10.45846394984326,,SIM,25520.0,22851.0,Domínio aplicável = Sim + Não; Não declarado coincide com ausência/não aplicação de calçada.
E09,Rampa para cadeirante,Faces,3509502016,V05427,Sim,52.0,4.251839738348324,5.639913232104121,NÃO,1223.0,922.0,Domínio aplicável = Sim + Não; Não declarado coincide com ausência/não aplicação de calçada.
E09,Rampa para cadeirante,Faces,3509502016,V05428,Não,870.0,71.13654946852003,94.36008676789588,NÃO,1223.0,922.0,Domínio aplicável = Sim + Não; Não declarado coincide com ausência/não aplicação de calçada.
E09,Rampa para cadeirante,Faces,3509502016,V05429,Não declarado,301.0,24.611610793131643,,SIM,1223.0,922.0,Domínio aplicável = Sim + Não; Não declarado coincide com ausência/não aplicação de calçada.
E10,Arborização,Domicílios,3509502016,V05030,Sem árvores,1785.0,19.183234819989252,19.222485461985787,NÃO,9305.0,9286.0,Domínio aplicável = classes substantivas de arborização; Saltado fica fora.
E10,Arborização,Domicílios,3509502016,V05031,1 a 2 árvores,1553.0,16.689951638903818,16.724100796898558,NÃO,9305.0,9286.0,Domínio aplicável = classes substantivas de arborização; Saltado fica fora.
E10,Arborização,Domicílios,3509502016,V05032,3 a 4 árvores,1675.0,18.001074691026332,18.037906525953048,NÃO,9305.0,9286.0,Domínio aplicável = classes substantivas de arborização; Saltado fica fora.
E10,Arborização,Domicílios,3509502016,V05033,5 ou mais árvores,4273.0,45.921547555077915,46.01550721516261,NÃO,9305.0,9286.0,Domínio aplicável = classes substantivas de arborização; Saltado fica fora.
E10,Arborização,Domicílios,3509502016,V05034,Saltado,19.0,0.20419129500268673,,SIM,9305.0,9286.0,Domínio aplicável = classes substantivas de arborização; Saltado fica fora.
E10,Arborização,Moradores,3509502016,V05230,Sem árvores,4743.0,18.58542319749216,18.623370504162086,NÃO,25520.0,25468.0,Domínio aplicável = classes substantivas de arborização; Saltado fica fora.
E10,Arborização,Moradores,3509502016,V05231,1 a 2 árvores,4263.0,16.704545454545457,16.738652426574525,NÃO,25520.0,25468.0,Domínio aplicável = classes substantivas de arborização; Saltado fica fora.
E10,Arborização,Moradores,3509502016,V05232,3 a 4 árvores,4666.0,18.28369905956113,18.32103031254908,NÃO,25520.0,25468.0,Domínio aplicável = classes substantivas de arborização; Saltado fica fora.
E10,Arborização,Moradores,3509502016,V05233,5 ou mais árvores,11796.0,46.222570532915356,46.31694675671431,NÃO,25520.0,25468.0,Domínio aplicável = classes substantivas de arborização; Saltado fica fora.
E10,Arborização,Moradores,3509502016,V05234,Saltado,52.0,0.20376175548589343,,SIM,25520.0,25468.0,Domínio aplicável = classes substantivas de arborização; Saltado fica fora.
E10,Arborização,Faces,3509502016,V05430,Sem árvores,352.0,28.781684382665578,29.456066945606697,NÃO,1223.0,1195.0,Domínio aplicável = classes substantivas de arborização; Saltado fica fora.
E10,Arborização,Faces,3509502016,V05431,1 a 2 árvores,270.0,22.07686017988553,22.594142259414227,NÃO,1223.0,1195.0,Domínio aplicável = classes substantivas de arborização; Saltado fica fora.
E10,Arborização,Faces,3509502016,V05432,3 a 4 árvores,202.0,16.516762060506952,16.903765690376567,NÃO,1223.0,1195.0,Domínio aplicável = classes substantivas de arborização; Saltado fica fora.
E10,Arborização,Faces,3509502016,V05433,5 ou mais árvores,371.0,30.335241210139003,31.04602510460251,NÃO,1223.0,1195.0,Domínio aplicável = classes substantivas de arborização; Saltado fica fora.
E10,Arborização,Faces,3509502016,V05434,Saltado,28.0,2.2894521668029433,,SIM,1223.0,1195.0,Domínio aplicável = classes substantivas de arborização; Saltado fica fora.
E01,Circulação da via,Domicílios,3509502017,V05001,"Caminhão, ônibus",10343.0,96.92624871146097,97.11737089201878,NÃO,10671.0,10650.0,Domínio aplicável = categorias substantivas de circulação; Saltado fica fora.
E01,Circulação da via,Domicílios,3509502017,V05002,Carros de passeio ou van,256.0,2.3990253959329024,2.403755868544601,NÃO,10671.0,10650.0,Domínio aplicável = categorias substantivas de circulação; Saltado fica fora.
E01,Circulação da via,Domicílios,3509502017,V05003,"Pedestres, bicicletas e motocicletas",51.0,0.4779308405960078,0.47887323943661975,NÃO,10671.0,10650.0,Domínio aplicável = categorias substantivas de circulação; Saltado fica fora.
E01,Circulação da via,Domicílios,3509502017,V05004,Aquavia,0.0,0.0,0.0,NÃO,10671.0,10650.0,Domínio aplicável = categorias substantivas de circulação; Saltado fica fora.
E01,Circulação da via,Domicílios,3509502017,V05005,Saltado,21.0,0.1967950520101209,,SIM,10671.0,10650.0,Domínio aplicável = categorias substantivas de circulação; Saltado fica fora.
E01,Circulação da via,Moradores,3509502017,V05201,"Caminhão, ônibus",26675.0,96.44936182521604,96.62754473665144,NÃO,27657.0,27606.0,Domínio aplicável = categorias substantivas de circulação; Saltado fica fora.
E01,Circulação da via,Moradores,3509502017,V05202,Carros de passeio ou van,773.0,2.794952453266804,2.8001159168296748,NÃO,27657.0,27606.0,Domínio aplicável = categorias substantivas de circulação; Saltado fica fora.
E01,Circulação da via,Moradores,3509502017,V05203,"Pedestres, bicicletas e motocicletas",158.0,0.571283942582348,0.5723393465188727,NÃO,27657.0,27606.0,Domínio aplicável = categorias substantivas de circulação; Saltado fica fora.
E01,Circulação da via,Moradores,3509502017,V05204,Aquavia,0.0,0.0,0.0,NÃO,27657.0,27606.0,Domínio aplicável = categorias substantivas de circulação; Saltado fica fora.
E01,Circulação da via,Moradores,3509502017,V05205,Saltado,51.0,0.18440177893480855,,SIM,27657.0,27606.0,Domínio aplicável = categorias substantivas de circulação; Saltado fica fora.
E01,Circulação da via,Faces,3509502017,V05401,"Caminhão, ônibus",1386.0,93.14516129032258,94.4141689373297,NÃO,1488.0,1468.0,Domínio aplicável = categorias substantivas de circulação; Saltado fica fora.
E01,Circulação da via,Faces,3509502017,V05402,Carros de passeio ou van,53.0,3.5618279569892475,3.610354223433242,NÃO,1488.0,1468.0,Domínio aplicável = categorias substantivas de circulação; Saltado fica fora.
E01,Circulação da via,Faces,3509502017,V05403,"Pedestres, bicicletas e motocicletas",29.0,1.9489247311827957,1.9754768392370572,NÃO,1488.0,1468.0,Domínio aplicável = categorias substantivas de circulação; Saltado fica fora.
E01,Circulação da via,Faces,3509502017,V05404,Aquavia,0.0,0.0,0.0,NÃO,1488.0,1468.0,Domínio aplicável = categorias substantivas de circulação; Saltado fica fora.
E01,Circulação da via,Faces,3509502017,V05405,Saltado,20.0,1.3440860215053763,,SIM,1488.0,1468.0,Domínio aplicável = categorias substantivas de circulação; Saltado fica fora.
E02,Pavimentação,Domicílios,3509502017,V05006,Sim,10184.0,95.43622903195576,95.6244131455399,NÃO,10671.0,10650.0,Domínio aplicável = Sim + Não; Não declarado coincide com circulação Aquavia + Saltado.
E02,Pavimentação,Domicílios,3509502017,V05007,Não,466.0,4.366975916034111,4.375586854460094,NÃO,10671.0,10650.0,Domínio aplicável = Sim + Não; Não declarado coincide com circulação Aquavia + Saltado.
E02,Pavimentação,Domicílios,3509502017,V05008,Não declarado,21.0,0.1967950520101209,,SIM,10671.0,10650.0,Domínio aplicável = Sim + Não; Não declarado coincide com circulação Aquavia + Saltado.
E02,Pavimentação,Moradores,3509502017,V05206,Sim,26289.0,95.05369345916043,95.22929797870027,NÃO,27657.0,27606.0,Domínio aplicável = Sim + Não; Não declarado coincide com circulação Aquavia + Saltado.
E02,Pavimentação,Moradores,3509502017,V05207,Não,1317.0,4.761904761904762,4.7707020212997175,NÃO,27657.0,27606.0,Domínio aplicável = Sim + Não; Não declarado coincide com circulação Aquavia + Saltado.
E02,Pavimentação,Moradores,3509502017,V05208,Não declarado,51.0,0.18440177893480855,,SIM,27657.0,27606.0,Domínio aplicável = Sim + Não; Não declarado coincide com circulação Aquavia + Saltado.
E02,Pavimentação,Faces,3509502017,V05406,Sim,1369.0,92.00268817204301,93.25613079019074,NÃO,1488.0,1468.0,Domínio aplicável = Sim + Não; Não declarado coincide com circulação Aquavia + Saltado.
E02,Pavimentação,Faces,3509502017,V05407,Não,99.0,6.653225806451612,6.743869209809264,NÃO,1488.0,1468.0,Domínio aplicável = Sim + Não; Não declarado coincide com circulação Aquavia + Saltado.
E02,Pavimentação,Faces,3509502017,V05408,Não declarado,20.0,1.3440860215053763,,SIM,1488.0,1468.0,Domínio aplicável = Sim + Não; Não declarado coincide com circulação Aquavia + Saltado.
E03,Bueiro / boca de lobo,Domicílios,3509502017,V05009,Sim,7429.0,69.61859244681848,69.75586854460094,NÃO,10671.0,10650.0,Domínio aplicável = Sim + Não; Não declarado coincide com circulação Aquavia + Saltado.
E03,Bueiro / boca de lobo,Domicílios,3509502017,V05010,Não,3221.0,30.184612501171397,30.24413145539906,NÃO,10671.0,10650.0,Domínio aplicável = Sim + Não; Não declarado coincide com circulação Aquavia + Saltado.
E03,Bueiro / boca de lobo,Domicílios,3509502017,V05011,Não declarado,21.0,0.1967950520101209,,SIM,10671.0,10650.0,Domínio aplicável = Sim + Não; Não declarado coincide com circulação Aquavia + Saltado.
E03,Bueiro / boca de lobo,Moradores,3509502017,V05209,Sim,18959.0,68.55045738872619,68.67709918133738,NÃO,27657.0,27606.0,Domínio aplicável = Sim + Não; Não declarado coincide com circulação Aquavia + Saltado.
E03,Bueiro / boca de lobo,Moradores,3509502017,V05210,Não,8647.0,31.26514083233901,31.322900818662607,NÃO,27657.0,27606.0,Domínio aplicável = Sim + Não; Não declarado coincide com circulação Aquavia + Saltado.
E03,Bueiro / boca de lobo,Moradores,3509502017,V05211,Não declarado,51.0,0.18440177893480855,,SIM,27657.0,27606.0,Domínio aplicável = Sim + Não; Não declarado coincide com circulação Aquavia + Saltado.
E03,Bueiro / boca de lobo,Faces,3509502017,V05409,Sim,898.0,60.3494623655914,61.171662125340596,NÃO,1488.0,1468.0,Domínio aplicável = Sim + Não; Não declarado coincide com circulação Aquavia + Saltado.
E03,Bueiro / boca de lobo,Faces,3509502017,V05410,Não,570.0,38.306451612903224,38.828337874659404,NÃO,1488.0,1468.0,Domínio aplicável = Sim + Não; Não declarado coincide com circulação Aquavia + Saltado.
E03,Bueiro / boca de lobo,Faces,3509502017,V05411,Não declarado,20.0,1.3440860215053763,,SIM,1488.0,1468.0,Domínio aplicável = Sim + Não; Não declarado coincide com circulação Aquavia + Saltado.
E04,Iluminação pública,Domicílios,3509502017,V05012,Sim,10424.0,97.68531534064286,97.87793427230046,NÃO,10671.0,10650.0,Domínio aplicável = Sim + Não; Não declarado coincide com circulação Aquavia + Saltado.
E04,Iluminação pública,Domicílios,3509502017,V05013,Não,226.0,2.1178896073470153,2.1220657276995305,NÃO,10671.0,10650.0,Domínio aplicável = Sim + Não; Não declarado coincide com circulação Aquavia + Saltado.
E04,Iluminação pública,Domicílios,3509502017,V05014,Não declarado,21.0,0.1967950520101209,,SIM,10671.0,10650.0,Domínio aplicável = Sim + Não; Não declarado coincide com circulação Aquavia + Saltado.
E04,Iluminação pública,Moradores,3509502017,V05212,Sim,26905.0,97.28097769100047,97.46069694993842,NÃO,27657.0,27606.0,Domínio aplicável = Sim + Não; Não declarado coincide com circulação Aquavia + Saltado.
E04,Iluminação pública,Moradores,3509502017,V05213,Não,701.0,2.5346205300647218,2.539303050061581,NÃO,27657.0,27606.0,Domínio aplicável = Sim + Não; Não declarado coincide com circulação Aquavia + Saltado.
E04,Iluminação pública,Moradores,3509502017,V05214,Não declarado,51.0,0.18440177893480855,,SIM,27657.0,27606.0,Domínio aplicável = Sim + Não; Não declarado coincide com circulação Aquavia + Saltado.
E04,Iluminação pública,Faces,3509502017,V05412,Sim,1382.0,92.8763440860215,94.141689373297,NÃO,1488.0,1468.0,Domínio aplicável = Sim + Não; Não declarado coincide com circulação Aquavia + Saltado.
E04,Iluminação pública,Faces,3509502017,V05413,Não,86.0,5.779569892473118,5.858310626702997,NÃO,1488.0,1468.0,Domínio aplicável = Sim + Não; Não declarado coincide com circulação Aquavia + Saltado.
E04,Iluminação pública,Faces,3509502017,V05414,Não declarado,20.0,1.3440860215053763,,SIM,1488.0,1468.0,Domínio aplicável = Sim + Não; Não declarado coincide com circulação Aquavia + Saltado.
E05,Ponto de ônibus,Domicílios,3509502017,V05015,Sim,2424.0,22.71577171773967,22.76056338028169,NÃO,10671.0,10650.0,Domínio aplicável = Sim + Não; Não declarado coincide com circulação Aquavia + Saltado.
E05,Ponto de ônibus,Domicílios,3509502017,V05016,Não,8226.0,77.08743323025021,77.2394366197183,NÃO,10671.0,10650.0,Domínio aplicável = Sim + Não; Não declarado coincide com circulação Aquavia + Saltado.
E05,Ponto de ônibus,Domicílios,3509502017,V05017,Não declarado,21.0,0.1967950520101209,,SIM,10671.0,10650.0,Domínio aplicável = Sim + Não; Não declarado coincide com circulação Aquavia + Saltado.
E05,Ponto de ônibus,Moradores,3509502017,V05215,Sim,5926.0,21.426763567993635,21.46634789538506,NÃO,27657.0,27606.0,Domínio aplicável = Sim + Não; Não declarado coincide com circulação Aquavia + Saltado.
E05,Ponto de ônibus,Moradores,3509502017,V05216,Não,21680.0,78.38883465307156,78.53365210461493,NÃO,27657.0,27606.0,Domínio aplicável = Sim + Não; Não declarado coincide com circulação Aquavia + Saltado.
E05,Ponto de ônibus,Moradores,3509502017,V05217,Não declarado,51.0,0.18440177893480855,,SIM,27657.0,27606.0,Domínio aplicável = Sim + Não; Não declarado coincide com circulação Aquavia + Saltado.
E05,Ponto de ônibus,Faces,3509502017,V05415,Sim,226.0,15.188172043010754,15.39509536784741,NÃO,1488.0,1468.0,Domínio aplicável = Sim + Não; Não declarado coincide com circulação Aquavia + Saltado.
E05,Ponto de ônibus,Faces,3509502017,V05416,Não,1242.0,83.46774193548387,84.60490463215258,NÃO,1488.0,1468.0,Domínio aplicável = Sim + Não; Não declarado coincide com circulação Aquavia + Saltado.
E05,Ponto de ônibus,Faces,3509502017,V05417,Não declarado,20.0,1.3440860215053763,,SIM,1488.0,1468.0,Domínio aplicável = Sim + Não; Não declarado coincide com circulação Aquavia + Saltado.
E06,Via sinalizada para bicicleta,Domicílios,3509502017,V05018,Sim,457.0,4.282635179458345,4.291079812206573,NÃO,10671.0,10650.0,Domínio aplicável = Sim + Não; Não declarado coincide com circulação Aquavia + Saltado.
E06,Via sinalizada para bicicleta,Domicílios,3509502017,V05019,Não,10193.0,95.52056976853154,95.70892018779342,NÃO,10671.0,10650.0,Domínio aplicável = Sim + Não; Não declarado coincide com circulação Aquavia + Saltado.
E06,Via sinalizada para bicicleta,Domicílios,3509502017,V05020,Não declarado,21.0,0.1967950520101209,,SIM,10671.0,10650.0,Domínio aplicável = Sim + Não; Não declarado coincide com circulação Aquavia + Saltado.
E06,Via sinalizada para bicicleta,Moradores,3509502017,V05218,Sim,1114.0,4.027913367321112,4.035354633050786,NÃO,27657.0,27606.0,Domínio aplicável = Sim + Não; Não declarado coincide com circulação Aquavia + Saltado.
E06,Via sinalizada para bicicleta,Moradores,3509502017,V05219,Não,26492.0,95.78768485374408,95.96464536694921,NÃO,27657.0,27606.0,Domínio aplicável = Sim + Não; Não declarado coincide com circulação Aquavia + Saltado.
E06,Via sinalizada para bicicleta,Moradores,3509502017,V05220,Não declarado,51.0,0.18440177893480855,,SIM,27657.0,27606.0,Domínio aplicável = Sim + Não; Não declarado coincide com circulação Aquavia + Saltado.
E06,Via sinalizada para bicicleta,Faces,3509502017,V05418,Sim,30.0,2.0161290322580645,2.043596730245232,NÃO,1488.0,1468.0,Domínio aplicável = Sim + Não; Não declarado coincide com circulação Aquavia + Saltado.
E06,Via sinalizada para bicicleta,Faces,3509502017,V05419,Não,1438.0,96.63978494623656,97.95640326975476,NÃO,1488.0,1468.0,Domínio aplicável = Sim + Não; Não declarado coincide com circulação Aquavia + Saltado.
E06,Via sinalizada para bicicleta,Faces,3509502017,V05420,Não declarado,20.0,1.3440860215053763,,SIM,1488.0,1468.0,Domínio aplicável = Sim + Não; Não declarado coincide com circulação Aquavia + Saltado.
E07,Calçada,Domicílios,3509502017,V05021,Sim,10264.0,96.18592446818481,96.3755868544601,NÃO,10671.0,10650.0,Domínio aplicável = Sim + Não; Não declarado coincide com circulação Aquavia + Saltado.
E07,Calçada,Domicílios,3509502017,V05022,Não,386.0,3.6172804798050793,3.6244131455399056,NÃO,10671.0,10650.0,Domínio aplicável = Sim + Não; Não declarado coincide com circulação Aquavia + Saltado.
E07,Calçada,Domicílios,3509502017,V05023,Não declarado,21.0,0.1967950520101209,,SIM,10671.0,10650.0,Domínio aplicável = Sim + Não; Não declarado coincide com circulação Aquavia + Saltado.
E07,Calçada,Moradores,3509502017,V05221,Sim,26472.0,95.71537043063239,95.89219734840252,NÃO,27657.0,27606.0,Domínio aplicável = Sim + Não; Não declarado coincide com circulação Aquavia + Saltado.
E07,Calçada,Moradores,3509502017,V05222,Não,1134.0,4.100227790432802,4.107802651597479,NÃO,27657.0,27606.0,Domínio aplicável = Sim + Não; Não declarado coincide com circulação Aquavia + Saltado.
E07,Calçada,Moradores,3509502017,V05223,Não declarado,51.0,0.18440177893480855,,SIM,27657.0,27606.0,Domínio aplicável = Sim + Não; Não declarado coincide com circulação Aquavia + Saltado.
E07,Calçada,Faces,3509502017,V05421,Sim,1250.0,84.00537634408603,85.14986376021798,NÃO,1488.0,1468.0,Domínio aplicável = Sim + Não; Não declarado coincide com circulação Aquavia + Saltado.
E07,Calçada,Faces,3509502017,V05422,Não,218.0,14.650537634408604,14.850136239782016,NÃO,1488.0,1468.0,Domínio aplicável = Sim + Não; Não declarado coincide com circulação Aquavia + Saltado.
E07,Calçada,Faces,3509502017,V05423,Não declarado,20.0,1.3440860215053763,,SIM,1488.0,1468.0,Domínio aplicável = Sim + Não; Não declarado coincide com circulação Aquavia + Saltado.
E08,Obstáculo na calçada,Domicílios,3509502017,V05024,Sim,5081.0,47.615031393496395,49.50311769290725,NÃO,10671.0,10264.0,Domínio aplicável = Sim + Não; Não declarado coincide com ausência/não aplicação de calçada.
E08,Obstáculo na calçada,Domicílios,3509502017,V05025,Não,5183.0,48.570893074688406,50.49688230709275,NÃO,10671.0,10264.0,Domínio aplicável = Sim + Não; Não declarado coincide com ausência/não aplicação de calçada.
E08,Obstáculo na calçada,Domicílios,3509502017,V05026,Não declarado,407.0,3.8140755318152,,SIM,10671.0,10264.0,Domínio aplicável = Sim + Não; Não declarado coincide com ausência/não aplicação de calçada.
E08,Obstáculo na calçada,Moradores,3509502017,V05224,Sim,13733.0,49.65469862964168,51.877455424599574,NÃO,27657.0,26472.0,Domínio aplicável = Sim + Não; Não declarado coincide com ausência/não aplicação de calçada.
E08,Obstáculo na calçada,Moradores,3509502017,V05225,Não,12739.0,46.06067180099071,48.122544575400426,NÃO,27657.0,26472.0,Domínio aplicável = Sim + Não; Não declarado coincide com ausência/não aplicação de calçada.
E08,Obstáculo na calçada,Moradores,3509502017,V05226,Não declarado,1185.0,4.284629569367611,,SIM,27657.0,26472.0,Domínio aplicável = Sim + Não; Não declarado coincide com ausência/não aplicação de calçada.
E08,Obstáculo na calçada,Faces,3509502017,V05424,Sim,622.0,41.80107526881721,49.76,NÃO,1488.0,1250.0,Domínio aplicável = Sim + Não; Não declarado coincide com ausência/não aplicação de calçada.
E08,Obstáculo na calçada,Faces,3509502017,V05425,Não,628.0,42.204301075268816,50.239999999999995,NÃO,1488.0,1250.0,Domínio aplicável = Sim + Não; Não declarado coincide com ausência/não aplicação de calçada.
E08,Obstáculo na calçada,Faces,3509502017,V05426,Não declarado,238.0,15.994623655913978,,SIM,1488.0,1250.0,Domínio aplicável = Sim + Não; Não declarado coincide com ausência/não aplicação de calçada.
E09,Rampa para cadeirante,Domicílios,3509502017,V05027,Sim,1841.0,17.252366226220598,17.93647700701481,NÃO,10671.0,10264.0,Domínio aplicável = Sim + Não; Não declarado coincide com ausência/não aplicação de calçada.
E09,Rampa para cadeirante,Domicílios,3509502017,V05028,Não,8423.0,78.93355824196419,82.0635229929852,NÃO,10671.0,10264.0,Domínio aplicável = Sim + Não; Não declarado coincide com ausência/não aplicação de calçada.
E09,Rampa para cadeirante,Domicílios,3509502017,V05029,Não declarado,407.0,3.8140755318152,,SIM,10671.0,10264.0,Domínio aplicável = Sim + Não; Não declarado coincide com ausência/não aplicação de calçada.
E09,Rampa para cadeirante,Moradores,3509502017,V05227,Sim,4603.0,16.643164479155367,17.388183741311575,NÃO,27657.0,26472.0,Domínio aplicável = Sim + Não; Não declarado coincide com ausência/não aplicação de calçada.
E09,Rampa para cadeirante,Moradores,3509502017,V05228,Não,21869.0,79.07220595147703,82.61181625868844,NÃO,27657.0,26472.0,Domínio aplicável = Sim + Não; Não declarado coincide com ausência/não aplicação de calçada.
E09,Rampa para cadeirante,Moradores,3509502017,V05229,Não declarado,1185.0,4.284629569367611,,SIM,27657.0,26472.0,Domínio aplicável = Sim + Não; Não declarado coincide com ausência/não aplicação de calçada.
E09,Rampa para cadeirante,Faces,3509502017,V05427,Sim,156.0,10.483870967741936,12.479999999999999,NÃO,1488.0,1250.0,Domínio aplicável = Sim + Não; Não declarado coincide com ausência/não aplicação de calçada.
E09,Rampa para cadeirante,Faces,3509502017,V05428,Não,1094.0,73.52150537634408,87.52,NÃO,1488.0,1250.0,Domínio aplicável = Sim + Não; Não declarado coincide com ausência/não aplicação de calçada.
E09,Rampa para cadeirante,Faces,3509502017,V05429,Não declarado,238.0,15.994623655913978,,SIM,1488.0,1250.0,Domínio aplicável = Sim + Não; Não declarado coincide com ausência/não aplicação de calçada.
E10,Arborização,Domicílios,3509502017,V05030,Sem árvores,1348.0,12.632368100459187,12.657276995305164,NÃO,10671.0,10650.0,Domínio aplicável = classes substantivas de arborização; Saltado fica fora.
E10,Arborização,Domicílios,3509502017,V05031,1 a 2 árvores,1803.0,16.896260894011807,16.929577464788732,NÃO,10671.0,10650.0,Domínio aplicável = classes substantivas de arborização; Saltado fica fora.
E10,Arborização,Domicílios,3509502017,V05032,3 a 4 árvores,1593.0,14.9283103739106,14.95774647887324,NÃO,10671.0,10650.0,Domínio aplicável = classes substantivas de arborização; Saltado fica fora.
E10,Arborização,Domicílios,3509502017,V05033,5 ou mais árvores,5906.0,55.346265579608286,55.455399061032864,NÃO,10671.0,10650.0,Domínio aplicável = classes substantivas de arborização; Saltado fica fora.
E10,Arborização,Domicílios,3509502017,V05034,Saltado,21.0,0.1967950520101209,,SIM,10671.0,10650.0,Domínio aplicável = classes substantivas de arborização; Saltado fica fora.
E10,Arborização,Moradores,3509502017,V05230,Sem árvores,3474.0,12.56101529450049,12.58422082156053,NÃO,27657.0,27606.0,Domínio aplicável = classes substantivas de arborização; Saltado fica fora.
E10,Arborização,Moradores,3509502017,V05231,1 a 2 árvores,4956.0,17.91951404707669,17.952618995870463,NÃO,27657.0,27606.0,Domínio aplicável = classes substantivas de arborização; Saltado fica fora.
E10,Arborização,Moradores,3509502017,V05232,3 a 4 árvores,4242.0,15.337889141989368,15.36622473375353,NÃO,27657.0,27606.0,Domínio aplicável = classes substantivas de arborização; Saltado fica fora.
E10,Arborização,Moradores,3509502017,V05233,5 ou mais árvores,14934.0,53.99717973749865,54.09693544881547,NÃO,27657.0,27606.0,Domínio aplicável = classes substantivas de arborização; Saltado fica fora.
E10,Arborização,Moradores,3509502017,V05234,Saltado,51.0,0.18440177893480855,,SIM,27657.0,27606.0,Domínio aplicável = classes substantivas de arborização; Saltado fica fora.
E10,Arborização,Faces,3509502017,V05430,Sem árvores,384.0,25.806451612903224,26.158038147138964,NÃO,1488.0,1468.0,Domínio aplicável = classes substantivas de arborização; Saltado fica fora.
E10,Arborização,Faces,3509502017,V05431,1 a 2 árvores,310.0,20.833333333333336,21.117166212534062,NÃO,1488.0,1468.0,Domínio aplicável = classes substantivas de arborização; Saltado fica fora.
E10,Arborização,Faces,3509502017,V05432,3 a 4 árvores,215.0,14.448924731182796,14.645776566757492,NÃO,1488.0,1468.0,Domínio aplicável = classes substantivas de arborização; Saltado fica fora.
E10,Arborização,Faces,3509502017,V05433,5 ou mais árvores,559.0,37.56720430107527,38.079019073569484,NÃO,1488.0,1468.0,Domínio aplicável = classes substantivas de arborização; Saltado fica fora.
E10,Arborização,Faces,3509502017,V05434,Saltado,20.0,1.3440860215053763,,SIM,1488.0,1468.0,Domínio aplicável = classes substantivas de arborização; Saltado fica fora.
E01,Circulação da via,Domicílios,3509502018,V05001,"Caminhão, ônibus",9819.0,99.89826025027978,99.89826025027978,NÃO,9829.0,9829.0,Domínio aplicável = categorias substantivas de circulação; Saltado fica fora.
E01,Circulação da via,Domicílios,3509502018,V05002,Carros de passeio ou van,10.0,0.10173974972021568,0.10173974972021568,NÃO,9829.0,9829.0,Domínio aplicável = categorias substantivas de circulação; Saltado fica fora.
E01,Circulação da via,Domicílios,3509502018,V05003,"Pedestres, bicicletas e motocicletas",0.0,0.0,0.0,NÃO,9829.0,9829.0,Domínio aplicável = categorias substantivas de circulação; Saltado fica fora.
E01,Circulação da via,Domicílios,3509502018,V05004,Aquavia,0.0,0.0,0.0,NÃO,9829.0,9829.0,Domínio aplicável = categorias substantivas de circulação; Saltado fica fora.
E01,Circulação da via,Domicílios,3509502018,V05005,Saltado,0.0,0.0,,SIM,9829.0,9829.0,Domínio aplicável = categorias substantivas de circulação; Saltado fica fora.
E01,Circulação da via,Moradores,3509502018,V05201,"Caminhão, ônibus",23645.0,99.89860154632642,99.89860154632642,NÃO,23669.0,23669.0,Domínio aplicável = categorias substantivas de circulação; Saltado fica fora.
E01,Circulação da via,Moradores,3509502018,V05202,Carros de passeio ou van,24.0,0.10139845367358148,0.10139845367358148,NÃO,23669.0,23669.0,Domínio aplicável = categorias substantivas de circulação; Saltado fica fora.
E01,Circulação da via,Moradores,3509502018,V05203,"Pedestres, bicicletas e motocicletas",0.0,0.0,0.0,NÃO,23669.0,23669.0,Domínio aplicável = categorias substantivas de circulação; Saltado fica fora.
E01,Circulação da via,Moradores,3509502018,V05204,Aquavia,0.0,0.0,0.0,NÃO,23669.0,23669.0,Domínio aplicável = categorias substantivas de circulação; Saltado fica fora.
E01,Circulação da via,Moradores,3509502018,V05205,Saltado,0.0,0.0,,SIM,23669.0,23669.0,Domínio aplicável = categorias substantivas de circulação; Saltado fica fora.
E01,Circulação da via,Faces,3509502018,V05401,"Caminhão, ônibus",1113.0,99.02135231316726,99.02135231316726,NÃO,1124.0,1124.0,Domínio aplicável = categorias substantivas de circulação; Saltado fica fora.
E01,Circulação da via,Faces,3509502018,V05402,Carros de passeio ou van,7.0,0.6227758007117438,0.6227758007117438,NÃO,1124.0,1124.0,Domínio aplicável = categorias substantivas de circulação; Saltado fica fora.
E01,Circulação da via,Faces,3509502018,V05403,"Pedestres, bicicletas e motocicletas",4.0,0.3558718861209964,0.3558718861209964,NÃO,1124.0,1124.0,Domínio aplicável = categorias substantivas de circulação; Saltado fica fora.
E01,Circulação da via,Faces,3509502018,V05404,Aquavia,0.0,0.0,0.0,NÃO,1124.0,1124.0,Domínio aplicável = categorias substantivas de circulação; Saltado fica fora.
E01,Circulação da via,Faces,3509502018,V05405,Saltado,0.0,0.0,,SIM,1124.0,1124.0,Domínio aplicável = categorias substantivas de circulação; Saltado fica fora.
E02,Pavimentação,Domicílios,3509502018,V05006,Sim,9825.0,99.95930410011191,99.95930410011191,NÃO,9829.0,9829.0,Domínio aplicável = Sim + Não; Não declarado coincide com circulação Aquavia + Saltado.
E02,Pavimentação,Domicílios,3509502018,V05007,Não,4.0,0.04069589988808627,0.04069589988808627,NÃO,9829.0,9829.0,Domínio aplicável = Sim + Não; Não declarado coincide com circulação Aquavia + Saltado.
E02,Pavimentação,Domicílios,3509502018,V05008,Não declarado,0.0,0.0,,SIM,9829.0,9829.0,Domínio aplicável = Sim + Não; Não declarado coincide com circulação Aquavia + Saltado.
E02,Pavimentação,Moradores,3509502018,V05206,Sim,23658.0,99.95352570873294,99.95352570873294,NÃO,23669.0,23669.0,Domínio aplicável = Sim + Não; Não declarado coincide com circulação Aquavia + Saltado.
E02,Pavimentação,Moradores,3509502018,V05207,Não,11.0,0.046474291267058175,0.046474291267058175,NÃO,23669.0,23669.0,Domínio aplicável = Sim + Não; Não declarado coincide com circulação Aquavia + Saltado.
E02,Pavimentação,Moradores,3509502018,V05208,Não declarado,0.0,0.0,,SIM,23669.0,23669.0,Domínio aplicável = Sim + Não; Não declarado coincide com circulação Aquavia + Saltado.
E02,Pavimentação,Faces,3509502018,V05406,Sim,1117.0,99.37722419928826,99.37722419928826,NÃO,1124.0,1124.0,Domínio aplicável = Sim + Não; Não declarado coincide com circulação Aquavia + Saltado.
E02,Pavimentação,Faces,3509502018,V05407,Não,7.0,0.6227758007117438,0.6227758007117438,NÃO,1124.0,1124.0,Domínio aplicável = Sim + Não; Não declarado coincide com circulação Aquavia + Saltado.
E02,Pavimentação,Faces,3509502018,V05408,Não declarado,0.0,0.0,,SIM,1124.0,1124.0,Domínio aplicável = Sim + Não; Não declarado coincide com circulação Aquavia + Saltado.
E03,Bueiro / boca de lobo,Domicílios,3509502018,V05009,Sim,6633.0,67.48397598941906,67.48397598941906,NÃO,9829.0,9829.0,Domínio aplicável = Sim + Não; Não declarado coincide com circulação Aquavia + Saltado.
E03,Bueiro / boca de lobo,Domicílios,3509502018,V05010,Não,3196.0,32.516024010580935,32.516024010580935,NÃO,9829.0,9829.0,Domínio aplicável = Sim + Não; Não declarado coincide com circulação Aquavia + Saltado.
E03,Bueiro / boca de lobo,Domicílios,3509502018,V05011,Não declarado,0.0,0.0,,SIM,9829.0,9829.0,Domínio aplicável = Sim + Não; Não declarado coincide com circulação Aquavia + Saltado.
E03,Bueiro / boca de lobo,Moradores,3509502018,V05209,Sim,15916.0,67.24407452786345,67.24407452786345,NÃO,23669.0,23669.0,Domínio aplicável = Sim + Não; Não declarado coincide com circulação Aquavia + Saltado.
E03,Bueiro / boca de lobo,Moradores,3509502018,V05210,Não,7753.0,32.755925472136546,32.755925472136546,NÃO,23669.0,23669.0,Domínio aplicável = Sim + Não; Não declarado coincide com circulação Aquavia + Saltado.
E03,Bueiro / boca de lobo,Moradores,3509502018,V05211,Não declarado,0.0,0.0,,SIM,23669.0,23669.0,Domínio aplicável = Sim + Não; Não declarado coincide com circulação Aquavia + Saltado.
E03,Bueiro / boca de lobo,Faces,3509502018,V05409,Sim,629.0,55.96085409252669,55.96085409252669,NÃO,1124.0,1124.0,Domínio aplicável = Sim + Não; Não declarado coincide com circulação Aquavia + Saltado.
E03,Bueiro / boca de lobo,Faces,3509502018,V05410,Não,495.0,44.03914590747331,44.03914590747331,NÃO,1124.0,1124.0,Domínio aplicável = Sim + Não; Não declarado coincide com circulação Aquavia + Saltado.
E03,Bueiro / boca de lobo,Faces,3509502018,V05411,Não declarado,0.0,0.0,,SIM,1124.0,1124.0,Domínio aplicável = Sim + Não; Não declarado coincide com circulação Aquavia + Saltado.
E04,Iluminação pública,Domicílios,3509502018,V05012,Sim,9822.0,99.92878217519585,99.92878217519585,NÃO,9829.0,9829.0,Domínio aplicável = Sim + Não; Não declarado coincide com circulação Aquavia + Saltado.
E04,Iluminação pública,Domicílios,3509502018,V05013,Não,7.0,0.07121782480415098,0.07121782480415098,NÃO,9829.0,9829.0,Domínio aplicável = Sim + Não; Não declarado coincide com circulação Aquavia + Saltado.
E04,Iluminação pública,Domicílios,3509502018,V05014,Não declarado,0.0,0.0,,SIM,9829.0,9829.0,Domínio aplicável = Sim + Não; Não declarado coincide com circulação Aquavia + Saltado.
E04,Iluminação pública,Moradores,3509502018,V05212,Sim,23649.0,99.91550128860534,99.91550128860534,NÃO,23669.0,23669.0,Domínio aplicável = Sim + Não; Não declarado coincide com circulação Aquavia + Saltado.
E04,Iluminação pública,Moradores,3509502018,V05213,Não,20.0,0.08449871139465123,0.08449871139465123,NÃO,23669.0,23669.0,Domínio aplicável = Sim + Não; Não declarado coincide com circulação Aquavia + Saltado.
E04,Iluminação pública,Moradores,3509502018,V05214,Não declarado,0.0,0.0,,SIM,23669.0,23669.0,Domínio aplicável = Sim + Não; Não declarado coincide com circulação Aquavia + Saltado.
E04,Iluminação pública,Faces,3509502018,V05412,Sim,1101.0,97.95373665480427,97.95373665480427,NÃO,1124.0,1124.0,Domínio aplicável = Sim + Não; Não declarado coincide com circulação Aquavia + Saltado.
E04,Iluminação pública,Faces,3509502018,V05413,Não,23.0,2.0462633451957295,2.0462633451957295,NÃO,1124.0,1124.0,Domínio aplicável = Sim + Não; Não declarado coincide com circulação Aquavia + Saltado.
E04,Iluminação pública,Faces,3509502018,V05414,Não declarado,0.0,0.0,,SIM,1124.0,1124.0,Domínio aplicável = Sim + Não; Não declarado coincide com circulação Aquavia + Saltado.
E05,Ponto de ônibus,Domicílios,3509502018,V05015,Sim,1425.0,14.497914335130735,14.497914335130735,NÃO,9829.0,9829.0,Domínio aplicável = Sim + Não; Não declarado coincide com circulação Aquavia + Saltado.
E05,Ponto de ônibus,Domicílios,3509502018,V05016,Não,8404.0,85.50208566486927,85.50208566486927,NÃO,9829.0,9829.0,Domínio aplicável = Sim + Não; Não declarado coincide com circulação Aquavia + Saltado.
E05,Ponto de ônibus,Domicílios,3509502018,V05017,Não declarado,0.0,0.0,,SIM,9829.0,9829.0,Domínio aplicável = Sim + Não; Não declarado coincide com circulação Aquavia + Saltado.
E05,Ponto de ônibus,Moradores,3509502018,V05215,Sim,3268.0,13.807089441886012,13.807089441886012,NÃO,23669.0,23669.0,Domínio aplicável = Sim + Não; Não declarado coincide com circulação Aquavia + Saltado.
E05,Ponto de ônibus,Moradores,3509502018,V05216,Não,20401.0,86.192910558114,86.192910558114,NÃO,23669.0,23669.0,Domínio aplicável = Sim + Não; Não declarado coincide com circulação Aquavia + Saltado.
E05,Ponto de ônibus,Moradores,3509502018,V05217,Não declarado,0.0,0.0,,SIM,23669.0,23669.0,Domínio aplicável = Sim + Não; Não declarado coincide com circulação Aquavia + Saltado.
E05,Ponto de ônibus,Faces,3509502018,V05415,Sim,145.0,12.900355871886122,12.900355871886122,NÃO,1124.0,1124.0,Domínio aplicável = Sim + Não; Não declarado coincide com circulação Aquavia + Saltado.
E05,Ponto de ônibus,Faces,3509502018,V05416,Não,979.0,87.09964412811388,87.09964412811388,NÃO,1124.0,1124.0,Domínio aplicável = Sim + Não; Não declarado coincide com circulação Aquavia + Saltado.
E05,Ponto de ônibus,Faces,3509502018,V05417,Não declarado,0.0,0.0,,SIM,1124.0,1124.0,Domínio aplicável = Sim + Não; Não declarado coincide com circulação Aquavia + Saltado.
E06,Via sinalizada para bicicleta,Domicílios,3509502018,V05018,Sim,1264.0,12.859904364635263,12.859904364635263,NÃO,9829.0,9829.0,Domínio aplicável = Sim + Não; Não declarado coincide com circulação Aquavia + Saltado.
E06,Via sinalizada para bicicleta,Domicílios,3509502018,V05019,Não,8565.0,87.14009563536473,87.14009563536473,NÃO,9829.0,9829.0,Domínio aplicável = Sim + Não; Não declarado coincide com circulação Aquavia + Saltado.
E06,Via sinalizada para bicicleta,Domicílios,3509502018,V05020,Não declarado,0.0,0.0,,SIM,9829.0,9829.0,Domínio aplicável = Sim + Não; Não declarado coincide com circulação Aquavia + Saltado.
E06,Via sinalizada para bicicleta,Moradores,3509502018,V05218,Sim,2716.0,11.474925007393637,11.474925007393637,NÃO,23669.0,23669.0,Domínio aplicável = Sim + Não; Não declarado coincide com circulação Aquavia + Saltado.
E06,Via sinalizada para bicicleta,Moradores,3509502018,V05219,Não,20953.0,88.52507499260636,88.52507499260636,NÃO,23669.0,23669.0,Domínio aplicável = Sim + Não; Não declarado coincide com circulação Aquavia + Saltado.
E06,Via sinalizada para bicicleta,Moradores,3509502018,V05220,Não declarado,0.0,0.0,,SIM,23669.0,23669.0,Domínio aplicável = Sim + Não; Não declarado coincide com circulação Aquavia + Saltado.
E06,Via sinalizada para bicicleta,Faces,3509502018,V05418,Sim,28.0,2.491103202846975,2.491103202846975,NÃO,1124.0,1124.0,Domínio aplicável = Sim + Não; Não declarado coincide com circulação Aquavia + Saltado.
E06,Via sinalizada para bicicleta,Faces,3509502018,V05419,Não,1096.0,97.50889679715303,97.50889679715303,NÃO,1124.0,1124.0,Domínio aplicável = Sim + Não; Não declarado coincide com circulação Aquavia + Saltado.
E06,Via sinalizada para bicicleta,Faces,3509502018,V05420,Não declarado,0.0,0.0,,SIM,1124.0,1124.0,Domínio aplicável = Sim + Não; Não declarado coincide com circulação Aquavia + Saltado.
E07,Calçada,Domicílios,3509502018,V05021,Sim,9816.0,99.86773832536372,99.86773832536372,NÃO,9829.0,9829.0,Domínio aplicável = Sim + Não; Não declarado coincide com circulação Aquavia + Saltado.
E07,Calçada,Domicílios,3509502018,V05022,Não,13.0,0.1322616746362804,0.1322616746362804,NÃO,9829.0,9829.0,Domínio aplicável = Sim + Não; Não declarado coincide com circulação Aquavia + Saltado.
E07,Calçada,Domicílios,3509502018,V05023,Não declarado,0.0,0.0,,SIM,9829.0,9829.0,Domínio aplicável = Sim + Não; Não declarado coincide com circulação Aquavia + Saltado.
E07,Calçada,Moradores,3509502018,V05221,Sim,23627.0,99.82255270607124,99.82255270607124,NÃO,23669.0,23669.0,Domínio aplicável = Sim + Não; Não declarado coincide com circulação Aquavia + Saltado.
E07,Calçada,Moradores,3509502018,V05222,Não,42.0,0.1774472939287676,0.1774472939287676,NÃO,23669.0,23669.0,Domínio aplicável = Sim + Não; Não declarado coincide com circulação Aquavia + Saltado.
E07,Calçada,Moradores,3509502018,V05223,Não declarado,0.0,0.0,,SIM,23669.0,23669.0,Domínio aplicável = Sim + Não; Não declarado coincide com circulação Aquavia + Saltado.
E07,Calçada,Faces,3509502018,V05421,Sim,1075.0,95.64056939501779,95.64056939501779,NÃO,1124.0,1124.0,Domínio aplicável = Sim + Não; Não declarado coincide com circulação Aquavia + Saltado.
E07,Calçada,Faces,3509502018,V05422,Não,49.0,4.359430604982206,4.359430604982206,NÃO,1124.0,1124.0,Domínio aplicável = Sim + Não; Não declarado coincide com circulação Aquavia + Saltado.
E07,Calçada,Faces,3509502018,V05423,Não declarado,0.0,0.0,,SIM,1124.0,1124.0,Domínio aplicável = Sim + Não; Não declarado coincide com circulação Aquavia + Saltado.
E08,Obstáculo na calçada,Domicílios,3509502018,V05024,Sim,1580.0,16.07488045579408,16.096169519152404,NÃO,9829.0,9816.0,Domínio aplicável = Sim + Não; Não declarado coincide com ausência/não aplicação de calçada.
E08,Obstáculo na calçada,Domicílios,3509502018,V05025,Não,8236.0,83.79285786956963,83.9038304808476,NÃO,9829.0,9816.0,Domínio aplicável = Sim + Não; Não declarado coincide com ausência/não aplicação de calçada.
E08,Obstáculo na calçada,Domicílios,3509502018,V05026,Não declarado,13.0,0.1322616746362804,,SIM,9829.0,9816.0,Domínio aplicável = Sim + Não; Não declarado coincide com ausência/não aplicação de calçada.
E08,Obstáculo na calçada,Moradores,3509502018,V05224,Sim,4075.0,17.216612446660186,17.247217166800695,NÃO,23669.0,23627.0,Domínio aplicável = Sim + Não; Não declarado coincide com ausência/não aplicação de calçada.
E08,Obstáculo na calçada,Moradores,3509502018,V05225,Não,19552.0,82.60594025941104,82.7527828331993,NÃO,23669.0,23627.0,Domínio aplicável = Sim + Não; Não declarado coincide com ausência/não aplicação de calçada.
E08,Obstáculo na calçada,Moradores,3509502018,V05226,Não declarado,42.0,0.1774472939287676,,SIM,23669.0,23627.0,Domínio aplicável = Sim + Não; Não declarado coincide com ausência/não aplicação de calçada.
E08,Obstáculo na calçada,Faces,3509502018,V05424,Sim,258.0,22.95373665480427,24.0,NÃO,1124.0,1075.0,Domínio aplicável = Sim + Não; Não declarado coincide com ausência/não aplicação de calçada.
E08,Obstáculo na calçada,Faces,3509502018,V05425,Não,817.0,72.68683274021353,76.0,NÃO,1124.0,1075.0,Domínio aplicável = Sim + Não; Não declarado coincide com ausência/não aplicação de calçada.
E08,Obstáculo na calçada,Faces,3509502018,V05426,Não declarado,49.0,4.359430604982206,,SIM,1124.0,1075.0,Domínio aplicável = Sim + Não; Não declarado coincide com ausência/não aplicação de calçada.
E09,Rampa para cadeirante,Domicílios,3509502018,V05027,Sim,3502.0,35.62926035201953,35.67644661776691,NÃO,9829.0,9816.0,Domínio aplicável = Sim + Não; Não declarado coincide com ausência/não aplicação de calçada.
E09,Rampa para cadeirante,Domicílios,3509502018,V05028,Não,6314.0,64.23847797334419,64.32355338223309,NÃO,9829.0,9816.0,Domínio aplicável = Sim + Não; Não declarado coincide com ausência/não aplicação de calçada.
E09,Rampa para cadeirante,Domicílios,3509502018,V05029,Não declarado,13.0,0.1322616746362804,,SIM,9829.0,9816.0,Domínio aplicável = Sim + Não; Não declarado coincide com ausência/não aplicação de calçada.
E09,Rampa para cadeirante,Moradores,3509502018,V05227,Sim,8212.0,34.695170898643795,34.75684598129259,NÃO,23669.0,23627.0,Domínio aplicável = Sim + Não; Não declarado coincide com ausência/não aplicação de calçada.
E09,Rampa para cadeirante,Moradores,3509502018,V05228,Não,15415.0,65.12738180742743,65.2431540187074,NÃO,23669.0,23627.0,Domínio aplicável = Sim + Não; Não declarado coincide com ausência/não aplicação de calçada.
E09,Rampa para cadeirante,Moradores,3509502018,V05229,Não declarado,42.0,0.1774472939287676,,SIM,23669.0,23627.0,Domínio aplicável = Sim + Não; Não declarado coincide com ausência/não aplicação de calçada.
E09,Rampa para cadeirante,Faces,3509502018,V05427,Sim,273.0,24.288256227758005,25.3953488372093,NÃO,1124.0,1075.0,Domínio aplicável = Sim + Não; Não declarado coincide com ausência/não aplicação de calçada.
E09,Rampa para cadeirante,Faces,3509502018,V05428,Não,802.0,71.35231316725978,74.6046511627907,NÃO,1124.0,1075.0,Domínio aplicável = Sim + Não; Não declarado coincide com ausência/não aplicação de calçada.
E09,Rampa para cadeirante,Faces,3509502018,V05429,Não declarado,49.0,4.359430604982206,,SIM,1124.0,1075.0,Domínio aplicável = Sim + Não; Não declarado coincide com ausência/não aplicação de calçada.
E10,Arborização,Domicílios,3509502018,V05030,Sem árvores,566.0,5.758469834164208,5.758469834164208,NÃO,9829.0,9829.0,Domínio aplicável = classes substantivas de arborização; Saltado fica fora.
E10,Arborização,Domicílios,3509502018,V05031,1 a 2 árvores,1419.0,14.436870485298606,14.436870485298606,NÃO,9829.0,9829.0,Domínio aplicável = classes substantivas de arborização; Saltado fica fora.
E10,Arborização,Domicílios,3509502018,V05032,3 a 4 árvores,1529.0,15.556007732220978,15.556007732220978,NÃO,9829.0,9829.0,Domínio aplicável = classes substantivas de arborização; Saltado fica fora.
E10,Arborização,Domicílios,3509502018,V05033,5 ou mais árvores,6315.0,64.24865194831621,64.24865194831621,NÃO,9829.0,9829.0,Domínio aplicável = classes substantivas de arborização; Saltado fica fora.
E10,Arborização,Domicílios,3509502018,V05034,Saltado,0.0,0.0,,SIM,9829.0,9829.0,Domínio aplicável = classes substantivas de arborização; Saltado fica fora.
E10,Arborização,Moradores,3509502018,V05230,Sem árvores,1431.0,6.045882800287296,6.045882800287296,NÃO,23669.0,23669.0,Domínio aplicável = classes substantivas de arborização; Saltado fica fora.
E10,Arborização,Moradores,3509502018,V05231,1 a 2 árvores,3623.0,15.306941569141069,15.306941569141069,NÃO,23669.0,23669.0,Domínio aplicável = classes substantivas de arborização; Saltado fica fora.
E10,Arborização,Moradores,3509502018,V05232,3 a 4 árvores,3754.0,15.860408128776035,15.860408128776035,NÃO,23669.0,23669.0,Domínio aplicável = classes substantivas de arborização; Saltado fica fora.
E10,Arborização,Moradores,3509502018,V05233,5 ou mais árvores,14861.0,62.786767501795595,62.786767501795595,NÃO,23669.0,23669.0,Domínio aplicável = classes substantivas de arborização; Saltado fica fora.
E10,Arborização,Moradores,3509502018,V05234,Saltado,0.0,0.0,,SIM,23669.0,23669.0,Domínio aplicável = classes substantivas de arborização; Saltado fica fora.
E10,Arborização,Faces,3509502018,V05430,Sem árvores,272.0,24.199288256227756,24.199288256227756,NÃO,1124.0,1124.0,Domínio aplicável = classes substantivas de arborização; Saltado fica fora.
E10,Arborização,Faces,3509502018,V05431,1 a 2 árvores,274.0,24.377224199288257,24.377224199288257,NÃO,1124.0,1124.0,Domínio aplicável = classes substantivas de arborização; Saltado fica fora.
E10,Arborização,Faces,3509502018,V05432,3 a 4 árvores,166.0,14.768683274021353,14.768683274021353,NÃO,1124.0,1124.0,Domínio aplicável = classes substantivas de arborização; Saltado fica fora.
E10,Arborização,Faces,3509502018,V05433,5 ou mais árvores,412.0,36.654804270462634,36.654804270462634,NÃO,1124.0,1124.0,Domínio aplicável = classes substantivas de arborização; Saltado fica fora.
E10,Arborização,Faces,3509502018,V05434,Saltado,0.0,0.0,,SIM,1124.0,1124.0,Domínio aplicável = classes substantivas de arborização; Saltado fica fora.
E01,Circulação da via,Domicílios,3509502019,V05001,"Caminhão, ônibus",9259.0,91.1498326442213,91.4559462662979,NÃO,10158.0,10124.0,Domínio aplicável = categorias substantivas de circulação; Saltado fica fora.
E01,Circulação da via,Domicílios,3509502019,V05002,Carros de passeio ou van,738.0,7.265209686946249,7.2896088502568155,NÃO,10158.0,10124.0,Domínio aplicável = categorias substantivas de circulação; Saltado fica fora.
E01,Circulação da via,Domicílios,3509502019,V05003,"Pedestres, bicicletas e motocicletas",127.0,1.2502461114392598,1.2544448834452786,NÃO,10158.0,10124.0,Domínio aplicável = categorias substantivas de circulação; Saltado fica fora.
E01,Circulação da via,Domicílios,3509502019,V05004,Aquavia,0.0,0.0,0.0,NÃO,10158.0,10124.0,Domínio aplicável = categorias substantivas de circulação; Saltado fica fora.
E01,Circulação da via,Domicílios,3509502019,V05005,Saltado,34.0,0.33471155739318764,,SIM,10158.0,10124.0,Domínio aplicável = categorias substantivas de circulação; Saltado fica fora.
E01,Circulação da via,Moradores,3509502019,V05201,"Caminhão, ônibus",25820.0,90.47902722780951,90.82594625017589,NÃO,28537.0,28428.0,Domínio aplicável = categorias substantivas de circulação; Saltado fica fora.
E01,Circulação da via,Moradores,3509502019,V05202,Carros de passeio ou van,2248.0,7.87749237831587,7.907696637118335,NÃO,28537.0,28428.0,Domínio aplicável = categorias substantivas de circulação; Saltado fica fora.
E01,Circulação da via,Moradores,3509502019,V05203,"Pedestres, bicicletas e motocicletas",360.0,1.2615201317587694,1.2663571127057829,NÃO,28537.0,28428.0,Domínio aplicável = categorias substantivas de circulação; Saltado fica fora.
E01,Circulação da via,Moradores,3509502019,V05204,Aquavia,0.0,0.0,0.0,NÃO,28537.0,28428.0,Domínio aplicável = categorias substantivas de circulação; Saltado fica fora.
E01,Circulação da via,Moradores,3509502019,V05205,Saltado,109.0,0.3819602621158496,,SIM,28537.0,28428.0,Domínio aplicável = categorias substantivas de circulação; Saltado fica fora.
E01,Circulação da via,Faces,3509502019,V05401,"Caminhão, ônibus",1049.0,91.13814074717637,92.09833187006146,NÃO,1151.0,1139.0,Domínio aplicável = categorias substantivas de circulação; Saltado fica fora.
E01,Circulação da via,Faces,3509502019,V05402,Carros de passeio ou van,58.0,5.039096437880104,5.092186128182616,NÃO,1151.0,1139.0,Domínio aplicável = categorias substantivas de circulação; Saltado fica fora.
E01,Circulação da via,Faces,3509502019,V05403,"Pedestres, bicicletas e motocicletas",32.0,2.780191138140747,2.809482001755926,NÃO,1151.0,1139.0,Domínio aplicável = categorias substantivas de circulação; Saltado fica fora.
E01,Circulação da via,Faces,3509502019,V05404,Aquavia,0.0,0.0,0.0,NÃO,1151.0,1139.0,Domínio aplicável = categorias substantivas de circulação; Saltado fica fora.
E01,Circulação da via,Faces,3509502019,V05405,Saltado,12.0,1.0425716768027802,,SIM,1151.0,1139.0,Domínio aplicável = categorias substantivas de circulação; Saltado fica fora.
E02,Pavimentação,Domicílios,3509502019,V05006,Sim,9752.0,96.00315022642253,96.32556301856974,NÃO,10158.0,10124.0,Domínio aplicável = Sim + Não; Não declarado coincide com circulação Aquavia + Saltado.
E02,Pavimentação,Domicílios,3509502019,V05007,Não,372.0,3.662138216184288,3.6744369814302646,NÃO,10158.0,10124.0,Domínio aplicável = Sim + Não; Não declarado coincide com circulação Aquavia + Saltado.
E02,Pavimentação,Domicílios,3509502019,V05008,Não declarado,34.0,0.33471155739318764,,SIM,10158.0,10124.0,Domínio aplicável = Sim + Não; Não declarado coincide com circulação Aquavia + Saltado.
E02,Pavimentação,Moradores,3509502019,V05206,Sim,27318.0,95.72835266496128,96.0953989024905,NÃO,28537.0,28428.0,Domínio aplicável = Sim + Não; Não declarado coincide com circulação Aquavia + Saltado.
E02,Pavimentação,Moradores,3509502019,V05207,Não,1110.0,3.889687072922872,3.904601097509498,NÃO,28537.0,28428.0,Domínio aplicável = Sim + Não; Não declarado coincide com circulação Aquavia + Saltado.
E02,Pavimentação,Moradores,3509502019,V05208,Não declarado,109.0,0.3819602621158496,,SIM,28537.0,28428.0,Domínio aplicável = Sim + Não; Não declarado coincide com circulação Aquavia + Saltado.
E02,Pavimentação,Faces,3509502019,V05406,Sim,1085.0,94.2658557775847,95.25899912203687,NÃO,1151.0,1139.0,Domínio aplicável = Sim + Não; Não declarado coincide com circulação Aquavia + Saltado.
E02,Pavimentação,Faces,3509502019,V05407,Não,54.0,4.691572545612511,4.741000877963126,NÃO,1151.0,1139.0,Domínio aplicável = Sim + Não; Não declarado coincide com circulação Aquavia + Saltado.
E02,Pavimentação,Faces,3509502019,V05408,Não declarado,12.0,1.0425716768027802,,SIM,1151.0,1139.0,Domínio aplicável = Sim + Não; Não declarado coincide com circulação Aquavia + Saltado.
E03,Bueiro / boca de lobo,Domicílios,3509502019,V05009,Sim,7725.0,76.0484347312463,76.3038324772817,NÃO,10158.0,10124.0,Domínio aplicável = Sim + Não; Não declarado coincide com circulação Aquavia + Saltado.
E03,Bueiro / boca de lobo,Domicílios,3509502019,V05010,Não,2399.0,23.616853711360505,23.69616752271829,NÃO,10158.0,10124.0,Domínio aplicável = Sim + Não; Não declarado coincide com circulação Aquavia + Saltado.
E03,Bueiro / boca de lobo,Domicílios,3509502019,V05011,Não declarado,34.0,0.33471155739318764,,SIM,10158.0,10124.0,Domínio aplicável = Sim + Não; Não declarado coincide com circulação Aquavia + Saltado.
E03,Bueiro / boca de lobo,Moradores,3509502019,V05209,Sim,21606.0,75.71223324105547,76.00253271422541,NÃO,28537.0,28428.0,Domínio aplicável = Sim + Não; Não declarado coincide com circulação Aquavia + Saltado.
E03,Bueiro / boca de lobo,Moradores,3509502019,V05210,Não,6822.0,23.90580649682868,23.997467285774587,NÃO,28537.0,28428.0,Domínio aplicável = Sim + Não; Não declarado coincide com circulação Aquavia + Saltado.
E03,Bueiro / boca de lobo,Moradores,3509502019,V05211,Não declarado,109.0,0.3819602621158496,,SIM,28537.0,28428.0,Domínio aplicável = Sim + Não; Não declarado coincide com circulação Aquavia + Saltado.
E03,Bueiro / boca de lobo,Faces,3509502019,V05409,Sim,786.0,68.28844483058211,69.00790166812993,NÃO,1151.0,1139.0,Domínio aplicável = Sim + Não; Não declarado coincide com circulação Aquavia + Saltado.
E03,Bueiro / boca de lobo,Faces,3509502019,V05410,Não,353.0,30.668983492615116,30.99209833187006,NÃO,1151.0,1139.0,Domínio aplicável = Sim + Não; Não declarado coincide com circulação Aquavia + Saltado.
E03,Bueiro / boca de lobo,Faces,3509502019,V05411,Não declarado,12.0,1.0425716768027802,,SIM,1151.0,1139.0,Domínio aplicável = Sim + Não; Não declarado coincide com circulação Aquavia + Saltado.
E04,Iluminação pública,Domicílios,3509502019,V05012,Sim,9747.0,95.95392793857059,96.27617542473331,NÃO,10158.0,10124.0,Domínio aplicável = Sim + Não; Não declarado coincide com circulação Aquavia + Saltado.
E04,Iluminação pública,Domicílios,3509502019,V05013,Não,377.0,3.711360504036228,3.7238245752666934,NÃO,10158.0,10124.0,Domínio aplicável = Sim + Não; Não declarado coincide com circulação Aquavia + Saltado.
E04,Iluminação pública,Domicílios,3509502019,V05014,Não declarado,34.0,0.33471155739318764,,SIM,10158.0,10124.0,Domínio aplicável = Sim + Não; Não declarado coincide com circulação Aquavia + Saltado.
E04,Iluminação pública,Moradores,3509502019,V05212,Sim,27323.0,95.74587377790237,96.11298719572254,NÃO,28537.0,28428.0,Domínio aplicável = Sim + Não; Não declarado coincide com circulação Aquavia + Saltado.
E04,Iluminação pública,Moradores,3509502019,V05213,Não,1105.0,3.872165959981778,3.8870128042774734,NÃO,28537.0,28428.0,Domínio aplicável = Sim + Não; Não declarado coincide com circulação Aquavia + Saltado.
E04,Iluminação pública,Moradores,3509502019,V05214,Não declarado,109.0,0.3819602621158496,,SIM,28537.0,28428.0,Domínio aplicável = Sim + Não; Não declarado coincide com circulação Aquavia + Saltado.
E04,Iluminação pública,Faces,3509502019,V05412,Sim,1071.0,93.04952215464813,94.02985074626866,NÃO,1151.0,1139.0,Domínio aplicável = Sim + Não; Não declarado coincide com circulação Aquavia + Saltado.
E04,Iluminação pública,Faces,3509502019,V05413,Não,68.0,5.907906168549087,5.970149253731343,NÃO,1151.0,1139.0,Domínio aplicável = Sim + Não; Não declarado coincide com circulação Aquavia + Saltado.
E04,Iluminação pública,Faces,3509502019,V05414,Não declarado,12.0,1.0425716768027802,,SIM,1151.0,1139.0,Domínio aplicável = Sim + Não; Não declarado coincide com circulação Aquavia + Saltado.
E05,Ponto de ônibus,Domicílios,3509502019,V05015,Sim,1726.0,16.991533766489468,17.048597392335047,NÃO,10158.0,10124.0,Domínio aplicável = Sim + Não; Não declarado coincide com circulação Aquavia + Saltado.
E05,Ponto de ônibus,Domicílios,3509502019,V05016,Não,8398.0,82.67375467611735,82.95140260766496,NÃO,10158.0,10124.0,Domínio aplicável = Sim + Não; Não declarado coincide com circulação Aquavia + Saltado.
E05,Ponto de ônibus,Domicílios,3509502019,V05017,Não declarado,34.0,0.33471155739318764,,SIM,10158.0,10124.0,Domínio aplicável = Sim + Não; Não declarado coincide com circulação Aquavia + Saltado.
E05,Ponto de ônibus,Moradores,3509502019,V05215,Sim,4849.0,16.99197533027298,17.057126776417615,NÃO,28537.0,28428.0,Domínio aplicável = Sim + Não; Não declarado coincide com circulação Aquavia + Saltado.
E05,Ponto de ônibus,Moradores,3509502019,V05216,Não,23579.0,82.62606440761117,82.94287322358238,NÃO,28537.0,28428.0,Domínio aplicável = Sim + Não; Não declarado coincide com circulação Aquavia + Saltado.
E05,Ponto de ônibus,Moradores,3509502019,V05217,Não declarado,109.0,0.3819602621158496,,SIM,28537.0,28428.0,Domínio aplicável = Sim + Não; Não declarado coincide com circulação Aquavia + Saltado.
E05,Ponto de ônibus,Faces,3509502019,V05415,Sim,164.0,14.24847958297133,14.398595258999123,NÃO,1151.0,1139.0,Domínio aplicável = Sim + Não; Não declarado coincide com circulação Aquavia + Saltado.
E05,Ponto de ônibus,Faces,3509502019,V05416,Não,975.0,84.70894874022589,85.60140474100088,NÃO,1151.0,1139.0,Domínio aplicável = Sim + Não; Não declarado coincide com circulação Aquavia + Saltado.
E05,Ponto de ônibus,Faces,3509502019,V05417,Não declarado,12.0,1.0425716768027802,,SIM,1151.0,1139.0,Domínio aplicável = Sim + Não; Não declarado coincide com circulação Aquavia + Saltado.
E06,Via sinalizada para bicicleta,Domicílios,3509502019,V05018,Sim,23.0,0.22642252411892105,0.22718293164757014,NÃO,10158.0,10124.0,Domínio aplicável = Sim + Não; Não declarado coincide com circulação Aquavia + Saltado.
E06,Via sinalizada para bicicleta,Domicílios,3509502019,V05019,Não,10101.0,99.43886591848789,99.77281706835242,NÃO,10158.0,10124.0,Domínio aplicável = Sim + Não; Não declarado coincide com circulação Aquavia + Saltado.
E06,Via sinalizada para bicicleta,Domicílios,3509502019,V05020,Não declarado,34.0,0.33471155739318764,,SIM,10158.0,10124.0,Domínio aplicável = Sim + Não; Não declarado coincide com circulação Aquavia + Saltado.
E06,Via sinalizada para bicicleta,Moradores,3509502019,V05218,Sim,61.0,0.21375757788134703,0.21457717743070212,NÃO,28537.0,28428.0,Domínio aplicável = Sim + Não; Não declarado coincide com circulação Aquavia + Saltado.
E06,Via sinalizada para bicicleta,Moradores,3509502019,V05219,Não,28367.0,99.4042821600028,99.7854228225693,NÃO,28537.0,28428.0,Domínio aplicável = Sim + Não; Não declarado coincide com circulação Aquavia + Saltado.
E06,Via sinalizada para bicicleta,Moradores,3509502019,V05220,Não declarado,109.0,0.3819602621158496,,SIM,28537.0,28428.0,Domínio aplicável = Sim + Não; Não declarado coincide com circulação Aquavia + Saltado.
E06,Via sinalizada para bicicleta,Faces,3509502019,V05418,Sim,8.0,0.6950477845351868,0.7023705004389815,NÃO,1151.0,1139.0,Domínio aplicável = Sim + Não; Não declarado coincide com circulação Aquavia + Saltado.
E06,Via sinalizada para bicicleta,Faces,3509502019,V05419,Não,1131.0,98.26238053866203,99.29762949956101,NÃO,1151.0,1139.0,Domínio aplicável = Sim + Não; Não declarado coincide com circulação Aquavia + Saltado.
E06,Via sinalizada para bicicleta,Faces,3509502019,V05420,Não declarado,12.0,1.0425716768027802,,SIM,1151.0,1139.0,Domínio aplicável = Sim + Não; Não declarado coincide com circulação Aquavia + Saltado.
E07,Calçada,Domicílios,3509502019,V05021,Sim,8596.0,84.62295727505415,84.90715132358751,NÃO,10158.0,10124.0,Domínio aplicável = Sim + Não; Não declarado coincide com circulação Aquavia + Saltado.
E07,Calçada,Domicílios,3509502019,V05022,Não,1528.0,15.042331167552666,15.092848676412485,NÃO,10158.0,10124.0,Domínio aplicável = Sim + Não; Não declarado coincide com circulação Aquavia + Saltado.
E07,Calçada,Domicílios,3509502019,V05023,Não declarado,34.0,0.33471155739318764,,SIM,10158.0,10124.0,Domínio aplicável = Sim + Não; Não declarado coincide com circulação Aquavia + Saltado.
E07,Calçada,Moradores,3509502019,V05221,Sim,23934.0,83.87006342642884,84.19164204305613,NÃO,28537.0,28428.0,Domínio aplicável = Sim + Não; Não declarado coincide com circulação Aquavia + Saltado.
E07,Calçada,Moradores,3509502019,V05222,Não,4494.0,15.747976311455304,15.808357956943858,NÃO,28537.0,28428.0,Domínio aplicável = Sim + Não; Não declarado coincide com circulação Aquavia + Saltado.
E07,Calçada,Moradores,3509502019,V05223,Não declarado,109.0,0.3819602621158496,,SIM,28537.0,28428.0,Domínio aplicável = Sim + Não; Não declarado coincide com circulação Aquavia + Saltado.
E07,Calçada,Faces,3509502019,V05421,Sim,841.0,73.0668983492615,73.83669885864794,NÃO,1151.0,1139.0,Domínio aplicável = Sim + Não; Não declarado coincide com circulação Aquavia + Saltado.
E07,Calçada,Faces,3509502019,V05422,Não,298.0,25.890529973935706,26.163301141352065,NÃO,1151.0,1139.0,Domínio aplicável = Sim + Não; Não declarado coincide com circulação Aquavia + Saltado.
E07,Calçada,Faces,3509502019,V05423,Não declarado,12.0,1.0425716768027802,,SIM,1151.0,1139.0,Domínio aplicável = Sim + Não; Não declarado coincide com circulação Aquavia + Saltado.
E08,Obstáculo na calçada,Domicílios,3509502019,V05024,Sim,4933.0,48.56270919472337,57.38715681712424,NÃO,10158.0,8596.0,Domínio aplicável = Sim + Não; Não declarado coincide com ausência/não aplicação de calçada.
E08,Obstáculo na calçada,Domicílios,3509502019,V05025,Não,3663.0,36.06024808033077,42.61284318287576,NÃO,10158.0,8596.0,Domínio aplicável = Sim + Não; Não declarado coincide com ausência/não aplicação de calçada.
E08,Obstáculo na calçada,Domicílios,3509502019,V05026,Não declarado,1562.0,15.377042724945856,,SIM,10158.0,8596.0,Domínio aplicável = Sim + Não; Não declarado coincide com ausência/não aplicação de calçada.
E08,Obstáculo na calçada,Moradores,3509502019,V05224,Sim,13990.0,49.024074009181064,58.452410796356645,NÃO,28537.0,23934.0,Domínio aplicável = Sim + Não; Não declarado coincide com ausência/não aplicação de calçada.
E08,Obstáculo na calçada,Moradores,3509502019,V05225,Não,9944.0,34.845989417247786,41.547589203643355,NÃO,28537.0,23934.0,Domínio aplicável = Sim + Não; Não declarado coincide com ausência/não aplicação de calçada.
E08,Obstáculo na calçada,Moradores,3509502019,V05226,Não declarado,4603.0,16.12993657357115,,SIM,28537.0,23934.0,Domínio aplicável = Sim + Não; Não declarado coincide com ausência/não aplicação de calçada.
E08,Obstáculo na calçada,Faces,3509502019,V05424,Sim,400.0,34.75238922675934,47.56242568370987,NÃO,1151.0,841.0,Domínio aplicável = Sim + Não; Não declarado coincide com ausência/não aplicação de calçada.
E08,Obstáculo na calçada,Faces,3509502019,V05425,Não,441.0,38.31450912250217,52.437574316290124,NÃO,1151.0,841.0,Domínio aplicável = Sim + Não; Não declarado coincide com ausência/não aplicação de calçada.
E08,Obstáculo na calçada,Faces,3509502019,V05426,Não declarado,310.0,26.93310165073849,,SIM,1151.0,841.0,Domínio aplicável = Sim + Não; Não declarado coincide com ausência/não aplicação de calçada.
E09,Rampa para cadeirante,Domicílios,3509502019,V05027,Sim,864.0,8.50561134081512,10.05118659841787,NÃO,10158.0,8596.0,Domínio aplicável = Sim + Não; Não declarado coincide com ausência/não aplicação de calçada.
E09,Rampa para cadeirante,Domicílios,3509502019,V05028,Não,7732.0,76.11734593423903,89.94881340158213,NÃO,10158.0,8596.0,Domínio aplicável = Sim + Não; Não declarado coincide com ausência/não aplicação de calçada.
E09,Rampa para cadeirante,Domicílios,3509502019,V05029,Não declarado,1562.0,15.377042724945856,,SIM,10158.0,8596.0,Domínio aplicável = Sim + Não; Não declarado coincide com ausência/não aplicação de calçada.
E09,Rampa para cadeirante,Moradores,3509502019,V05227,Sim,2116.0,7.414934996670988,8.84097935990641,NÃO,28537.0,23934.0,Domínio aplicável = Sim + Não; Não declarado coincide com ausência/não aplicação de calçada.
E09,Rampa para cadeirante,Moradores,3509502019,V05228,Não,21818.0,76.45512842975786,91.15902064009359,NÃO,28537.0,23934.0,Domínio aplicável = Sim + Não; Não declarado coincide com ausência/não aplicação de calçada.
E09,Rampa para cadeirante,Moradores,3509502019,V05229,Não declarado,4603.0,16.12993657357115,,SIM,28537.0,23934.0,Domínio aplicável = Sim + Não; Não declarado coincide com ausência/não aplicação de calçada.
E09,Rampa para cadeirante,Faces,3509502019,V05427,Sim,20.0,1.7376194613379672,2.3781212841854935,NÃO,1151.0,841.0,Domínio aplicável = Sim + Não; Não declarado coincide com ausência/não aplicação de calçada.
E09,Rampa para cadeirante,Faces,3509502019,V05428,Não,821.0,71.32927888792354,97.6218787158145,NÃO,1151.0,841.0,Domínio aplicável = Sim + Não; Não declarado coincide com ausência/não aplicação de calçada.
E09,Rampa para cadeirante,Faces,3509502019,V05429,Não declarado,310.0,26.93310165073849,,SIM,1151.0,841.0,Domínio aplicável = Sim + Não; Não declarado coincide com ausência/não aplicação de calçada.
E10,Arborização,Domicílios,3509502019,V05030,Sem árvores,1422.0,13.998818665091553,14.045831687080204,NÃO,10158.0,10124.0,Domínio aplicável = classes substantivas de arborização; Saltado fica fora.
E10,Arborização,Domicílios,3509502019,V05031,1 a 2 árvores,2437.0,23.990943099035242,24.07151323587515,NÃO,10158.0,10124.0,Domínio aplicável = classes substantivas de arborização; Saltado fica fora.
E10,Arborização,Domicílios,3509502019,V05032,3 a 4 árvores,1295.0,12.748572553652293,12.791386803634927,NÃO,10158.0,10124.0,Domínio aplicável = classes substantivas de arborização; Saltado fica fora.
E10,Arborização,Domicílios,3509502019,V05033,5 ou mais árvores,4970.0,48.92695412482772,49.091268273409725,NÃO,10158.0,10124.0,Domínio aplicável = classes substantivas de arborização; Saltado fica fora.
E10,Arborização,Domicílios,3509502019,V05034,Saltado,34.0,0.33471155739318764,,SIM,10158.0,10124.0,Domínio aplicável = classes substantivas de arborização; Saltado fica fora.
E10,Arborização,Moradores,3509502019,V05230,Sem árvores,4238.0,14.850895328871289,14.90783734346419,NÃO,28537.0,28428.0,Domínio aplicável = classes substantivas de arborização; Saltado fica fora.
E10,Arborização,Moradores,3509502019,V05231,1 a 2 árvores,6783.0,23.769141815888144,23.860278598564797,NÃO,28537.0,28428.0,Domínio aplicável = classes substantivas de arborização; Saltado fica fora.
E10,Arborização,Moradores,3509502019,V05232,3 a 4 árvores,3524.0,12.348880400883063,12.396229069931055,NÃO,28537.0,28428.0,Domínio aplicável = classes substantivas de arborização; Saltado fica fora.
E10,Arborização,Moradores,3509502019,V05233,5 ou mais árvores,13883.0,48.64912219224165,48.83565498803996,NÃO,28537.0,28428.0,Domínio aplicável = classes substantivas de arborização; Saltado fica fora.
E10,Arborização,Moradores,3509502019,V05234,Saltado,109.0,0.3819602621158496,,SIM,28537.0,28428.0,Domínio aplicável = classes substantivas de arborização; Saltado fica fora.
E10,Arborização,Faces,3509502019,V05430,Sem árvores,297.0,25.803649000868813,26.075504828797193,NÃO,1151.0,1139.0,Domínio aplicável = classes substantivas de arborização; Saltado fica fora.
E10,Arborização,Faces,3509502019,V05431,1 a 2 árvores,261.0,22.67593397046047,22.91483757682177,NÃO,1151.0,1139.0,Domínio aplicável = classes substantivas de arborização; Saltado fica fora.
E10,Arborização,Faces,3509502019,V05432,3 a 4 árvores,154.0,13.379669852302346,13.520632133450395,NÃO,1151.0,1139.0,Domínio aplicável = classes substantivas de arborização; Saltado fica fora.
E10,Arborização,Faces,3509502019,V05433,5 ou mais árvores,427.0,37.09817549956559,37.48902546093064,NÃO,1151.0,1139.0,Domínio aplicável = classes substantivas de arborização; Saltado fica fora.
E10,Arborização,Faces,3509502019,V05434,Saltado,12.0,1.0425716768027802,,SIM,1151.0,1139.0,Domínio aplicável = classes substantivas de arborização; Saltado fica fora.
E01,Circulação da via,Domicílios,3509502020,V05001,"Caminhão, ônibus",16352.0,99.9816569856313,99.9816569856313,NÃO,16355.0,16355.0,Domínio aplicável = categorias substantivas de circulação; Saltado fica fora.
E01,Circulação da via,Domicílios,3509502020,V05002,Carros de passeio ou van,3.0,0.01834301436869459,0.01834301436869459,NÃO,16355.0,16355.0,Domínio aplicável = categorias substantivas de circulação; Saltado fica fora.
E01,Circulação da via,Domicílios,3509502020,V05003,"Pedestres, bicicletas e motocicletas",0.0,0.0,0.0,NÃO,16355.0,16355.0,Domínio aplicável = categorias substantivas de circulação; Saltado fica fora.
E01,Circulação da via,Domicílios,3509502020,V05004,Aquavia,0.0,0.0,0.0,NÃO,16355.0,16355.0,Domínio aplicável = categorias substantivas de circulação; Saltado fica fora.
E01,Circulação da via,Domicílios,3509502020,V05005,Saltado,0.0,0.0,,SIM,16355.0,16355.0,Domínio aplicável = categorias substantivas de circulação; Saltado fica fora.
E01,Circulação da via,Moradores,3509502020,V05201,"Caminhão, ônibus",41974.0,99.98094421418703,99.98094421418703,NÃO,41982.0,41982.0,Domínio aplicável = categorias substantivas de circulação; Saltado fica fora.
E01,Circulação da via,Moradores,3509502020,V05202,Carros de passeio ou van,8.0,0.019055785812967463,0.019055785812967463,NÃO,41982.0,41982.0,Domínio aplicável = categorias substantivas de circulação; Saltado fica fora.
E01,Circulação da via,Moradores,3509502020,V05203,"Pedestres, bicicletas e motocicletas",0.0,0.0,0.0,NÃO,41982.0,41982.0,Domínio aplicável = categorias substantivas de circulação; Saltado fica fora.
E01,Circulação da via,Moradores,3509502020,V05204,Aquavia,0.0,0.0,0.0,NÃO,41982.0,41982.0,Domínio aplicável = categorias substantivas de circulação; Saltado fica fora.
E01,Circulação da via,Moradores,3509502020,V05205,Saltado,0.0,0.0,,SIM,41982.0,41982.0,Domínio aplicável = categorias substantivas de circulação; Saltado fica fora.
E01,Circulação da via,Faces,3509502020,V05401,"Caminhão, ônibus",1419.0,99.30020993701889,99.50911640953717,NÃO,1429.0,1426.0,Domínio aplicável = categorias substantivas de circulação; Saltado fica fora.
E01,Circulação da via,Faces,3509502020,V05402,Carros de passeio ou van,5.0,0.34989503149055284,0.3506311360448808,NÃO,1429.0,1426.0,Domínio aplicável = categorias substantivas de circulação; Saltado fica fora.
E01,Circulação da via,Faces,3509502020,V05403,"Pedestres, bicicletas e motocicletas",2.0,0.13995801259622112,0.1402524544179523,NÃO,1429.0,1426.0,Domínio aplicável = categorias substantivas de circulação; Saltado fica fora.
E01,Circulação da via,Faces,3509502020,V05404,Aquavia,0.0,0.0,0.0,NÃO,1429.0,1426.0,Domínio aplicável = categorias substantivas de circulação; Saltado fica fora.
E01,Circulação da via,Faces,3509502020,V05405,Saltado,3.0,0.2099370188943317,,SIM,1429.0,1426.0,Domínio aplicável = categorias substantivas de circulação; Saltado fica fora.
E02,Pavimentação,Domicílios,3509502020,V05006,Sim,16335.0,99.87771323754203,99.87771323754203,NÃO,16355.0,16355.0,Domínio aplicável = Sim + Não; Não declarado coincide com circulação Aquavia + Saltado.
E02,Pavimentação,Domicílios,3509502020,V05007,Não,20.0,0.12228676245796392,0.12228676245796392,NÃO,16355.0,16355.0,Domínio aplicável = Sim + Não; Não declarado coincide com circulação Aquavia + Saltado.
E02,Pavimentação,Domicílios,3509502020,V05008,Não declarado,0.0,0.0,,SIM,16355.0,16355.0,Domínio aplicável = Sim + Não; Não declarado coincide com circulação Aquavia + Saltado.
E02,Pavimentação,Moradores,3509502020,V05206,Sim,41937.0,99.89281120480206,99.89281120480206,NÃO,41982.0,41982.0,Domínio aplicável = Sim + Não; Não declarado coincide com circulação Aquavia + Saltado.
E02,Pavimentação,Moradores,3509502020,V05207,Não,45.0,0.10718879519794197,0.10718879519794197,NÃO,41982.0,41982.0,Domínio aplicável = Sim + Não; Não declarado coincide com circulação Aquavia + Saltado.
E02,Pavimentação,Moradores,3509502020,V05208,Não declarado,0.0,0.0,,SIM,41982.0,41982.0,Domínio aplicável = Sim + Não; Não declarado coincide com circulação Aquavia + Saltado.
E02,Pavimentação,Faces,3509502020,V05406,Sim,1401.0,98.0405878236529,98.24684431977559,NÃO,1429.0,1426.0,Domínio aplicável = Sim + Não; Não declarado coincide com circulação Aquavia + Saltado.
E02,Pavimentação,Faces,3509502020,V05407,Não,25.0,1.749475157452764,1.753155680224404,NÃO,1429.0,1426.0,Domínio aplicável = Sim + Não; Não declarado coincide com circulação Aquavia + Saltado.
E02,Pavimentação,Faces,3509502020,V05408,Não declarado,3.0,0.2099370188943317,,SIM,1429.0,1426.0,Domínio aplicável = Sim + Não; Não declarado coincide com circulação Aquavia + Saltado.
E03,Bueiro / boca de lobo,Domicílios,3509502020,V05009,Sim,13052.0,79.80434118006727,79.80434118006727,NÃO,16355.0,16355.0,Domínio aplicável = Sim + Não; Não declarado coincide com circulação Aquavia + Saltado.
E03,Bueiro / boca de lobo,Domicílios,3509502020,V05010,Não,3303.0,20.195658819932742,20.195658819932742,NÃO,16355.0,16355.0,Domínio aplicável = Sim + Não; Não declarado coincide com circulação Aquavia + Saltado.
E03,Bueiro / boca de lobo,Domicílios,3509502020,V05011,Não declarado,0.0,0.0,,SIM,16355.0,16355.0,Domínio aplicável = Sim + Não; Não declarado coincide com circulação Aquavia + Saltado.
E03,Bueiro / boca de lobo,Moradores,3509502020,V05209,Sim,33773.0,80.44638178266877,80.44638178266877,NÃO,41982.0,41982.0,Domínio aplicável = Sim + Não; Não declarado coincide com circulação Aquavia + Saltado.
E03,Bueiro / boca de lobo,Moradores,3509502020,V05210,Não,8209.0,19.553618217331238,19.553618217331238,NÃO,41982.0,41982.0,Domínio aplicável = Sim + Não; Não declarado coincide com circulação Aquavia + Saltado.
E03,Bueiro / boca de lobo,Moradores,3509502020,V05211,Não declarado,0.0,0.0,,SIM,41982.0,41982.0,Domínio aplicável = Sim + Não; Não declarado coincide com circulação Aquavia + Saltado.
E03,Bueiro / boca de lobo,Faces,3509502020,V05409,Sim,1042.0,72.91812456263122,73.07152875175316,NÃO,1429.0,1426.0,Domínio aplicável = Sim + Não; Não declarado coincide com circulação Aquavia + Saltado.
E03,Bueiro / boca de lobo,Faces,3509502020,V05410,Não,384.0,26.871938418474457,26.928471248246844,NÃO,1429.0,1426.0,Domínio aplicável = Sim + Não; Não declarado coincide com circulação Aquavia + Saltado.
E03,Bueiro / boca de lobo,Faces,3509502020,V05411,Não declarado,3.0,0.2099370188943317,,SIM,1429.0,1426.0,Domínio aplicável = Sim + Não; Não declarado coincide com circulação Aquavia + Saltado.
E04,Iluminação pública,Domicílios,3509502020,V05012,Sim,16330.0,99.84714154692755,99.84714154692755,NÃO,16355.0,16355.0,Domínio aplicável = Sim + Não; Não declarado coincide com circulação Aquavia + Saltado.
E04,Iluminação pública,Domicílios,3509502020,V05013,Não,25.0,0.1528584530724549,0.1528584530724549,NÃO,16355.0,16355.0,Domínio aplicável = Sim + Não; Não declarado coincide com circulação Aquavia + Saltado.
E04,Iluminação pública,Domicílios,3509502020,V05014,Não declarado,0.0,0.0,,SIM,16355.0,16355.0,Domínio aplicável = Sim + Não; Não declarado coincide com circulação Aquavia + Saltado.
E04,Iluminação pública,Moradores,3509502020,V05212,Sim,41917.0,99.84517174026965,99.84517174026965,NÃO,41982.0,41982.0,Domínio aplicável = Sim + Não; Não declarado coincide com circulação Aquavia + Saltado.
E04,Iluminação pública,Moradores,3509502020,V05213,Não,65.0,0.15482825973036063,0.15482825973036063,NÃO,41982.0,41982.0,Domínio aplicável = Sim + Não; Não declarado coincide com circulação Aquavia + Saltado.
E04,Iluminação pública,Moradores,3509502020,V05214,Não declarado,0.0,0.0,,SIM,41982.0,41982.0,Domínio aplicável = Sim + Não; Não declarado coincide com circulação Aquavia + Saltado.
E04,Iluminação pública,Faces,3509502020,V05412,Sim,1419.0,99.30020993701889,99.50911640953717,NÃO,1429.0,1426.0,Domínio aplicável = Sim + Não; Não declarado coincide com circulação Aquavia + Saltado.
E04,Iluminação pública,Faces,3509502020,V05413,Não,7.0,0.489853044086774,0.4908835904628331,NÃO,1429.0,1426.0,Domínio aplicável = Sim + Não; Não declarado coincide com circulação Aquavia + Saltado.
E04,Iluminação pública,Faces,3509502020,V05414,Não declarado,3.0,0.2099370188943317,,SIM,1429.0,1426.0,Domínio aplicável = Sim + Não; Não declarado coincide com circulação Aquavia + Saltado.
E05,Ponto de ônibus,Domicílios,3509502020,V05015,Sim,4698.0,28.725160501375726,28.725160501375726,NÃO,16355.0,16355.0,Domínio aplicável = Sim + Não; Não declarado coincide com circulação Aquavia + Saltado.
E05,Ponto de ônibus,Domicílios,3509502020,V05016,Não,11657.0,71.27483949862427,71.27483949862427,NÃO,16355.0,16355.0,Domínio aplicável = Sim + Não; Não declarado coincide com circulação Aquavia + Saltado.
E05,Ponto de ônibus,Domicílios,3509502020,V05017,Não declarado,0.0,0.0,,SIM,16355.0,16355.0,Domínio aplicável = Sim + Não; Não declarado coincide com circulação Aquavia + Saltado.
E05,Ponto de ônibus,Moradores,3509502020,V05215,Sim,11878.0,28.29307798580344,28.29307798580344,NÃO,41982.0,41982.0,Domínio aplicável = Sim + Não; Não declarado coincide com circulação Aquavia + Saltado.
E05,Ponto de ônibus,Moradores,3509502020,V05216,Não,30104.0,71.70692201419656,71.70692201419656,NÃO,41982.0,41982.0,Domínio aplicável = Sim + Não; Não declarado coincide com circulação Aquavia + Saltado.
E05,Ponto de ônibus,Moradores,3509502020,V05217,Não declarado,0.0,0.0,,SIM,41982.0,41982.0,Domínio aplicável = Sim + Não; Não declarado coincide com circulação Aquavia + Saltado.
E05,Ponto de ônibus,Faces,3509502020,V05415,Sim,220.0,15.395381385584326,15.427769985974754,NÃO,1429.0,1426.0,Domínio aplicável = Sim + Não; Não declarado coincide com circulação Aquavia + Saltado.
E05,Ponto de ônibus,Faces,3509502020,V05416,Não,1206.0,84.39468159552135,84.57223001402524,NÃO,1429.0,1426.0,Domínio aplicável = Sim + Não; Não declarado coincide com circulação Aquavia + Saltado.
E05,Ponto de ônibus,Faces,3509502020,V05417,Não declarado,3.0,0.2099370188943317,,SIM,1429.0,1426.0,Domínio aplicável = Sim + Não; Não declarado coincide com circulação Aquavia + Saltado.
E06,Via sinalizada para bicicleta,Domicílios,3509502020,V05018,Sim,1333.0,8.150412717823295,8.150412717823295,NÃO,16355.0,16355.0,Domínio aplicável = Sim + Não; Não declarado coincide com circulação Aquavia + Saltado.
E06,Via sinalizada para bicicleta,Domicílios,3509502020,V05019,Não,15022.0,91.8495872821767,91.8495872821767,NÃO,16355.0,16355.0,Domínio aplicável = Sim + Não; Não declarado coincide com circulação Aquavia + Saltado.
E06,Via sinalizada para bicicleta,Domicílios,3509502020,V05020,Não declarado,0.0,0.0,,SIM,16355.0,16355.0,Domínio aplicável = Sim + Não; Não declarado coincide com circulação Aquavia + Saltado.
E06,Via sinalizada para bicicleta,Moradores,3509502020,V05218,Sim,3064.0,7.2983659663665374,7.2983659663665374,NÃO,41982.0,41982.0,Domínio aplicável = Sim + Não; Não declarado coincide com circulação Aquavia + Saltado.
E06,Via sinalizada para bicicleta,Moradores,3509502020,V05219,Não,38918.0,92.70163403363347,92.70163403363347,NÃO,41982.0,41982.0,Domínio aplicável = Sim + Não; Não declarado coincide com circulação Aquavia + Saltado.
E06,Via sinalizada para bicicleta,Moradores,3509502020,V05220,Não declarado,0.0,0.0,,SIM,41982.0,41982.0,Domínio aplicável = Sim + Não; Não declarado coincide com circulação Aquavia + Saltado.
E06,Via sinalizada para bicicleta,Faces,3509502020,V05418,Sim,66.0,4.618614415675298,4.628330995792426,NÃO,1429.0,1426.0,Domínio aplicável = Sim + Não; Não declarado coincide com circulação Aquavia + Saltado.
E06,Via sinalizada para bicicleta,Faces,3509502020,V05419,Não,1360.0,95.17144856543037,95.37166900420758,NÃO,1429.0,1426.0,Domínio aplicável = Sim + Não; Não declarado coincide com circulação Aquavia + Saltado.
E06,Via sinalizada para bicicleta,Faces,3509502020,V05420,Não declarado,3.0,0.2099370188943317,,SIM,1429.0,1426.0,Domínio aplicável = Sim + Não; Não declarado coincide com circulação Aquavia + Saltado.
E07,Calçada,Domicílios,3509502020,V05021,Sim,16333.0,99.86548456129624,99.86548456129624,NÃO,16355.0,16355.0,Domínio aplicável = Sim + Não; Não declarado coincide com circulação Aquavia + Saltado.
E07,Calçada,Domicílios,3509502020,V05022,Não,22.0,0.13451543870376031,0.13451543870376031,NÃO,16355.0,16355.0,Domínio aplicável = Sim + Não; Não declarado coincide com circulação Aquavia + Saltado.
E07,Calçada,Domicílios,3509502020,V05023,Não declarado,0.0,0.0,,SIM,16355.0,16355.0,Domínio aplicável = Sim + Não; Não declarado coincide com circulação Aquavia + Saltado.
E07,Calçada,Moradores,3509502020,V05221,Sim,41932.0,99.88090133866895,99.88090133866895,NÃO,41982.0,41982.0,Domínio aplicável = Sim + Não; Não declarado coincide com circulação Aquavia + Saltado.
E07,Calçada,Moradores,3509502020,V05222,Não,50.0,0.11909866133104664,0.11909866133104664,NÃO,41982.0,41982.0,Domínio aplicável = Sim + Não; Não declarado coincide com circulação Aquavia + Saltado.
E07,Calçada,Moradores,3509502020,V05223,Não declarado,0.0,0.0,,SIM,41982.0,41982.0,Domínio aplicável = Sim + Não; Não declarado coincide com circulação Aquavia + Saltado.
E07,Calçada,Faces,3509502020,V05421,Sim,1358.0,95.03149055283416,95.23141654978961,NÃO,1429.0,1426.0,Domínio aplicável = Sim + Não; Não declarado coincide com circulação Aquavia + Saltado.
E07,Calçada,Faces,3509502020,V05422,Não,68.0,4.758572428271519,4.768583450210379,NÃO,1429.0,1426.0,Domínio aplicável = Sim + Não; Não declarado coincide com circulação Aquavia + Saltado.
E07,Calçada,Faces,3509502020,V05423,Não declarado,3.0,0.2099370188943317,,SIM,1429.0,1426.0,Domínio aplicável = Sim + Não; Não declarado coincide com circulação Aquavia + Saltado.
E08,Obstáculo na calçada,Domicílios,3509502020,V05024,Sim,7681.0,46.96423112198105,47.02749035694606,NÃO,16355.0,16333.0,Domínio aplicável = Sim + Não; Não declarado coincide com ausência/não aplicação de calçada.
E08,Obstáculo na calçada,Domicílios,3509502020,V05025,Não,8652.0,52.9012534393152,52.97250964305395,NÃO,16355.0,16333.0,Domínio aplicável = Sim + Não; Não declarado coincide com ausência/não aplicação de calçada.
E08,Obstáculo na calçada,Domicílios,3509502020,V05026,Não declarado,22.0,0.13451543870376031,,SIM,16355.0,16333.0,Domínio aplicável = Sim + Não; Não declarado coincide com ausência/não aplicação de calçada.
E08,Obstáculo na calçada,Moradores,3509502020,V05224,Sim,20977.0,49.966652374827305,50.02623294858341,NÃO,41982.0,41932.0,Domínio aplicável = Sim + Não; Não declarado coincide com ausência/não aplicação de calçada.
E08,Obstáculo na calçada,Moradores,3509502020,V05225,Não,20955.0,49.914248963841644,49.97376705141658,NÃO,41982.0,41932.0,Domínio aplicável = Sim + Não; Não declarado coincide com ausência/não aplicação de calçada.
E08,Obstáculo na calçada,Moradores,3509502020,V05226,Não declarado,50.0,0.11909866133104664,,SIM,41982.0,41932.0,Domínio aplicável = Sim + Não; Não declarado coincide com ausência/não aplicação de calçada.
E08,Obstáculo na calçada,Faces,3509502020,V05424,Sim,797.0,55.77326801959413,58.68924889543447,NÃO,1429.0,1358.0,Domínio aplicável = Sim + Não; Não declarado coincide com ausência/não aplicação de calçada.
E08,Obstáculo na calçada,Faces,3509502020,V05425,Não,561.0,39.25822253324003,41.31075110456553,NÃO,1429.0,1358.0,Domínio aplicável = Sim + Não; Não declarado coincide com ausência/não aplicação de calçada.
E08,Obstáculo na calçada,Faces,3509502020,V05426,Não declarado,71.0,4.96850944716585,,SIM,1429.0,1358.0,Domínio aplicável = Sim + Não; Não declarado coincide com ausência/não aplicação de calçada.
E09,Rampa para cadeirante,Domicílios,3509502020,V05027,Sim,4182.0,25.570162029960258,25.60460417559542,NÃO,16355.0,16333.0,Domínio aplicável = Sim + Não; Não declarado coincide com ausência/não aplicação de calçada.
E09,Rampa para cadeirante,Domicílios,3509502020,V05028,Não,12151.0,74.29532253133598,74.39539582440457,NÃO,16355.0,16333.0,Domínio aplicável = Sim + Não; Não declarado coincide com ausência/não aplicação de calçada.
E09,Rampa para cadeirante,Domicílios,3509502020,V05029,Não declarado,22.0,0.13451543870376031,,SIM,16355.0,16333.0,Domínio aplicável = Sim + Não; Não declarado coincide com ausência/não aplicação de calçada.
E09,Rampa para cadeirante,Moradores,3509502020,V05227,Sim,10310.0,24.558143966461817,24.58742726318802,NÃO,41982.0,41932.0,Domínio aplicável = Sim + Não; Não declarado coincide com ausência/não aplicação de calçada.
E09,Rampa para cadeirante,Moradores,3509502020,V05228,Não,31622.0,75.32275737220714,75.41257273681198,NÃO,41982.0,41932.0,Domínio aplicável = Sim + Não; Não declarado coincide com ausência/não aplicação de calçada.
E09,Rampa para cadeirante,Moradores,3509502020,V05229,Não declarado,50.0,0.11909866133104664,,SIM,41982.0,41932.0,Domínio aplicável = Sim + Não; Não declarado coincide com ausência/não aplicação de calçada.
E09,Rampa para cadeirante,Faces,3509502020,V05427,Sim,109.0,7.6277116864940515,8.026509572901325,NÃO,1429.0,1358.0,Domínio aplicável = Sim + Não; Não declarado coincide com ausência/não aplicação de calçada.
E09,Rampa para cadeirante,Faces,3509502020,V05428,Não,1249.0,87.4037788663401,91.97349042709867,NÃO,1429.0,1358.0,Domínio aplicável = Sim + Não; Não declarado coincide com ausência/não aplicação de calçada.
E09,Rampa para cadeirante,Faces,3509502020,V05429,Não declarado,71.0,4.96850944716585,,SIM,1429.0,1358.0,Domínio aplicável = Sim + Não; Não declarado coincide com ausência/não aplicação de calçada.
E10,Arborização,Domicílios,3509502020,V05030,Sem árvores,893.0,5.46010394374809,5.46010394374809,NÃO,16355.0,16355.0,Domínio aplicável = classes substantivas de arborização; Saltado fica fora.
E10,Arborização,Domicílios,3509502020,V05031,1 a 2 árvores,1807.0,11.04860898807704,11.04860898807704,NÃO,16355.0,16355.0,Domínio aplicável = classes substantivas de arborização; Saltado fica fora.
E10,Arborização,Domicílios,3509502020,V05032,3 a 4 árvores,3219.0,19.682054417609294,19.682054417609294,NÃO,16355.0,16355.0,Domínio aplicável = classes substantivas de arborização; Saltado fica fora.
E10,Arborização,Domicílios,3509502020,V05033,5 ou mais árvores,10436.0,63.809232650565576,63.809232650565576,NÃO,16355.0,16355.0,Domínio aplicável = classes substantivas de arborização; Saltado fica fora.
E10,Arborização,Domicílios,3509502020,V05034,Saltado,0.0,0.0,,SIM,16355.0,16355.0,Domínio aplicável = classes substantivas de arborização; Saltado fica fora.
E10,Arborização,Moradores,3509502020,V05230,Sem árvores,2456.0,5.850126244581011,5.850126244581011,NÃO,41982.0,41982.0,Domínio aplicável = classes substantivas de arborização; Saltado fica fora.
E10,Arborização,Moradores,3509502020,V05231,1 a 2 árvores,4963.0,11.821733123719689,11.821733123719689,NÃO,41982.0,41982.0,Domínio aplicável = classes substantivas de arborização; Saltado fica fora.
E10,Arborização,Moradores,3509502020,V05232,3 a 4 árvores,8161.0,19.439283502453435,19.439283502453435,NÃO,41982.0,41982.0,Domínio aplicável = classes substantivas de arborização; Saltado fica fora.
E10,Arborização,Moradores,3509502020,V05233,5 ou mais árvores,26402.0,62.88885712924587,62.88885712924587,NÃO,41982.0,41982.0,Domínio aplicável = classes substantivas de arborização; Saltado fica fora.
E10,Arborização,Moradores,3509502020,V05234,Saltado,0.0,0.0,,SIM,41982.0,41982.0,Domínio aplicável = classes substantivas de arborização; Saltado fica fora.
E10,Arborização,Faces,3509502020,V05430,Sem árvores,288.0,20.153953813855843,20.196353436185134,NÃO,1429.0,1426.0,Domínio aplicável = classes substantivas de arborização; Saltado fica fora.
E10,Arborização,Faces,3509502020,V05431,1 a 2 árvores,353.0,24.70258922323303,24.754558204768585,NÃO,1429.0,1426.0,Domínio aplicável = classes substantivas de arborização; Saltado fica fora.
E10,Arborização,Faces,3509502020,V05432,3 a 4 árvores,264.0,18.47445766270119,18.513323983169705,NÃO,1429.0,1426.0,Domínio aplicável = classes substantivas de arborização; Saltado fica fora.
E10,Arborização,Faces,3509502020,V05433,5 ou mais árvores,521.0,36.45906228131561,36.53576437587658,NÃO,1429.0,1426.0,Domínio aplicável = classes substantivas de arborização; Saltado fica fora.
E10,Arborização,Faces,3509502020,V05434,Saltado,3.0,0.2099370188943317,,SIM,1429.0,1426.0,Domínio aplicável = classes substantivas de arborização; Saltado fica fora.
E01,Circulação da via,Domicílios,3509502021,V05001,"Caminhão, ônibus",10913.0,96.8924798011187,98.43947320945337,NÃO,11263.0,11086.0,Domínio aplicável = categorias substantivas de circulação; Saltado fica fora.
E01,Circulação da via,Domicílios,3509502021,V05002,Carros de passeio ou van,164.0,1.4560951789043772,1.4793433158939202,NÃO,11263.0,11086.0,Domínio aplicável = categorias substantivas de circulação; Saltado fica fora.
E01,Circulação da via,Domicílios,3509502021,V05003,"Pedestres, bicicletas e motocicletas",9.0,0.07990766225694752,0.08118347465271514,NÃO,11263.0,11086.0,Domínio aplicável = categorias substantivas de circulação; Saltado fica fora.
E01,Circulação da via,Domicílios,3509502021,V05004,Aquavia,0.0,0.0,0.0,NÃO,11263.0,11086.0,Domínio aplicável = categorias substantivas de circulação; Saltado fica fora.
E01,Circulação da via,Domicílios,3509502021,V05005,Saltado,177.0,1.571517357719968,,SIM,11263.0,11086.0,Domínio aplicável = categorias substantivas de circulação; Saltado fica fora.
E01,Circulação da via,Moradores,3509502021,V05201,"Caminhão, ônibus",27483.0,96.57389837655492,98.20618188315169,NÃO,28458.0,27985.0,Domínio aplicável = categorias substantivas de circulação; Saltado fica fora.
E01,Circulação da via,Moradores,3509502021,V05202,Carros de passeio ou van,472.0,1.6585845807857194,1.6866178309808828,NÃO,28458.0,27985.0,Domínio aplicável = categorias substantivas de circulação; Saltado fica fora.
E01,Circulação da via,Moradores,3509502021,V05203,"Pedestres, bicicletas e motocicletas",30.0,0.10541851149061775,0.10720028586742897,NÃO,28458.0,27985.0,Domínio aplicável = categorias substantivas de circulação; Saltado fica fora.
E01,Circulação da via,Moradores,3509502021,V05204,Aquavia,0.0,0.0,0.0,NÃO,28458.0,27985.0,Domínio aplicável = categorias substantivas de circulação; Saltado fica fora.
E01,Circulação da via,Moradores,3509502021,V05205,Saltado,473.0,1.66209853116874,,SIM,28458.0,27985.0,Domínio aplicável = categorias substantivas de circulação; Saltado fica fora.
E01,Circulação da via,Faces,3509502021,V05401,"Caminhão, ônibus",1087.0,94.1941074523397,95.01748251748252,NÃO,1154.0,1144.0,Domínio aplicável = categorias substantivas de circulação; Saltado fica fora.
E01,Circulação da via,Faces,3509502021,V05402,Carros de passeio ou van,48.0,4.15944540727903,4.195804195804196,NÃO,1154.0,1144.0,Domínio aplicável = categorias substantivas de circulação; Saltado fica fora.
E01,Circulação da via,Faces,3509502021,V05403,"Pedestres, bicicletas e motocicletas",9.0,0.779896013864818,0.7867132867132868,NÃO,1154.0,1144.0,Domínio aplicável = categorias substantivas de circulação; Saltado fica fora.
E01,Circulação da via,Faces,3509502021,V05404,Aquavia,0.0,0.0,0.0,NÃO,1154.0,1144.0,Domínio aplicável = categorias substantivas de circulação; Saltado fica fora.
E01,Circulação da via,Faces,3509502021,V05405,Saltado,10.0,0.8665511265164645,,SIM,1154.0,1144.0,Domínio aplicável = categorias substantivas de circulação; Saltado fica fora.
E02,Pavimentação,Domicílios,3509502021,V05006,Sim,10803.0,95.915830595756,97.44723074147574,NÃO,11263.0,11086.0,Domínio aplicável = Sim + Não; Não declarado coincide com circulação Aquavia + Saltado.
E02,Pavimentação,Domicílios,3509502021,V05007,Não,283.0,2.5126520465240167,2.5527692585242647,NÃO,11263.0,11086.0,Domínio aplicável = Sim + Não; Não declarado coincide com circulação Aquavia + Saltado.
E02,Pavimentação,Domicílios,3509502021,V05008,Não declarado,177.0,1.571517357719968,,SIM,11263.0,11086.0,Domínio aplicável = Sim + Não; Não declarado coincide com circulação Aquavia + Saltado.
E02,Pavimentação,Moradores,3509502021,V05206,Sim,27118.0,95.2913064867524,96.9019117384313,NÃO,28458.0,27985.0,Domínio aplicável = Sim + Não; Não declarado coincide com circulação Aquavia + Saltado.
E02,Pavimentação,Moradores,3509502021,V05207,Não,867.0,3.046594982078853,3.0980882615686975,NÃO,28458.0,27985.0,Domínio aplicável = Sim + Não; Não declarado coincide com circulação Aquavia + Saltado.
E02,Pavimentação,Moradores,3509502021,V05208,Não declarado,473.0,1.66209853116874,,SIM,28458.0,27985.0,Domínio aplicável = Sim + Não; Não declarado coincide com circulação Aquavia + Saltado.
E02,Pavimentação,Faces,3509502021,V05406,Sim,1063.0,92.11438474870018,92.91958041958041,NÃO,1154.0,1144.0,Domínio aplicável = Sim + Não; Não declarado coincide com circulação Aquavia + Saltado.
E02,Pavimentação,Faces,3509502021,V05407,Não,81.0,7.0190641247833625,7.080419580419581,NÃO,1154.0,1144.0,Domínio aplicável = Sim + Não; Não declarado coincide com circulação Aquavia + Saltado.
E02,Pavimentação,Faces,3509502021,V05408,Não declarado,10.0,0.8665511265164645,,SIM,1154.0,1144.0,Domínio aplicável = Sim + Não; Não declarado coincide com circulação Aquavia + Saltado.
E03,Bueiro / boca de lobo,Domicílios,3509502021,V05009,Sim,8421.0,74.7669359850839,75.9606711167238,NÃO,11263.0,11086.0,Domínio aplicável = Sim + Não; Não declarado coincide com circulação Aquavia + Saltado.
E03,Bueiro / boca de lobo,Domicílios,3509502021,V05010,Não,2665.0,23.661546657196126,24.039328883276205,NÃO,11263.0,11086.0,Domínio aplicável = Sim + Não; Não declarado coincide com circulação Aquavia + Saltado.
E03,Bueiro / boca de lobo,Domicílios,3509502021,V05011,Não declarado,177.0,1.571517357719968,,SIM,11263.0,11086.0,Domínio aplicável = Sim + Não; Não declarado coincide com circulação Aquavia + Saltado.
E03,Bueiro / boca de lobo,Moradores,3509502021,V05209,Sim,21195.0,74.47817836812143,75.73700196533858,NÃO,28458.0,27985.0,Domínio aplicável = Sim + Não; Não declarado coincide com circulação Aquavia + Saltado.
E03,Bueiro / boca de lobo,Moradores,3509502021,V05210,Não,6790.0,23.859723100709818,24.262998034661425,NÃO,28458.0,27985.0,Domínio aplicável = Sim + Não; Não declarado coincide com circulação Aquavia + Saltado.
E03,Bueiro / boca de lobo,Moradores,3509502021,V05211,Não declarado,473.0,1.66209853116874,,SIM,28458.0,27985.0,Domínio aplicável = Sim + Não; Não declarado coincide com circulação Aquavia + Saltado.
E03,Bueiro / boca de lobo,Faces,3509502021,V05409,Sim,718.0,62.218370883882145,62.76223776223776,NÃO,1154.0,1144.0,Domínio aplicável = Sim + Não; Não declarado coincide com circulação Aquavia + Saltado.
E03,Bueiro / boca de lobo,Faces,3509502021,V05410,Não,426.0,36.915077989601386,37.23776223776224,NÃO,1154.0,1144.0,Domínio aplicável = Sim + Não; Não declarado coincide com circulação Aquavia + Saltado.
E03,Bueiro / boca de lobo,Faces,3509502021,V05411,Não declarado,10.0,0.8665511265164645,,SIM,1154.0,1144.0,Domínio aplicável = Sim + Não; Não declarado coincide com circulação Aquavia + Saltado.
E04,Iluminação pública,Domicílios,3509502021,V05012,Sim,11026.0,97.89576489390038,99.45877683564856,NÃO,11263.0,11086.0,Domínio aplicável = Sim + Não; Não declarado coincide com circulação Aquavia + Saltado.
E04,Iluminação pública,Domicílios,3509502021,V05013,Não,60.0,0.5327177483796501,0.5412231643514342,NÃO,11263.0,11086.0,Domínio aplicável = Sim + Não; Não declarado coincide com circulação Aquavia + Saltado.
E04,Iluminação pública,Domicílios,3509502021,V05014,Não declarado,177.0,1.571517357719968,,SIM,11263.0,11086.0,Domínio aplicável = Sim + Não; Não declarado coincide com circulação Aquavia + Saltado.
E04,Iluminação pública,Moradores,3509502021,V05212,Sim,27790.0,97.65268114414224,99.30319814186171,NÃO,28458.0,27985.0,Domínio aplicável = Sim + Não; Não declarado coincide com circulação Aquavia + Saltado.
E04,Iluminação pública,Moradores,3509502021,V05213,Não,195.0,0.6852203246890154,0.6968018581382884,NÃO,28458.0,27985.0,Domínio aplicável = Sim + Não; Não declarado coincide com circulação Aquavia + Saltado.
E04,Iluminação pública,Moradores,3509502021,V05214,Não declarado,473.0,1.66209853116874,,SIM,28458.0,27985.0,Domínio aplicável = Sim + Não; Não declarado coincide com circulação Aquavia + Saltado.
E04,Iluminação pública,Faces,3509502021,V05412,Sim,1116.0,96.70710571923743,97.55244755244755,NÃO,1154.0,1144.0,Domínio aplicável = Sim + Não; Não declarado coincide com circulação Aquavia + Saltado.
E04,Iluminação pública,Faces,3509502021,V05413,Não,28.0,2.4263431542461005,2.4475524475524475,NÃO,1154.0,1144.0,Domínio aplicável = Sim + Não; Não declarado coincide com circulação Aquavia + Saltado.
E04,Iluminação pública,Faces,3509502021,V05414,Não declarado,10.0,0.8665511265164645,,SIM,1154.0,1144.0,Domínio aplicável = Sim + Não; Não declarado coincide com circulação Aquavia + Saltado.
E05,Ponto de ônibus,Domicílios,3509502021,V05015,Sim,4147.0,36.819675042173486,37.407541042756634,NÃO,11263.0,11086.0,Domínio aplicável = Sim + Não; Não declarado coincide com circulação Aquavia + Saltado.
E05,Ponto de ônibus,Domicílios,3509502021,V05016,Não,6939.0,61.608807600106545,62.592458957243366,NÃO,11263.0,11086.0,Domínio aplicável = Sim + Não; Não declarado coincide com circulação Aquavia + Saltado.
E05,Ponto de ônibus,Domicílios,3509502021,V05017,Não declarado,177.0,1.571517357719968,,SIM,11263.0,11086.0,Domínio aplicável = Sim + Não; Não declarado coincide com circulação Aquavia + Saltado.
E05,Ponto de ônibus,Moradores,3509502021,V05215,Sim,9751.0,34.26453018483379,34.84366624977667,NÃO,28458.0,27985.0,Domínio aplicável = Sim + Não; Não declarado coincide com circulação Aquavia + Saltado.
E05,Ponto de ônibus,Moradores,3509502021,V05216,Não,18234.0,64.07337128399747,65.15633375022334,NÃO,28458.0,27985.0,Domínio aplicável = Sim + Não; Não declarado coincide com circulação Aquavia + Saltado.
E05,Ponto de ônibus,Moradores,3509502021,V05217,Não declarado,473.0,1.66209853116874,,SIM,28458.0,27985.0,Domínio aplicável = Sim + Não; Não declarado coincide com circulação Aquavia + Saltado.
E05,Ponto de ônibus,Faces,3509502021,V05415,Sim,220.0,19.064124783362217,19.230769230769234,NÃO,1154.0,1144.0,Domínio aplicável = Sim + Não; Não declarado coincide com circulação Aquavia + Saltado.
E05,Ponto de ônibus,Faces,3509502021,V05416,Não,924.0,80.06932409012131,80.76923076923077,NÃO,1154.0,1144.0,Domínio aplicável = Sim + Não; Não declarado coincide com circulação Aquavia + Saltado.
E05,Ponto de ônibus,Faces,3509502021,V05417,Não declarado,10.0,0.8665511265164645,,SIM,1154.0,1144.0,Domínio aplicável = Sim + Não; Não declarado coincide com circulação Aquavia + Saltado.
E06,Via sinalizada para bicicleta,Domicílios,3509502021,V05018,Sim,5.0,0.04439314569830418,0.045101930362619516,NÃO,11263.0,11086.0,Domínio aplicável = Sim + Não; Não declarado coincide com circulação Aquavia + Saltado.
E06,Via sinalizada para bicicleta,Domicílios,3509502021,V05019,Não,11081.0,98.38408949658172,99.95489806963738,NÃO,11263.0,11086.0,Domínio aplicável = Sim + Não; Não declarado coincide com circulação Aquavia + Saltado.
E06,Via sinalizada para bicicleta,Domicílios,3509502021,V05020,Não declarado,177.0,1.571517357719968,,SIM,11263.0,11086.0,Domínio aplicável = Sim + Não; Não declarado coincide com circulação Aquavia + Saltado.
E06,Via sinalizada para bicicleta,Moradores,3509502021,V05218,Sim,12.0,0.0421674045962471,0.04288011434697159,NÃO,28458.0,27985.0,Domínio aplicável = Sim + Não; Não declarado coincide com circulação Aquavia + Saltado.
E06,Via sinalizada para bicicleta,Moradores,3509502021,V05219,Não,27973.0,98.295734064235,99.95711988565303,NÃO,28458.0,27985.0,Domínio aplicável = Sim + Não; Não declarado coincide com circulação Aquavia + Saltado.
E06,Via sinalizada para bicicleta,Moradores,3509502021,V05220,Não declarado,473.0,1.66209853116874,,SIM,28458.0,27985.0,Domínio aplicável = Sim + Não; Não declarado coincide com circulação Aquavia + Saltado.
E06,Via sinalizada para bicicleta,Faces,3509502021,V05418,Sim,5.0,0.43327556325823224,0.4370629370629371,NÃO,1154.0,1144.0,Domínio aplicável = Sim + Não; Não declarado coincide com circulação Aquavia + Saltado.
E06,Via sinalizada para bicicleta,Faces,3509502021,V05419,Não,1139.0,98.70017331022531,99.56293706293707,NÃO,1154.0,1144.0,Domínio aplicável = Sim + Não; Não declarado coincide com circulação Aquavia + Saltado.
E06,Via sinalizada para bicicleta,Faces,3509502021,V05420,Não declarado,10.0,0.8665511265164645,,SIM,1154.0,1144.0,Domínio aplicável = Sim + Não; Não declarado coincide com circulação Aquavia + Saltado.
E07,Calçada,Domicílios,3509502021,V05021,Sim,10604.0,94.1489833969635,95.65217391304348,NÃO,11263.0,11086.0,Domínio aplicável = Sim + Não; Não declarado coincide com circulação Aquavia + Saltado.
E07,Calçada,Domicílios,3509502021,V05022,Não,482.0,4.279499245316523,4.3478260869565215,NÃO,11263.0,11086.0,Domínio aplicável = Sim + Não; Não declarado coincide com circulação Aquavia + Saltado.
E07,Calçada,Domicílios,3509502021,V05023,Não declarado,177.0,1.571517357719968,,SIM,11263.0,11086.0,Domínio aplicável = Sim + Não; Não declarado coincide com circulação Aquavia + Saltado.
E07,Calçada,Moradores,3509502021,V05221,Sim,26524.0,93.20401995923817,94.77934607825621,NÃO,28458.0,27985.0,Domínio aplicável = Sim + Não; Não declarado coincide com circulação Aquavia + Saltado.
E07,Calçada,Moradores,3509502021,V05222,Não,1461.0,5.133881509593084,5.220653921743791,NÃO,28458.0,27985.0,Domínio aplicável = Sim + Não; Não declarado coincide com circulação Aquavia + Saltado.
E07,Calçada,Moradores,3509502021,V05223,Não declarado,473.0,1.66209853116874,,SIM,28458.0,27985.0,Domínio aplicável = Sim + Não; Não declarado coincide com circulação Aquavia + Saltado.
E07,Calçada,Faces,3509502021,V05421,Sim,1020.0,88.38821490467937,89.16083916083916,NÃO,1154.0,1144.0,Domínio aplicável = Sim + Não; Não declarado coincide com circulação Aquavia + Saltado.
E07,Calçada,Faces,3509502021,V05422,Não,124.0,10.74523396880416,10.839160839160838,NÃO,1154.0,1144.0,Domínio aplicável = Sim + Não; Não declarado coincide com circulação Aquavia + Saltado.
E07,Calçada,Faces,3509502021,V05423,Não declarado,10.0,0.8665511265164645,,SIM,1154.0,1144.0,Domínio aplicável = Sim + Não; Não declarado coincide com circulação Aquavia + Saltado.
E08,Obstáculo na calçada,Domicílios,3509502021,V05024,Sim,5527.0,49.07218325490545,52.12184081478687,NÃO,11263.0,10604.0,Domínio aplicável = Sim + Não; Não declarado coincide com ausência/não aplicação de calçada.
E08,Obstáculo na calçada,Domicílios,3509502021,V05025,Não,5077.0,45.07680014205807,47.87815918521313,NÃO,11263.0,10604.0,Domínio aplicável = Sim + Não; Não declarado coincide com ausência/não aplicação de calçada.
E08,Obstáculo na calçada,Domicílios,3509502021,V05026,Não declarado,659.0,5.851016603036491,,SIM,11263.0,10604.0,Domínio aplicável = Sim + Não; Não declarado coincide com ausência/não aplicação de calçada.
E08,Obstáculo na calçada,Moradores,3509502021,V05224,Sim,14289.0,50.21083702298124,53.87196501281858,NÃO,28458.0,26524.0,Domínio aplicável = Sim + Não; Não declarado coincide com ausência/não aplicação de calçada.
E08,Obstáculo na calçada,Moradores,3509502021,V05225,Não,12235.0,42.99318293625694,46.12803498718142,NÃO,28458.0,26524.0,Domínio aplicável = Sim + Não; Não declarado coincide com ausência/não aplicação de calçada.
E08,Obstáculo na calçada,Moradores,3509502021,V05226,Não declarado,1934.0,6.795980040761824,,SIM,28458.0,26524.0,Domínio aplicável = Sim + Não; Não declarado coincide com ausência/não aplicação de calçada.
E08,Obstáculo na calçada,Faces,3509502021,V05424,Sim,452.0,39.168110918544194,44.31372549019608,NÃO,1154.0,1020.0,Domínio aplicável = Sim + Não; Não declarado coincide com ausência/não aplicação de calçada.
E08,Obstáculo na calçada,Faces,3509502021,V05425,Não,568.0,49.220103986135186,55.68627450980392,NÃO,1154.0,1020.0,Domínio aplicável = Sim + Não; Não declarado coincide com ausência/não aplicação de calçada.
E08,Obstáculo na calçada,Faces,3509502021,V05426,Não declarado,134.0,11.611785095320624,,SIM,1154.0,1020.0,Domínio aplicável = Sim + Não; Não declarado coincide com ausência/não aplicação de calçada.
E09,Rampa para cadeirante,Domicílios,3509502021,V05027,Sim,3434.0,30.489212465595312,32.38400603545832,NÃO,11263.0,10604.0,Domínio aplicável = Sim + Não; Não declarado coincide com ausência/não aplicação de calçada.
E09,Rampa para cadeirante,Domicílios,3509502021,V05028,Não,7170.0,63.6597709313682,67.61599396454169,NÃO,11263.0,10604.0,Domínio aplicável = Sim + Não; Não declarado coincide com ausência/não aplicação de calçada.
E09,Rampa para cadeirante,Domicílios,3509502021,V05029,Não declarado,659.0,5.851016603036491,,SIM,11263.0,10604.0,Domínio aplicável = Sim + Não; Não declarado coincide com ausência/não aplicação de calçada.
E09,Rampa para cadeirante,Moradores,3509502021,V05227,Sim,7457.0,26.203528006184552,28.114160760066355,NÃO,28458.0,26524.0,Domínio aplicável = Sim + Não; Não declarado coincide com ausência/não aplicação de calçada.
E09,Rampa para cadeirante,Moradores,3509502021,V05228,Não,19067.0,67.00049195305363,71.88583923993365,NÃO,28458.0,26524.0,Domínio aplicável = Sim + Não; Não declarado coincide com ausência/não aplicação de calçada.
E09,Rampa para cadeirante,Moradores,3509502021,V05229,Não declarado,1934.0,6.795980040761824,,SIM,28458.0,26524.0,Domínio aplicável = Sim + Não; Não declarado coincide com ausência/não aplicação de calçada.
E09,Rampa para cadeirante,Faces,3509502021,V05427,Sim,113.0,9.792027729636049,11.07843137254902,NÃO,1154.0,1020.0,Domínio aplicável = Sim + Não; Não declarado coincide com ausência/não aplicação de calçada.
E09,Rampa para cadeirante,Faces,3509502021,V05428,Não,907.0,78.59618717504333,88.92156862745098,NÃO,1154.0,1020.0,Domínio aplicável = Sim + Não; Não declarado coincide com ausência/não aplicação de calçada.
E09,Rampa para cadeirante,Faces,3509502021,V05429,Não declarado,134.0,11.611785095320624,,SIM,1154.0,1020.0,Domínio aplicável = Sim + Não; Não declarado coincide com ausência/não aplicação de calçada.
E10,Arborização,Domicílios,3509502021,V05030,Sem árvores,1632.0,14.489922755926484,14.72127007035901,NÃO,11263.0,11086.0,Domínio aplicável = classes substantivas de arborização; Saltado fica fora.
E10,Arborização,Domicílios,3509502021,V05031,1 a 2 árvores,1665.0,14.782917517535294,15.0189428107523,NÃO,11263.0,11086.0,Domínio aplicável = classes substantivas de arborização; Saltado fica fora.
E10,Arborização,Domicílios,3509502021,V05032,3 a 4 árvores,1714.0,15.217970345378673,15.460941728305972,NÃO,11263.0,11086.0,Domínio aplicável = classes substantivas de arborização; Saltado fica fora.
E10,Arborização,Domicílios,3509502021,V05033,5 ou mais árvores,6075.0,53.937672023439575,54.79884539058272,NÃO,11263.0,11086.0,Domínio aplicável = classes substantivas de arborização; Saltado fica fora.
E10,Arborização,Domicílios,3509502021,V05034,Saltado,177.0,1.571517357719968,,SIM,11263.0,11086.0,Domínio aplicável = classes substantivas de arborização; Saltado fica fora.
E10,Arborização,Moradores,3509502021,V05230,Sem árvores,3953.0,13.890645864080401,14.125424334464892,NÃO,28458.0,27985.0,Domínio aplicável = classes substantivas de arborização; Saltado fica fora.
E10,Arborização,Moradores,3509502021,V05231,1 a 2 árvores,4565.0,16.041183498489,16.312310166160444,NÃO,28458.0,27985.0,Domínio aplicável = classes substantivas de arborização; Saltado fica fora.
E10,Arborização,Moradores,3509502021,V05232,3 a 4 árvores,4539.0,15.949820788530467,16.219403251742005,NÃO,28458.0,27985.0,Domínio aplicável = classes substantivas de arborização; Saltado fica fora.
E10,Arborização,Moradores,3509502021,V05233,5 ou mais árvores,14928.0,52.45625131773139,53.34286224763266,NÃO,28458.0,27985.0,Domínio aplicável = classes substantivas de arborização; Saltado fica fora.
E10,Arborização,Moradores,3509502021,V05234,Saltado,473.0,1.66209853116874,,SIM,28458.0,27985.0,Domínio aplicável = classes substantivas de arborização; Saltado fica fora.
E10,Arborização,Faces,3509502021,V05430,Sem árvores,224.0,19.410745233968804,19.58041958041958,NÃO,1154.0,1144.0,Domínio aplicável = classes substantivas de arborização; Saltado fica fora.
E10,Arborização,Faces,3509502021,V05431,1 a 2 árvores,245.0,21.23050259965338,21.416083916083917,NÃO,1154.0,1144.0,Domínio aplicável = classes substantivas de arborização; Saltado fica fora.
E10,Arborização,Faces,3509502021,V05432,3 a 4 árvores,194.0,16.81109185441941,16.95804195804196,NÃO,1154.0,1144.0,Domínio aplicável = classes substantivas de arborização; Saltado fica fora.
E10,Arborização,Faces,3509502021,V05433,5 ou mais árvores,481.0,41.68110918544194,42.04545454545455,NÃO,1154.0,1144.0,Domínio aplicável = classes substantivas de arborização; Saltado fica fora.
E10,Arborização,Faces,3509502021,V05434,Saltado,10.0,0.8665511265164645,,SIM,1154.0,1144.0,Domínio aplicável = classes substantivas de arborização; Saltado fica fora.
E01,Circulação da via,Domicílios,3509502022,V05001,"Caminhão, ônibus",12544.0,87.1292630409113,87.30512249443207,NÃO,14397.0,14368.0,Domínio aplicável = categorias substantivas de circulação; Saltado fica fora.
E01,Circulação da via,Domicílios,3509502022,V05002,Carros de passeio ou van,1457.0,10.120163923039522,10.140590200445434,NÃO,14397.0,14368.0,Domínio aplicável = categorias substantivas de circulação; Saltado fica fora.
E01,Circulação da via,Domicílios,3509502022,V05003,"Pedestres, bicicletas e motocicletas",367.0,2.5491421823991107,2.5542873051224944,NÃO,14397.0,14368.0,Domínio aplicável = categorias substantivas de circulação; Saltado fica fora.
E01,Circulação da via,Domicílios,3509502022,V05004,Aquavia,0.0,0.0,0.0,NÃO,14397.0,14368.0,Domínio aplicável = categorias substantivas de circulação; Saltado fica fora.
E01,Circulação da via,Domicílios,3509502022,V05005,Saltado,29.0,0.20143085365006597,,SIM,14397.0,14368.0,Domínio aplicável = categorias substantivas de circulação; Saltado fica fora.
E01,Circulação da via,Moradores,3509502022,V05201,"Caminhão, ônibus",36815.0,85.83585917463277,86.01434545921825,NÃO,42890.0,42801.0,Domínio aplicável = categorias substantivas de circulação; Saltado fica fora.
E01,Circulação da via,Moradores,3509502022,V05202,Carros de passeio ou van,4825.0,11.24970855677314,11.27310109576879,NÃO,42890.0,42801.0,Domínio aplicável = categorias substantivas de circulação; Saltado fica fora.
E01,Circulação da via,Moradores,3509502022,V05203,"Pedestres, bicicletas e motocicletas",1161.0,2.7069246910701796,2.712553445012967,NÃO,42890.0,42801.0,Domínio aplicável = categorias substantivas de circulação; Saltado fica fora.
E01,Circulação da via,Moradores,3509502022,V05204,Aquavia,0.0,0.0,0.0,NÃO,42890.0,42801.0,Domínio aplicável = categorias substantivas de circulação; Saltado fica fora.
E01,Circulação da via,Moradores,3509502022,V05205,Saltado,89.0,0.2075075775238983,,SIM,42890.0,42801.0,Domínio aplicável = categorias substantivas de circulação; Saltado fica fora.
E01,Circulação da via,Faces,3509502022,V05401,"Caminhão, ônibus",1586.0,78.78787878787878,80.18200202224469,NÃO,2013.0,1978.0,Domínio aplicável = categorias substantivas de circulação; Saltado fica fora.
E01,Circulação da via,Faces,3509502022,V05402,Carros de passeio ou van,280.0,13.909587680079483,14.155712841253793,NÃO,2013.0,1978.0,Domínio aplicável = categorias substantivas de circulação; Saltado fica fora.
E01,Circulação da via,Faces,3509502022,V05403,"Pedestres, bicicletas e motocicletas",112.0,5.563835072031793,5.6622851365015165,NÃO,2013.0,1978.0,Domínio aplicável = categorias substantivas de circulação; Saltado fica fora.
E01,Circulação da via,Faces,3509502022,V05404,Aquavia,0.0,0.0,0.0,NÃO,2013.0,1978.0,Domínio aplicável = categorias substantivas de circulação; Saltado fica fora.
E01,Circulação da via,Faces,3509502022,V05405,Saltado,35.0,1.7386984600099353,,SIM,2013.0,1978.0,Domínio aplicável = categorias substantivas de circulação; Saltado fica fora.
E02,Pavimentação,Domicílios,3509502022,V05006,Sim,11896.0,82.62832534555811,82.79510022271714,NÃO,14397.0,14368.0,Domínio aplicável = Sim + Não; Não declarado coincide com circulação Aquavia + Saltado.
E02,Pavimentação,Domicílios,3509502022,V05007,Não,2472.0,17.17024380079183,17.20489977728285,NÃO,14397.0,14368.0,Domínio aplicável = Sim + Não; Não declarado coincide com circulação Aquavia + Saltado.
E02,Pavimentação,Domicílios,3509502022,V05008,Não declarado,29.0,0.20143085365006597,,SIM,14397.0,14368.0,Domínio aplicável = Sim + Não; Não declarado coincide com circulação Aquavia + Saltado.
E02,Pavimentação,Moradores,3509502022,V05206,Sim,34855.0,81.26602937747727,81.43501320062614,NÃO,42890.0,42801.0,Domínio aplicável = Sim + Não; Não declarado coincide com circulação Aquavia + Saltado.
E02,Pavimentação,Moradores,3509502022,V05207,Não,7946.0,18.526463044998835,18.564986799373848,NÃO,42890.0,42801.0,Domínio aplicável = Sim + Não; Não declarado coincide com circulação Aquavia + Saltado.
E02,Pavimentação,Moradores,3509502022,V05208,Não declarado,89.0,0.2075075775238983,,SIM,42890.0,42801.0,Domínio aplicável = Sim + Não; Não declarado coincide com circulação Aquavia + Saltado.
E02,Pavimentação,Faces,3509502022,V05406,Sim,1414.0,70.2434177844014,71.48634984833164,NÃO,2013.0,1978.0,Domínio aplicável = Sim + Não; Não declarado coincide com circulação Aquavia + Saltado.
E02,Pavimentação,Faces,3509502022,V05407,Não,564.0,28.017883755588674,28.51365015166835,NÃO,2013.0,1978.0,Domínio aplicável = Sim + Não; Não declarado coincide com circulação Aquavia + Saltado.
E02,Pavimentação,Faces,3509502022,V05408,Não declarado,35.0,1.7386984600099353,,SIM,2013.0,1978.0,Domínio aplicável = Sim + Não; Não declarado coincide com circulação Aquavia + Saltado.
E03,Bueiro / boca de lobo,Domicílios,3509502022,V05009,Sim,10029.0,69.66034590539695,69.8009465478842,NÃO,14397.0,14368.0,Domínio aplicável = Sim + Não; Não declarado coincide com circulação Aquavia + Saltado.
E03,Bueiro / boca de lobo,Domicílios,3509502022,V05010,Não,4339.0,30.13822324095298,30.199053452115816,NÃO,14397.0,14368.0,Domínio aplicável = Sim + Não; Não declarado coincide com circulação Aquavia + Saltado.
E03,Bueiro / boca de lobo,Domicílios,3509502022,V05011,Não declarado,29.0,0.20143085365006597,,SIM,14397.0,14368.0,Domínio aplicável = Sim + Não; Não declarado coincide com circulação Aquavia + Saltado.
E03,Bueiro / boca de lobo,Moradores,3509502022,V05209,Sim,29426.0,68.60806714851947,68.75073012312797,NÃO,42890.0,42801.0,Domínio aplicável = Sim + Não; Não declarado coincide com circulação Aquavia + Saltado.
E03,Bueiro / boca de lobo,Moradores,3509502022,V05210,Não,13375.0,31.184425273956634,31.249269876872038,NÃO,42890.0,42801.0,Domínio aplicável = Sim + Não; Não declarado coincide com circulação Aquavia + Saltado.
E03,Bueiro / boca de lobo,Moradores,3509502022,V05211,Não declarado,89.0,0.2075075775238983,,SIM,42890.0,42801.0,Domínio aplicável = Sim + Não; Não declarado coincide com circulação Aquavia + Saltado.
E03,Bueiro / boca de lobo,Faces,3509502022,V05409,Sim,1059.0,52.6080476900149,53.53892821031345,NÃO,2013.0,1978.0,Domínio aplicável = Sim + Não; Não declarado coincide com circulação Aquavia + Saltado.
E03,Bueiro / boca de lobo,Faces,3509502022,V05410,Não,919.0,45.65325384997516,46.46107178968656,NÃO,2013.0,1978.0,Domínio aplicável = Sim + Não; Não declarado coincide com circulação Aquavia + Saltado.
E03,Bueiro / boca de lobo,Faces,3509502022,V05411,Não declarado,35.0,1.7386984600099353,,SIM,2013.0,1978.0,Domínio aplicável = Sim + Não; Não declarado coincide com circulação Aquavia + Saltado.
E04,Iluminação pública,Domicílios,3509502022,V05012,Sim,11930.0,82.86448565673405,83.03173719376392,NÃO,14397.0,14368.0,Domínio aplicável = Sim + Não; Não declarado coincide com circulação Aquavia + Saltado.
E04,Iluminação pública,Domicílios,3509502022,V05013,Não,2438.0,16.934083489615894,16.96826280623608,NÃO,14397.0,14368.0,Domínio aplicável = Sim + Não; Não declarado coincide com circulação Aquavia + Saltado.
E04,Iluminação pública,Domicílios,3509502022,V05014,Não declarado,29.0,0.20143085365006597,,SIM,14397.0,14368.0,Domínio aplicável = Sim + Não; Não declarado coincide com circulação Aquavia + Saltado.
E04,Iluminação pública,Moradores,3509502022,V05212,Sim,34907.0,81.38726975985078,81.55650568911942,NÃO,42890.0,42801.0,Domínio aplicável = Sim + Não; Não declarado coincide com circulação Aquavia + Saltado.
E04,Iluminação pública,Moradores,3509502022,V05213,Não,7894.0,18.40522266262532,18.443494310880588,NÃO,42890.0,42801.0,Domínio aplicável = Sim + Não; Não declarado coincide com circulação Aquavia + Saltado.
E04,Iluminação pública,Moradores,3509502022,V05214,Não declarado,89.0,0.2075075775238983,,SIM,42890.0,42801.0,Domínio aplicável = Sim + Não; Não declarado coincide com circulação Aquavia + Saltado.
E04,Iluminação pública,Faces,3509502022,V05412,Sim,1365.0,67.80923994038747,69.00910010111222,NÃO,2013.0,1978.0,Domínio aplicável = Sim + Não; Não declarado coincide com circulação Aquavia + Saltado.
E04,Iluminação pública,Faces,3509502022,V05413,Não,613.0,30.45206159960258,30.990899898887765,NÃO,2013.0,1978.0,Domínio aplicável = Sim + Não; Não declarado coincide com circulação Aquavia + Saltado.
E04,Iluminação pública,Faces,3509502022,V05414,Não declarado,35.0,1.7386984600099353,,SIM,2013.0,1978.0,Domínio aplicável = Sim + Não; Não declarado coincide com circulação Aquavia + Saltado.
E05,Ponto de ônibus,Domicílios,3509502022,V05015,Sim,2988.0,20.75432381746197,20.79621380846325,NÃO,14397.0,14368.0,Domínio aplicável = Sim + Não; Não declarado coincide com circulação Aquavia + Saltado.
E05,Ponto de ônibus,Domicílios,3509502022,V05016,Não,11380.0,79.04424532888797,79.20378619153675,NÃO,14397.0,14368.0,Domínio aplicável = Sim + Não; Não declarado coincide com circulação Aquavia + Saltado.
E05,Ponto de ônibus,Domicílios,3509502022,V05017,Não declarado,29.0,0.20143085365006597,,SIM,14397.0,14368.0,Domínio aplicável = Sim + Não; Não declarado coincide com circulação Aquavia + Saltado.
E05,Ponto de ônibus,Moradores,3509502022,V05215,Sim,8307.0,19.3681510841688,19.408425036798207,NÃO,42890.0,42801.0,Domínio aplicável = Sim + Não; Não declarado coincide com circulação Aquavia + Saltado.
E05,Ponto de ônibus,Moradores,3509502022,V05216,Não,34494.0,80.42434133830729,80.5915749632018,NÃO,42890.0,42801.0,Domínio aplicável = Sim + Não; Não declarado coincide com circulação Aquavia + Saltado.
E05,Ponto de ônibus,Moradores,3509502022,V05217,Não declarado,89.0,0.2075075775238983,,SIM,42890.0,42801.0,Domínio aplicável = Sim + Não; Não declarado coincide com circulação Aquavia + Saltado.
E05,Ponto de ônibus,Faces,3509502022,V05415,Sim,230.0,11.425732737208147,11.627906976744185,NÃO,2013.0,1978.0,Domínio aplicável = Sim + Não; Não declarado coincide com circulação Aquavia + Saltado.
E05,Ponto de ônibus,Faces,3509502022,V05416,Não,1748.0,86.83556880278192,88.37209302325581,NÃO,2013.0,1978.0,Domínio aplicável = Sim + Não; Não declarado coincide com circulação Aquavia + Saltado.
E05,Ponto de ônibus,Faces,3509502022,V05417,Não declarado,35.0,1.7386984600099353,,SIM,2013.0,1978.0,Domínio aplicável = Sim + Não; Não declarado coincide com circulação Aquavia + Saltado.
E06,Via sinalizada para bicicleta,Domicílios,3509502022,V05018,Sim,17.0,0.1180801555879697,0.11831848552338531,NÃO,14397.0,14368.0,Domínio aplicável = Sim + Não; Não declarado coincide com circulação Aquavia + Saltado.
E06,Via sinalizada para bicicleta,Domicílios,3509502022,V05019,Não,14351.0,99.68048899076196,99.88168151447661,NÃO,14397.0,14368.0,Domínio aplicável = Sim + Não; Não declarado coincide com circulação Aquavia + Saltado.
E06,Via sinalizada para bicicleta,Domicílios,3509502022,V05020,Não declarado,29.0,0.20143085365006597,,SIM,14397.0,14368.0,Domínio aplicável = Sim + Não; Não declarado coincide com circulação Aquavia + Saltado.
E06,Via sinalizada para bicicleta,Moradores,3509502022,V05218,Sim,26.0,0.06062019118675682,0.060746244246629756,NÃO,42890.0,42801.0,Domínio aplicável = Sim + Não; Não declarado coincide com circulação Aquavia + Saltado.
E06,Via sinalizada para bicicleta,Moradores,3509502022,V05219,Não,42775.0,99.73187223128934,99.93925375575337,NÃO,42890.0,42801.0,Domínio aplicável = Sim + Não; Não declarado coincide com circulação Aquavia + Saltado.
E06,Via sinalizada para bicicleta,Moradores,3509502022,V05220,Não declarado,89.0,0.2075075775238983,,SIM,42890.0,42801.0,Domínio aplicável = Sim + Não; Não declarado coincide com circulação Aquavia + Saltado.
E06,Via sinalizada para bicicleta,Faces,3509502022,V05418,Sim,2.0,0.09935419771485346,0.10111223458038424,NÃO,2013.0,1978.0,Domínio aplicável = Sim + Não; Não declarado coincide com circulação Aquavia + Saltado.
E06,Via sinalizada para bicicleta,Faces,3509502022,V05419,Não,1976.0,98.16194734227521,99.89888776541962,NÃO,2013.0,1978.0,Domínio aplicável = Sim + Não; Não declarado coincide com circulação Aquavia + Saltado.
E06,Via sinalizada para bicicleta,Faces,3509502022,V05420,Não declarado,35.0,1.7386984600099353,,SIM,2013.0,1978.0,Domínio aplicável = Sim + Não; Não declarado coincide com circulação Aquavia + Saltado.
E07,Calçada,Domicílios,3509502022,V05021,Sim,11172.0,77.59949989581163,77.75612472160356,NÃO,14397.0,14368.0,Domínio aplicável = Sim + Não; Não declarado coincide com circulação Aquavia + Saltado.
E07,Calçada,Domicílios,3509502022,V05022,Não,3196.0,22.199069250538304,22.243875278396434,NÃO,14397.0,14368.0,Domínio aplicável = Sim + Não; Não declarado coincide com circulação Aquavia + Saltado.
E07,Calçada,Domicílios,3509502022,V05023,Não declarado,29.0,0.20143085365006597,,SIM,14397.0,14368.0,Domínio aplicável = Sim + Não; Não declarado coincide com circulação Aquavia + Saltado.
E07,Calçada,Moradores,3509502022,V05221,Sim,32591.0,75.98740965259967,76.1454171631504,NÃO,42890.0,42801.0,Domínio aplicável = Sim + Não; Não declarado coincide com circulação Aquavia + Saltado.
E07,Calçada,Moradores,3509502022,V05222,Não,10210.0,23.805082769876428,23.854582836849605,NÃO,42890.0,42801.0,Domínio aplicável = Sim + Não; Não declarado coincide com circulação Aquavia + Saltado.
E07,Calçada,Moradores,3509502022,V05223,Não declarado,89.0,0.2075075775238983,,SIM,42890.0,42801.0,Domínio aplicável = Sim + Não; Não declarado coincide com circulação Aquavia + Saltado.
E07,Calçada,Faces,3509502022,V05421,Sim,1162.0,57.72478887232986,58.74620829120324,NÃO,2013.0,1978.0,Domínio aplicável = Sim + Não; Não declarado coincide com circulação Aquavia + Saltado.
E07,Calçada,Faces,3509502022,V05422,Não,816.0,40.536512667660205,41.25379170879677,NÃO,2013.0,1978.0,Domínio aplicável = Sim + Não; Não declarado coincide com circulação Aquavia + Saltado.
E07,Calçada,Faces,3509502022,V05423,Não declarado,35.0,1.7386984600099353,,SIM,2013.0,1978.0,Domínio aplicável = Sim + Não; Não declarado coincide com circulação Aquavia + Saltado.
E08,Obstáculo na calçada,Domicílios,3509502022,V05024,Sim,7749.0,53.82371327359866,69.3609022556391,NÃO,14397.0,11172.0,Domínio aplicável = Sim + Não; Não declarado coincide com ausência/não aplicação de calçada.
E08,Obstáculo na calçada,Domicílios,3509502022,V05025,Não,3423.0,23.775786622212962,30.639097744360903,NÃO,14397.0,11172.0,Domínio aplicável = Sim + Não; Não declarado coincide com ausência/não aplicação de calçada.
E08,Obstáculo na calçada,Domicílios,3509502022,V05026,Não declarado,3225.0,22.400500104188374,,SIM,14397.0,11172.0,Domínio aplicável = Sim + Não; Não declarado coincide com ausência/não aplicação de calçada.
E08,Obstáculo na calçada,Moradores,3509502022,V05224,Sim,23274.0,54.26439729540685,71.41235310361756,NÃO,42890.0,32591.0,Domínio aplicável = Sim + Não; Não declarado coincide com ausência/não aplicação de calçada.
E08,Obstáculo na calçada,Moradores,3509502022,V05225,Não,9317.0,21.723012357192818,28.587646896382434,NÃO,42890.0,32591.0,Domínio aplicável = Sim + Não; Não declarado coincide com ausência/não aplicação de calçada.
E08,Obstáculo na calçada,Moradores,3509502022,V05226,Não declarado,10299.0,24.012590347400327,,SIM,42890.0,32591.0,Domínio aplicável = Sim + Não; Não declarado coincide com ausência/não aplicação de calçada.
E08,Obstáculo na calçada,Faces,3509502022,V05424,Sim,745.0,37.00943864878291,64.11359724612737,NÃO,2013.0,1162.0,Domínio aplicável = Sim + Não; Não declarado coincide com ausência/não aplicação de calçada.
E08,Obstáculo na calçada,Faces,3509502022,V05425,Não,417.0,20.715350223546945,35.88640275387263,NÃO,2013.0,1162.0,Domínio aplicável = Sim + Não; Não declarado coincide com ausência/não aplicação de calçada.
E08,Obstáculo na calçada,Faces,3509502022,V05426,Não declarado,851.0,42.27521112767014,,SIM,2013.0,1162.0,Domínio aplicável = Sim + Não; Não declarado coincide com ausência/não aplicação de calçada.
E09,Rampa para cadeirante,Domicílios,3509502022,V05027,Sim,3322.0,23.074251580190317,29.735051915503043,NÃO,14397.0,11172.0,Domínio aplicável = Sim + Não; Não declarado coincide com ausência/não aplicação de calçada.
E09,Rampa para cadeirante,Domicílios,3509502022,V05028,Não,7850.0,54.52524831562131,70.26494808449696,NÃO,14397.0,11172.0,Domínio aplicável = Sim + Não; Não declarado coincide com ausência/não aplicação de calçada.
E09,Rampa para cadeirante,Domicílios,3509502022,V05029,Não declarado,3225.0,22.400500104188374,,SIM,14397.0,11172.0,Domínio aplicável = Sim + Não; Não declarado coincide com ausência/não aplicação de calçada.
E09,Rampa para cadeirante,Moradores,3509502022,V05227,Sim,8986.0,20.951270692469105,27.572029087784973,NÃO,42890.0,32591.0,Domínio aplicável = Sim + Não; Não declarado coincide com ausência/não aplicação de calçada.
E09,Rampa para cadeirante,Moradores,3509502022,V05228,Não,23605.0,55.036138960130565,72.42797091221503,NÃO,42890.0,32591.0,Domínio aplicável = Sim + Não; Não declarado coincide com ausência/não aplicação de calçada.
E09,Rampa para cadeirante,Moradores,3509502022,V05229,Não declarado,10299.0,24.012590347400327,,SIM,42890.0,32591.0,Domínio aplicável = Sim + Não; Não declarado coincide com ausência/não aplicação de calçada.
E09,Rampa para cadeirante,Faces,3509502022,V05427,Sim,174.0,8.64381520119225,14.974182444061961,NÃO,2013.0,1162.0,Domínio aplicável = Sim + Não; Não declarado coincide com ausência/não aplicação de calçada.
E09,Rampa para cadeirante,Faces,3509502022,V05428,Não,988.0,49.080973671137606,85.02581755593803,NÃO,2013.0,1162.0,Domínio aplicável = Sim + Não; Não declarado coincide com ausência/não aplicação de calçada.
E09,Rampa para cadeirante,Faces,3509502022,V05429,Não declarado,851.0,42.27521112767014,,SIM,2013.0,1162.0,Domínio aplicável = Sim + Não; Não declarado coincide com ausência/não aplicação de calçada.
E10,Arborização,Domicílios,3509502022,V05030,Sem árvores,4880.0,33.89595054525248,33.96436525612472,NÃO,14397.0,14368.0,Domínio aplicável = classes substantivas de arborização; Saltado fica fora.
E10,Arborização,Domicílios,3509502022,V05031,1 a 2 árvores,3608.0,25.060776550670276,25.111358574610243,NÃO,14397.0,14368.0,Domínio aplicável = classes substantivas de arborização; Saltado fica fora.
E10,Arborização,Domicílios,3509502022,V05032,3 a 4 árvores,2062.0,14.322428283670208,14.351336302895323,NÃO,14397.0,14368.0,Domínio aplicável = classes substantivas de arborização; Saltado fica fora.
E10,Arborização,Domicílios,3509502022,V05033,5 ou mais árvores,3818.0,26.519413766756962,26.572939866369712,NÃO,14397.0,14368.0,Domínio aplicável = classes substantivas de arborização; Saltado fica fora.
E10,Arborização,Domicílios,3509502022,V05034,Saltado,29.0,0.20143085365006597,,SIM,14397.0,14368.0,Domínio aplicável = classes substantivas de arborização; Saltado fica fora.
E10,Arborização,Moradores,3509502022,V05230,Sem árvores,15527.0,36.2019118675682,36.277189785285394,NÃO,42890.0,42801.0,Domínio aplicável = classes substantivas de arborização; Saltado fica fora.
E10,Arborização,Moradores,3509502022,V05231,1 a 2 árvores,10903.0,25.420844019584987,25.473703885423237,NÃO,42890.0,42801.0,Domínio aplicável = classes substantivas de arborização; Saltado fica fora.
E10,Arborização,Moradores,3509502022,V05232,3 a 4 árvores,6014.0,14.021916530659828,14.05107357304736,NÃO,42890.0,42801.0,Domínio aplicável = classes substantivas de arborização; Saltado fica fora.
E10,Arborização,Moradores,3509502022,V05233,5 ou mais árvores,10357.0,24.147820004663092,24.19803275624401,NÃO,42890.0,42801.0,Domínio aplicável = classes substantivas de arborização; Saltado fica fora.
E10,Arborização,Moradores,3509502022,V05234,Saltado,89.0,0.2075075775238983,,SIM,42890.0,42801.0,Domínio aplicável = classes substantivas de arborização; Saltado fica fora.
E10,Arborização,Faces,3509502022,V05430,Sem árvores,1120.0,55.63835072031793,56.62285136501517,NÃO,2013.0,1978.0,Domínio aplicável = classes substantivas de arborização; Saltado fica fora.
E10,Arborização,Faces,3509502022,V05431,1 a 2 árvores,431.0,21.41082960755092,21.7896865520728,NÃO,2013.0,1978.0,Domínio aplicável = classes substantivas de arborização; Saltado fica fora.
E10,Arborização,Faces,3509502022,V05432,3 a 4 árvores,163.0,8.097367113760557,8.240647118301315,NÃO,2013.0,1978.0,Domínio aplicável = classes substantivas de arborização; Saltado fica fora.
E10,Arborização,Faces,3509502022,V05433,5 ou mais árvores,264.0,13.114754098360656,13.346814964610717,NÃO,2013.0,1978.0,Domínio aplicável = classes substantivas de arborização; Saltado fica fora.
E10,Arborização,Faces,3509502022,V05434,Saltado,35.0,1.7386984600099353,,SIM,2013.0,1978.0,Domínio aplicável = classes substantivas de arborização; Saltado fica fora.
E01,Circulação da via,Domicílios,3509502023,V05001,"Caminhão, ônibus",11666.0,93.24594356965869,93.26830828269908,NÃO,12511.0,12508.0,Domínio aplicável = categorias substantivas de circulação; Saltado fica fora.
E01,Circulação da via,Domicílios,3509502023,V05002,Carros de passeio ou van,793.0,6.3384221884741425,6.339942436840422,NÃO,12511.0,12508.0,Domínio aplicável = categorias substantivas de circulação; Saltado fica fora.
E01,Circulação da via,Domicílios,3509502023,V05003,"Pedestres, bicicletas e motocicletas",49.0,0.39165534329789786,0.3917492804605053,NÃO,12511.0,12508.0,Domínio aplicável = categorias substantivas de circulação; Saltado fica fora.
E01,Circulação da via,Domicílios,3509502023,V05004,Aquavia,0.0,0.0,0.0,NÃO,12511.0,12508.0,Domínio aplicável = categorias substantivas de circulação; Saltado fica fora.
E01,Circulação da via,Domicílios,3509502023,V05005,Saltado,3.0,0.02397889856925905,,SIM,12511.0,12508.0,Domínio aplicável = categorias substantivas de circulação; Saltado fica fora.
E01,Circulação da via,Moradores,3509502023,V05201,"Caminhão, ônibus",34063.0,92.58765969013318,92.6153511514723,NÃO,36790.0,36779.0,Domínio aplicável = categorias substantivas de circulação; Saltado fica fora.
E01,Circulação da via,Moradores,3509502023,V05202,Carros de passeio ou van,2561.0,6.961130742049471,6.963212702901112,NÃO,36790.0,36779.0,Domínio aplicável = categorias substantivas de circulação; Saltado fica fora.
E01,Circulação da via,Moradores,3509502023,V05203,"Pedestres, bicicletas e motocicletas",155.0,0.4213101386246263,0.4214361456265804,NÃO,36790.0,36779.0,Domínio aplicável = categorias substantivas de circulação; Saltado fica fora.
E01,Circulação da via,Moradores,3509502023,V05204,Aquavia,0.0,0.0,0.0,NÃO,36790.0,36779.0,Domínio aplicável = categorias substantivas de circulação; Saltado fica fora.
E01,Circulação da via,Moradores,3509502023,V05205,Saltado,11.0,0.02989942919271541,,SIM,36790.0,36779.0,Domínio aplicável = categorias substantivas de circulação; Saltado fica fora.
E01,Circulação da via,Faces,3509502023,V05401,"Caminhão, ônibus",1689.0,90.12806830309499,92.0937840785169,NÃO,1874.0,1834.0,Domínio aplicável = categorias substantivas de circulação; Saltado fica fora.
E01,Circulação da via,Faces,3509502023,V05402,Carros de passeio ou van,115.0,6.136606189967983,6.270447110141767,NÃO,1874.0,1834.0,Domínio aplicável = categorias substantivas de circulação; Saltado fica fora.
E01,Circulação da via,Faces,3509502023,V05403,"Pedestres, bicicletas e motocicletas",30.0,1.6008537886872998,1.6357688113413305,NÃO,1874.0,1834.0,Domínio aplicável = categorias substantivas de circulação; Saltado fica fora.
E01,Circulação da via,Faces,3509502023,V05404,Aquavia,0.0,0.0,0.0,NÃO,1874.0,1834.0,Domínio aplicável = categorias substantivas de circulação; Saltado fica fora.
E01,Circulação da via,Faces,3509502023,V05405,Saltado,40.0,2.134471718249733,,SIM,1874.0,1834.0,Domínio aplicável = categorias substantivas de circulação; Saltado fica fora.
E02,Pavimentação,Domicílios,3509502023,V05006,Sim,10540.0,84.2458636399968,84.26606971538216,NÃO,12511.0,12508.0,Domínio aplicável = Sim + Não; Não declarado coincide com circulação Aquavia + Saltado.
E02,Pavimentação,Domicílios,3509502023,V05007,Não,1968.0,15.730157461433938,15.733930284617845,NÃO,12511.0,12508.0,Domínio aplicável = Sim + Não; Não declarado coincide com circulação Aquavia + Saltado.
E02,Pavimentação,Domicílios,3509502023,V05008,Não declarado,3.0,0.02397889856925905,,SIM,12511.0,12508.0,Domínio aplicável = Sim + Não; Não declarado coincide com circulação Aquavia + Saltado.
E02,Pavimentação,Moradores,3509502023,V05206,Sim,30861.0,83.8842076651264,83.90929606568966,NÃO,36790.0,36779.0,Domínio aplicável = Sim + Não; Não declarado coincide com circulação Aquavia + Saltado.
E02,Pavimentação,Moradores,3509502023,V05207,Não,5918.0,16.08589290568089,16.09070393431034,NÃO,36790.0,36779.0,Domínio aplicável = Sim + Não; Não declarado coincide com circulação Aquavia + Saltado.
E02,Pavimentação,Moradores,3509502023,V05208,Não declarado,11.0,0.02989942919271541,,SIM,36790.0,36779.0,Domínio aplicável = Sim + Não; Não declarado coincide com circulação Aquavia + Saltado.
E02,Pavimentação,Faces,3509502023,V05406,Sim,1399.0,74.65314834578442,76.2813522355507,NÃO,1874.0,1834.0,Domínio aplicável = Sim + Não; Não declarado coincide com circulação Aquavia + Saltado.
E02,Pavimentação,Faces,3509502023,V05407,Não,435.0,23.21237993596585,23.71864776444929,NÃO,1874.0,1834.0,Domínio aplicável = Sim + Não; Não declarado coincide com circulação Aquavia + Saltado.
E02,Pavimentação,Faces,3509502023,V05408,Não declarado,40.0,2.134471718249733,,SIM,1874.0,1834.0,Domínio aplicável = Sim + Não; Não declarado coincide com circulação Aquavia + Saltado.
E03,Bueiro / boca de lobo,Domicílios,3509502023,V05009,Sim,9241.0,73.86300055950763,73.88071634154142,NÃO,12511.0,12508.0,Domínio aplicável = Sim + Não; Não declarado coincide com circulação Aquavia + Saltado.
E03,Bueiro / boca de lobo,Domicílios,3509502023,V05010,Não,3267.0,26.11302054192311,26.119283658458585,NÃO,12511.0,12508.0,Domínio aplicável = Sim + Não; Não declarado coincide com circulação Aquavia + Saltado.
E03,Bueiro / boca de lobo,Domicílios,3509502023,V05011,Não declarado,3.0,0.02397889856925905,,SIM,12511.0,12508.0,Domínio aplicável = Sim + Não; Não declarado coincide com circulação Aquavia + Saltado.
E03,Bueiro / boca de lobo,Moradores,3509502023,V05209,Sim,27245.0,74.05544985050285,74.07759862965278,NÃO,36790.0,36779.0,Domínio aplicável = Sim + Não; Não declarado coincide com circulação Aquavia + Saltado.
E03,Bueiro / boca de lobo,Moradores,3509502023,V05210,Não,9534.0,25.914650720304433,25.92240137034721,NÃO,36790.0,36779.0,Domínio aplicável = Sim + Não; Não declarado coincide com circulação Aquavia + Saltado.
E03,Bueiro / boca de lobo,Moradores,3509502023,V05211,Não declarado,11.0,0.02989942919271541,,SIM,36790.0,36779.0,Domínio aplicável = Sim + Não; Não declarado coincide com circulação Aquavia + Saltado.
E03,Bueiro / boca de lobo,Faces,3509502023,V05409,Sim,1199.0,63.98078975453575,65.3762268266085,NÃO,1874.0,1834.0,Domínio aplicável = Sim + Não; Não declarado coincide com circulação Aquavia + Saltado.
E03,Bueiro / boca de lobo,Faces,3509502023,V05410,Não,635.0,33.884738527214516,34.62377317339149,NÃO,1874.0,1834.0,Domínio aplicável = Sim + Não; Não declarado coincide com circulação Aquavia + Saltado.
E03,Bueiro / boca de lobo,Faces,3509502023,V05411,Não declarado,40.0,2.134471718249733,,SIM,1874.0,1834.0,Domínio aplicável = Sim + Não; Não declarado coincide com circulação Aquavia + Saltado.
E04,Iluminação pública,Domicílios,3509502023,V05012,Sim,11882.0,94.97242426664535,94.99520307003517,NÃO,12511.0,12508.0,Domínio aplicável = Sim + Não; Não declarado coincide com circulação Aquavia + Saltado.
E04,Iluminação pública,Domicílios,3509502023,V05013,Não,626.0,5.003596834785389,5.004796929964823,NÃO,12511.0,12508.0,Domínio aplicável = Sim + Não; Não declarado coincide com circulação Aquavia + Saltado.
E04,Iluminação pública,Domicílios,3509502023,V05014,Não declarado,3.0,0.02397889856925905,,SIM,12511.0,12508.0,Domínio aplicável = Sim + Não; Não declarado coincide com circulação Aquavia + Saltado.
E04,Iluminação pública,Moradores,3509502023,V05212,Sim,34952.0,95.00407719488992,95.03249136735637,NÃO,36790.0,36779.0,Domínio aplicável = Sim + Não; Não declarado coincide com circulação Aquavia + Saltado.
E04,Iluminação pública,Moradores,3509502023,V05213,Não,1827.0,4.966023375917369,4.967508632643628,NÃO,36790.0,36779.0,Domínio aplicável = Sim + Não; Não declarado coincide com circulação Aquavia + Saltado.
E04,Iluminação pública,Moradores,3509502023,V05214,Não declarado,11.0,0.02989942919271541,,SIM,36790.0,36779.0,Domínio aplicável = Sim + Não; Não declarado coincide com circulação Aquavia + Saltado.
E04,Iluminação pública,Faces,3509502023,V05412,Sim,1629.0,86.92636072572039,88.82224645583425,NÃO,1874.0,1834.0,Domínio aplicável = Sim + Não; Não declarado coincide com circulação Aquavia + Saltado.
E04,Iluminação pública,Faces,3509502023,V05413,Não,205.0,10.939167556029883,11.177753544165759,NÃO,1874.0,1834.0,Domínio aplicável = Sim + Não; Não declarado coincide com circulação Aquavia + Saltado.
E04,Iluminação pública,Faces,3509502023,V05414,Não declarado,40.0,2.134471718249733,,SIM,1874.0,1834.0,Domínio aplicável = Sim + Não; Não declarado coincide com circulação Aquavia + Saltado.
E05,Ponto de ônibus,Domicílios,3509502023,V05015,Sim,2189.0,17.496602989369357,17.50079948832747,NÃO,12511.0,12508.0,Domínio aplicável = Sim + Não; Não declarado coincide com circulação Aquavia + Saltado.
E05,Ponto de ônibus,Domicílios,3509502023,V05016,Não,10319.0,82.47941811206138,82.49920051167253,NÃO,12511.0,12508.0,Domínio aplicável = Sim + Não; Não declarado coincide com circulação Aquavia + Saltado.
E05,Ponto de ônibus,Domicílios,3509502023,V05017,Não declarado,3.0,0.02397889856925905,,SIM,12511.0,12508.0,Domínio aplicável = Sim + Não; Não declarado coincide com circulação Aquavia + Saltado.
E05,Ponto de ônibus,Moradores,3509502023,V05215,Sim,6326.0,17.194889915737974,17.2000326273145,NÃO,36790.0,36779.0,Domínio aplicável = Sim + Não; Não declarado coincide com circulação Aquavia + Saltado.
E05,Ponto de ônibus,Moradores,3509502023,V05216,Não,30453.0,82.77521065506932,82.7999673726855,NÃO,36790.0,36779.0,Domínio aplicável = Sim + Não; Não declarado coincide com circulação Aquavia + Saltado.
E05,Ponto de ônibus,Moradores,3509502023,V05217,Não declarado,11.0,0.02989942919271541,,SIM,36790.0,36779.0,Domínio aplicável = Sim + Não; Não declarado coincide com circulação Aquavia + Saltado.
E05,Ponto de ônibus,Faces,3509502023,V05415,Sim,205.0,10.939167556029883,11.177753544165759,NÃO,1874.0,1834.0,Domínio aplicável = Sim + Não; Não declarado coincide com circulação Aquavia + Saltado.
E05,Ponto de ônibus,Faces,3509502023,V05416,Não,1629.0,86.92636072572039,88.82224645583425,NÃO,1874.0,1834.0,Domínio aplicável = Sim + Não; Não declarado coincide com circulação Aquavia + Saltado.
E05,Ponto de ônibus,Faces,3509502023,V05417,Não declarado,40.0,2.134471718249733,,SIM,1874.0,1834.0,Domínio aplicável = Sim + Não; Não declarado coincide com circulação Aquavia + Saltado.
E06,Via sinalizada para bicicleta,Domicílios,3509502023,V05018,Sim,20.0,0.15985932379506035,0.1598976654940838,NÃO,12511.0,12508.0,Domínio aplicável = Sim + Não; Não declarado coincide com circulação Aquavia + Saltado.
E06,Via sinalizada para bicicleta,Domicílios,3509502023,V05019,Não,12488.0,99.81616177763568,99.84010233450591,NÃO,12511.0,12508.0,Domínio aplicável = Sim + Não; Não declarado coincide com circulação Aquavia + Saltado.
E06,Via sinalizada para bicicleta,Domicílios,3509502023,V05020,Não declarado,3.0,0.02397889856925905,,SIM,12511.0,12508.0,Domínio aplicável = Sim + Não; Não declarado coincide com circulação Aquavia + Saltado.
E06,Via sinalizada para bicicleta,Moradores,3509502023,V05218,Sim,60.0,0.16308779559662953,0.16313657250061178,NÃO,36790.0,36779.0,Domínio aplicável = Sim + Não; Não declarado coincide com circulação Aquavia + Saltado.
E06,Via sinalizada para bicicleta,Moradores,3509502023,V05219,Não,36719.0,99.80701277521065,99.8368634274994,NÃO,36790.0,36779.0,Domínio aplicável = Sim + Não; Não declarado coincide com circulação Aquavia + Saltado.
E06,Via sinalizada para bicicleta,Moradores,3509502023,V05220,Não declarado,11.0,0.02989942919271541,,SIM,36790.0,36779.0,Domínio aplicável = Sim + Não; Não declarado coincide com circulação Aquavia + Saltado.
E06,Via sinalizada para bicicleta,Faces,3509502023,V05418,Sim,15.0,0.8004268943436499,0.8178844056706652,NÃO,1874.0,1834.0,Domínio aplicável = Sim + Não; Não declarado coincide com circulação Aquavia + Saltado.
E06,Via sinalizada para bicicleta,Faces,3509502023,V05419,Não,1819.0,97.06510138740661,99.18211559432933,NÃO,1874.0,1834.0,Domínio aplicável = Sim + Não; Não declarado coincide com circulação Aquavia + Saltado.
E06,Via sinalizada para bicicleta,Faces,3509502023,V05420,Não declarado,40.0,2.134471718249733,,SIM,1874.0,1834.0,Domínio aplicável = Sim + Não; Não declarado coincide com circulação Aquavia + Saltado.
E07,Calçada,Domicílios,3509502023,V05021,Sim,10495.0,83.88618016145792,83.90629996802048,NÃO,12511.0,12508.0,Domínio aplicável = Sim + Não; Não declarado coincide com circulação Aquavia + Saltado.
E07,Calçada,Domicílios,3509502023,V05022,Não,2013.0,16.089840939972824,16.093700031979534,NÃO,12511.0,12508.0,Domínio aplicável = Sim + Não; Não declarado coincide com circulação Aquavia + Saltado.
E07,Calçada,Domicílios,3509502023,V05023,Não declarado,3.0,0.02397889856925905,,SIM,12511.0,12508.0,Domínio aplicável = Sim + Não; Não declarado coincide com circulação Aquavia + Saltado.
E07,Calçada,Moradores,3509502023,V05221,Sim,30658.0,83.33242729002446,83.35735066206259,NÃO,36790.0,36779.0,Domínio aplicável = Sim + Não; Não declarado coincide com circulação Aquavia + Saltado.
E07,Calçada,Moradores,3509502023,V05222,Não,6121.0,16.63767328078282,16.64264933793741,NÃO,36790.0,36779.0,Domínio aplicável = Sim + Não; Não declarado coincide com circulação Aquavia + Saltado.
E07,Calçada,Moradores,3509502023,V05223,Não declarado,11.0,0.02989942919271541,,SIM,36790.0,36779.0,Domínio aplicável = Sim + Não; Não declarado coincide com circulação Aquavia + Saltado.
E07,Calçada,Faces,3509502023,V05421,Sim,998.0,53.255069370330844,54.41657579062159,NÃO,1874.0,1834.0,Domínio aplicável = Sim + Não; Não declarado coincide com circulação Aquavia + Saltado.
E07,Calçada,Faces,3509502023,V05422,Não,836.0,44.61045891141943,45.58342420937841,NÃO,1874.0,1834.0,Domínio aplicável = Sim + Não; Não declarado coincide com circulação Aquavia + Saltado.
E07,Calçada,Faces,3509502023,V05423,Não declarado,40.0,2.134471718249733,,SIM,1874.0,1834.0,Domínio aplicável = Sim + Não; Não declarado coincide com circulação Aquavia + Saltado.
E08,Obstáculo na calçada,Domicílios,3509502023,V05024,Sim,9901.0,79.13835824474462,94.34016198189614,NÃO,12511.0,10495.0,Domínio aplicável = Sim + Não; Não declarado coincide com ausência/não aplicação de calçada.
E08,Obstáculo na calçada,Domicílios,3509502023,V05025,Não,594.0,4.747821916713292,5.6598380181038594,NÃO,12511.0,10495.0,Domínio aplicável = Sim + Não; Não declarado coincide com ausência/não aplicação de calçada.
E08,Obstáculo na calçada,Domicílios,3509502023,V05026,Não declarado,2016.0,16.11381983854208,,SIM,12511.0,10495.0,Domínio aplicável = Sim + Não; Não declarado coincide com ausência/não aplicação de calçada.
E08,Obstáculo na calçada,Moradores,3509502023,V05224,Sim,29083.0,79.05137265561294,94.86267858307784,NÃO,36790.0,30658.0,Domínio aplicável = Sim + Não; Não declarado coincide com ausência/não aplicação de calçada.
E08,Obstáculo na calçada,Moradores,3509502023,V05225,Não,1575.0,4.281054634411525,5.137321416922173,NÃO,36790.0,30658.0,Domínio aplicável = Sim + Não; Não declarado coincide com ausência/não aplicação de calçada.
E08,Obstáculo na calçada,Moradores,3509502023,V05226,Não declarado,6132.0,16.667572709975538,,SIM,36790.0,30658.0,Domínio aplicável = Sim + Não; Não declarado coincide com ausência/não aplicação de calçada.
E08,Obstáculo na calçada,Faces,3509502023,V05424,Sim,838.0,44.71718249733191,83.96793587174348,NÃO,1874.0,998.0,Domínio aplicável = Sim + Não; Não declarado coincide com ausência/não aplicação de calçada.
E08,Obstáculo na calçada,Faces,3509502023,V05425,Não,160.0,8.537886872998932,16.03206412825651,NÃO,1874.0,998.0,Domínio aplicável = Sim + Não; Não declarado coincide com ausência/não aplicação de calçada.
E08,Obstáculo na calçada,Faces,3509502023,V05426,Não declarado,876.0,46.744930629669156,,SIM,1874.0,998.0,Domínio aplicável = Sim + Não; Não declarado coincide com ausência/não aplicação de calçada.
E09,Rampa para cadeirante,Domicílios,3509502023,V05027,Sim,1448.0,11.573815042762368,13.797046212482133,NÃO,12511.0,10495.0,Domínio aplicável = Sim + Não; Não declarado coincide com ausência/não aplicação de calçada.
E09,Rampa para cadeirante,Domicílios,3509502023,V05028,Não,9047.0,72.31236511869554,86.20295378751787,NÃO,12511.0,10495.0,Domínio aplicável = Sim + Não; Não declarado coincide com ausência/não aplicação de calçada.
E09,Rampa para cadeirante,Domicílios,3509502023,V05029,Não declarado,2016.0,16.11381983854208,,SIM,12511.0,10495.0,Domínio aplicável = Sim + Não; Não declarado coincide com ausência/não aplicação de calçada.
E09,Rampa para cadeirante,Moradores,3509502023,V05227,Sim,4194.0,11.399836912204403,13.679953030204189,NÃO,36790.0,30658.0,Domínio aplicável = Sim + Não; Não declarado coincide com ausência/não aplicação de calçada.
E09,Rampa para cadeirante,Moradores,3509502023,V05228,Não,26464.0,71.93259037782006,86.32004696979581,NÃO,36790.0,30658.0,Domínio aplicável = Sim + Não; Não declarado coincide com ausência/não aplicação de calçada.
E09,Rampa para cadeirante,Moradores,3509502023,V05229,Não declarado,6132.0,16.667572709975538,,SIM,36790.0,30658.0,Domínio aplicável = Sim + Não; Não declarado coincide com ausência/não aplicação de calçada.
E09,Rampa para cadeirante,Faces,3509502023,V05427,Sim,169.0,9.018143009605122,16.93386773547094,NÃO,1874.0,998.0,Domínio aplicável = Sim + Não; Não declarado coincide com ausência/não aplicação de calçada.
E09,Rampa para cadeirante,Faces,3509502023,V05428,Não,829.0,44.23692636072572,83.06613226452906,NÃO,1874.0,998.0,Domínio aplicável = Sim + Não; Não declarado coincide com ausência/não aplicação de calçada.
E09,Rampa para cadeirante,Faces,3509502023,V05429,Não declarado,876.0,46.744930629669156,,SIM,1874.0,998.0,Domínio aplicável = Sim + Não; Não declarado coincide com ausência/não aplicação de calçada.
E10,Arborização,Domicílios,3509502023,V05030,Sem árvores,1475.0,11.7896251298857,11.79245283018868,NÃO,12511.0,12508.0,Domínio aplicável = classes substantivas de arborização; Saltado fica fora.
E10,Arborização,Domicílios,3509502023,V05031,1 a 2 árvores,2470.0,19.74262648868995,19.747361688519348,NÃO,12511.0,12508.0,Domínio aplicável = classes substantivas de arborização; Saltado fica fora.
E10,Arborização,Domicílios,3509502023,V05032,3 a 4 árvores,1829.0,14.619135161058269,14.622641509433961,NÃO,12511.0,12508.0,Domínio aplicável = classes substantivas de arborização; Saltado fica fora.
E10,Arborização,Domicílios,3509502023,V05033,5 ou mais árvores,6734.0,53.824634321796815,53.83754397185802,NÃO,12511.0,12508.0,Domínio aplicável = classes substantivas de arborização; Saltado fica fora.
E10,Arborização,Domicílios,3509502023,V05034,Saltado,3.0,0.02397889856925905,,SIM,12511.0,12508.0,Domínio aplicável = classes substantivas de arborização; Saltado fica fora.
E10,Arborização,Moradores,3509502023,V05230,Sem árvores,4250.0,11.552052188094592,11.555507218793332,NÃO,36790.0,36779.0,Domínio aplicável = classes substantivas de arborização; Saltado fica fora.
E10,Arborização,Moradores,3509502023,V05231,1 a 2 árvores,7391.0,20.089698287578145,20.09570678920036,NÃO,36790.0,36779.0,Domínio aplicável = classes substantivas de arborização; Saltado fica fora.
E10,Arborização,Moradores,3509502023,V05232,3 a 4 árvores,5328.0,14.4821962489807,14.486527638054325,NÃO,36790.0,36779.0,Domínio aplicável = classes substantivas de arborização; Saltado fica fora.
E10,Arborização,Moradores,3509502023,V05233,5 ou mais árvores,19810.0,53.84615384615385,53.86225835395199,NÃO,36790.0,36779.0,Domínio aplicável = classes substantivas de arborização; Saltado fica fora.
E10,Arborização,Moradores,3509502023,V05234,Saltado,11.0,0.02989942919271541,,SIM,36790.0,36779.0,Domínio aplicável = classes substantivas de arborização; Saltado fica fora.
E10,Arborização,Faces,3509502023,V05430,Sem árvores,585.0,31.21664887940235,31.897491821155942,NÃO,1874.0,1834.0,Domínio aplicável = classes substantivas de arborização; Saltado fica fora.
E10,Arborização,Faces,3509502023,V05431,1 a 2 árvores,369.0,19.69050160085379,20.119956379498362,NÃO,1874.0,1834.0,Domínio aplicável = classes substantivas de arborização; Saltado fica fora.
E10,Arborização,Faces,3509502023,V05432,3 a 4 árvores,255.0,13.60725720384205,13.90403489640131,NÃO,1874.0,1834.0,Domínio aplicável = classes substantivas de arborização; Saltado fica fora.
E10,Arborização,Faces,3509502023,V05433,5 ou mais árvores,625.0,33.35112059765208,34.078516902944386,NÃO,1874.0,1834.0,Domínio aplicável = classes substantivas de arborização; Saltado fica fora.
E10,Arborização,Faces,3509502023,V05434,Saltado,40.0,2.134471718249733,,SIM,1874.0,1834.0,Domínio aplicável = classes substantivas de arborização; Saltado fica fora.
E01,Circulação da via,Domicílios,3509502024,V05001,"Caminhão, ônibus",14150.0,98.6819164516354,98.6819164516354,NÃO,14339.0,14339.0,Domínio aplicável = categorias substantivas de circulação; Saltado fica fora.
E01,Circulação da via,Domicílios,3509502024,V05002,Carros de passeio ou van,177.0,1.2343957040239903,1.2343957040239903,NÃO,14339.0,14339.0,Domínio aplicável = categorias substantivas de circulação; Saltado fica fora.
E01,Circulação da via,Domicílios,3509502024,V05003,"Pedestres, bicicletas e motocicletas",12.0,0.08368784434060952,0.08368784434060952,NÃO,14339.0,14339.0,Domínio aplicável = categorias substantivas de circulação; Saltado fica fora.
E01,Circulação da via,Domicílios,3509502024,V05004,Aquavia,0.0,0.0,0.0,NÃO,14339.0,14339.0,Domínio aplicável = categorias substantivas de circulação; Saltado fica fora.
E01,Circulação da via,Domicílios,3509502024,V05005,Saltado,0.0,0.0,,SIM,14339.0,14339.0,Domínio aplicável = categorias substantivas de circulação; Saltado fica fora.
E01,Circulação da via,Moradores,3509502024,V05201,"Caminhão, ônibus",41769.0,98.69568299425818,98.69568299425818,NÃO,42321.0,42321.0,Domínio aplicável = categorias substantivas de circulação; Saltado fica fora.
E01,Circulação da via,Moradores,3509502024,V05202,Carros de passeio ou van,521.0,1.2310673188251695,1.2310673188251695,NÃO,42321.0,42321.0,Domínio aplicável = categorias substantivas de circulação; Saltado fica fora.
E01,Circulação da via,Moradores,3509502024,V05203,"Pedestres, bicicletas e motocicletas",31.0,0.07324968691666076,0.07324968691666076,NÃO,42321.0,42321.0,Domínio aplicável = categorias substantivas de circulação; Saltado fica fora.
E01,Circulação da via,Moradores,3509502024,V05204,Aquavia,0.0,0.0,0.0,NÃO,42321.0,42321.0,Domínio aplicável = categorias substantivas de circulação; Saltado fica fora.
E01,Circulação da via,Moradores,3509502024,V05205,Saltado,0.0,0.0,,SIM,42321.0,42321.0,Domínio aplicável = categorias substantivas de circulação; Saltado fica fora.
E01,Circulação da via,Faces,3509502024,V05401,"Caminhão, ônibus",1592.0,97.66871165644172,97.72866789441375,NÃO,1630.0,1629.0,Domínio aplicável = categorias substantivas de circulação; Saltado fica fora.
E01,Circulação da via,Faces,3509502024,V05402,Carros de passeio ou van,29.0,1.7791411042944787,1.780233271945979,NÃO,1630.0,1629.0,Domínio aplicável = categorias substantivas de circulação; Saltado fica fora.
E01,Circulação da via,Faces,3509502024,V05403,"Pedestres, bicicletas e motocicletas",8.0,0.49079754601227,0.49109883364027007,NÃO,1630.0,1629.0,Domínio aplicável = categorias substantivas de circulação; Saltado fica fora.
E01,Circulação da via,Faces,3509502024,V05404,Aquavia,0.0,0.0,0.0,NÃO,1630.0,1629.0,Domínio aplicável = categorias substantivas de circulação; Saltado fica fora.
E01,Circulação da via,Faces,3509502024,V05405,Saltado,1.0,0.06134969325153375,,SIM,1630.0,1629.0,Domínio aplicável = categorias substantivas de circulação; Saltado fica fora.
E02,Pavimentação,Domicílios,3509502024,V05006,Sim,13179.0,91.91017504707442,91.91017504707442,NÃO,14339.0,14339.0,Domínio aplicável = Sim + Não; Não declarado coincide com circulação Aquavia + Saltado.
E02,Pavimentação,Domicílios,3509502024,V05007,Não,1160.0,8.089824952925587,8.089824952925587,NÃO,14339.0,14339.0,Domínio aplicável = Sim + Não; Não declarado coincide com circulação Aquavia + Saltado.
E02,Pavimentação,Domicílios,3509502024,V05008,Não declarado,0.0,0.0,,SIM,14339.0,14339.0,Domínio aplicável = Sim + Não; Não declarado coincide com circulação Aquavia + Saltado.
E02,Pavimentação,Moradores,3509502024,V05206,Sim,38718.0,91.48649606578294,91.48649606578294,NÃO,42321.0,42321.0,Domínio aplicável = Sim + Não; Não declarado coincide com circulação Aquavia + Saltado.
E02,Pavimentação,Moradores,3509502024,V05207,Não,3603.0,8.513503934217056,8.513503934217056,NÃO,42321.0,42321.0,Domínio aplicável = Sim + Não; Não declarado coincide com circulação Aquavia + Saltado.
E02,Pavimentação,Moradores,3509502024,V05208,Não declarado,0.0,0.0,,SIM,42321.0,42321.0,Domínio aplicável = Sim + Não; Não declarado coincide com circulação Aquavia + Saltado.
E02,Pavimentação,Faces,3509502024,V05406,Sim,1496.0,91.77914110429448,91.8354818907305,NÃO,1630.0,1629.0,Domínio aplicável = Sim + Não; Não declarado coincide com circulação Aquavia + Saltado.
E02,Pavimentação,Faces,3509502024,V05407,Não,133.0,8.159509202453988,8.16451810926949,NÃO,1630.0,1629.0,Domínio aplicável = Sim + Não; Não declarado coincide com circulação Aquavia + Saltado.
E02,Pavimentação,Faces,3509502024,V05408,Não declarado,1.0,0.06134969325153375,,SIM,1630.0,1629.0,Domínio aplicável = Sim + Não; Não declarado coincide com circulação Aquavia + Saltado.
E03,Bueiro / boca de lobo,Domicílios,3509502024,V05009,Sim,12099.0,84.37826905641955,84.37826905641955,NÃO,14339.0,14339.0,Domínio aplicável = Sim + Não; Não declarado coincide com circulação Aquavia + Saltado.
E03,Bueiro / boca de lobo,Domicílios,3509502024,V05010,Não,2240.0,15.621730943580445,15.621730943580445,NÃO,14339.0,14339.0,Domínio aplicável = Sim + Não; Não declarado coincide com circulação Aquavia + Saltado.
E03,Bueiro / boca de lobo,Domicílios,3509502024,V05011,Não declarado,0.0,0.0,,SIM,14339.0,14339.0,Domínio aplicável = Sim + Não; Não declarado coincide com circulação Aquavia + Saltado.
E03,Bueiro / boca de lobo,Moradores,3509502024,V05209,Sim,35553.0,84.00793932090451,84.00793932090451,NÃO,42321.0,42321.0,Domínio aplicável = Sim + Não; Não declarado coincide com circulação Aquavia + Saltado.
E03,Bueiro / boca de lobo,Moradores,3509502024,V05210,Não,6768.0,15.992060679095484,15.992060679095484,NÃO,42321.0,42321.0,Domínio aplicável = Sim + Não; Não declarado coincide com circulação Aquavia + Saltado.
E03,Bueiro / boca de lobo,Moradores,3509502024,V05211,Não declarado,0.0,0.0,,SIM,42321.0,42321.0,Domínio aplicável = Sim + Não; Não declarado coincide com circulação Aquavia + Saltado.
E03,Bueiro / boca de lobo,Faces,3509502024,V05409,Sim,1229.0,75.39877300613497,75.4450583179865,NÃO,1630.0,1629.0,Domínio aplicável = Sim + Não; Não declarado coincide com circulação Aquavia + Saltado.
E03,Bueiro / boca de lobo,Faces,3509502024,V05410,Não,400.0,24.539877300613497,24.554941682013506,NÃO,1630.0,1629.0,Domínio aplicável = Sim + Não; Não declarado coincide com circulação Aquavia + Saltado.
E03,Bueiro / boca de lobo,Faces,3509502024,V05411,Não declarado,1.0,0.06134969325153375,,SIM,1630.0,1629.0,Domínio aplicável = Sim + Não; Não declarado coincide com circulação Aquavia + Saltado.
E04,Iluminação pública,Domicílios,3509502024,V05012,Sim,14266.0,99.49089894692797,99.49089894692797,NÃO,14339.0,14339.0,Domínio aplicável = Sim + Não; Não declarado coincide com circulação Aquavia + Saltado.
E04,Iluminação pública,Domicílios,3509502024,V05013,Não,73.0,0.5091010530720413,0.5091010530720413,NÃO,14339.0,14339.0,Domínio aplicável = Sim + Não; Não declarado coincide com circulação Aquavia + Saltado.
E04,Iluminação pública,Domicílios,3509502024,V05014,Não declarado,0.0,0.0,,SIM,14339.0,14339.0,Domínio aplicável = Sim + Não; Não declarado coincide com circulação Aquavia + Saltado.
E04,Iluminação pública,Moradores,3509502024,V05212,Sim,42093.0,99.46126036719359,99.46126036719359,NÃO,42321.0,42321.0,Domínio aplicável = Sim + Não; Não declarado coincide com circulação Aquavia + Saltado.
E04,Iluminação pública,Moradores,3509502024,V05213,Não,228.0,0.5387396328064082,0.5387396328064082,NÃO,42321.0,42321.0,Domínio aplicável = Sim + Não; Não declarado coincide com circulação Aquavia + Saltado.
E04,Iluminação pública,Moradores,3509502024,V05214,Não declarado,0.0,0.0,,SIM,42321.0,42321.0,Domínio aplicável = Sim + Não; Não declarado coincide com circulação Aquavia + Saltado.
E04,Iluminação pública,Faces,3509502024,V05412,Sim,1593.0,97.73006134969326,97.79005524861878,NÃO,1630.0,1629.0,Domínio aplicável = Sim + Não; Não declarado coincide com circulação Aquavia + Saltado.
E04,Iluminação pública,Faces,3509502024,V05413,Não,36.0,2.208588957055215,2.209944751381215,NÃO,1630.0,1629.0,Domínio aplicável = Sim + Não; Não declarado coincide com circulação Aquavia + Saltado.
E04,Iluminação pública,Faces,3509502024,V05414,Não declarado,1.0,0.06134969325153375,,SIM,1630.0,1629.0,Domínio aplicável = Sim + Não; Não declarado coincide com circulação Aquavia + Saltado.
E05,Ponto de ônibus,Domicílios,3509502024,V05015,Sim,1954.0,13.627170653462583,13.627170653462583,NÃO,14339.0,14339.0,Domínio aplicável = Sim + Não; Não declarado coincide com circulação Aquavia + Saltado.
E05,Ponto de ônibus,Domicílios,3509502024,V05016,Não,12385.0,86.37282934653742,86.37282934653742,NÃO,14339.0,14339.0,Domínio aplicável = Sim + Não; Não declarado coincide com circulação Aquavia + Saltado.
E05,Ponto de ônibus,Domicílios,3509502024,V05017,Não declarado,0.0,0.0,,SIM,14339.0,14339.0,Domínio aplicável = Sim + Não; Não declarado coincide com circulação Aquavia + Saltado.
E05,Ponto de ônibus,Moradores,3509502024,V05215,Sim,5605.0,13.244015973157532,13.244015973157532,NÃO,42321.0,42321.0,Domínio aplicável = Sim + Não; Não declarado coincide com circulação Aquavia + Saltado.
E05,Ponto de ônibus,Moradores,3509502024,V05216,Não,36716.0,86.75598402684247,86.75598402684247,NÃO,42321.0,42321.0,Domínio aplicável = Sim + Não; Não declarado coincide com circulação Aquavia + Saltado.
E05,Ponto de ônibus,Moradores,3509502024,V05217,Não declarado,0.0,0.0,,SIM,42321.0,42321.0,Domínio aplicável = Sim + Não; Não declarado coincide com circulação Aquavia + Saltado.
E05,Ponto de ônibus,Faces,3509502024,V05415,Sim,228.0,13.987730061349692,13.996316758747698,NÃO,1630.0,1629.0,Domínio aplicável = Sim + Não; Não declarado coincide com circulação Aquavia + Saltado.
E05,Ponto de ônibus,Faces,3509502024,V05416,Não,1401.0,85.95092024539878,86.0036832412523,NÃO,1630.0,1629.0,Domínio aplicável = Sim + Não; Não declarado coincide com circulação Aquavia + Saltado.
E05,Ponto de ônibus,Faces,3509502024,V05417,Não declarado,1.0,0.06134969325153375,,SIM,1630.0,1629.0,Domínio aplicável = Sim + Não; Não declarado coincide com circulação Aquavia + Saltado.
E06,Via sinalizada para bicicleta,Domicílios,3509502024,V05018,Sim,215.0,1.4994072111025873,1.4994072111025873,NÃO,14339.0,14339.0,Domínio aplicável = Sim + Não; Não declarado coincide com circulação Aquavia + Saltado.
E06,Via sinalizada para bicicleta,Domicílios,3509502024,V05019,Não,14124.0,98.5005927888974,98.5005927888974,NÃO,14339.0,14339.0,Domínio aplicável = Sim + Não; Não declarado coincide com circulação Aquavia + Saltado.
E06,Via sinalizada para bicicleta,Domicílios,3509502024,V05020,Não declarado,0.0,0.0,,SIM,14339.0,14339.0,Domínio aplicável = Sim + Não; Não declarado coincide com circulação Aquavia + Saltado.
E06,Via sinalizada para bicicleta,Moradores,3509502024,V05218,Sim,661.0,1.561872356513315,1.561872356513315,NÃO,42321.0,42321.0,Domínio aplicável = Sim + Não; Não declarado coincide com circulação Aquavia + Saltado.
E06,Via sinalizada para bicicleta,Moradores,3509502024,V05219,Não,41660.0,98.43812764348668,98.43812764348668,NÃO,42321.0,42321.0,Domínio aplicável = Sim + Não; Não declarado coincide com circulação Aquavia + Saltado.
E06,Via sinalizada para bicicleta,Moradores,3509502024,V05220,Não declarado,0.0,0.0,,SIM,42321.0,42321.0,Domínio aplicável = Sim + Não; Não declarado coincide com circulação Aquavia + Saltado.
E06,Via sinalizada para bicicleta,Faces,3509502024,V05418,Sim,85.0,5.214723926380368,5.217925107427869,NÃO,1630.0,1629.0,Domínio aplicável = Sim + Não; Não declarado coincide com circulação Aquavia + Saltado.
E06,Via sinalizada para bicicleta,Faces,3509502024,V05419,Não,1544.0,94.7239263803681,94.78207489257213,NÃO,1630.0,1629.0,Domínio aplicável = Sim + Não; Não declarado coincide com circulação Aquavia + Saltado.
E06,Via sinalizada para bicicleta,Faces,3509502024,V05420,Não declarado,1.0,0.06134969325153375,,SIM,1630.0,1629.0,Domínio aplicável = Sim + Não; Não declarado coincide com circulação Aquavia + Saltado.
E07,Calçada,Domicílios,3509502024,V05021,Sim,13146.0,91.68003347513773,91.68003347513773,NÃO,14339.0,14339.0,Domínio aplicável = Sim + Não; Não declarado coincide com circulação Aquavia + Saltado.
E07,Calçada,Domicílios,3509502024,V05022,Não,1193.0,8.319966524862265,8.319966524862265,NÃO,14339.0,14339.0,Domínio aplicável = Sim + Não; Não declarado coincide com circulação Aquavia + Saltado.
E07,Calçada,Domicílios,3509502024,V05023,Não declarado,0.0,0.0,,SIM,14339.0,14339.0,Domínio aplicável = Sim + Não; Não declarado coincide com circulação Aquavia + Saltado.
E07,Calçada,Moradores,3509502024,V05221,Sim,38670.0,91.37307719571844,91.37307719571844,NÃO,42321.0,42321.0,Domínio aplicável = Sim + Não; Não declarado coincide com circulação Aquavia + Saltado.
E07,Calçada,Moradores,3509502024,V05222,Não,3651.0,8.626922804281563,8.626922804281563,NÃO,42321.0,42321.0,Domínio aplicável = Sim + Não; Não declarado coincide com circulação Aquavia + Saltado.
E07,Calçada,Moradores,3509502024,V05223,Não declarado,0.0,0.0,,SIM,42321.0,42321.0,Domínio aplicável = Sim + Não; Não declarado coincide com circulação Aquavia + Saltado.
E07,Calçada,Faces,3509502024,V05421,Sim,1390.0,85.2760736196319,85.32842234499694,NÃO,1630.0,1629.0,Domínio aplicável = Sim + Não; Não declarado coincide com circulação Aquavia + Saltado.
E07,Calçada,Faces,3509502024,V05422,Não,239.0,14.662576687116562,14.671577655003068,NÃO,1630.0,1629.0,Domínio aplicável = Sim + Não; Não declarado coincide com circulação Aquavia + Saltado.
E07,Calçada,Faces,3509502024,V05423,Não declarado,1.0,0.06134969325153375,,SIM,1630.0,1629.0,Domínio aplicável = Sim + Não; Não declarado coincide com circulação Aquavia + Saltado.
E08,Obstáculo na calçada,Domicílios,3509502024,V05024,Sim,12000.0,83.68784434060953,91.28251939753537,NÃO,14339.0,13146.0,Domínio aplicável = Sim + Não; Não declarado coincide com ausência/não aplicação de calçada.
E08,Obstáculo na calçada,Domicílios,3509502024,V05025,Não,1146.0,7.992189134528211,8.717480602464628,NÃO,14339.0,13146.0,Domínio aplicável = Sim + Não; Não declarado coincide com ausência/não aplicação de calçada.
E08,Obstáculo na calçada,Domicílios,3509502024,V05026,Não declarado,1193.0,8.319966524862265,,SIM,14339.0,13146.0,Domínio aplicável = Sim + Não; Não declarado coincide com ausência/não aplicação de calçada.
E08,Obstáculo na calçada,Moradores,3509502024,V05224,Sim,35518.0,83.92523806148247,91.84897853633306,NÃO,42321.0,38670.0,Domínio aplicável = Sim + Não; Não declarado coincide com ausência/não aplicação de calçada.
E08,Obstáculo na calçada,Moradores,3509502024,V05225,Não,3152.0,7.447839134235959,8.151021463666925,NÃO,42321.0,38670.0,Domínio aplicável = Sim + Não; Não declarado coincide com ausência/não aplicação de calçada.
E08,Obstáculo na calçada,Moradores,3509502024,V05226,Não declarado,3651.0,8.626922804281563,,SIM,42321.0,38670.0,Domínio aplicável = Sim + Não; Não declarado coincide com ausência/não aplicação de calçada.
E08,Obstáculo na calçada,Faces,3509502024,V05424,Sim,1077.0,66.07361963190183,77.4820143884892,NÃO,1630.0,1390.0,Domínio aplicável = Sim + Não; Não declarado coincide com ausência/não aplicação de calçada.
E08,Obstáculo na calçada,Faces,3509502024,V05425,Não,313.0,19.20245398773006,22.51798561151079,NÃO,1630.0,1390.0,Domínio aplicável = Sim + Não; Não declarado coincide com ausência/não aplicação de calçada.
E08,Obstáculo na calçada,Faces,3509502024,V05426,Não declarado,240.0,14.723926380368098,,SIM,1630.0,1390.0,Domínio aplicável = Sim + Não; Não declarado coincide com ausência/não aplicação de calçada.
E09,Rampa para cadeirante,Domicílios,3509502024,V05027,Sim,3483.0,24.290396819861915,26.49475125513464,NÃO,14339.0,13146.0,Domínio aplicável = Sim + Não; Não declarado coincide com ausência/não aplicação de calçada.
E09,Rampa para cadeirante,Domicílios,3509502024,V05028,Não,9663.0,67.38963665527582,73.50524874486536,NÃO,14339.0,13146.0,Domínio aplicável = Sim + Não; Não declarado coincide com ausência/não aplicação de calçada.
E09,Rampa para cadeirante,Domicílios,3509502024,V05029,Não declarado,1193.0,8.319966524862265,,SIM,14339.0,13146.0,Domínio aplicável = Sim + Não; Não declarado coincide com ausência/não aplicação de calçada.
E09,Rampa para cadeirante,Moradores,3509502024,V05227,Sim,10073.0,23.801422461662057,26.048616498577708,NÃO,42321.0,38670.0,Domínio aplicável = Sim + Não; Não declarado coincide com ausência/não aplicação de calçada.
E09,Rampa para cadeirante,Moradores,3509502024,V05228,Não,28597.0,67.57165473405638,73.9513835014223,NÃO,42321.0,38670.0,Domínio aplicável = Sim + Não; Não declarado coincide com ausência/não aplicação de calçada.
E09,Rampa para cadeirante,Moradores,3509502024,V05229,Não declarado,3651.0,8.626922804281563,,SIM,42321.0,38670.0,Domínio aplicável = Sim + Não; Não declarado coincide com ausência/não aplicação de calçada.
E09,Rampa para cadeirante,Faces,3509502024,V05427,Sim,267.0,16.380368098159508,19.20863309352518,NÃO,1630.0,1390.0,Domínio aplicável = Sim + Não; Não declarado coincide com ausência/não aplicação de calçada.
E09,Rampa para cadeirante,Faces,3509502024,V05428,Não,1123.0,68.8957055214724,80.79136690647482,NÃO,1630.0,1390.0,Domínio aplicável = Sim + Não; Não declarado coincide com ausência/não aplicação de calçada.
E09,Rampa para cadeirante,Faces,3509502024,V05429,Não declarado,240.0,14.723926380368098,,SIM,1630.0,1390.0,Domínio aplicável = Sim + Não; Não declarado coincide com ausência/não aplicação de calçada.
E10,Arborização,Domicílios,3509502024,V05030,Sem árvores,1471.0,10.258734918753051,10.258734918753051,NÃO,14339.0,14339.0,Domínio aplicável = classes substantivas de arborização; Saltado fica fora.
E10,Arborização,Domicílios,3509502024,V05031,1 a 2 árvores,2894.0,20.182718460143665,20.182718460143665,NÃO,14339.0,14339.0,Domínio aplicável = classes substantivas de arborização; Saltado fica fora.
E10,Arborização,Domicílios,3509502024,V05032,3 a 4 árvores,2964.0,20.670897552130555,20.670897552130555,NÃO,14339.0,14339.0,Domínio aplicável = classes substantivas de arborização; Saltado fica fora.
E10,Arborização,Domicílios,3509502024,V05033,5 ou mais árvores,7010.0,48.887649068972735,48.887649068972735,NÃO,14339.0,14339.0,Domínio aplicável = classes substantivas de arborização; Saltado fica fora.
E10,Arborização,Domicílios,3509502024,V05034,Saltado,0.0,0.0,,SIM,14339.0,14339.0,Domínio aplicável = classes substantivas de arborização; Saltado fica fora.
E10,Arborização,Moradores,3509502024,V05230,Sem árvores,4205.0,9.93596559627608,9.93596559627608,NÃO,42321.0,42321.0,Domínio aplicável = classes substantivas de arborização; Saltado fica fora.
E10,Arborização,Moradores,3509502024,V05231,1 a 2 árvores,8614.0,20.353961390326315,20.353961390326315,NÃO,42321.0,42321.0,Domínio aplicável = classes substantivas de arborização; Saltado fica fora.
E10,Arborização,Moradores,3509502024,V05232,3 a 4 árvores,8901.0,21.032111717587014,21.032111717587014,NÃO,42321.0,42321.0,Domínio aplicável = classes substantivas de arborização; Saltado fica fora.
E10,Arborização,Moradores,3509502024,V05233,5 ou mais árvores,20601.0,48.67796129581059,48.67796129581059,NÃO,42321.0,42321.0,Domínio aplicável = classes substantivas de arborização; Saltado fica fora.
E10,Arborização,Moradores,3509502024,V05234,Saltado,0.0,0.0,,SIM,42321.0,42321.0,Domínio aplicável = classes substantivas de arborização; Saltado fica fora.
E10,Arborização,Faces,3509502024,V05430,Sem árvores,463.0,28.404907975460127,28.422344996930633,NÃO,1630.0,1629.0,Domínio aplicável = classes substantivas de arborização; Saltado fica fora.
E10,Arborização,Faces,3509502024,V05431,1 a 2 árvores,407.0,24.969325153374232,24.98465316144874,NÃO,1630.0,1629.0,Domínio aplicável = classes substantivas de arborização; Saltado fica fora.
E10,Arborização,Faces,3509502024,V05432,3 a 4 árvores,253.0,15.521472392638035,15.531000613873541,NÃO,1630.0,1629.0,Domínio aplicável = classes substantivas de arborização; Saltado fica fora.
E10,Arborização,Faces,3509502024,V05433,5 ou mais árvores,506.0,31.04294478527607,31.062001227747082,NÃO,1630.0,1629.0,Domínio aplicável = classes substantivas de arborização; Saltado fica fora.
E10,Arborização,Faces,3509502024,V05434,Saltado,1.0,0.06134969325153375,,SIM,1630.0,1629.0,Domínio aplicável = classes substantivas de arborização; Saltado fica fora.
E01,Circulação da via,Domicílios,3509502025,V05001,"Caminhão, ônibus",13187.0,88.26639892904953,88.26639892904953,NÃO,14940.0,14940.0,Domínio aplicável = categorias substantivas de circulação; Saltado fica fora.
E01,Circulação da via,Domicílios,3509502025,V05002,Carros de passeio ou van,1513.0,10.127175368139223,10.127175368139223,NÃO,14940.0,14940.0,Domínio aplicável = categorias substantivas de circulação; Saltado fica fora.
E01,Circulação da via,Domicílios,3509502025,V05003,"Pedestres, bicicletas e motocicletas",240.0,1.6064257028112447,1.6064257028112447,NÃO,14940.0,14940.0,Domínio aplicável = categorias substantivas de circulação; Saltado fica fora.
E01,Circulação da via,Domicílios,3509502025,V05004,Aquavia,0.0,0.0,0.0,NÃO,14940.0,14940.0,Domínio aplicável = categorias substantivas de circulação; Saltado fica fora.
E01,Circulação da via,Domicílios,3509502025,V05005,Saltado,0.0,0.0,,SIM,14940.0,14940.0,Domínio aplicável = categorias substantivas de circulação; Saltado fica fora.
E01,Circulação da via,Moradores,3509502025,V05201,"Caminhão, ônibus",38622.0,88.02935679445686,88.02935679445686,NÃO,43874.0,43874.0,Domínio aplicável = categorias substantivas de circulação; Saltado fica fora.
E01,Circulação da via,Moradores,3509502025,V05202,Carros de passeio ou van,4514.0,10.2885535852669,10.2885535852669,NÃO,43874.0,43874.0,Domínio aplicável = categorias substantivas de circulação; Saltado fica fora.
E01,Circulação da via,Moradores,3509502025,V05203,"Pedestres, bicicletas e motocicletas",738.0,1.6820896202762454,1.6820896202762454,NÃO,43874.0,43874.0,Domínio aplicável = categorias substantivas de circulação; Saltado fica fora.
E01,Circulação da via,Moradores,3509502025,V05204,Aquavia,0.0,0.0,0.0,NÃO,43874.0,43874.0,Domínio aplicável = categorias substantivas de circulação; Saltado fica fora.
E01,Circulação da via,Moradores,3509502025,V05205,Saltado,0.0,0.0,,SIM,43874.0,43874.0,Domínio aplicável = categorias substantivas de circulação; Saltado fica fora.
E01,Circulação da via,Faces,3509502025,V05401,"Caminhão, ônibus",1688.0,81.4278822961891,81.78294573643412,NÃO,2073.0,2064.0,Domínio aplicável = categorias substantivas de circulação; Saltado fica fora.
E01,Circulação da via,Faces,3509502025,V05402,Carros de passeio ou van,275.0,13.265798359864931,13.323643410852712,NÃO,2073.0,2064.0,Domínio aplicável = categorias substantivas de circulação; Saltado fica fora.
E01,Circulação da via,Faces,3509502025,V05403,"Pedestres, bicicletas e motocicletas",101.0,4.872165943077665,4.893410852713178,NÃO,2073.0,2064.0,Domínio aplicável = categorias substantivas de circulação; Saltado fica fora.
E01,Circulação da via,Faces,3509502025,V05404,Aquavia,0.0,0.0,0.0,NÃO,2073.0,2064.0,Domínio aplicável = categorias substantivas de circulação; Saltado fica fora.
E01,Circulação da via,Faces,3509502025,V05405,Saltado,9.0,0.43415340086830684,,SIM,2073.0,2064.0,Domínio aplicável = categorias substantivas de circulação; Saltado fica fora.
E02,Pavimentação,Domicílios,3509502025,V05006,Sim,13553.0,90.71619812583668,90.71619812583668,NÃO,14940.0,14940.0,Domínio aplicável = Sim + Não; Não declarado coincide com circulação Aquavia + Saltado.
E02,Pavimentação,Domicílios,3509502025,V05007,Não,1387.0,9.28380187416332,9.28380187416332,NÃO,14940.0,14940.0,Domínio aplicável = Sim + Não; Não declarado coincide com circulação Aquavia + Saltado.
E02,Pavimentação,Domicílios,3509502025,V05008,Não declarado,0.0,0.0,,SIM,14940.0,14940.0,Domínio aplicável = Sim + Não; Não declarado coincide com circulação Aquavia + Saltado.
E02,Pavimentação,Moradores,3509502025,V05206,Sim,39750.0,90.60035556365958,90.60035556365958,NÃO,43874.0,43874.0,Domínio aplicável = Sim + Não; Não declarado coincide com circulação Aquavia + Saltado.
E02,Pavimentação,Moradores,3509502025,V05207,Não,4124.0,9.399644436340429,9.399644436340429,NÃO,43874.0,43874.0,Domínio aplicável = Sim + Não; Não declarado coincide com circulação Aquavia + Saltado.
E02,Pavimentação,Moradores,3509502025,V05208,Não declarado,0.0,0.0,,SIM,43874.0,43874.0,Domínio aplicável = Sim + Não; Não declarado coincide com circulação Aquavia + Saltado.
E02,Pavimentação,Faces,3509502025,V05406,Sim,1724.0,83.16449589966233,83.52713178294574,NÃO,2073.0,2064.0,Domínio aplicável = Sim + Não; Não declarado coincide com circulação Aquavia + Saltado.
E02,Pavimentação,Faces,3509502025,V05407,Não,340.0,16.40135069946937,16.472868217054263,NÃO,2073.0,2064.0,Domínio aplicável = Sim + Não; Não declarado coincide com circulação Aquavia + Saltado.
E02,Pavimentação,Faces,3509502025,V05408,Não declarado,9.0,0.43415340086830684,,SIM,2073.0,2064.0,Domínio aplicável = Sim + Não; Não declarado coincide com circulação Aquavia + Saltado.
E03,Bueiro / boca de lobo,Domicílios,3509502025,V05009,Sim,11692.0,78.25970548862115,78.25970548862115,NÃO,14940.0,14940.0,Domínio aplicável = Sim + Não; Não declarado coincide com circulação Aquavia + Saltado.
E03,Bueiro / boca de lobo,Domicílios,3509502025,V05010,Não,3248.0,21.74029451137885,21.74029451137885,NÃO,14940.0,14940.0,Domínio aplicável = Sim + Não; Não declarado coincide com circulação Aquavia + Saltado.
E03,Bueiro / boca de lobo,Domicílios,3509502025,V05011,Não declarado,0.0,0.0,,SIM,14940.0,14940.0,Domínio aplicável = Sim + Não; Não declarado coincide com circulação Aquavia + Saltado.
E03,Bueiro / boca de lobo,Moradores,3509502025,V05209,Sim,34177.0,77.8980717509231,77.8980717509231,NÃO,43874.0,43874.0,Domínio aplicável = Sim + Não; Não declarado coincide com circulação Aquavia + Saltado.
E03,Bueiro / boca de lobo,Moradores,3509502025,V05210,Não,9697.0,22.101928249076902,22.101928249076902,NÃO,43874.0,43874.0,Domínio aplicável = Sim + Não; Não declarado coincide com circulação Aquavia + Saltado.
E03,Bueiro / boca de lobo,Moradores,3509502025,V05211,Não declarado,0.0,0.0,,SIM,43874.0,43874.0,Domínio aplicável = Sim + Não; Não declarado coincide com circulação Aquavia + Saltado.
E03,Bueiro / boca de lobo,Faces,3509502025,V05409,Sim,1350.0,65.12301013024602,65.40697674418605,NÃO,2073.0,2064.0,Domínio aplicável = Sim + Não; Não declarado coincide com circulação Aquavia + Saltado.
E03,Bueiro / boca de lobo,Faces,3509502025,V05410,Não,714.0,34.44283646888567,34.593023255813954,NÃO,2073.0,2064.0,Domínio aplicável = Sim + Não; Não declarado coincide com circulação Aquavia + Saltado.
E03,Bueiro / boca de lobo,Faces,3509502025,V05411,Não declarado,9.0,0.43415340086830684,,SIM,2073.0,2064.0,Domínio aplicável = Sim + Não; Não declarado coincide com circulação Aquavia + Saltado.
E04,Iluminação pública,Domicílios,3509502025,V05012,Sim,13723.0,91.85408299866131,91.85408299866131,NÃO,14940.0,14940.0,Domínio aplicável = Sim + Não; Não declarado coincide com circulação Aquavia + Saltado.
E04,Iluminação pública,Domicílios,3509502025,V05013,Não,1217.0,8.145917001338688,8.145917001338688,NÃO,14940.0,14940.0,Domínio aplicável = Sim + Não; Não declarado coincide com circulação Aquavia + Saltado.
E04,Iluminação pública,Domicílios,3509502025,V05014,Não declarado,0.0,0.0,,SIM,14940.0,14940.0,Domínio aplicável = Sim + Não; Não declarado coincide com circulação Aquavia + Saltado.
E04,Iluminação pública,Moradores,3509502025,V05212,Sim,40204.0,91.6351369831791,91.6351369831791,NÃO,43874.0,43874.0,Domínio aplicável = Sim + Não; Não declarado coincide com circulação Aquavia + Saltado.
E04,Iluminação pública,Moradores,3509502025,V05213,Não,3670.0,8.364863016820896,8.364863016820896,NÃO,43874.0,43874.0,Domínio aplicável = Sim + Não; Não declarado coincide com circulação Aquavia + Saltado.
E04,Iluminação pública,Moradores,3509502025,V05214,Não declarado,0.0,0.0,,SIM,43874.0,43874.0,Domínio aplicável = Sim + Não; Não declarado coincide com circulação Aquavia + Saltado.
E04,Iluminação pública,Faces,3509502025,V05412,Sim,1769.0,85.33526290400386,85.70736434108527,NÃO,2073.0,2064.0,Domínio aplicável = Sim + Não; Não declarado coincide com circulação Aquavia + Saltado.
E04,Iluminação pública,Faces,3509502025,V05413,Não,295.0,14.230583695127835,14.29263565891473,NÃO,2073.0,2064.0,Domínio aplicável = Sim + Não; Não declarado coincide com circulação Aquavia + Saltado.
E04,Iluminação pública,Faces,3509502025,V05414,Não declarado,9.0,0.43415340086830684,,SIM,2073.0,2064.0,Domínio aplicável = Sim + Não; Não declarado coincide com circulação Aquavia + Saltado.
E05,Ponto de ônibus,Domicílios,3509502025,V05015,Sim,3073.0,20.568942436412314,20.568942436412314,NÃO,14940.0,14940.0,Domínio aplicável = Sim + Não; Não declarado coincide com circulação Aquavia + Saltado.
E05,Ponto de ônibus,Domicílios,3509502025,V05016,Não,11867.0,79.43105756358769,79.43105756358769,NÃO,14940.0,14940.0,Domínio aplicável = Sim + Não; Não declarado coincide com circulação Aquavia + Saltado.
E05,Ponto de ônibus,Domicílios,3509502025,V05017,Não declarado,0.0,0.0,,SIM,14940.0,14940.0,Domínio aplicável = Sim + Não; Não declarado coincide com circulação Aquavia + Saltado.
E05,Ponto de ônibus,Moradores,3509502025,V05215,Sim,8938.0,20.371974290012307,20.371974290012307,NÃO,43874.0,43874.0,Domínio aplicável = Sim + Não; Não declarado coincide com circulação Aquavia + Saltado.
E05,Ponto de ônibus,Moradores,3509502025,V05216,Não,34936.0,79.6280257099877,79.6280257099877,NÃO,43874.0,43874.0,Domínio aplicável = Sim + Não; Não declarado coincide com circulação Aquavia + Saltado.
E05,Ponto de ônibus,Moradores,3509502025,V05217,Não declarado,0.0,0.0,,SIM,43874.0,43874.0,Domínio aplicável = Sim + Não; Não declarado coincide com circulação Aquavia + Saltado.
E05,Ponto de ônibus,Faces,3509502025,V05415,Sim,320.0,15.436565364206464,15.503875968992247,NÃO,2073.0,2064.0,Domínio aplicável = Sim + Não; Não declarado coincide com circulação Aquavia + Saltado.
E05,Ponto de ônibus,Faces,3509502025,V05416,Não,1744.0,84.12928123492523,84.49612403100775,NÃO,2073.0,2064.0,Domínio aplicável = Sim + Não; Não declarado coincide com circulação Aquavia + Saltado.
E05,Ponto de ônibus,Faces,3509502025,V05417,Não declarado,9.0,0.43415340086830684,,SIM,2073.0,2064.0,Domínio aplicável = Sim + Não; Não declarado coincide com circulação Aquavia + Saltado.
E06,Via sinalizada para bicicleta,Domicílios,3509502025,V05018,Sim,419.0,2.8045515394912983,2.8045515394912983,NÃO,14940.0,14940.0,Domínio aplicável = Sim + Não; Não declarado coincide com circulação Aquavia + Saltado.
E06,Via sinalizada para bicicleta,Domicílios,3509502025,V05019,Não,14521.0,97.1954484605087,97.1954484605087,NÃO,14940.0,14940.0,Domínio aplicável = Sim + Não; Não declarado coincide com circulação Aquavia + Saltado.
E06,Via sinalizada para bicicleta,Domicílios,3509502025,V05020,Não declarado,0.0,0.0,,SIM,14940.0,14940.0,Domínio aplicável = Sim + Não; Não declarado coincide com circulação Aquavia + Saltado.
E06,Via sinalizada para bicicleta,Moradores,3509502025,V05218,Sim,1202.0,2.739663582075945,2.739663582075945,NÃO,43874.0,43874.0,Domínio aplicável = Sim + Não; Não declarado coincide com circulação Aquavia + Saltado.
E06,Via sinalizada para bicicleta,Moradores,3509502025,V05219,Não,42672.0,97.26033641792405,97.26033641792405,NÃO,43874.0,43874.0,Domínio aplicável = Sim + Não; Não declarado coincide com circulação Aquavia + Saltado.
E06,Via sinalizada para bicicleta,Moradores,3509502025,V05220,Não declarado,0.0,0.0,,SIM,43874.0,43874.0,Domínio aplicável = Sim + Não; Não declarado coincide com circulação Aquavia + Saltado.
E06,Via sinalizada para bicicleta,Faces,3509502025,V05418,Sim,72.0,3.4732272069464547,3.488372093023256,NÃO,2073.0,2064.0,Domínio aplicável = Sim + Não; Não declarado coincide com circulação Aquavia + Saltado.
E06,Via sinalizada para bicicleta,Faces,3509502025,V05419,Não,1992.0,96.09261939218524,96.51162790697676,NÃO,2073.0,2064.0,Domínio aplicável = Sim + Não; Não declarado coincide com circulação Aquavia + Saltado.
E06,Via sinalizada para bicicleta,Faces,3509502025,V05420,Não declarado,9.0,0.43415340086830684,,SIM,2073.0,2064.0,Domínio aplicável = Sim + Não; Não declarado coincide com circulação Aquavia + Saltado.
E07,Calçada,Domicílios,3509502025,V05021,Sim,12453.0,83.35341365461846,83.35341365461846,NÃO,14940.0,14940.0,Domínio aplicável = Sim + Não; Não declarado coincide com circulação Aquavia + Saltado.
E07,Calçada,Domicílios,3509502025,V05022,Não,2487.0,16.646586345381525,16.646586345381525,NÃO,14940.0,14940.0,Domínio aplicável = Sim + Não; Não declarado coincide com circulação Aquavia + Saltado.
E07,Calçada,Domicílios,3509502025,V05023,Não declarado,0.0,0.0,,SIM,14940.0,14940.0,Domínio aplicável = Sim + Não; Não declarado coincide com circulação Aquavia + Saltado.
E07,Calçada,Moradores,3509502025,V05221,Sim,36375.0,82.90787254410357,82.90787254410357,NÃO,43874.0,43874.0,Domínio aplicável = Sim + Não; Não declarado coincide com circulação Aquavia + Saltado.
E07,Calçada,Moradores,3509502025,V05222,Não,7499.0,17.09212745589643,17.09212745589643,NÃO,43874.0,43874.0,Domínio aplicável = Sim + Não; Não declarado coincide com circulação Aquavia + Saltado.
E07,Calçada,Moradores,3509502025,V05223,Não declarado,0.0,0.0,,SIM,43874.0,43874.0,Domínio aplicável = Sim + Não; Não declarado coincide com circulação Aquavia + Saltado.
E07,Calçada,Faces,3509502025,V05421,Sim,1420.0,68.49975880366618,68.7984496124031,NÃO,2073.0,2064.0,Domínio aplicável = Sim + Não; Não declarado coincide com circulação Aquavia + Saltado.
E07,Calçada,Faces,3509502025,V05422,Não,644.0,31.066087795465506,31.2015503875969,NÃO,2073.0,2064.0,Domínio aplicável = Sim + Não; Não declarado coincide com circulação Aquavia + Saltado.
E07,Calçada,Faces,3509502025,V05423,Não declarado,9.0,0.43415340086830684,,SIM,2073.0,2064.0,Domínio aplicável = Sim + Não; Não declarado coincide com circulação Aquavia + Saltado.
E08,Obstáculo na calçada,Domicílios,3509502025,V05024,Sim,8974.0,60.0669344042838,72.06295671725688,NÃO,14940.0,12453.0,Domínio aplicável = Sim + Não; Não declarado coincide com ausência/não aplicação de calçada.
E08,Obstáculo na calçada,Domicílios,3509502025,V05025,Não,3479.0,23.286479250334672,27.93704328274311,NÃO,14940.0,12453.0,Domínio aplicável = Sim + Não; Não declarado coincide com ausência/não aplicação de calçada.
E08,Obstáculo na calçada,Domicílios,3509502025,V05026,Não declarado,2487.0,16.646586345381525,,SIM,14940.0,12453.0,Domínio aplicável = Sim + Não; Não declarado coincide com ausência/não aplicação de calçada.
E08,Obstáculo na calçada,Moradores,3509502025,V05224,Sim,26591.0,60.607649177189224,73.10240549828178,NÃO,43874.0,36375.0,Domínio aplicável = Sim + Não; Não declarado coincide com ausência/não aplicação de calçada.
E08,Obstáculo na calçada,Moradores,3509502025,V05225,Não,9784.0,22.300223366914345,26.897594501718213,NÃO,43874.0,36375.0,Domínio aplicável = Sim + Não; Não declarado coincide com ausência/não aplicação de calçada.
E08,Obstáculo na calçada,Moradores,3509502025,V05226,Não declarado,7499.0,17.09212745589643,,SIM,43874.0,36375.0,Domínio aplicável = Sim + Não; Não declarado coincide com ausência/não aplicação de calçada.
E08,Obstáculo na calçada,Faces,3509502025,V05424,Sim,989.0,47.708634828750604,69.64788732394366,NÃO,2073.0,1420.0,Domínio aplicável = Sim + Não; Não declarado coincide com ausência/não aplicação de calçada.
E08,Obstáculo na calçada,Faces,3509502025,V05425,Não,431.0,20.791123974915582,30.352112676056336,NÃO,2073.0,1420.0,Domínio aplicável = Sim + Não; Não declarado coincide com ausência/não aplicação de calçada.
E08,Obstáculo na calçada,Faces,3509502025,V05426,Não declarado,653.0,31.500241196333818,,SIM,2073.0,1420.0,Domínio aplicável = Sim + Não; Não declarado coincide com ausência/não aplicação de calçada.
E09,Rampa para cadeirante,Domicílios,3509502025,V05027,Sim,4830.0,32.329317269076306,38.785834738617204,NÃO,14940.0,12453.0,Domínio aplicável = Sim + Não; Não declarado coincide com ausência/não aplicação de calçada.
E09,Rampa para cadeirante,Domicílios,3509502025,V05028,Não,7623.0,51.02409638554217,61.2141652613828,NÃO,14940.0,12453.0,Domínio aplicável = Sim + Não; Não declarado coincide com ausência/não aplicação de calçada.
E09,Rampa para cadeirante,Domicílios,3509502025,V05029,Não declarado,2487.0,16.646586345381525,,SIM,14940.0,12453.0,Domínio aplicável = Sim + Não; Não declarado coincide com ausência/não aplicação de calçada.
E09,Rampa para cadeirante,Moradores,3509502025,V05227,Sim,13997.0,31.902721429548254,38.47972508591065,NÃO,43874.0,36375.0,Domínio aplicável = Sim + Não; Não declarado coincide com ausência/não aplicação de calçada.
E09,Rampa para cadeirante,Moradores,3509502025,V05228,Não,22378.0,51.00515111455531,61.52027491408935,NÃO,43874.0,36375.0,Domínio aplicável = Sim + Não; Não declarado coincide com ausência/não aplicação de calçada.
E09,Rampa para cadeirante,Moradores,3509502025,V05229,Não declarado,7499.0,17.09212745589643,,SIM,43874.0,36375.0,Domínio aplicável = Sim + Não; Não declarado coincide com ausência/não aplicação de calçada.
E09,Rampa para cadeirante,Faces,3509502025,V05427,Sim,564.0,27.206946454413895,39.718309859154935,NÃO,2073.0,1420.0,Domínio aplicável = Sim + Não; Não declarado coincide com ausência/não aplicação de calçada.
E09,Rampa para cadeirante,Faces,3509502025,V05428,Não,856.0,41.29281234925229,60.281690140845065,NÃO,2073.0,1420.0,Domínio aplicável = Sim + Não; Não declarado coincide com ausência/não aplicação de calçada.
E09,Rampa para cadeirante,Faces,3509502025,V05429,Não declarado,653.0,31.500241196333818,,SIM,2073.0,1420.0,Domínio aplicável = Sim + Não; Não declarado coincide com ausência/não aplicação de calçada.
E10,Arborização,Domicílios,3509502025,V05030,Sem árvores,3004.0,20.107095046854084,20.107095046854084,NÃO,14940.0,14940.0,Domínio aplicável = classes substantivas de arborização; Saltado fica fora.
E10,Arborização,Domicílios,3509502025,V05031,1 a 2 árvores,3702.0,24.779116465863453,24.779116465863453,NÃO,14940.0,14940.0,Domínio aplicável = classes substantivas de arborização; Saltado fica fora.
E10,Arborização,Domicílios,3509502025,V05032,3 a 4 árvores,2801.0,18.748326639892905,18.748326639892905,NÃO,14940.0,14940.0,Domínio aplicável = classes substantivas de arborização; Saltado fica fora.
E10,Arborização,Domicílios,3509502025,V05033,5 ou mais árvores,5433.0,36.365461847389554,36.365461847389554,NÃO,14940.0,14940.0,Domínio aplicável = classes substantivas de arborização; Saltado fica fora.
E10,Arborização,Domicílios,3509502025,V05034,Saltado,0.0,0.0,,SIM,14940.0,14940.0,Domínio aplicável = classes substantivas de arborização; Saltado fica fora.
E10,Arborização,Moradores,3509502025,V05230,Sem árvores,8991.0,20.492774764097188,20.492774764097188,NÃO,43874.0,43874.0,Domínio aplicável = classes substantivas de arborização; Saltado fica fora.
E10,Arborização,Moradores,3509502025,V05231,1 a 2 árvores,10882.0,24.802844509276564,24.802844509276564,NÃO,43874.0,43874.0,Domínio aplicável = classes substantivas de arborização; Saltado fica fora.
E10,Arborização,Moradores,3509502025,V05232,3 a 4 árvores,8300.0,18.91781009253772,18.91781009253772,NÃO,43874.0,43874.0,Domínio aplicável = classes substantivas de arborização; Saltado fica fora.
E10,Arborização,Moradores,3509502025,V05233,5 ou mais árvores,15701.0,35.78657063408853,35.78657063408853,NÃO,43874.0,43874.0,Domínio aplicável = classes substantivas de arborização; Saltado fica fora.
E10,Arborização,Moradores,3509502025,V05234,Saltado,0.0,0.0,,SIM,43874.0,43874.0,Domínio aplicável = classes substantivas de arborização; Saltado fica fora.
E10,Arborização,Faces,3509502025,V05430,Sem árvores,836.0,40.328027013989384,40.50387596899225,NÃO,2073.0,2064.0,Domínio aplicável = classes substantivas de arborização; Saltado fica fora.
E10,Arborização,Faces,3509502025,V05431,1 a 2 árvores,511.0,24.6502653159672,24.757751937984494,NÃO,2073.0,2064.0,Domínio aplicável = classes substantivas de arborização; Saltado fica fora.
E10,Arborização,Faces,3509502025,V05432,3 a 4 árvores,275.0,13.265798359864931,13.323643410852712,NÃO,2073.0,2064.0,Domínio aplicável = classes substantivas de arborização; Saltado fica fora.
E10,Arborização,Faces,3509502025,V05433,5 ou mais árvores,442.0,21.321755909310177,21.41472868217054,NÃO,2073.0,2064.0,Domínio aplicável = classes substantivas de arborização; Saltado fica fora.
E10,Arborização,Faces,3509502025,V05434,Saltado,9.0,0.43415340086830684,,SIM,2073.0,2064.0,Domínio aplicável = classes substantivas de arborização; Saltado fica fora.
E01,Circulação da via,Domicílios,3509502026,V05001,"Caminhão, ônibus",9629.0,92.14354066985646,93.93229928787436,NÃO,10450.0,10251.0,Domínio aplicável = categorias substantivas de circulação; Saltado fica fora.
E01,Circulação da via,Domicílios,3509502026,V05002,Carros de passeio ou van,614.0,5.875598086124402,5.989659545410204,NÃO,10450.0,10251.0,Domínio aplicável = categorias substantivas de circulação; Saltado fica fora.
E01,Circulação da via,Domicílios,3509502026,V05003,"Pedestres, bicicletas e motocicletas",8.0,0.07655502392344497,0.0780411667154424,NÃO,10450.0,10251.0,Domínio aplicável = categorias substantivas de circulação; Saltado fica fora.
E01,Circulação da via,Domicílios,3509502026,V05004,Aquavia,0.0,0.0,0.0,NÃO,10450.0,10251.0,Domínio aplicável = categorias substantivas de circulação; Saltado fica fora.
E01,Circulação da via,Domicílios,3509502026,V05005,Saltado,199.0,1.9043062200956937,,SIM,10450.0,10251.0,Domínio aplicável = categorias substantivas de circulação; Saltado fica fora.
E01,Circulação da via,Moradores,3509502026,V05201,"Caminhão, ônibus",26641.0,91.94477998274374,93.82285613664378,NÃO,28975.0,28395.0,Domínio aplicável = categorias substantivas de circulação; Saltado fica fora.
E01,Circulação da via,Moradores,3509502026,V05202,Carros de passeio ou van,1727.0,5.960310612597067,6.082056700123261,NÃO,28975.0,28395.0,Domínio aplicável = categorias substantivas de circulação; Saltado fica fora.
E01,Circulação da via,Moradores,3509502026,V05203,"Pedestres, bicicletas e motocicletas",27.0,0.09318377911993098,0.09508716323296355,NÃO,28975.0,28395.0,Domínio aplicável = categorias substantivas de circulação; Saltado fica fora.
E01,Circulação da via,Moradores,3509502026,V05204,Aquavia,0.0,0.0,0.0,NÃO,28975.0,28395.0,Domínio aplicável = categorias substantivas de circulação; Saltado fica fora.
E01,Circulação da via,Moradores,3509502026,V05205,Saltado,580.0,2.001725625539258,,SIM,28975.0,28395.0,Domínio aplicável = categorias substantivas de circulação; Saltado fica fora.
E01,Circulação da via,Faces,3509502026,V05401,"Caminhão, ônibus",1059.0,90.90128755364807,92.16710182767625,NÃO,1165.0,1149.0,Domínio aplicável = categorias substantivas de circulação; Saltado fica fora.
E01,Circulação da via,Faces,3509502026,V05402,Carros de passeio ou van,78.0,6.695278969957082,6.7885117493472595,NÃO,1165.0,1149.0,Domínio aplicável = categorias substantivas de circulação; Saltado fica fora.
E01,Circulação da via,Faces,3509502026,V05403,"Pedestres, bicicletas e motocicletas",12.0,1.0300429184549356,1.0443864229765014,NÃO,1165.0,1149.0,Domínio aplicável = categorias substantivas de circulação; Saltado fica fora.
E01,Circulação da via,Faces,3509502026,V05404,Aquavia,0.0,0.0,0.0,NÃO,1165.0,1149.0,Domínio aplicável = categorias substantivas de circulação; Saltado fica fora.
E01,Circulação da via,Faces,3509502026,V05405,Saltado,16.0,1.3733905579399142,,SIM,1165.0,1149.0,Domínio aplicável = categorias substantivas de circulação; Saltado fica fora.
E02,Pavimentação,Domicílios,3509502026,V05006,Sim,9617.0,92.02870813397129,93.81523753780118,NÃO,10450.0,10251.0,Domínio aplicável = Sim + Não; Não declarado coincide com circulação Aquavia + Saltado.
E02,Pavimentação,Domicílios,3509502026,V05007,Não,634.0,6.0669856459330145,6.18476246219881,NÃO,10450.0,10251.0,Domínio aplicável = Sim + Não; Não declarado coincide com circulação Aquavia + Saltado.
E02,Pavimentação,Domicílios,3509502026,V05008,Não declarado,199.0,1.9043062200956937,,SIM,10450.0,10251.0,Domínio aplicável = Sim + Não; Não declarado coincide com circulação Aquavia + Saltado.
E02,Pavimentação,Moradores,3509502026,V05206,Sim,26518.0,91.52027610008628,93.38968128191583,NÃO,28975.0,28395.0,Domínio aplicável = Sim + Não; Não declarado coincide com circulação Aquavia + Saltado.
E02,Pavimentação,Moradores,3509502026,V05207,Não,1877.0,6.47799827437446,6.610318718084169,NÃO,28975.0,28395.0,Domínio aplicável = Sim + Não; Não declarado coincide com circulação Aquavia + Saltado.
E02,Pavimentação,Moradores,3509502026,V05208,Não declarado,580.0,2.001725625539258,,SIM,28975.0,28395.0,Domínio aplicável = Sim + Não; Não declarado coincide com circulação Aquavia + Saltado.
E02,Pavimentação,Faces,3509502026,V05406,Sim,1014.0,87.03862660944206,88.25065274151436,NÃO,1165.0,1149.0,Domínio aplicável = Sim + Não; Não declarado coincide com circulação Aquavia + Saltado.
E02,Pavimentação,Faces,3509502026,V05407,Não,135.0,11.587982832618025,11.74934725848564,NÃO,1165.0,1149.0,Domínio aplicável = Sim + Não; Não declarado coincide com circulação Aquavia + Saltado.
E02,Pavimentação,Faces,3509502026,V05408,Não declarado,16.0,1.3733905579399142,,SIM,1165.0,1149.0,Domínio aplicável = Sim + Não; Não declarado coincide com circulação Aquavia + Saltado.
E03,Bueiro / boca de lobo,Domicílios,3509502026,V05009,Sim,7397.0,70.7846889952153,72.15881377426592,NÃO,10450.0,10251.0,Domínio aplicável = Sim + Não; Não declarado coincide com circulação Aquavia + Saltado.
E03,Bueiro / boca de lobo,Domicílios,3509502026,V05010,Não,2854.0,27.311004784688997,27.841186225734077,NÃO,10450.0,10251.0,Domínio aplicável = Sim + Não; Não declarado coincide com circulação Aquavia + Saltado.
E03,Bueiro / boca de lobo,Domicílios,3509502026,V05011,Não declarado,199.0,1.9043062200956937,,SIM,10450.0,10251.0,Domínio aplicável = Sim + Não; Não declarado coincide com circulação Aquavia + Saltado.
E03,Bueiro / boca de lobo,Moradores,3509502026,V05209,Sim,20442.0,70.5504745470233,71.99154780771264,NÃO,28975.0,28395.0,Domínio aplicável = Sim + Não; Não declarado coincide com circulação Aquavia + Saltado.
E03,Bueiro / boca de lobo,Moradores,3509502026,V05210,Não,7953.0,27.447799827437446,28.008452192287375,NÃO,28975.0,28395.0,Domínio aplicável = Sim + Não; Não declarado coincide com circulação Aquavia + Saltado.
E03,Bueiro / boca de lobo,Moradores,3509502026,V05211,Não declarado,580.0,2.001725625539258,,SIM,28975.0,28395.0,Domínio aplicável = Sim + Não; Não declarado coincide com circulação Aquavia + Saltado.
E03,Bueiro / boca de lobo,Faces,3509502026,V05409,Sim,805.0,69.09871244635193,70.0609225413403,NÃO,1165.0,1149.0,Domínio aplicável = Sim + Não; Não declarado coincide com circulação Aquavia + Saltado.
E03,Bueiro / boca de lobo,Faces,3509502026,V05410,Não,344.0,29.527896995708154,29.939077458659703,NÃO,1165.0,1149.0,Domínio aplicável = Sim + Não; Não declarado coincide com circulação Aquavia + Saltado.
E03,Bueiro / boca de lobo,Faces,3509502026,V05411,Não declarado,16.0,1.3733905579399142,,SIM,1165.0,1149.0,Domínio aplicável = Sim + Não; Não declarado coincide com circulação Aquavia + Saltado.
E04,Iluminação pública,Domicílios,3509502026,V05012,Sim,9905.0,94.78468899521532,96.62471953955712,NÃO,10450.0,10251.0,Domínio aplicável = Sim + Não; Não declarado coincide com circulação Aquavia + Saltado.
E04,Iluminação pública,Domicílios,3509502026,V05013,Não,346.0,3.311004784688995,3.375280460442884,NÃO,10450.0,10251.0,Domínio aplicável = Sim + Não; Não declarado coincide com circulação Aquavia + Saltado.
E04,Iluminação pública,Domicílios,3509502026,V05014,Não declarado,199.0,1.9043062200956937,,SIM,10450.0,10251.0,Domínio aplicável = Sim + Não; Não declarado coincide com circulação Aquavia + Saltado.
E04,Iluminação pública,Moradores,3509502026,V05212,Sim,27410.0,94.59879206212251,96.53107941539002,NÃO,28975.0,28395.0,Domínio aplicável = Sim + Não; Não declarado coincide com circulação Aquavia + Saltado.
E04,Iluminação pública,Moradores,3509502026,V05213,Não,985.0,3.3994823123382227,3.4689205846099664,NÃO,28975.0,28395.0,Domínio aplicável = Sim + Não; Não declarado coincide com circulação Aquavia + Saltado.
E04,Iluminação pública,Moradores,3509502026,V05214,Não declarado,580.0,2.001725625539258,,SIM,28975.0,28395.0,Domínio aplicável = Sim + Não; Não declarado coincide com circulação Aquavia + Saltado.
E04,Iluminação pública,Faces,3509502026,V05412,Sim,1093.0,93.81974248927038,95.12619669277633,NÃO,1165.0,1149.0,Domínio aplicável = Sim + Não; Não declarado coincide com circulação Aquavia + Saltado.
E04,Iluminação pública,Faces,3509502026,V05413,Não,56.0,4.8068669527897,4.873803307223673,NÃO,1165.0,1149.0,Domínio aplicável = Sim + Não; Não declarado coincide com circulação Aquavia + Saltado.
E04,Iluminação pública,Faces,3509502026,V05414,Não declarado,16.0,1.3733905579399142,,SIM,1165.0,1149.0,Domínio aplicável = Sim + Não; Não declarado coincide com circulação Aquavia + Saltado.
E05,Ponto de ônibus,Domicílios,3509502026,V05015,Sim,2103.0,20.124401913875598,20.51507170032192,NÃO,10450.0,10251.0,Domínio aplicável = Sim + Não; Não declarado coincide com circulação Aquavia + Saltado.
E05,Ponto de ônibus,Domicílios,3509502026,V05016,Não,8148.0,77.97129186602871,79.48492829967807,NÃO,10450.0,10251.0,Domínio aplicável = Sim + Não; Não declarado coincide com circulação Aquavia + Saltado.
E05,Ponto de ônibus,Domicílios,3509502026,V05017,Não declarado,199.0,1.9043062200956937,,SIM,10450.0,10251.0,Domínio aplicável = Sim + Não; Não declarado coincide com circulação Aquavia + Saltado.
E05,Ponto de ônibus,Moradores,3509502026,V05215,Sim,5648.0,19.49266609145815,19.890825849621415,NÃO,28975.0,28395.0,Domínio aplicável = Sim + Não; Não declarado coincide com circulação Aquavia + Saltado.
E05,Ponto de ônibus,Moradores,3509502026,V05216,Não,22747.0,78.50560828300259,80.10917415037859,NÃO,28975.0,28395.0,Domínio aplicável = Sim + Não; Não declarado coincide com circulação Aquavia + Saltado.
E05,Ponto de ônibus,Moradores,3509502026,V05217,Não declarado,580.0,2.001725625539258,,SIM,28975.0,28395.0,Domínio aplicável = Sim + Não; Não declarado coincide com circulação Aquavia + Saltado.
E05,Ponto de ônibus,Faces,3509502026,V05415,Sim,184.0,15.793991416309014,16.013925152306356,NÃO,1165.0,1149.0,Domínio aplicável = Sim + Não; Não declarado coincide com circulação Aquavia + Saltado.
E05,Ponto de ônibus,Faces,3509502026,V05416,Não,965.0,82.83261802575107,83.98607484769364,NÃO,1165.0,1149.0,Domínio aplicável = Sim + Não; Não declarado coincide com circulação Aquavia + Saltado.
E05,Ponto de ônibus,Faces,3509502026,V05417,Não declarado,16.0,1.3733905579399142,,SIM,1165.0,1149.0,Domínio aplicável = Sim + Não; Não declarado coincide com circulação Aquavia + Saltado.
E06,Via sinalizada para bicicleta,Domicílios,3509502026,V05018,Sim,50.0,0.4784688995215311,0.48775729197151496,NÃO,10450.0,10251.0,Domínio aplicável = Sim + Não; Não declarado coincide com circulação Aquavia + Saltado.
E06,Via sinalizada para bicicleta,Domicílios,3509502026,V05019,Não,10201.0,97.61722488038278,99.51224270802848,NÃO,10450.0,10251.0,Domínio aplicável = Sim + Não; Não declarado coincide com circulação Aquavia + Saltado.
E06,Via sinalizada para bicicleta,Domicílios,3509502026,V05020,Não declarado,199.0,1.9043062200956937,,SIM,10450.0,10251.0,Domínio aplicável = Sim + Não; Não declarado coincide com circulação Aquavia + Saltado.
E06,Via sinalizada para bicicleta,Moradores,3509502026,V05218,Sim,143.0,0.4935289042277826,0.5036097904560662,NÃO,28975.0,28395.0,Domínio aplicável = Sim + Não; Não declarado coincide com circulação Aquavia + Saltado.
E06,Via sinalizada para bicicleta,Moradores,3509502026,V05219,Não,28252.0,97.50474547023296,99.49639020954393,NÃO,28975.0,28395.0,Domínio aplicável = Sim + Não; Não declarado coincide com circulação Aquavia + Saltado.
E06,Via sinalizada para bicicleta,Moradores,3509502026,V05220,Não declarado,580.0,2.001725625539258,,SIM,28975.0,28395.0,Domínio aplicável = Sim + Não; Não declarado coincide com circulação Aquavia + Saltado.
E06,Via sinalizada para bicicleta,Faces,3509502026,V05418,Sim,4.0,0.34334763948497854,0.34812880765883375,NÃO,1165.0,1149.0,Domínio aplicável = Sim + Não; Não declarado coincide com circulação Aquavia + Saltado.
E06,Via sinalizada para bicicleta,Faces,3509502026,V05419,Não,1145.0,98.28326180257511,99.65187119234116,NÃO,1165.0,1149.0,Domínio aplicável = Sim + Não; Não declarado coincide com circulação Aquavia + Saltado.
E06,Via sinalizada para bicicleta,Faces,3509502026,V05420,Não declarado,16.0,1.3733905579399142,,SIM,1165.0,1149.0,Domínio aplicável = Sim + Não; Não declarado coincide com circulação Aquavia + Saltado.
E07,Calçada,Domicílios,3509502026,V05021,Sim,9305.0,89.04306220095694,90.77163203589895,NÃO,10450.0,10251.0,Domínio aplicável = Sim + Não; Não declarado coincide com circulação Aquavia + Saltado.
E07,Calçada,Domicílios,3509502026,V05022,Não,946.0,9.05263157894737,9.228367964101063,NÃO,10450.0,10251.0,Domínio aplicável = Sim + Não; Não declarado coincide com circulação Aquavia + Saltado.
E07,Calçada,Domicílios,3509502026,V05023,Não declarado,199.0,1.9043062200956937,,SIM,10450.0,10251.0,Domínio aplicável = Sim + Não; Não declarado coincide com circulação Aquavia + Saltado.
E07,Calçada,Moradores,3509502026,V05221,Sim,25663.0,88.56945642795513,90.37858777953865,NÃO,28975.0,28395.0,Domínio aplicável = Sim + Não; Não declarado coincide com circulação Aquavia + Saltado.
E07,Calçada,Moradores,3509502026,V05222,Não,2732.0,9.428817946505607,9.62141222046135,NÃO,28975.0,28395.0,Domínio aplicável = Sim + Não; Não declarado coincide com circulação Aquavia + Saltado.
E07,Calçada,Moradores,3509502026,V05223,Não declarado,580.0,2.001725625539258,,SIM,28975.0,28395.0,Domínio aplicável = Sim + Não; Não declarado coincide com circulação Aquavia + Saltado.
E07,Calçada,Faces,3509502026,V05421,Sim,951.0,81.63090128755364,82.76762402088774,NÃO,1165.0,1149.0,Domínio aplicável = Sim + Não; Não declarado coincide com circulação Aquavia + Saltado.
E07,Calçada,Faces,3509502026,V05422,Não,198.0,16.995708154506435,17.232375979112273,NÃO,1165.0,1149.0,Domínio aplicável = Sim + Não; Não declarado coincide com circulação Aquavia + Saltado.
E07,Calçada,Faces,3509502026,V05423,Não declarado,16.0,1.3733905579399142,,SIM,1165.0,1149.0,Domínio aplicável = Sim + Não; Não declarado coincide com circulação Aquavia + Saltado.
E08,Obstáculo na calçada,Domicílios,3509502026,V05024,Sim,4843.0,46.344497607655505,52.04728640515852,NÃO,10450.0,9305.0,Domínio aplicável = Sim + Não; Não declarado coincide com ausência/não aplicação de calçada.
E08,Obstáculo na calçada,Domicílios,3509502026,V05025,Não,4462.0,42.698564593301434,47.952713594841484,NÃO,10450.0,9305.0,Domínio aplicável = Sim + Não; Não declarado coincide com ausência/não aplicação de calçada.
E08,Obstáculo na calçada,Domicílios,3509502026,V05026,Não declarado,1145.0,10.956937799043063,,SIM,10450.0,9305.0,Domínio aplicável = Sim + Não; Não declarado coincide com ausência/não aplicação de calçada.
E08,Obstáculo na calçada,Moradores,3509502026,V05224,Sim,13328.0,45.99827437446074,51.934691968982584,NÃO,28975.0,25663.0,Domínio aplicável = Sim + Não; Não declarado coincide com ausência/não aplicação de calçada.
E08,Obstáculo na calçada,Moradores,3509502026,V05225,Não,12335.0,42.5711820534944,48.065308031017416,NÃO,28975.0,25663.0,Domínio aplicável = Sim + Não; Não declarado coincide com ausência/não aplicação de calçada.
E08,Obstáculo na calçada,Moradores,3509502026,V05226,Não declarado,3312.0,11.430543572044865,,SIM,28975.0,25663.0,Domínio aplicável = Sim + Não; Não declarado coincide com ausência/não aplicação de calçada.
E08,Obstáculo na calçada,Faces,3509502026,V05424,Sim,415.0,35.622317596566525,43.63827549947424,NÃO,1165.0,951.0,Domínio aplicável = Sim + Não; Não declarado coincide com ausência/não aplicação de calçada.
E08,Obstáculo na calçada,Faces,3509502026,V05425,Não,536.0,46.00858369098712,56.36172450052577,NÃO,1165.0,951.0,Domínio aplicável = Sim + Não; Não declarado coincide com ausência/não aplicação de calçada.
E08,Obstáculo na calçada,Faces,3509502026,V05426,Não declarado,214.0,18.369098712446352,,SIM,1165.0,951.0,Domínio aplicável = Sim + Não; Não declarado coincide com ausência/não aplicação de calçada.
E09,Rampa para cadeirante,Domicílios,3509502026,V05027,Sim,1080.0,10.334928229665072,11.606663084363246,NÃO,10450.0,9305.0,Domínio aplicável = Sim + Não; Não declarado coincide com ausência/não aplicação de calçada.
E09,Rampa para cadeirante,Domicílios,3509502026,V05028,Não,8225.0,78.70813397129187,88.39333691563675,NÃO,10450.0,9305.0,Domínio aplicável = Sim + Não; Não declarado coincide com ausência/não aplicação de calçada.
E09,Rampa para cadeirante,Domicílios,3509502026,V05029,Não declarado,1145.0,10.956937799043063,,SIM,10450.0,9305.0,Domínio aplicável = Sim + Não; Não declarado coincide com ausência/não aplicação de calçada.
E09,Rampa para cadeirante,Moradores,3509502026,V05227,Sim,2894.0,9.987920621225193,11.276935666134124,NÃO,28975.0,25663.0,Domínio aplicável = Sim + Não; Não declarado coincide com ausência/não aplicação de calçada.
E09,Rampa para cadeirante,Moradores,3509502026,V05228,Não,22769.0,78.58153580672995,88.72306433386588,NÃO,28975.0,25663.0,Domínio aplicável = Sim + Não; Não declarado coincide com ausência/não aplicação de calçada.
E09,Rampa para cadeirante,Moradores,3509502026,V05229,Não declarado,3312.0,11.430543572044865,,SIM,28975.0,25663.0,Domínio aplicável = Sim + Não; Não declarado coincide com ausência/não aplicação de calçada.
E09,Rampa para cadeirante,Faces,3509502026,V05427,Sim,52.0,4.463519313304721,5.467928496319663,NÃO,1165.0,951.0,Domínio aplicável = Sim + Não; Não declarado coincide com ausência/não aplicação de calçada.
E09,Rampa para cadeirante,Faces,3509502026,V05428,Não,899.0,77.16738197424893,94.53207150368034,NÃO,1165.0,951.0,Domínio aplicável = Sim + Não; Não declarado coincide com ausência/não aplicação de calçada.
E09,Rampa para cadeirante,Faces,3509502026,V05429,Não declarado,214.0,18.369098712446352,,SIM,1165.0,951.0,Domínio aplicável = Sim + Não; Não declarado coincide com ausência/não aplicação de calçada.
E10,Arborização,Domicílios,3509502026,V05030,Sem árvores,966.0,9.24401913875598,9.423470880889669,NÃO,10450.0,10251.0,Domínio aplicável = classes substantivas de arborização; Saltado fica fora.
E10,Arborização,Domicílios,3509502026,V05031,1 a 2 árvores,2339.0,22.382775119617225,22.81728611842747,NÃO,10450.0,10251.0,Domínio aplicável = classes substantivas de arborização; Saltado fica fora.
E10,Arborização,Domicílios,3509502026,V05032,3 a 4 árvores,2195.0,21.004784688995215,21.41254511754951,NÃO,10450.0,10251.0,Domínio aplicável = classes substantivas de arborização; Saltado fica fora.
E10,Arborização,Domicílios,3509502026,V05033,5 ou mais árvores,4751.0,45.464114832535884,46.34669788313335,NÃO,10450.0,10251.0,Domínio aplicável = classes substantivas de arborização; Saltado fica fora.
E10,Arborização,Domicílios,3509502026,V05034,Saltado,199.0,1.9043062200956937,,SIM,10450.0,10251.0,Domínio aplicável = classes substantivas de arborização; Saltado fica fora.
E10,Arborização,Moradores,3509502026,V05230,Sem árvores,2782.0,9.601380500431407,9.79749955978165,NÃO,28975.0,28395.0,Domínio aplicável = classes substantivas de arborização; Saltado fica fora.
E10,Arborização,Moradores,3509502026,V05231,1 a 2 árvores,6304.0,21.756686798964626,22.201091741503788,NÃO,28975.0,28395.0,Domínio aplicável = classes substantivas de arborização; Saltado fica fora.
E10,Arborização,Moradores,3509502026,V05232,3 a 4 árvores,6066.0,20.935289042277827,21.362916006339145,NÃO,28975.0,28395.0,Domínio aplicável = classes substantivas de arborização; Saltado fica fora.
E10,Arborização,Moradores,3509502026,V05233,5 ou mais árvores,13243.0,45.704918032786885,46.638492692375415,NÃO,28975.0,28395.0,Domínio aplicável = classes substantivas de arborização; Saltado fica fora.
E10,Arborização,Moradores,3509502026,V05234,Saltado,580.0,2.001725625539258,,SIM,28975.0,28395.0,Domínio aplicável = classes substantivas de arborização; Saltado fica fora.
E10,Arborização,Faces,3509502026,V05430,Sem árvores,277.0,23.776824034334766,24.107919930374237,NÃO,1165.0,1149.0,Domínio aplicável = classes substantivas de arborização; Saltado fica fora.
E10,Arborização,Faces,3509502026,V05431,1 a 2 árvores,284.0,24.377682403433475,24.717145343777197,NÃO,1165.0,1149.0,Domínio aplicável = classes substantivas de arborização; Saltado fica fora.
E10,Arborização,Faces,3509502026,V05432,3 a 4 árvores,210.0,18.025751072961373,18.27676240208877,NÃO,1165.0,1149.0,Domínio aplicável = classes substantivas de arborização; Saltado fica fora.
E10,Arborização,Faces,3509502026,V05433,5 ou mais árvores,378.0,32.44635193133047,32.89817232375979,NÃO,1165.0,1149.0,Domínio aplicável = classes substantivas de arborização; Saltado fica fora.
E10,Arborização,Faces,3509502026,V05434,Saltado,16.0,1.3733905579399142,,SIM,1165.0,1149.0,Domínio aplicável = classes substantivas de arborização; Saltado fica fora.
E01,Circulação da via,Domicílios,3509502027,V05001,"Caminhão, ônibus",12784.0,98.63436463235861,98.71052428383908,NÃO,12961.0,12951.0,Domínio aplicável = categorias substantivas de circulação; Saltado fica fora.
E01,Circulação da via,Domicílios,3509502027,V05002,Carros de passeio ou van,165.0,1.2730499189877325,1.2740328932128793,NÃO,12961.0,12951.0,Domínio aplicável = categorias substantivas de circulação; Saltado fica fora.
E01,Circulação da via,Domicílios,3509502027,V05003,"Pedestres, bicicletas e motocicletas",2.0,0.015430908108942211,0.015442822948034899,NÃO,12961.0,12951.0,Domínio aplicável = categorias substantivas de circulação; Saltado fica fora.
E01,Circulação da via,Domicílios,3509502027,V05004,Aquavia,0.0,0.0,0.0,NÃO,12961.0,12951.0,Domínio aplicável = categorias substantivas de circulação; Saltado fica fora.
E01,Circulação da via,Domicílios,3509502027,V05005,Saltado,10.0,0.07715454054471106,,SIM,12961.0,12951.0,Domínio aplicável = categorias substantivas de circulação; Saltado fica fora.
E01,Circulação da via,Moradores,3509502027,V05201,"Caminhão, ônibus",37562.0,98.63970588235294,98.7226661059714,NÃO,38080.0,38048.0,Domínio aplicável = categorias substantivas de circulação; Saltado fica fora.
E01,Circulação da via,Moradores,3509502027,V05202,Carros de passeio ou van,483.0,1.2683823529411764,1.2694491169049622,NÃO,38080.0,38048.0,Domínio aplicável = categorias substantivas de circulação; Saltado fica fora.
E01,Circulação da via,Moradores,3509502027,V05203,"Pedestres, bicicletas e motocicletas",3.0,0.007878151260504201,0.007884777123633306,NÃO,38080.0,38048.0,Domínio aplicável = categorias substantivas de circulação; Saltado fica fora.
E01,Circulação da via,Moradores,3509502027,V05204,Aquavia,0.0,0.0,0.0,NÃO,38080.0,38048.0,Domínio aplicável = categorias substantivas de circulação; Saltado fica fora.
E01,Circulação da via,Moradores,3509502027,V05205,Saltado,32.0,0.08403361344537816,,SIM,38080.0,38048.0,Domínio aplicável = categorias substantivas de circulação; Saltado fica fora.
E01,Circulação da via,Faces,3509502027,V05401,"Caminhão, ônibus",1583.0,96.17253948967192,97.41538461538461,NÃO,1646.0,1625.0,Domínio aplicável = categorias substantivas de circulação; Saltado fica fora.
E01,Circulação da via,Faces,3509502027,V05402,Carros de passeio ou van,32.0,1.9441069258809234,1.9692307692307693,NÃO,1646.0,1625.0,Domínio aplicável = categorias substantivas de circulação; Saltado fica fora.
E01,Circulação da via,Faces,3509502027,V05403,"Pedestres, bicicletas e motocicletas",10.0,0.6075334143377886,0.6153846153846154,NÃO,1646.0,1625.0,Domínio aplicável = categorias substantivas de circulação; Saltado fica fora.
E01,Circulação da via,Faces,3509502027,V05404,Aquavia,0.0,0.0,0.0,NÃO,1646.0,1625.0,Domínio aplicável = categorias substantivas de circulação; Saltado fica fora.
E01,Circulação da via,Faces,3509502027,V05405,Saltado,21.0,1.275820170109356,,SIM,1646.0,1625.0,Domínio aplicável = categorias substantivas de circulação; Saltado fica fora.
E02,Pavimentação,Domicílios,3509502027,V05006,Sim,12280.0,94.74577578890518,94.8189329009343,NÃO,12961.0,12951.0,Domínio aplicável = Sim + Não; Não declarado coincide com circulação Aquavia + Saltado.
E02,Pavimentação,Domicílios,3509502027,V05007,Não,671.0,5.177069670550112,5.181067099065709,NÃO,12961.0,12951.0,Domínio aplicável = Sim + Não; Não declarado coincide com circulação Aquavia + Saltado.
E02,Pavimentação,Domicílios,3509502027,V05008,Não declarado,10.0,0.07715454054471106,,SIM,12961.0,12951.0,Domínio aplicável = Sim + Não; Não declarado coincide com circulação Aquavia + Saltado.
E02,Pavimentação,Moradores,3509502027,V05206,Sim,35996.0,94.52731092436974,94.60681244743482,NÃO,38080.0,38048.0,Domínio aplicável = Sim + Não; Não declarado coincide com circulação Aquavia + Saltado.
E02,Pavimentação,Moradores,3509502027,V05207,Não,2052.0,5.388655462184874,5.393187552565181,NÃO,38080.0,38048.0,Domínio aplicável = Sim + Não; Não declarado coincide com circulação Aquavia + Saltado.
E02,Pavimentação,Moradores,3509502027,V05208,Não declarado,32.0,0.08403361344537816,,SIM,38080.0,38048.0,Domínio aplicável = Sim + Não; Não declarado coincide com circulação Aquavia + Saltado.
E02,Pavimentação,Faces,3509502027,V05406,Sim,1495.0,90.82624544349939,92.0,NÃO,1646.0,1625.0,Domínio aplicável = Sim + Não; Não declarado coincide com circulação Aquavia + Saltado.
E02,Pavimentação,Faces,3509502027,V05407,Não,130.0,7.897934386391252,8.0,NÃO,1646.0,1625.0,Domínio aplicável = Sim + Não; Não declarado coincide com circulação Aquavia + Saltado.
E02,Pavimentação,Faces,3509502027,V05408,Não declarado,21.0,1.275820170109356,,SIM,1646.0,1625.0,Domínio aplicável = Sim + Não; Não declarado coincide com circulação Aquavia + Saltado.
E03,Bueiro / boca de lobo,Domicílios,3509502027,V05009,Sim,11434.0,88.21850165882262,88.28661879391552,NÃO,12961.0,12951.0,Domínio aplicável = Sim + Não; Não declarado coincide com circulação Aquavia + Saltado.
E03,Bueiro / boca de lobo,Domicílios,3509502027,V05010,Não,1517.0,11.704343800632667,11.713381206084472,NÃO,12961.0,12951.0,Domínio aplicável = Sim + Não; Não declarado coincide com circulação Aquavia + Saltado.
E03,Bueiro / boca de lobo,Domicílios,3509502027,V05011,Não declarado,10.0,0.07715454054471106,,SIM,12961.0,12951.0,Domínio aplicável = Sim + Não; Não declarado coincide com circulação Aquavia + Saltado.
E03,Bueiro / boca de lobo,Moradores,3509502027,V05209,Sim,33484.0,87.93067226890756,88.00462573591254,NÃO,38080.0,38048.0,Domínio aplicável = Sim + Não; Não declarado coincide com circulação Aquavia + Saltado.
E03,Bueiro / boca de lobo,Moradores,3509502027,V05210,Não,4564.0,11.98529411764706,11.995374264087468,NÃO,38080.0,38048.0,Domínio aplicável = Sim + Não; Não declarado coincide com circulação Aquavia + Saltado.
E03,Bueiro / boca de lobo,Moradores,3509502027,V05211,Não declarado,32.0,0.08403361344537816,,SIM,38080.0,38048.0,Domínio aplicável = Sim + Não; Não declarado coincide com circulação Aquavia + Saltado.
E03,Bueiro / boca de lobo,Faces,3509502027,V05409,Sim,1252.0,76.06318347509114,77.04615384615384,NÃO,1646.0,1625.0,Domínio aplicável = Sim + Não; Não declarado coincide com circulação Aquavia + Saltado.
E03,Bueiro / boca de lobo,Faces,3509502027,V05410,Não,373.0,22.660996354799515,22.953846153846154,NÃO,1646.0,1625.0,Domínio aplicável = Sim + Não; Não declarado coincide com circulação Aquavia + Saltado.
E03,Bueiro / boca de lobo,Faces,3509502027,V05411,Não declarado,21.0,1.275820170109356,,SIM,1646.0,1625.0,Domínio aplicável = Sim + Não; Não declarado coincide com circulação Aquavia + Saltado.
E04,Iluminação pública,Domicílios,3509502027,V05012,Sim,12796.0,98.72695008101226,98.8031812215273,NÃO,12961.0,12951.0,Domínio aplicável = Sim + Não; Não declarado coincide com circulação Aquavia + Saltado.
E04,Iluminação pública,Domicílios,3509502027,V05013,Não,155.0,1.1958953784430213,1.196818778472705,NÃO,12961.0,12951.0,Domínio aplicável = Sim + Não; Não declarado coincide com circulação Aquavia + Saltado.
E04,Iluminação pública,Domicílios,3509502027,V05014,Não declarado,10.0,0.07715454054471106,,SIM,12961.0,12951.0,Domínio aplicável = Sim + Não; Não declarado coincide com circulação Aquavia + Saltado.
E04,Iluminação pública,Moradores,3509502027,V05212,Sim,37549.0,98.60556722689076,98.68849873843565,NÃO,38080.0,38048.0,Domínio aplicável = Sim + Não; Não declarado coincide com circulação Aquavia + Saltado.
E04,Iluminação pública,Moradores,3509502027,V05213,Não,499.0,1.3103991596638656,1.3115012615643398,NÃO,38080.0,38048.0,Domínio aplicável = Sim + Não; Não declarado coincide com circulação Aquavia + Saltado.
E04,Iluminação pública,Moradores,3509502027,V05214,Não declarado,32.0,0.08403361344537816,,SIM,38080.0,38048.0,Domínio aplicável = Sim + Não; Não declarado coincide com circulação Aquavia + Saltado.
E04,Iluminação pública,Faces,3509502027,V05412,Sim,1562.0,94.89671931956258,96.12307692307692,NÃO,1646.0,1625.0,Domínio aplicável = Sim + Não; Não declarado coincide com circulação Aquavia + Saltado.
E04,Iluminação pública,Faces,3509502027,V05413,Não,63.0,3.827460510328068,3.876923076923077,NÃO,1646.0,1625.0,Domínio aplicável = Sim + Não; Não declarado coincide com circulação Aquavia + Saltado.
E04,Iluminação pública,Faces,3509502027,V05414,Não declarado,21.0,1.275820170109356,,SIM,1646.0,1625.0,Domínio aplicável = Sim + Não; Não declarado coincide com circulação Aquavia + Saltado.
E05,Ponto de ônibus,Domicílios,3509502027,V05015,Sim,1738.0,13.409459146670782,13.41981314184233,NÃO,12961.0,12951.0,Domínio aplicável = Sim + Não; Não declarado coincide com circulação Aquavia + Saltado.
E05,Ponto de ônibus,Domicílios,3509502027,V05016,Não,11213.0,86.51338631278452,86.58018685815767,NÃO,12961.0,12951.0,Domínio aplicável = Sim + Não; Não declarado coincide com circulação Aquavia + Saltado.
E05,Ponto de ônibus,Domicílios,3509502027,V05017,Não declarado,10.0,0.07715454054471106,,SIM,12961.0,12951.0,Domínio aplicável = Sim + Não; Não declarado coincide com circulação Aquavia + Saltado.
E05,Ponto de ônibus,Moradores,3509502027,V05215,Sim,5017.0,13.174894957983193,13.185975609756099,NÃO,38080.0,38048.0,Domínio aplicável = Sim + Não; Não declarado coincide com circulação Aquavia + Saltado.
E05,Ponto de ônibus,Moradores,3509502027,V05216,Não,33031.0,86.74107142857143,86.8140243902439,NÃO,38080.0,38048.0,Domínio aplicável = Sim + Não; Não declarado coincide com circulação Aquavia + Saltado.
E05,Ponto de ônibus,Moradores,3509502027,V05217,Não declarado,32.0,0.08403361344537816,,SIM,38080.0,38048.0,Domínio aplicável = Sim + Não; Não declarado coincide com circulação Aquavia + Saltado.
E05,Ponto de ônibus,Faces,3509502027,V05415,Sim,289.0,17.55771567436209,17.784615384615385,NÃO,1646.0,1625.0,Domínio aplicável = Sim + Não; Não declarado coincide com circulação Aquavia + Saltado.
E05,Ponto de ônibus,Faces,3509502027,V05416,Não,1336.0,81.16646415552854,82.21538461538461,NÃO,1646.0,1625.0,Domínio aplicável = Sim + Não; Não declarado coincide com circulação Aquavia + Saltado.
E05,Ponto de ônibus,Faces,3509502027,V05417,Não declarado,21.0,1.275820170109356,,SIM,1646.0,1625.0,Domínio aplicável = Sim + Não; Não declarado coincide com circulação Aquavia + Saltado.
E06,Via sinalizada para bicicleta,Domicílios,3509502027,V05018,Sim,68.0,0.5246508757040352,0.5250559802331866,NÃO,12961.0,12951.0,Domínio aplicável = Sim + Não; Não declarado coincide com circulação Aquavia + Saltado.
E06,Via sinalizada para bicicleta,Domicílios,3509502027,V05019,Não,12883.0,99.39819458375125,99.47494401976681,NÃO,12961.0,12951.0,Domínio aplicável = Sim + Não; Não declarado coincide com circulação Aquavia + Saltado.
E06,Via sinalizada para bicicleta,Domicílios,3509502027,V05020,Não declarado,10.0,0.07715454054471106,,SIM,12961.0,12951.0,Domínio aplicável = Sim + Não; Não declarado coincide com circulação Aquavia + Saltado.
E06,Via sinalizada para bicicleta,Moradores,3509502027,V05218,Sim,229.0,0.6013655462184875,0.6018713204373423,NÃO,38080.0,38048.0,Domínio aplicável = Sim + Não; Não declarado coincide com circulação Aquavia + Saltado.
E06,Via sinalizada para bicicleta,Moradores,3509502027,V05219,Não,37819.0,99.31460084033613,99.39812867956266,NÃO,38080.0,38048.0,Domínio aplicável = Sim + Não; Não declarado coincide com circulação Aquavia + Saltado.
E06,Via sinalizada para bicicleta,Moradores,3509502027,V05220,Não declarado,32.0,0.08403361344537816,,SIM,38080.0,38048.0,Domínio aplicável = Sim + Não; Não declarado coincide com circulação Aquavia + Saltado.
E06,Via sinalizada para bicicleta,Faces,3509502027,V05418,Sim,9.0,0.5467800729040098,0.5538461538461538,NÃO,1646.0,1625.0,Domínio aplicável = Sim + Não; Não declarado coincide com circulação Aquavia + Saltado.
E06,Via sinalizada para bicicleta,Faces,3509502027,V05419,Não,1616.0,98.17739975698665,99.44615384615385,NÃO,1646.0,1625.0,Domínio aplicável = Sim + Não; Não declarado coincide com circulação Aquavia + Saltado.
E06,Via sinalizada para bicicleta,Faces,3509502027,V05420,Não declarado,21.0,1.275820170109356,,SIM,1646.0,1625.0,Domínio aplicável = Sim + Não; Não declarado coincide com circulação Aquavia + Saltado.
E07,Calçada,Domicílios,3509502027,V05021,Sim,12231.0,94.36771854023608,94.44058373870745,NÃO,12961.0,12951.0,Domínio aplicável = Sim + Não; Não declarado coincide com circulação Aquavia + Saltado.
E07,Calçada,Domicílios,3509502027,V05022,Não,720.0,5.555126919219195,5.559416261292564,NÃO,12961.0,12951.0,Domínio aplicável = Sim + Não; Não declarado coincide com circulação Aquavia + Saltado.
E07,Calçada,Domicílios,3509502027,V05023,Não declarado,10.0,0.07715454054471106,,SIM,12961.0,12951.0,Domínio aplicável = Sim + Não; Não declarado coincide com circulação Aquavia + Saltado.
E07,Calçada,Moradores,3509502027,V05221,Sim,35869.0,94.19380252100841,94.27302354920101,NÃO,38080.0,38048.0,Domínio aplicável = Sim + Não; Não declarado coincide com circulação Aquavia + Saltado.
E07,Calçada,Moradores,3509502027,V05222,Não,2179.0,5.722163865546218,5.726976450798991,NÃO,38080.0,38048.0,Domínio aplicável = Sim + Não; Não declarado coincide com circulação Aquavia + Saltado.
E07,Calçada,Moradores,3509502027,V05223,Não declarado,32.0,0.08403361344537816,,SIM,38080.0,38048.0,Domínio aplicável = Sim + Não; Não declarado coincide com circulação Aquavia + Saltado.
E07,Calçada,Faces,3509502027,V05421,Sim,1403.0,85.23693803159173,86.33846153846154,NÃO,1646.0,1625.0,Domínio aplicável = Sim + Não; Não declarado coincide com circulação Aquavia + Saltado.
E07,Calçada,Faces,3509502027,V05422,Não,222.0,13.487241798298907,13.661538461538461,NÃO,1646.0,1625.0,Domínio aplicável = Sim + Não; Não declarado coincide com circulação Aquavia + Saltado.
E07,Calçada,Faces,3509502027,V05423,Não declarado,21.0,1.275820170109356,,SIM,1646.0,1625.0,Domínio aplicável = Sim + Não; Não declarado coincide com circulação Aquavia + Saltado.
E08,Obstáculo na calçada,Domicílios,3509502027,V05024,Sim,10073.0,77.71776869068745,82.3563077426212,NÃO,12961.0,12231.0,Domínio aplicável = Sim + Não; Não declarado coincide com ausência/não aplicação de calçada.
E08,Obstáculo na calçada,Domicílios,3509502027,V05025,Não,2158.0,16.649949849548644,17.64369225737879,NÃO,12961.0,12231.0,Domínio aplicável = Sim + Não; Não declarado coincide com ausência/não aplicação de calçada.
E08,Obstáculo na calçada,Domicílios,3509502027,V05026,Não declarado,730.0,5.632281459763907,,SIM,12961.0,12231.0,Domínio aplicável = Sim + Não; Não declarado coincide com ausência/não aplicação de calçada.
E08,Obstáculo na calçada,Moradores,3509502027,V05224,Sim,29968.0,78.69747899159664,83.54846803646603,NÃO,38080.0,35869.0,Domínio aplicável = Sim + Não; Não declarado coincide com ausência/não aplicação de calçada.
E08,Obstáculo na calçada,Moradores,3509502027,V05225,Não,5901.0,15.496323529411764,16.451531963533974,NÃO,38080.0,35869.0,Domínio aplicável = Sim + Não; Não declarado coincide com ausência/não aplicação de calçada.
E08,Obstáculo na calçada,Moradores,3509502027,V05226,Não declarado,2211.0,5.806197478991597,,SIM,38080.0,35869.0,Domínio aplicável = Sim + Não; Não declarado coincide com ausência/não aplicação de calçada.
E08,Obstáculo na calçada,Faces,3509502027,V05424,Sim,961.0,58.38396111786148,68.496079828938,NÃO,1646.0,1403.0,Domínio aplicável = Sim + Não; Não declarado coincide com ausência/não aplicação de calçada.
E08,Obstáculo na calçada,Faces,3509502027,V05425,Não,442.0,26.852976913730252,31.50392017106201,NÃO,1646.0,1403.0,Domínio aplicável = Sim + Não; Não declarado coincide com ausência/não aplicação de calçada.
E08,Obstáculo na calçada,Faces,3509502027,V05426,Não declarado,243.0,14.76306196840826,,SIM,1646.0,1403.0,Domínio aplicável = Sim + Não; Não declarado coincide com ausência/não aplicação de calçada.
E09,Rampa para cadeirante,Domicílios,3509502027,V05027,Sim,3189.0,24.604582979708354,26.07309296051018,NÃO,12961.0,12231.0,Domínio aplicável = Sim + Não; Não declarado coincide com ausência/não aplicação de calçada.
E09,Rampa para cadeirante,Domicílios,3509502027,V05028,Não,9042.0,69.76313556052773,73.92690703948982,NÃO,12961.0,12231.0,Domínio aplicável = Sim + Não; Não declarado coincide com ausência/não aplicação de calçada.
E09,Rampa para cadeirante,Domicílios,3509502027,V05029,Não declarado,730.0,5.632281459763907,,SIM,12961.0,12231.0,Domínio aplicável = Sim + Não; Não declarado coincide com ausência/não aplicação de calçada.
E09,Rampa para cadeirante,Moradores,3509502027,V05227,Sim,9041.0,23.742121848739494,25.20560930051019,NÃO,38080.0,35869.0,Domínio aplicável = Sim + Não; Não declarado coincide com ausência/não aplicação de calçada.
E09,Rampa para cadeirante,Moradores,3509502027,V05228,Não,26828.0,70.4516806722689,74.79439069948981,NÃO,38080.0,35869.0,Domínio aplicável = Sim + Não; Não declarado coincide com ausência/não aplicação de calçada.
E09,Rampa para cadeirante,Moradores,3509502027,V05229,Não declarado,2211.0,5.806197478991597,,SIM,38080.0,35869.0,Domínio aplicável = Sim + Não; Não declarado coincide com ausência/não aplicação de calçada.
E09,Rampa para cadeirante,Faces,3509502027,V05427,Sim,416.0,25.273390036452003,29.650748396293658,NÃO,1646.0,1403.0,Domínio aplicável = Sim + Não; Não declarado coincide com ausência/não aplicação de calçada.
E09,Rampa para cadeirante,Faces,3509502027,V05428,Não,987.0,59.963547995139734,70.34925160370634,NÃO,1646.0,1403.0,Domínio aplicável = Sim + Não; Não declarado coincide com ausência/não aplicação de calçada.
E09,Rampa para cadeirante,Faces,3509502027,V05429,Não declarado,243.0,14.76306196840826,,SIM,1646.0,1403.0,Domínio aplicável = Sim + Não; Não declarado coincide com ausência/não aplicação de calçada.
E10,Arborização,Domicílios,3509502027,V05030,Sem árvores,1121.0,8.649023995062109,8.65570226237356,NÃO,12961.0,12951.0,Domínio aplicável = classes substantivas de arborização; Saltado fica fora.
E10,Arborização,Domicílios,3509502027,V05031,1 a 2 árvores,3574.0,27.57503279067973,27.596324608138367,NÃO,12961.0,12951.0,Domínio aplicável = classes substantivas de arborização; Saltado fica fora.
E10,Arborização,Domicílios,3509502027,V05032,3 a 4 árvores,3652.0,28.17683820692848,28.19859470311173,NÃO,12961.0,12951.0,Domínio aplicável = classes substantivas de arborização; Saltado fica fora.
E10,Arborização,Domicílios,3509502027,V05033,5 ou mais árvores,4604.0,35.52195046678497,35.54937842637634,NÃO,12961.0,12951.0,Domínio aplicável = classes substantivas de arborização; Saltado fica fora.
E10,Arborização,Domicílios,3509502027,V05034,Saltado,10.0,0.07715454054471106,,SIM,12961.0,12951.0,Domínio aplicável = classes substantivas de arborização; Saltado fica fora.
E10,Arborização,Moradores,3509502027,V05230,Sem árvores,3322.0,8.723739495798318,8.73107653490328,NÃO,38080.0,38048.0,Domínio aplicável = classes substantivas de arborização; Saltado fica fora.
E10,Arborização,Moradores,3509502027,V05231,1 a 2 árvores,10651.0,27.970063025210084,27.993587047939446,NÃO,38080.0,38048.0,Domínio aplicável = classes substantivas de arborização; Saltado fica fora.
E10,Arborização,Moradores,3509502027,V05232,3 a 4 árvores,10676.0,28.035714285714285,28.059293523969725,NÃO,38080.0,38048.0,Domínio aplicável = classes substantivas de arborização; Saltado fica fora.
E10,Arborização,Moradores,3509502027,V05233,5 ou mais árvores,13399.0,35.18644957983194,35.216042893187556,NÃO,38080.0,38048.0,Domínio aplicável = classes substantivas de arborização; Saltado fica fora.
E10,Arborização,Moradores,3509502027,V05234,Saltado,32.0,0.08403361344537816,,SIM,38080.0,38048.0,Domínio aplicável = classes substantivas de arborização; Saltado fica fora.
E10,Arborização,Faces,3509502027,V05430,Sem árvores,515.0,31.287970838396113,31.692307692307693,NÃO,1646.0,1625.0,Domínio aplicável = classes substantivas de arborização; Saltado fica fora.
E10,Arborização,Faces,3509502027,V05431,1 a 2 árvores,431.0,26.18469015795869,26.52307692307692,NÃO,1646.0,1625.0,Domínio aplicável = classes substantivas de arborização; Saltado fica fora.
E10,Arborização,Faces,3509502027,V05432,3 a 4 árvores,289.0,17.55771567436209,17.784615384615385,NÃO,1646.0,1625.0,Domínio aplicável = classes substantivas de arborização; Saltado fica fora.
E10,Arborização,Faces,3509502027,V05433,5 ou mais árvores,390.0,23.693803159173754,24.0,NÃO,1646.0,1625.0,Domínio aplicável = classes substantivas de arborização; Saltado fica fora.
E10,Arborização,Faces,3509502027,V05434,Saltado,21.0,1.275820170109356,,SIM,1646.0,1625.0,Domínio aplicável = classes substantivas de arborização; Saltado fica fora.
E01,Circulação da via,Domicílios,3509502028,V05001,"Caminhão, ônibus",8970.0,93.73040752351098,93.81863821775966,NÃO,9570.0,9561.0,Domínio aplicável = categorias substantivas de circulação; Saltado fica fora.
E01,Circulação da via,Domicílios,3509502028,V05002,Carros de passeio ou van,384.0,4.012539184952979,4.016316284907436,NÃO,9570.0,9561.0,Domínio aplicável = categorias substantivas de circulação; Saltado fica fora.
E01,Circulação da via,Domicílios,3509502028,V05003,"Pedestres, bicicletas e motocicletas",207.0,2.1630094043887147,2.165045497332915,NÃO,9570.0,9561.0,Domínio aplicável = categorias substantivas de circulação; Saltado fica fora.
E01,Circulação da via,Domicílios,3509502028,V05004,Aquavia,0.0,0.0,0.0,NÃO,9570.0,9561.0,Domínio aplicável = categorias substantivas de circulação; Saltado fica fora.
E01,Circulação da via,Domicílios,3509502028,V05005,Saltado,9.0,0.09404388714733543,,SIM,9570.0,9561.0,Domínio aplicável = categorias substantivas de circulação; Saltado fica fora.
E01,Circulação da via,Moradores,3509502028,V05201,"Caminhão, ônibus",26257.0,93.4911874666192,93.57114856918855,NÃO,28085.0,28061.0,Domínio aplicável = categorias substantivas de circulação; Saltado fica fora.
E01,Circulação da via,Moradores,3509502028,V05202,Carros de passeio ou van,1218.0,4.336834609222005,4.340543815259613,NÃO,28085.0,28061.0,Domínio aplicável = categorias substantivas de circulação; Saltado fica fora.
E01,Circulação da via,Moradores,3509502028,V05203,"Pedestres, bicicletas e motocicletas",586.0,2.086523055011572,2.0883076155518334,NÃO,28085.0,28061.0,Domínio aplicável = categorias substantivas de circulação; Saltado fica fora.
E01,Circulação da via,Moradores,3509502028,V05204,Aquavia,0.0,0.0,0.0,NÃO,28085.0,28061.0,Domínio aplicável = categorias substantivas de circulação; Saltado fica fora.
E01,Circulação da via,Moradores,3509502028,V05205,Saltado,24.0,0.08545486914723162,,SIM,28085.0,28061.0,Domínio aplicável = categorias substantivas de circulação; Saltado fica fora.
E01,Circulação da via,Faces,3509502028,V05401,"Caminhão, ônibus",1302.0,86.28230616302187,92.1443736730361,NÃO,1509.0,1413.0,Domínio aplicável = categorias substantivas de circulação; Saltado fica fora.
E01,Circulação da via,Faces,3509502028,V05402,Carros de passeio ou van,85.0,5.632869449966865,6.015569709837226,NÃO,1509.0,1413.0,Domínio aplicável = categorias substantivas de circulação; Saltado fica fora.
E01,Circulação da via,Faces,3509502028,V05403,"Pedestres, bicicletas e motocicletas",26.0,1.7229953611663356,1.840056617126681,NÃO,1509.0,1413.0,Domínio aplicável = categorias substantivas de circulação; Saltado fica fora.
E01,Circulação da via,Faces,3509502028,V05404,Aquavia,0.0,0.0,0.0,NÃO,1509.0,1413.0,Domínio aplicável = categorias substantivas de circulação; Saltado fica fora.
E01,Circulação da via,Faces,3509502028,V05405,Saltado,96.0,6.36182902584493,,SIM,1509.0,1413.0,Domínio aplicável = categorias substantivas de circulação; Saltado fica fora.
E02,Pavimentação,Domicílios,3509502028,V05006,Sim,8389.0,87.65935214211076,87.74186800543876,NÃO,9570.0,9561.0,Domínio aplicável = Sim + Não; Não declarado coincide com circulação Aquavia + Saltado.
E02,Pavimentação,Domicílios,3509502028,V05007,Não,1172.0,12.246603970741901,12.25813199456124,NÃO,9570.0,9561.0,Domínio aplicável = Sim + Não; Não declarado coincide com circulação Aquavia + Saltado.
E02,Pavimentação,Domicílios,3509502028,V05008,Não declarado,9.0,0.09404388714733543,,SIM,9570.0,9561.0,Domínio aplicável = Sim + Não; Não declarado coincide com circulação Aquavia + Saltado.
E02,Pavimentação,Moradores,3509502028,V05206,Sim,24414.0,86.92896564002136,87.00331420833184,NÃO,28085.0,28061.0,Domínio aplicável = Sim + Não; Não declarado coincide com circulação Aquavia + Saltado.
E02,Pavimentação,Moradores,3509502028,V05207,Não,3647.0,12.985579490831405,12.996685791668153,NÃO,28085.0,28061.0,Domínio aplicável = Sim + Não; Não declarado coincide com circulação Aquavia + Saltado.
E02,Pavimentação,Moradores,3509502028,V05208,Não declarado,24.0,0.08545486914723162,,SIM,28085.0,28061.0,Domínio aplicável = Sim + Não; Não declarado coincide com circulação Aquavia + Saltado.
E02,Pavimentação,Faces,3509502028,V05406,Sim,1186.0,78.59509609012592,83.93489030431705,NÃO,1509.0,1413.0,Domínio aplicável = Sim + Não; Não declarado coincide com circulação Aquavia + Saltado.
E02,Pavimentação,Faces,3509502028,V05407,Não,227.0,15.043074884029158,16.065109695682946,NÃO,1509.0,1413.0,Domínio aplicável = Sim + Não; Não declarado coincide com circulação Aquavia + Saltado.
E02,Pavimentação,Faces,3509502028,V05408,Não declarado,96.0,6.36182902584493,,SIM,1509.0,1413.0,Domínio aplicável = Sim + Não; Não declarado coincide com circulação Aquavia + Saltado.
E03,Bueiro / boca de lobo,Domicílios,3509502028,V05009,Sim,7170.0,74.92163009404389,74.99215563225604,NÃO,9570.0,9561.0,Domínio aplicável = Sim + Não; Não declarado coincide com circulação Aquavia + Saltado.
E03,Bueiro / boca de lobo,Domicílios,3509502028,V05010,Não,2391.0,24.98432601880878,25.00784436774396,NÃO,9570.0,9561.0,Domínio aplicável = Sim + Não; Não declarado coincide com circulação Aquavia + Saltado.
E03,Bueiro / boca de lobo,Domicílios,3509502028,V05011,Não declarado,9.0,0.09404388714733543,,SIM,9570.0,9561.0,Domínio aplicável = Sim + Não; Não declarado coincide com circulação Aquavia + Saltado.
E03,Bueiro / boca de lobo,Moradores,3509502028,V05209,Sim,21043.0,74.92611714438311,74.99019992159937,NÃO,28085.0,28061.0,Domínio aplicável = Sim + Não; Não declarado coincide com circulação Aquavia + Saltado.
E03,Bueiro / boca de lobo,Moradores,3509502028,V05210,Não,7018.0,24.988427986469645,25.00980007840063,NÃO,28085.0,28061.0,Domínio aplicável = Sim + Não; Não declarado coincide com circulação Aquavia + Saltado.
E03,Bueiro / boca de lobo,Moradores,3509502028,V05211,Não declarado,24.0,0.08545486914723162,,SIM,28085.0,28061.0,Domínio aplicável = Sim + Não; Não declarado coincide com circulação Aquavia + Saltado.
E03,Bueiro / boca de lobo,Faces,3509502028,V05409,Sim,950.0,62.955599734923794,67.23283793347488,NÃO,1509.0,1413.0,Domínio aplicável = Sim + Não; Não declarado coincide com circulação Aquavia + Saltado.
E03,Bueiro / boca de lobo,Faces,3509502028,V05410,Não,463.0,30.682571239231276,32.767162066525124,NÃO,1509.0,1413.0,Domínio aplicável = Sim + Não; Não declarado coincide com circulação Aquavia + Saltado.
E03,Bueiro / boca de lobo,Faces,3509502028,V05411,Não declarado,96.0,6.36182902584493,,SIM,1509.0,1413.0,Domínio aplicável = Sim + Não; Não declarado coincide com circulação Aquavia + Saltado.
E04,Iluminação pública,Domicílios,3509502028,V05012,Sim,9234.0,96.48902821316614,96.57985566363351,NÃO,9570.0,9561.0,Domínio aplicável = Sim + Não; Não declarado coincide com circulação Aquavia + Saltado.
E04,Iluminação pública,Domicílios,3509502028,V05013,Não,327.0,3.4169278996865207,3.420144336366489,NÃO,9570.0,9561.0,Domínio aplicável = Sim + Não; Não declarado coincide com circulação Aquavia + Saltado.
E04,Iluminação pública,Domicílios,3509502028,V05014,Não declarado,9.0,0.09404388714733543,,SIM,9570.0,9561.0,Domínio aplicável = Sim + Não; Não declarado coincide com circulação Aquavia + Saltado.
E04,Iluminação pública,Moradores,3509502028,V05212,Sim,27007.0,96.16165212747018,96.24389722390507,NÃO,28085.0,28061.0,Domínio aplicável = Sim + Não; Não declarado coincide com circulação Aquavia + Saltado.
E04,Iluminação pública,Moradores,3509502028,V05213,Não,1054.0,3.7528930033825887,3.756102776094936,NÃO,28085.0,28061.0,Domínio aplicável = Sim + Não; Não declarado coincide com circulação Aquavia + Saltado.
E04,Iluminação pública,Moradores,3509502028,V05214,Não declarado,24.0,0.08545486914723162,,SIM,28085.0,28061.0,Domínio aplicável = Sim + Não; Não declarado coincide com circulação Aquavia + Saltado.
E04,Iluminação pública,Faces,3509502028,V05412,Sim,1333.0,88.33664678595096,94.3382873319179,NÃO,1509.0,1413.0,Domínio aplicável = Sim + Não; Não declarado coincide com circulação Aquavia + Saltado.
E04,Iluminação pública,Faces,3509502028,V05413,Não,80.0,5.301524188204108,5.661712668082094,NÃO,1509.0,1413.0,Domínio aplicável = Sim + Não; Não declarado coincide com circulação Aquavia + Saltado.
E04,Iluminação pública,Faces,3509502028,V05414,Não declarado,96.0,6.36182902584493,,SIM,1509.0,1413.0,Domínio aplicável = Sim + Não; Não declarado coincide com circulação Aquavia + Saltado.
E05,Ponto de ônibus,Domicílios,3509502028,V05015,Sim,1791.0,18.71473354231975,18.73235017257609,NÃO,9570.0,9561.0,Domínio aplicável = Sim + Não; Não declarado coincide com circulação Aquavia + Saltado.
E05,Ponto de ônibus,Domicílios,3509502028,V05016,Não,7770.0,81.19122257053291,81.26764982742391,NÃO,9570.0,9561.0,Domínio aplicável = Sim + Não; Não declarado coincide com circulação Aquavia + Saltado.
E05,Ponto de ônibus,Domicílios,3509502028,V05017,Não declarado,9.0,0.09404388714733543,,SIM,9570.0,9561.0,Domínio aplicável = Sim + Não; Não declarado coincide com circulação Aquavia + Saltado.
E05,Ponto de ônibus,Moradores,3509502028,V05215,Sim,5144.0,18.315826953889978,18.331492106482305,NÃO,28085.0,28061.0,Domínio aplicável = Sim + Não; Não declarado coincide com circulação Aquavia + Saltado.
E05,Ponto de ônibus,Moradores,3509502028,V05216,Não,22917.0,81.59871817696279,81.6685078935177,NÃO,28085.0,28061.0,Domínio aplicável = Sim + Não; Não declarado coincide com circulação Aquavia + Saltado.
E05,Ponto de ônibus,Moradores,3509502028,V05217,Não declarado,24.0,0.08545486914723162,,SIM,28085.0,28061.0,Domínio aplicável = Sim + Não; Não declarado coincide com circulação Aquavia + Saltado.
E05,Ponto de ônibus,Faces,3509502028,V05415,Sim,255.0,16.898608349900595,18.046709129511676,NÃO,1509.0,1413.0,Domínio aplicável = Sim + Não; Não declarado coincide com circulação Aquavia + Saltado.
E05,Ponto de ônibus,Faces,3509502028,V05416,Não,1158.0,76.73956262425448,81.95329087048833,NÃO,1509.0,1413.0,Domínio aplicável = Sim + Não; Não declarado coincide com circulação Aquavia + Saltado.
E05,Ponto de ônibus,Faces,3509502028,V05417,Não declarado,96.0,6.36182902584493,,SIM,1509.0,1413.0,Domínio aplicável = Sim + Não; Não declarado coincide com circulação Aquavia + Saltado.
E06,Via sinalizada para bicicleta,Domicílios,3509502028,V05018,Sim,31.0,0.32392894461859983,0.32423386675033994,NÃO,9570.0,9561.0,Domínio aplicável = Sim + Não; Não declarado coincide com circulação Aquavia + Saltado.
E06,Via sinalizada para bicicleta,Domicílios,3509502028,V05019,Não,9530.0,99.58202716823406,99.67576613324965,NÃO,9570.0,9561.0,Domínio aplicável = Sim + Não; Não declarado coincide com circulação Aquavia + Saltado.
E06,Via sinalizada para bicicleta,Domicílios,3509502028,V05020,Não declarado,9.0,0.09404388714733543,,SIM,9570.0,9561.0,Domínio aplicável = Sim + Não; Não declarado coincide com circulação Aquavia + Saltado.
E06,Via sinalizada para bicicleta,Moradores,3509502028,V05218,Sim,88.0,0.3133345202065159,0.31360250882007057,NÃO,28085.0,28061.0,Domínio aplicável = Sim + Não; Não declarado coincide com circulação Aquavia + Saltado.
E06,Via sinalizada para bicicleta,Moradores,3509502028,V05219,Não,27973.0,99.60121061064625,99.68639749117993,NÃO,28085.0,28061.0,Domínio aplicável = Sim + Não; Não declarado coincide com circulação Aquavia + Saltado.
E06,Via sinalizada para bicicleta,Moradores,3509502028,V05220,Não declarado,24.0,0.08545486914723162,,SIM,28085.0,28061.0,Domínio aplicável = Sim + Não; Não declarado coincide com circulação Aquavia + Saltado.
E06,Via sinalizada para bicicleta,Faces,3509502028,V05418,Sim,9.0,0.5964214711729622,0.6369426751592357,NÃO,1509.0,1413.0,Domínio aplicável = Sim + Não; Não declarado coincide com circulação Aquavia + Saltado.
E06,Via sinalizada para bicicleta,Faces,3509502028,V05419,Não,1404.0,93.04174950298211,99.36305732484077,NÃO,1509.0,1413.0,Domínio aplicável = Sim + Não; Não declarado coincide com circulação Aquavia + Saltado.
E06,Via sinalizada para bicicleta,Faces,3509502028,V05420,Não declarado,96.0,6.36182902584493,,SIM,1509.0,1413.0,Domínio aplicável = Sim + Não; Não declarado coincide com circulação Aquavia + Saltado.
E07,Calçada,Domicílios,3509502028,V05021,Sim,8379.0,87.55485893416927,87.6372764355193,NÃO,9570.0,9561.0,Domínio aplicável = Sim + Não; Não declarado coincide com circulação Aquavia + Saltado.
E07,Calçada,Domicílios,3509502028,V05022,Não,1182.0,12.351097178683386,12.362723564480703,NÃO,9570.0,9561.0,Domínio aplicável = Sim + Não; Não declarado coincide com circulação Aquavia + Saltado.
E07,Calçada,Domicílios,3509502028,V05023,Não declarado,9.0,0.09404388714733543,,SIM,9570.0,9561.0,Domínio aplicável = Sim + Não; Não declarado coincide com circulação Aquavia + Saltado.
E07,Calçada,Moradores,3509502028,V05221,Sim,24425.0,86.96813245504717,87.04251452193435,NÃO,28085.0,28061.0,Domínio aplicável = Sim + Não; Não declarado coincide com circulação Aquavia + Saltado.
E07,Calçada,Moradores,3509502028,V05222,Não,3636.0,12.946412675805592,12.957485478065642,NÃO,28085.0,28061.0,Domínio aplicável = Sim + Não; Não declarado coincide com circulação Aquavia + Saltado.
E07,Calçada,Moradores,3509502028,V05223,Não declarado,24.0,0.08545486914723162,,SIM,28085.0,28061.0,Domínio aplicável = Sim + Não; Não declarado coincide com circulação Aquavia + Saltado.
E07,Calçada,Faces,3509502028,V05421,Sim,1121.0,74.28760768721008,79.33474876150035,NÃO,1509.0,1413.0,Domínio aplicável = Sim + Não; Não declarado coincide com circulação Aquavia + Saltado.
E07,Calçada,Faces,3509502028,V05422,Não,292.0,19.350563286944997,20.665251238499646,NÃO,1509.0,1413.0,Domínio aplicável = Sim + Não; Não declarado coincide com circulação Aquavia + Saltado.
E07,Calçada,Faces,3509502028,V05423,Não declarado,96.0,6.36182902584493,,SIM,1509.0,1413.0,Domínio aplicável = Sim + Não; Não declarado coincide com circulação Aquavia + Saltado.
E08,Obstáculo na calçada,Domicílios,3509502028,V05024,Sim,7015.0,73.30198537095089,83.72120778135816,NÃO,9570.0,8379.0,Domínio aplicável = Sim + Não; Não declarado coincide com ausência/não aplicação de calçada.
E08,Obstáculo na calçada,Domicílios,3509502028,V05025,Não,1364.0,14.25287356321839,16.278792218641843,NÃO,9570.0,8379.0,Domínio aplicável = Sim + Não; Não declarado coincide com ausência/não aplicação de calçada.
E08,Obstáculo na calçada,Domicílios,3509502028,V05026,Não declarado,1191.0,12.445141065830722,,SIM,9570.0,8379.0,Domínio aplicável = Sim + Não; Não declarado coincide com ausência/não aplicação de calçada.
E08,Obstáculo na calçada,Moradores,3509502028,V05224,Sim,20621.0,73.42353569521096,84.42579324462642,NÃO,28085.0,24425.0,Domínio aplicável = Sim + Não; Não declarado coincide com ausência/não aplicação de calçada.
E08,Obstáculo na calçada,Moradores,3509502028,V05225,Não,3804.0,13.54459675983621,15.574206755373593,NÃO,28085.0,24425.0,Domínio aplicável = Sim + Não; Não declarado coincide com ausência/não aplicação de calçada.
E08,Obstáculo na calçada,Moradores,3509502028,V05226,Não declarado,3660.0,13.03186754495282,,SIM,28085.0,24425.0,Domínio aplicável = Sim + Não; Não declarado coincide com ausência/não aplicação de calçada.
E08,Obstáculo na calçada,Faces,3509502028,V05424,Sim,823.0,54.539430086149764,73.41659232827831,NÃO,1509.0,1121.0,Domínio aplicável = Sim + Não; Não declarado coincide com ausência/não aplicação de calçada.
E08,Obstáculo na calçada,Faces,3509502028,V05425,Não,298.0,19.748177601060306,26.583407671721677,NÃO,1509.0,1121.0,Domínio aplicável = Sim + Não; Não declarado coincide com ausência/não aplicação de calçada.
E08,Obstáculo na calçada,Faces,3509502028,V05426,Não declarado,388.0,25.712392312789927,,SIM,1509.0,1121.0,Domínio aplicável = Sim + Não; Não declarado coincide com ausência/não aplicação de calçada.
E09,Rampa para cadeirante,Domicílios,3509502028,V05027,Sim,753.0,7.86833855799373,8.986752595775153,NÃO,9570.0,8379.0,Domínio aplicável = Sim + Não; Não declarado coincide com ausência/não aplicação de calçada.
E09,Rampa para cadeirante,Domicílios,3509502028,V05028,Não,7626.0,79.68652037617555,91.01324740422486,NÃO,9570.0,8379.0,Domínio aplicável = Sim + Não; Não declarado coincide com ausência/não aplicação de calçada.
E09,Rampa para cadeirante,Domicílios,3509502028,V05029,Não declarado,1191.0,12.445141065830722,,SIM,9570.0,8379.0,Domínio aplicável = Sim + Não; Não declarado coincide com ausência/não aplicação de calçada.
E09,Rampa para cadeirante,Moradores,3509502028,V05227,Sim,2247.0,8.00071212390956,9.199590583418628,NÃO,28085.0,24425.0,Domínio aplicável = Sim + Não; Não declarado coincide com ausência/não aplicação de calçada.
E09,Rampa para cadeirante,Moradores,3509502028,V05228,Não,22178.0,78.96742033113762,90.80040941658137,NÃO,28085.0,24425.0,Domínio aplicável = Sim + Não; Não declarado coincide com ausência/não aplicação de calçada.
E09,Rampa para cadeirante,Moradores,3509502028,V05229,Não declarado,3660.0,13.03186754495282,,SIM,28085.0,24425.0,Domínio aplicável = Sim + Não; Não declarado coincide com ausência/não aplicação de calçada.
E09,Rampa para cadeirante,Faces,3509502028,V05427,Sim,88.0,5.831676607024519,7.850133809099019,NÃO,1509.0,1121.0,Domínio aplicável = Sim + Não; Não declarado coincide com ausência/não aplicação de calçada.
E09,Rampa para cadeirante,Faces,3509502028,V05428,Não,1033.0,68.45593108018555,92.14986619090098,NÃO,1509.0,1121.0,Domínio aplicável = Sim + Não; Não declarado coincide com ausência/não aplicação de calçada.
E09,Rampa para cadeirante,Faces,3509502028,V05429,Não declarado,388.0,25.712392312789927,,SIM,1509.0,1121.0,Domínio aplicável = Sim + Não; Não declarado coincide com ausência/não aplicação de calçada.
E10,Arborização,Domicílios,3509502028,V05030,Sem árvores,1950.0,20.37617554858934,20.395356134295575,NÃO,9570.0,9561.0,Domínio aplicável = classes substantivas de arborização; Saltado fica fora.
E10,Arborização,Domicílios,3509502028,V05031,1 a 2 árvores,2483.0,25.945663531870427,25.970086811003036,NÃO,9570.0,9561.0,Domínio aplicável = classes substantivas de arborização; Saltado fica fora.
E10,Arborização,Domicílios,3509502028,V05032,3 a 4 árvores,1853.0,19.36259143155695,19.380817906076768,NÃO,9570.0,9561.0,Domínio aplicável = classes substantivas de arborização; Saltado fica fora.
E10,Arborização,Domicílios,3509502028,V05033,5 ou mais árvores,3275.0,34.221525600835946,34.253739148624625,NÃO,9570.0,9561.0,Domínio aplicável = classes substantivas de arborização; Saltado fica fora.
E10,Arborização,Domicílios,3509502028,V05034,Saltado,9.0,0.09404388714733543,,SIM,9570.0,9561.0,Domínio aplicável = classes substantivas de arborização; Saltado fica fora.
E10,Arborização,Moradores,3509502028,V05230,Sem árvores,5850.0,20.82962435463771,20.84743950678878,NÃO,28085.0,28061.0,Domínio aplicável = classes substantivas de arborização; Saltado fica fora.
E10,Arborização,Moradores,3509502028,V05231,1 a 2 árvores,7336.0,26.120705002670462,26.14304550800043,NÃO,28085.0,28061.0,Domínio aplicável = classes substantivas de arborização; Saltado fica fora.
E10,Arborização,Moradores,3509502028,V05232,3 a 4 árvores,5333.0,18.988784048424424,19.005024767470868,NÃO,28085.0,28061.0,Domínio aplicável = classes substantivas de arborização; Saltado fica fora.
E10,Arborização,Moradores,3509502028,V05233,5 ou mais árvores,9542.0,33.97543172512017,34.00449021773993,NÃO,28085.0,28061.0,Domínio aplicável = classes substantivas de arborização; Saltado fica fora.
E10,Arborização,Moradores,3509502028,V05234,Saltado,24.0,0.08545486914723162,,SIM,28085.0,28061.0,Domínio aplicável = classes substantivas de arborização; Saltado fica fora.
E10,Arborização,Faces,3509502028,V05430,Sem árvores,408.0,27.037773359840955,28.874734607218684,NÃO,1509.0,1413.0,Domínio aplicável = classes substantivas de arborização; Saltado fica fora.
E10,Arborização,Faces,3509502028,V05431,1 a 2 árvores,380.0,25.182239893969516,26.893135173389947,NÃO,1509.0,1413.0,Domínio aplicável = classes substantivas de arborização; Saltado fica fora.
E10,Arborização,Faces,3509502028,V05432,3 a 4 árvores,262.0,17.362491716368456,18.54210898796886,NÃO,1509.0,1413.0,Domínio aplicável = classes substantivas de arborização; Saltado fica fora.
E10,Arborização,Faces,3509502028,V05433,5 ou mais árvores,363.0,24.055666003976143,25.690021231422506,NÃO,1509.0,1413.0,Domínio aplicável = classes substantivas de arborização; Saltado fica fora.
E10,Arborização,Faces,3509502028,V05434,Saltado,96.0,6.36182902584493,,SIM,1509.0,1413.0,Domínio aplicável = classes substantivas de arborização; Saltado fica fora.
E01,Circulação da via,Domicílios,3509502029,V05001,"Caminhão, ônibus",9161.0,95.06070353844558,95.06070353844558,NÃO,9637.0,9637.0,Domínio aplicável = categorias substantivas de circulação; Saltado fica fora.
E01,Circulação da via,Domicílios,3509502029,V05002,Carros de passeio ou van,469.0,4.866659748884508,4.866659748884508,NÃO,9637.0,9637.0,Domínio aplicável = categorias substantivas de circulação; Saltado fica fora.
E01,Circulação da via,Domicílios,3509502029,V05003,"Pedestres, bicicletas e motocicletas",7.0,0.07263671266991803,0.07263671266991803,NÃO,9637.0,9637.0,Domínio aplicável = categorias substantivas de circulação; Saltado fica fora.
E01,Circulação da via,Domicílios,3509502029,V05004,Aquavia,0.0,0.0,0.0,NÃO,9637.0,9637.0,Domínio aplicável = categorias substantivas de circulação; Saltado fica fora.
E01,Circulação da via,Domicílios,3509502029,V05005,Saltado,0.0,0.0,,SIM,9637.0,9637.0,Domínio aplicável = categorias substantivas de circulação; Saltado fica fora.
E01,Circulação da via,Moradores,3509502029,V05201,"Caminhão, ônibus",25436.0,94.75135034457068,94.75135034457068,NÃO,26845.0,26845.0,Domínio aplicável = categorias substantivas de circulação; Saltado fica fora.
E01,Circulação da via,Moradores,3509502029,V05202,Carros de passeio ou van,1384.0,5.155522443658037,5.155522443658037,NÃO,26845.0,26845.0,Domínio aplicável = categorias substantivas de circulação; Saltado fica fora.
E01,Circulação da via,Moradores,3509502029,V05203,"Pedestres, bicicletas e motocicletas",25.0,0.09312721177127957,0.09312721177127957,NÃO,26845.0,26845.0,Domínio aplicável = categorias substantivas de circulação; Saltado fica fora.
E01,Circulação da via,Moradores,3509502029,V05204,Aquavia,0.0,0.0,0.0,NÃO,26845.0,26845.0,Domínio aplicável = categorias substantivas de circulação; Saltado fica fora.
E01,Circulação da via,Moradores,3509502029,V05205,Saltado,0.0,0.0,,SIM,26845.0,26845.0,Domínio aplicável = categorias substantivas de circulação; Saltado fica fora.
E01,Circulação da via,Faces,3509502029,V05401,"Caminhão, ônibus",1185.0,94.04761904761905,94.42231075697211,NÃO,1260.0,1255.0,Domínio aplicável = categorias substantivas de circulação; Saltado fica fora.
E01,Circulação da via,Faces,3509502029,V05402,Carros de passeio ou van,59.0,4.682539682539683,4.701195219123506,NÃO,1260.0,1255.0,Domínio aplicável = categorias substantivas de circulação; Saltado fica fora.
E01,Circulação da via,Faces,3509502029,V05403,"Pedestres, bicicletas e motocicletas",11.0,0.873015873015873,0.8764940239043826,NÃO,1260.0,1255.0,Domínio aplicável = categorias substantivas de circulação; Saltado fica fora.
E01,Circulação da via,Faces,3509502029,V05404,Aquavia,0.0,0.0,0.0,NÃO,1260.0,1255.0,Domínio aplicável = categorias substantivas de circulação; Saltado fica fora.
E01,Circulação da via,Faces,3509502029,V05405,Saltado,5.0,0.3968253968253968,,SIM,1260.0,1255.0,Domínio aplicável = categorias substantivas de circulação; Saltado fica fora.
E02,Pavimentação,Domicílios,3509502029,V05006,Sim,9204.0,95.50690048770363,95.50690048770363,NÃO,9637.0,9637.0,Domínio aplicável = Sim + Não; Não declarado coincide com circulação Aquavia + Saltado.
E02,Pavimentação,Domicílios,3509502029,V05007,Não,433.0,4.493099512296358,4.493099512296358,NÃO,9637.0,9637.0,Domínio aplicável = Sim + Não; Não declarado coincide com circulação Aquavia + Saltado.
E02,Pavimentação,Domicílios,3509502029,V05008,Não declarado,0.0,0.0,,SIM,9637.0,9637.0,Domínio aplicável = Sim + Não; Não declarado coincide com circulação Aquavia + Saltado.
E02,Pavimentação,Moradores,3509502029,V05206,Sim,25540.0,95.13875954553922,95.13875954553922,NÃO,26845.0,26845.0,Domínio aplicável = Sim + Não; Não declarado coincide com circulação Aquavia + Saltado.
E02,Pavimentação,Moradores,3509502029,V05207,Não,1305.0,4.861240454460793,4.861240454460793,NÃO,26845.0,26845.0,Domínio aplicável = Sim + Não; Não declarado coincide com circulação Aquavia + Saltado.
E02,Pavimentação,Moradores,3509502029,V05208,Não declarado,0.0,0.0,,SIM,26845.0,26845.0,Domínio aplicável = Sim + Não; Não declarado coincide com circulação Aquavia + Saltado.
E02,Pavimentação,Faces,3509502029,V05406,Sim,1178.0,93.4920634920635,93.86454183266932,NÃO,1260.0,1255.0,Domínio aplicável = Sim + Não; Não declarado coincide com circulação Aquavia + Saltado.
E02,Pavimentação,Faces,3509502029,V05407,Não,77.0,6.111111111111111,6.135458167330677,NÃO,1260.0,1255.0,Domínio aplicável = Sim + Não; Não declarado coincide com circulação Aquavia + Saltado.
E02,Pavimentação,Faces,3509502029,V05408,Não declarado,5.0,0.3968253968253968,,SIM,1260.0,1255.0,Domínio aplicável = Sim + Não; Não declarado coincide com circulação Aquavia + Saltado.
E03,Bueiro / boca de lobo,Domicílios,3509502029,V05009,Sim,8240.0,85.50378748573208,85.50378748573208,NÃO,9637.0,9637.0,Domínio aplicável = Sim + Não; Não declarado coincide com circulação Aquavia + Saltado.
E03,Bueiro / boca de lobo,Domicílios,3509502029,V05010,Não,1397.0,14.496212514267926,14.496212514267926,NÃO,9637.0,9637.0,Domínio aplicável = Sim + Não; Não declarado coincide com circulação Aquavia + Saltado.
E03,Bueiro / boca de lobo,Domicílios,3509502029,V05011,Não declarado,0.0,0.0,,SIM,9637.0,9637.0,Domínio aplicável = Sim + Não; Não declarado coincide com circulação Aquavia + Saltado.
E03,Bueiro / boca de lobo,Moradores,3509502029,V05209,Sim,22922.0,85.38647792885081,85.38647792885081,NÃO,26845.0,26845.0,Domínio aplicável = Sim + Não; Não declarado coincide com circulação Aquavia + Saltado.
E03,Bueiro / boca de lobo,Moradores,3509502029,V05210,Não,3923.0,14.613522071149191,14.613522071149191,NÃO,26845.0,26845.0,Domínio aplicável = Sim + Não; Não declarado coincide com circulação Aquavia + Saltado.
E03,Bueiro / boca de lobo,Moradores,3509502029,V05211,Não declarado,0.0,0.0,,SIM,26845.0,26845.0,Domínio aplicável = Sim + Não; Não declarado coincide com circulação Aquavia + Saltado.
E03,Bueiro / boca de lobo,Faces,3509502029,V05409,Sim,962.0,76.34920634920634,76.65338645418328,NÃO,1260.0,1255.0,Domínio aplicável = Sim + Não; Não declarado coincide com circulação Aquavia + Saltado.
E03,Bueiro / boca de lobo,Faces,3509502029,V05410,Não,293.0,23.253968253968253,23.346613545816734,NÃO,1260.0,1255.0,Domínio aplicável = Sim + Não; Não declarado coincide com circulação Aquavia + Saltado.
E03,Bueiro / boca de lobo,Faces,3509502029,V05411,Não declarado,5.0,0.3968253968253968,,SIM,1260.0,1255.0,Domínio aplicável = Sim + Não; Não declarado coincide com circulação Aquavia + Saltado.
E04,Iluminação pública,Domicílios,3509502029,V05012,Sim,9463.0,98.19445885649061,98.19445885649061,NÃO,9637.0,9637.0,Domínio aplicável = Sim + Não; Não declarado coincide com circulação Aquavia + Saltado.
E04,Iluminação pública,Domicílios,3509502029,V05013,Não,174.0,1.8055411435093909,1.8055411435093909,NÃO,9637.0,9637.0,Domínio aplicável = Sim + Não; Não declarado coincide com circulação Aquavia + Saltado.
E04,Iluminação pública,Domicílios,3509502029,V05014,Não declarado,0.0,0.0,,SIM,9637.0,9637.0,Domínio aplicável = Sim + Não; Não declarado coincide com circulação Aquavia + Saltado.
E04,Iluminação pública,Moradores,3509502029,V05212,Sim,26363.0,98.20450735704974,98.20450735704974,NÃO,26845.0,26845.0,Domínio aplicável = Sim + Não; Não declarado coincide com circulação Aquavia + Saltado.
E04,Iluminação pública,Moradores,3509502029,V05213,Não,482.0,1.79549264295027,1.79549264295027,NÃO,26845.0,26845.0,Domínio aplicável = Sim + Não; Não declarado coincide com circulação Aquavia + Saltado.
E04,Iluminação pública,Moradores,3509502029,V05214,Não declarado,0.0,0.0,,SIM,26845.0,26845.0,Domínio aplicável = Sim + Não; Não declarado coincide com circulação Aquavia + Saltado.
E04,Iluminação pública,Faces,3509502029,V05412,Sim,1215.0,96.42857142857143,96.81274900398407,NÃO,1260.0,1255.0,Domínio aplicável = Sim + Não; Não declarado coincide com circulação Aquavia + Saltado.
E04,Iluminação pública,Faces,3509502029,V05413,Não,40.0,3.1746031746031744,3.187250996015936,NÃO,1260.0,1255.0,Domínio aplicável = Sim + Não; Não declarado coincide com circulação Aquavia + Saltado.
E04,Iluminação pública,Faces,3509502029,V05414,Não declarado,5.0,0.3968253968253968,,SIM,1260.0,1255.0,Domínio aplicável = Sim + Não; Não declarado coincide com circulação Aquavia + Saltado.
E05,Ponto de ônibus,Domicílios,3509502029,V05015,Sim,1673.0,17.360174328110407,17.360174328110407,NÃO,9637.0,9637.0,Domínio aplicável = Sim + Não; Não declarado coincide com circulação Aquavia + Saltado.
E05,Ponto de ônibus,Domicílios,3509502029,V05016,Não,7964.0,82.63982567188958,82.63982567188958,NÃO,9637.0,9637.0,Domínio aplicável = Sim + Não; Não declarado coincide com circulação Aquavia + Saltado.
E05,Ponto de ônibus,Domicílios,3509502029,V05017,Não declarado,0.0,0.0,,SIM,9637.0,9637.0,Domínio aplicável = Sim + Não; Não declarado coincide com circulação Aquavia + Saltado.
E05,Ponto de ônibus,Moradores,3509502029,V05215,Sim,4392.0,16.360588563978396,16.360588563978396,NÃO,26845.0,26845.0,Domínio aplicável = Sim + Não; Não declarado coincide com circulação Aquavia + Saltado.
E05,Ponto de ônibus,Moradores,3509502029,V05216,Não,22453.0,83.6394114360216,83.6394114360216,NÃO,26845.0,26845.0,Domínio aplicável = Sim + Não; Não declarado coincide com circulação Aquavia + Saltado.
E05,Ponto de ônibus,Moradores,3509502029,V05217,Não declarado,0.0,0.0,,SIM,26845.0,26845.0,Domínio aplicável = Sim + Não; Não declarado coincide com circulação Aquavia + Saltado.
E05,Ponto de ônibus,Faces,3509502029,V05415,Sim,197.0,15.634920634920634,15.697211155378485,NÃO,1260.0,1255.0,Domínio aplicável = Sim + Não; Não declarado coincide com circulação Aquavia + Saltado.
E05,Ponto de ônibus,Faces,3509502029,V05416,Não,1058.0,83.96825396825398,84.30278884462152,NÃO,1260.0,1255.0,Domínio aplicável = Sim + Não; Não declarado coincide com circulação Aquavia + Saltado.
E05,Ponto de ônibus,Faces,3509502029,V05417,Não declarado,5.0,0.3968253968253968,,SIM,1260.0,1255.0,Domínio aplicável = Sim + Não; Não declarado coincide com circulação Aquavia + Saltado.
E06,Via sinalizada para bicicleta,Domicílios,3509502029,V05018,Sim,35.0,0.3631835633495901,0.3631835633495901,NÃO,9637.0,9637.0,Domínio aplicável = Sim + Não; Não declarado coincide com circulação Aquavia + Saltado.
E06,Via sinalizada para bicicleta,Domicílios,3509502029,V05019,Não,9602.0,99.6368164366504,99.6368164366504,NÃO,9637.0,9637.0,Domínio aplicável = Sim + Não; Não declarado coincide com circulação Aquavia + Saltado.
E06,Via sinalizada para bicicleta,Domicílios,3509502029,V05020,Não declarado,0.0,0.0,,SIM,9637.0,9637.0,Domínio aplicável = Sim + Não; Não declarado coincide com circulação Aquavia + Saltado.
E06,Via sinalizada para bicicleta,Moradores,3509502029,V05218,Sim,97.0,0.36133358167256474,0.36133358167256474,NÃO,26845.0,26845.0,Domínio aplicável = Sim + Não; Não declarado coincide com circulação Aquavia + Saltado.
E06,Via sinalizada para bicicleta,Moradores,3509502029,V05219,Não,26748.0,99.63866641832743,99.63866641832743,NÃO,26845.0,26845.0,Domínio aplicável = Sim + Não; Não declarado coincide com circulação Aquavia + Saltado.
E06,Via sinalizada para bicicleta,Moradores,3509502029,V05220,Não declarado,0.0,0.0,,SIM,26845.0,26845.0,Domínio aplicável = Sim + Não; Não declarado coincide com circulação Aquavia + Saltado.
E06,Via sinalizada para bicicleta,Faces,3509502029,V05418,Sim,7.0,0.5555555555555556,0.5577689243027889,NÃO,1260.0,1255.0,Domínio aplicável = Sim + Não; Não declarado coincide com circulação Aquavia + Saltado.
E06,Via sinalizada para bicicleta,Faces,3509502029,V05419,Não,1248.0,99.04761904761905,99.44223107569721,NÃO,1260.0,1255.0,Domínio aplicável = Sim + Não; Não declarado coincide com circulação Aquavia + Saltado.
E06,Via sinalizada para bicicleta,Faces,3509502029,V05420,Não declarado,5.0,0.3968253968253968,,SIM,1260.0,1255.0,Domínio aplicável = Sim + Não; Não declarado coincide com circulação Aquavia + Saltado.
E07,Calçada,Domicílios,3509502029,V05021,Sim,9260.0,96.08799418906298,96.08799418906298,NÃO,9637.0,9637.0,Domínio aplicável = Sim + Não; Não declarado coincide com circulação Aquavia + Saltado.
E07,Calçada,Domicílios,3509502029,V05022,Não,377.0,3.9120058109370137,3.9120058109370137,NÃO,9637.0,9637.0,Domínio aplicável = Sim + Não; Não declarado coincide com circulação Aquavia + Saltado.
E07,Calçada,Domicílios,3509502029,V05023,Não declarado,0.0,0.0,,SIM,9637.0,9637.0,Domínio aplicável = Sim + Não; Não declarado coincide com circulação Aquavia + Saltado.
E07,Calçada,Moradores,3509502029,V05221,Sim,25691.0,95.70124790463773,95.70124790463773,NÃO,26845.0,26845.0,Domínio aplicável = Sim + Não; Não declarado coincide com circulação Aquavia + Saltado.
E07,Calçada,Moradores,3509502029,V05222,Não,1154.0,4.298752095362265,4.298752095362265,NÃO,26845.0,26845.0,Domínio aplicável = Sim + Não; Não declarado coincide com circulação Aquavia + Saltado.
E07,Calçada,Moradores,3509502029,V05223,Não declarado,0.0,0.0,,SIM,26845.0,26845.0,Domínio aplicável = Sim + Não; Não declarado coincide com circulação Aquavia + Saltado.
E07,Calçada,Faces,3509502029,V05421,Sim,1159.0,91.98412698412697,92.35059760956176,NÃO,1260.0,1255.0,Domínio aplicável = Sim + Não; Não declarado coincide com circulação Aquavia + Saltado.
E07,Calçada,Faces,3509502029,V05422,Não,96.0,7.6190476190476195,7.649402390438246,NÃO,1260.0,1255.0,Domínio aplicável = Sim + Não; Não declarado coincide com circulação Aquavia + Saltado.
E07,Calçada,Faces,3509502029,V05423,Não declarado,5.0,0.3968253968253968,,SIM,1260.0,1255.0,Domínio aplicável = Sim + Não; Não declarado coincide com circulação Aquavia + Saltado.
E08,Obstáculo na calçada,Domicílios,3509502029,V05024,Sim,7013.0,72.7716094220193,75.73434125269979,NÃO,9637.0,9260.0,Domínio aplicável = Sim + Não; Não declarado coincide com ausência/não aplicação de calçada.
E08,Obstáculo na calçada,Domicílios,3509502029,V05025,Não,2247.0,23.316384767043687,24.26565874730022,NÃO,9637.0,9260.0,Domínio aplicável = Sim + Não; Não declarado coincide com ausência/não aplicação de calçada.
E08,Obstáculo na calçada,Domicílios,3509502029,V05026,Não declarado,377.0,3.9120058109370137,,SIM,9637.0,9260.0,Domínio aplicável = Sim + Não; Não declarado coincide com ausência/não aplicação de calçada.
E08,Obstáculo na calçada,Moradores,3509502029,V05224,Sim,19711.0,73.42521884894767,76.72336615935542,NÃO,26845.0,25691.0,Domínio aplicável = Sim + Não; Não declarado coincide com ausência/não aplicação de calçada.
E08,Obstáculo na calçada,Moradores,3509502029,V05225,Não,5980.0,22.27602905569007,23.276633840644585,NÃO,26845.0,25691.0,Domínio aplicável = Sim + Não; Não declarado coincide com ausência/não aplicação de calçada.
E08,Obstáculo na calçada,Moradores,3509502029,V05226,Não declarado,1154.0,4.298752095362265,,SIM,26845.0,25691.0,Domínio aplicável = Sim + Não; Não declarado coincide com ausência/não aplicação de calçada.
E08,Obstáculo na calçada,Faces,3509502029,V05424,Sim,705.0,55.952380952380956,60.828300258843825,NÃO,1260.0,1159.0,Domínio aplicável = Sim + Não; Não declarado coincide com ausência/não aplicação de calçada.
E08,Obstáculo na calçada,Faces,3509502029,V05425,Não,454.0,36.03174603174603,39.17169974115617,NÃO,1260.0,1159.0,Domínio aplicável = Sim + Não; Não declarado coincide com ausência/não aplicação de calçada.
E08,Obstáculo na calçada,Faces,3509502029,V05426,Não declarado,101.0,8.015873015873016,,SIM,1260.0,1159.0,Domínio aplicável = Sim + Não; Não declarado coincide com ausência/não aplicação de calçada.
E09,Rampa para cadeirante,Domicílios,3509502029,V05027,Sim,2033.0,21.095776693991905,21.954643628509718,NÃO,9637.0,9260.0,Domínio aplicável = Sim + Não; Não declarado coincide com ausência/não aplicação de calçada.
E09,Rampa para cadeirante,Domicílios,3509502029,V05028,Não,7227.0,74.99221749507107,78.04535637149029,NÃO,9637.0,9260.0,Domínio aplicável = Sim + Não; Não declarado coincide com ausência/não aplicação de calçada.
E09,Rampa para cadeirante,Domicílios,3509502029,V05029,Não declarado,377.0,3.9120058109370137,,SIM,9637.0,9260.0,Domínio aplicável = Sim + Não; Não declarado coincide com ausência/não aplicação de calçada.
E09,Rampa para cadeirante,Moradores,3509502029,V05227,Sim,5892.0,21.948221270255168,22.93410143630065,NÃO,26845.0,25691.0,Domínio aplicável = Sim + Não; Não declarado coincide com ausência/não aplicação de calçada.
E09,Rampa para cadeirante,Moradores,3509502029,V05228,Não,19799.0,73.75302663438256,77.06589856369935,NÃO,26845.0,25691.0,Domínio aplicável = Sim + Não; Não declarado coincide com ausência/não aplicação de calçada.
E09,Rampa para cadeirante,Moradores,3509502029,V05229,Não declarado,1154.0,4.298752095362265,,SIM,26845.0,25691.0,Domínio aplicável = Sim + Não; Não declarado coincide com ausência/não aplicação de calçada.
E09,Rampa para cadeirante,Faces,3509502029,V05427,Sim,243.0,19.28571428571429,20.96635030198447,NÃO,1260.0,1159.0,Domínio aplicável = Sim + Não; Não declarado coincide com ausência/não aplicação de calçada.
E09,Rampa para cadeirante,Faces,3509502029,V05428,Não,916.0,72.6984126984127,79.03364969801552,NÃO,1260.0,1159.0,Domínio aplicável = Sim + Não; Não declarado coincide com ausência/não aplicação de calçada.
E09,Rampa para cadeirante,Faces,3509502029,V05429,Não declarado,101.0,8.015873015873016,,SIM,1260.0,1159.0,Domínio aplicável = Sim + Não; Não declarado coincide com ausência/não aplicação de calçada.
E10,Arborização,Domicílios,3509502029,V05030,Sem árvores,1467.0,15.222579640967107,15.222579640967107,NÃO,9637.0,9637.0,Domínio aplicável = classes substantivas de arborização; Saltado fica fora.
E10,Arborização,Domicílios,3509502029,V05031,1 a 2 árvores,2647.0,27.46705406246757,27.46705406246757,NÃO,9637.0,9637.0,Domínio aplicável = classes substantivas de arborização; Saltado fica fora.
E10,Arborização,Domicílios,3509502029,V05032,3 a 4 árvores,2213.0,22.963577876932657,22.963577876932657,NÃO,9637.0,9637.0,Domínio aplicável = classes substantivas de arborização; Saltado fica fora.
E10,Arborização,Domicílios,3509502029,V05033,5 ou mais árvores,3310.0,34.34678841963267,34.34678841963267,NÃO,9637.0,9637.0,Domínio aplicável = classes substantivas de arborização; Saltado fica fora.
E10,Arborização,Domicílios,3509502029,V05034,Saltado,0.0,0.0,,SIM,9637.0,9637.0,Domínio aplicável = classes substantivas de arborização; Saltado fica fora.
E10,Arborização,Moradores,3509502029,V05230,Sem árvores,4010.0,14.937604768113244,14.937604768113244,NÃO,26845.0,26845.0,Domínio aplicável = classes substantivas de arborização; Saltado fica fora.
E10,Arborização,Moradores,3509502029,V05231,1 a 2 árvores,7437.0,27.703482957720244,27.703482957720244,NÃO,26845.0,26845.0,Domínio aplicável = classes substantivas de arborização; Saltado fica fora.
E10,Arborização,Moradores,3509502029,V05232,3 a 4 árvores,6171.0,22.98752095362265,22.98752095362265,NÃO,26845.0,26845.0,Domínio aplicável = classes substantivas de arborização; Saltado fica fora.
E10,Arborização,Moradores,3509502029,V05233,5 ou mais árvores,9227.0,34.371391320543864,34.371391320543864,NÃO,26845.0,26845.0,Domínio aplicável = classes substantivas de arborização; Saltado fica fora.
E10,Arborização,Moradores,3509502029,V05234,Saltado,0.0,0.0,,SIM,26845.0,26845.0,Domínio aplicável = classes substantivas de arborização; Saltado fica fora.
E10,Arborização,Faces,3509502029,V05430,Sem árvores,400.0,31.746031746031743,31.872509960159363,NÃO,1260.0,1255.0,Domínio aplicável = classes substantivas de arborização; Saltado fica fora.
E10,Arborização,Faces,3509502029,V05431,1 a 2 árvores,337.0,26.746031746031747,26.85258964143426,NÃO,1260.0,1255.0,Domínio aplicável = classes substantivas de arborização; Saltado fica fora.
E10,Arborização,Faces,3509502029,V05432,3 a 4 árvores,228.0,18.095238095238095,18.167330677290835,NÃO,1260.0,1255.0,Domínio aplicável = classes substantivas de arborização; Saltado fica fora.
E10,Arborização,Faces,3509502029,V05433,5 ou mais árvores,290.0,23.015873015873016,23.107569721115535,NÃO,1260.0,1255.0,Domínio aplicável = classes substantivas de arborização; Saltado fica fora.
E10,Arborização,Faces,3509502029,V05434,Saltado,5.0,0.3968253968253968,,SIM,1260.0,1255.0,Domínio aplicável = classes substantivas de arborização; Saltado fica fora.
E01,Circulação da via,Domicílios,3509502030,V05001,"Caminhão, ônibus",9287.0,91.86863191215748,92.10552414955866,NÃO,10109.0,10083.0,Domínio aplicável = categorias substantivas de circulação; Saltado fica fora.
E01,Circulação da via,Domicílios,3509502030,V05002,Carros de passeio ou van,780.0,7.715896725689979,7.735792918774174,NÃO,10109.0,10083.0,Domínio aplicável = categorias substantivas de circulação; Saltado fica fora.
E01,Circulação da via,Domicílios,3509502030,V05003,"Pedestres, bicicletas e motocicletas",16.0,0.15827480462953805,0.15868293166716255,NÃO,10109.0,10083.0,Domínio aplicável = categorias substantivas de circulação; Saltado fica fora.
E01,Circulação da via,Domicílios,3509502030,V05004,Aquavia,0.0,0.0,0.0,NÃO,10109.0,10083.0,Domínio aplicável = categorias substantivas de circulação; Saltado fica fora.
E01,Circulação da via,Domicílios,3509502030,V05005,Saltado,26.0,0.2571965575229993,,SIM,10109.0,10083.0,Domínio aplicável = categorias substantivas de circulação; Saltado fica fora.
E01,Circulação da via,Moradores,3509502030,V05201,"Caminhão, ônibus",27773.0,91.77213098503123,92.01842157577363,NÃO,30263.0,30182.0,Domínio aplicável = categorias substantivas de circulação; Saltado fica fora.
E01,Circulação da via,Moradores,3509502030,V05202,Carros de passeio ou van,2353.0,7.775171000892178,7.7960373732688355,NÃO,30263.0,30182.0,Domínio aplicável = categorias substantivas de circulação; Saltado fica fora.
E01,Circulação da via,Moradores,3509502030,V05203,"Pedestres, bicicletas e motocicletas",56.0,0.1850444437101411,0.18554105095752435,NÃO,30263.0,30182.0,Domínio aplicável = categorias substantivas de circulação; Saltado fica fora.
E01,Circulação da via,Moradores,3509502030,V05204,Aquavia,0.0,0.0,0.0,NÃO,30263.0,30182.0,Domínio aplicável = categorias substantivas de circulação; Saltado fica fora.
E01,Circulação da via,Moradores,3509502030,V05205,Saltado,81.0,0.2676535703664541,,SIM,30263.0,30182.0,Domínio aplicável = categorias substantivas de circulação; Saltado fica fora.
E01,Circulação da via,Faces,3509502030,V05401,"Caminhão, ônibus",1024.0,87.14893617021276,88.42832469775475,NÃO,1175.0,1158.0,Domínio aplicável = categorias substantivas de circulação; Saltado fica fora.
E01,Circulação da via,Faces,3509502030,V05402,Carros de passeio ou van,127.0,10.808510638297872,10.967184801381693,NÃO,1175.0,1158.0,Domínio aplicável = categorias substantivas de circulação; Saltado fica fora.
E01,Circulação da via,Faces,3509502030,V05403,"Pedestres, bicicletas e motocicletas",7.0,0.5957446808510638,0.6044905008635579,NÃO,1175.0,1158.0,Domínio aplicável = categorias substantivas de circulação; Saltado fica fora.
E01,Circulação da via,Faces,3509502030,V05404,Aquavia,0.0,0.0,0.0,NÃO,1175.0,1158.0,Domínio aplicável = categorias substantivas de circulação; Saltado fica fora.
E01,Circulação da via,Faces,3509502030,V05405,Saltado,17.0,1.446808510638298,,SIM,1175.0,1158.0,Domínio aplicável = categorias substantivas de circulação; Saltado fica fora.
E02,Pavimentação,Domicílios,3509502030,V05006,Sim,1885.0,18.646750420417447,18.694832887037588,NÃO,10109.0,10083.0,Domínio aplicável = Sim + Não; Não declarado coincide com circulação Aquavia + Saltado.
E02,Pavimentação,Domicílios,3509502030,V05007,Não,8198.0,81.09605302205955,81.30516711296241,NÃO,10109.0,10083.0,Domínio aplicável = Sim + Não; Não declarado coincide com circulação Aquavia + Saltado.
E02,Pavimentação,Domicílios,3509502030,V05008,Não declarado,26.0,0.2571965575229993,,SIM,10109.0,10083.0,Domínio aplicável = Sim + Não; Não declarado coincide com circulação Aquavia + Saltado.
E02,Pavimentação,Moradores,3509502030,V05206,Sim,5443.0,17.985659055612462,18.033927506460802,NÃO,30263.0,30182.0,Domínio aplicável = Sim + Não; Não declarado coincide com circulação Aquavia + Saltado.
E02,Pavimentação,Moradores,3509502030,V05207,Não,24739.0,81.74668737402108,81.9660724935392,NÃO,30263.0,30182.0,Domínio aplicável = Sim + Não; Não declarado coincide com circulação Aquavia + Saltado.
E02,Pavimentação,Moradores,3509502030,V05208,Não declarado,81.0,0.2676535703664541,,SIM,30263.0,30182.0,Domínio aplicável = Sim + Não; Não declarado coincide com circulação Aquavia + Saltado.
E02,Pavimentação,Faces,3509502030,V05406,Sim,246.0,20.93617021276596,21.243523316062177,NÃO,1175.0,1158.0,Domínio aplicável = Sim + Não; Não declarado coincide com circulação Aquavia + Saltado.
E02,Pavimentação,Faces,3509502030,V05407,Não,912.0,77.61702127659575,78.75647668393782,NÃO,1175.0,1158.0,Domínio aplicável = Sim + Não; Não declarado coincide com circulação Aquavia + Saltado.
E02,Pavimentação,Faces,3509502030,V05408,Não declarado,17.0,1.446808510638298,,SIM,1175.0,1158.0,Domínio aplicável = Sim + Não; Não declarado coincide com circulação Aquavia + Saltado.
E03,Bueiro / boca de lobo,Domicílios,3509502030,V05009,Sim,1770.0,17.509150262142644,17.55429931567986,NÃO,10109.0,10083.0,Domínio aplicável = Sim + Não; Não declarado coincide com circulação Aquavia + Saltado.
E03,Bueiro / boca de lobo,Domicílios,3509502030,V05010,Não,8313.0,82.23365318033436,82.44570068432014,NÃO,10109.0,10083.0,Domínio aplicável = Sim + Não; Não declarado coincide com circulação Aquavia + Saltado.
E03,Bueiro / boca de lobo,Domicílios,3509502030,V05011,Não declarado,26.0,0.2571965575229993,,SIM,10109.0,10083.0,Domínio aplicável = Sim + Não; Não declarado coincide com circulação Aquavia + Saltado.
E03,Bueiro / boca de lobo,Moradores,3509502030,V05209,Sim,5080.0,16.7861745365628,16.831223908289708,NÃO,30263.0,30182.0,Domínio aplicável = Sim + Não; Não declarado coincide com circulação Aquavia + Saltado.
E03,Bueiro / boca de lobo,Moradores,3509502030,V05210,Não,25102.0,82.94617189307074,83.1687760917103,NÃO,30263.0,30182.0,Domínio aplicável = Sim + Não; Não declarado coincide com circulação Aquavia + Saltado.
E03,Bueiro / boca de lobo,Moradores,3509502030,V05211,Não declarado,81.0,0.2676535703664541,,SIM,30263.0,30182.0,Domínio aplicável = Sim + Não; Não declarado coincide com circulação Aquavia + Saltado.
E03,Bueiro / boca de lobo,Faces,3509502030,V05409,Sim,194.0,16.51063829787234,16.753022452504318,NÃO,1175.0,1158.0,Domínio aplicável = Sim + Não; Não declarado coincide com circulação Aquavia + Saltado.
E03,Bueiro / boca de lobo,Faces,3509502030,V05410,Não,964.0,82.04255319148936,83.24697754749567,NÃO,1175.0,1158.0,Domínio aplicável = Sim + Não; Não declarado coincide com circulação Aquavia + Saltado.
E03,Bueiro / boca de lobo,Faces,3509502030,V05411,Não declarado,17.0,1.446808510638298,,SIM,1175.0,1158.0,Domínio aplicável = Sim + Não; Não declarado coincide com circulação Aquavia + Saltado.
E04,Iluminação pública,Domicílios,3509502030,V05012,Sim,9574.0,94.70768622019983,94.95189923633839,NÃO,10109.0,10083.0,Domínio aplicável = Sim + Não; Não declarado coincide com circulação Aquavia + Saltado.
E04,Iluminação pública,Domicílios,3509502030,V05013,Não,509.0,5.0351172222771785,5.048100763661608,NÃO,10109.0,10083.0,Domínio aplicável = Sim + Não; Não declarado coincide com circulação Aquavia + Saltado.
E04,Iluminação pública,Domicílios,3509502030,V05014,Não declarado,26.0,0.2571965575229993,,SIM,10109.0,10083.0,Domínio aplicável = Sim + Não; Não declarado coincide com circulação Aquavia + Saltado.
E04,Iluminação pública,Moradores,3509502030,V05212,Sim,28608.0,94.53127581535207,94.78497117487244,NÃO,30263.0,30182.0,Domínio aplicável = Sim + Não; Não declarado coincide com circulação Aquavia + Saltado.
E04,Iluminação pública,Moradores,3509502030,V05213,Não,1574.0,5.201070614281466,5.215028825127559,NÃO,30263.0,30182.0,Domínio aplicável = Sim + Não; Não declarado coincide com circulação Aquavia + Saltado.
E04,Iluminação pública,Moradores,3509502030,V05214,Não declarado,81.0,0.2676535703664541,,SIM,30263.0,30182.0,Domínio aplicável = Sim + Não; Não declarado coincide com circulação Aquavia + Saltado.
E04,Iluminação pública,Faces,3509502030,V05412,Sim,1065.0,90.63829787234042,91.96891191709845,NÃO,1175.0,1158.0,Domínio aplicável = Sim + Não; Não declarado coincide com circulação Aquavia + Saltado.
E04,Iluminação pública,Faces,3509502030,V05413,Não,93.0,7.914893617021276,8.031088082901555,NÃO,1175.0,1158.0,Domínio aplicável = Sim + Não; Não declarado coincide com circulação Aquavia + Saltado.
E04,Iluminação pública,Faces,3509502030,V05414,Não declarado,17.0,1.446808510638298,,SIM,1175.0,1158.0,Domínio aplicável = Sim + Não; Não declarado coincide com circulação Aquavia + Saltado.
E05,Ponto de ônibus,Domicílios,3509502030,V05015,Sim,1021.0,10.099910970422396,10.12595457701081,NÃO,10109.0,10083.0,Domínio aplicável = Sim + Não; Não declarado coincide com circulação Aquavia + Saltado.
E05,Ponto de ônibus,Domicílios,3509502030,V05016,Não,9062.0,89.6428924720546,89.87404542298918,NÃO,10109.0,10083.0,Domínio aplicável = Sim + Não; Não declarado coincide com circulação Aquavia + Saltado.
E05,Ponto de ônibus,Domicílios,3509502030,V05017,Não declarado,26.0,0.2571965575229993,,SIM,10109.0,10083.0,Domínio aplicável = Sim + Não; Não declarado coincide com circulação Aquavia + Saltado.
E05,Ponto de ônibus,Moradores,3509502030,V05215,Sim,3095.0,10.227009880051547,10.254456298456033,NÃO,30263.0,30182.0,Domínio aplicável = Sim + Não; Não declarado coincide com circulação Aquavia + Saltado.
E05,Ponto de ônibus,Moradores,3509502030,V05216,Não,27087.0,89.505336549582,89.74554370154397,NÃO,30263.0,30182.0,Domínio aplicável = Sim + Não; Não declarado coincide com circulação Aquavia + Saltado.
E05,Ponto de ônibus,Moradores,3509502030,V05217,Não declarado,81.0,0.2676535703664541,,SIM,30263.0,30182.0,Domínio aplicável = Sim + Não; Não declarado coincide com circulação Aquavia + Saltado.
E05,Ponto de ônibus,Faces,3509502030,V05415,Sim,111.0,9.446808510638299,9.585492227979273,NÃO,1175.0,1158.0,Domínio aplicável = Sim + Não; Não declarado coincide com circulação Aquavia + Saltado.
E05,Ponto de ônibus,Faces,3509502030,V05416,Não,1047.0,89.1063829787234,90.41450777202073,NÃO,1175.0,1158.0,Domínio aplicável = Sim + Não; Não declarado coincide com circulação Aquavia + Saltado.
E05,Ponto de ônibus,Faces,3509502030,V05417,Não declarado,17.0,1.446808510638298,,SIM,1175.0,1158.0,Domínio aplicável = Sim + Não; Não declarado coincide com circulação Aquavia + Saltado.
E06,Via sinalizada para bicicleta,Domicílios,3509502030,V05018,Sim,11.0,0.1088139281828074,0.10909451552117426,NÃO,10109.0,10083.0,Domínio aplicável = Sim + Não; Não declarado coincide com circulação Aquavia + Saltado.
E06,Via sinalizada para bicicleta,Domicílios,3509502030,V05019,Não,10072.0,99.6339895142942,99.89090548447882,NÃO,10109.0,10083.0,Domínio aplicável = Sim + Não; Não declarado coincide com circulação Aquavia + Saltado.
E06,Via sinalizada para bicicleta,Domicílios,3509502030,V05020,Não declarado,26.0,0.2571965575229993,,SIM,10109.0,10083.0,Domínio aplicável = Sim + Não; Não declarado coincide com circulação Aquavia + Saltado.
E06,Via sinalizada para bicicleta,Moradores,3509502030,V05218,Sim,42.0,0.13878333278260582,0.13915578821814326,NÃO,30263.0,30182.0,Domínio aplicável = Sim + Não; Não declarado coincide com circulação Aquavia + Saltado.
E06,Via sinalizada para bicicleta,Moradores,3509502030,V05219,Não,30140.0,99.59356309685094,99.86084421178185,NÃO,30263.0,30182.0,Domínio aplicável = Sim + Não; Não declarado coincide com circulação Aquavia + Saltado.
E06,Via sinalizada para bicicleta,Moradores,3509502030,V05220,Não declarado,81.0,0.2676535703664541,,SIM,30263.0,30182.0,Domínio aplicável = Sim + Não; Não declarado coincide com circulação Aquavia + Saltado.
E06,Via sinalizada para bicicleta,Faces,3509502030,V05418,Sim,4.0,0.3404255319148936,0.3454231433506045,NÃO,1175.0,1158.0,Domínio aplicável = Sim + Não; Não declarado coincide com circulação Aquavia + Saltado.
E06,Via sinalizada para bicicleta,Faces,3509502030,V05419,Não,1154.0,98.2127659574468,99.65457685664938,NÃO,1175.0,1158.0,Domínio aplicável = Sim + Não; Não declarado coincide com circulação Aquavia + Saltado.
E06,Via sinalizada para bicicleta,Faces,3509502030,V05420,Não declarado,17.0,1.446808510638298,,SIM,1175.0,1158.0,Domínio aplicável = Sim + Não; Não declarado coincide com circulação Aquavia + Saltado.
E07,Calçada,Domicílios,3509502030,V05021,Sim,6536.0,64.65525769116628,64.8219775860359,NÃO,10109.0,10083.0,Domínio aplicável = Sim + Não; Não declarado coincide com circulação Aquavia + Saltado.
E07,Calçada,Domicílios,3509502030,V05022,Não,3547.0,35.087545751310714,35.1780224139641,NÃO,10109.0,10083.0,Domínio aplicável = Sim + Não; Não declarado coincide com circulação Aquavia + Saltado.
E07,Calçada,Domicílios,3509502030,V05023,Não declarado,26.0,0.2571965575229993,,SIM,10109.0,10083.0,Domínio aplicável = Sim + Não; Não declarado coincide com circulação Aquavia + Saltado.
E07,Calçada,Moradores,3509502030,V05221,Sim,19527.0,64.52433664871296,64.69750182227818,NÃO,30263.0,30182.0,Domínio aplicável = Sim + Não; Não declarado coincide com circulação Aquavia + Saltado.
E07,Calçada,Moradores,3509502030,V05222,Não,10655.0,35.2080097809206,35.302498177721816,NÃO,30263.0,30182.0,Domínio aplicável = Sim + Não; Não declarado coincide com circulação Aquavia + Saltado.
E07,Calçada,Moradores,3509502030,V05223,Não declarado,81.0,0.2676535703664541,,SIM,30263.0,30182.0,Domínio aplicável = Sim + Não; Não declarado coincide com circulação Aquavia + Saltado.
E07,Calçada,Faces,3509502030,V05421,Sim,594.0,50.5531914893617,51.29533678756477,NÃO,1175.0,1158.0,Domínio aplicável = Sim + Não; Não declarado coincide com circulação Aquavia + Saltado.
E07,Calçada,Faces,3509502030,V05422,Não,564.0,48.0,48.704663212435236,NÃO,1175.0,1158.0,Domínio aplicável = Sim + Não; Não declarado coincide com circulação Aquavia + Saltado.
E07,Calçada,Faces,3509502030,V05423,Não declarado,17.0,1.446808510638298,,SIM,1175.0,1158.0,Domínio aplicável = Sim + Não; Não declarado coincide com circulação Aquavia + Saltado.
E08,Obstáculo na calçada,Domicílios,3509502030,V05024,Sim,6406.0,63.369274903551286,98.0110159118727,NÃO,10109.0,6536.0,Domínio aplicável = Sim + Não; Não declarado coincide com ausência/não aplicação de calçada.
E08,Obstáculo na calçada,Domicílios,3509502030,V05025,Não,130.0,1.2859827876149965,1.9889840881272949,NÃO,10109.0,6536.0,Domínio aplicável = Sim + Não; Não declarado coincide com ausência/não aplicação de calçada.
E08,Obstáculo na calçada,Domicílios,3509502030,V05026,Não declarado,3573.0,35.34474230883371,,SIM,10109.0,6536.0,Domínio aplicável = Sim + Não; Não declarado coincide com ausência/não aplicação de calçada.
E08,Obstáculo na calçada,Moradores,3509502030,V05224,Sim,19140.0,63.24554736807323,98.01812874481487,NÃO,30263.0,19527.0,Domínio aplicável = Sim + Não; Não declarado coincide com ausência/não aplicação de calçada.
E08,Obstáculo na calçada,Moradores,3509502030,V05225,Não,387.0,1.2787892806397252,1.9818712551851283,NÃO,30263.0,19527.0,Domínio aplicável = Sim + Não; Não declarado coincide com ausência/não aplicação de calçada.
E08,Obstáculo na calçada,Moradores,3509502030,V05226,Não declarado,10736.0,35.475663351287054,,SIM,30263.0,19527.0,Domínio aplicável = Sim + Não; Não declarado coincide com ausência/não aplicação de calçada.
E08,Obstáculo na calçada,Faces,3509502030,V05424,Sim,539.0,45.87234042553192,90.74074074074075,NÃO,1175.0,594.0,Domínio aplicável = Sim + Não; Não declarado coincide com ausência/não aplicação de calçada.
E08,Obstáculo na calçada,Faces,3509502030,V05425,Não,55.0,4.680851063829787,9.25925925925926,NÃO,1175.0,594.0,Domínio aplicável = Sim + Não; Não declarado coincide com ausência/não aplicação de calçada.
E08,Obstáculo na calçada,Faces,3509502030,V05426,Não declarado,581.0,49.4468085106383,,SIM,1175.0,594.0,Domínio aplicável = Sim + Não; Não declarado coincide com ausência/não aplicação de calçada.
E09,Rampa para cadeirante,Domicílios,3509502030,V05027,Sim,176.0,1.7410228509249184,2.692778457772338,NÃO,10109.0,6536.0,Domínio aplicável = Sim + Não; Não declarado coincide com ausência/não aplicação de calçada.
E09,Rampa para cadeirante,Domicílios,3509502030,V05028,Não,6360.0,62.91423484024137,97.30722154222767,NÃO,10109.0,6536.0,Domínio aplicável = Sim + Não; Não declarado coincide com ausência/não aplicação de calçada.
E09,Rampa para cadeirante,Domicílios,3509502030,V05029,Não declarado,3573.0,35.34474230883371,,SIM,10109.0,6536.0,Domínio aplicável = Sim + Não; Não declarado coincide com ausência/não aplicação de calçada.
E09,Rampa para cadeirante,Moradores,3509502030,V05227,Sim,513.0,1.6951392789875426,2.6271316638500535,NÃO,30263.0,19527.0,Domínio aplicável = Sim + Não; Não declarado coincide com ausência/não aplicação de calçada.
E09,Rampa para cadeirante,Moradores,3509502030,V05228,Não,19014.0,62.82919736972541,97.37286833614995,NÃO,30263.0,19527.0,Domínio aplicável = Sim + Não; Não declarado coincide com ausência/não aplicação de calçada.
E09,Rampa para cadeirante,Moradores,3509502030,V05229,Não declarado,10736.0,35.475663351287054,,SIM,30263.0,19527.0,Domínio aplicável = Sim + Não; Não declarado coincide com ausência/não aplicação de calçada.
E09,Rampa para cadeirante,Faces,3509502030,V05427,Sim,26.0,2.2127659574468086,4.377104377104377,NÃO,1175.0,594.0,Domínio aplicável = Sim + Não; Não declarado coincide com ausência/não aplicação de calçada.
E09,Rampa para cadeirante,Faces,3509502030,V05428,Não,568.0,48.340425531914896,95.62289562289563,NÃO,1175.0,594.0,Domínio aplicável = Sim + Não; Não declarado coincide com ausência/não aplicação de calçada.
E09,Rampa para cadeirante,Faces,3509502030,V05429,Não declarado,581.0,49.4468085106383,,SIM,1175.0,594.0,Domínio aplicável = Sim + Não; Não declarado coincide com ausência/não aplicação de calçada.
E10,Arborização,Domicílios,3509502030,V05030,Sem árvores,2298.0,22.732218814917402,22.790836060696222,NÃO,10109.0,10083.0,Domínio aplicável = classes substantivas de arborização; Saltado fica fora.
E10,Arborização,Domicílios,3509502030,V05031,1 a 2 árvores,2494.0,24.671085171629244,24.734701973618964,NÃO,10109.0,10083.0,Domínio aplicável = classes substantivas de arborização; Saltado fica fora.
E10,Arborização,Domicílios,3509502030,V05032,3 a 4 árvores,2133.0,21.10000989217529,21.154418327878606,NÃO,10109.0,10083.0,Domínio aplicável = classes substantivas de arborização; Saltado fica fora.
E10,Arborização,Domicílios,3509502030,V05033,5 ou mais árvores,3158.0,31.23948956375507,31.32004363780621,NÃO,10109.0,10083.0,Domínio aplicável = classes substantivas de arborização; Saltado fica fora.
E10,Arborização,Domicílios,3509502030,V05034,Saltado,26.0,0.2571965575229993,,SIM,10109.0,10083.0,Domínio aplicável = classes substantivas de arborização; Saltado fica fora.
E10,Arborização,Moradores,3509502030,V05230,Sem árvores,6979.0,23.061163797376334,23.12305347558147,NÃO,30263.0,30182.0,Domínio aplicável = classes substantivas de arborização; Saltado fica fora.
E10,Arborização,Moradores,3509502030,V05231,1 a 2 árvores,7557.0,24.97108680567029,25.038102180107348,NÃO,30263.0,30182.0,Domínio aplicável = classes substantivas de arborização; Saltado fica fora.
E10,Arborização,Moradores,3509502030,V05232,3 a 4 árvores,6347.0,20.97280507550474,21.029090186203696,NÃO,30263.0,30182.0,Domínio aplicável = classes substantivas de arborização; Saltado fica fora.
E10,Arborização,Moradores,3509502030,V05233,5 ou mais árvores,9299.0,30.72729075108218,30.809754158107484,NÃO,30263.0,30182.0,Domínio aplicável = classes substantivas de arborização; Saltado fica fora.
E10,Arborização,Moradores,3509502030,V05234,Saltado,81.0,0.2676535703664541,,SIM,30263.0,30182.0,Domínio aplicável = classes substantivas de arborização; Saltado fica fora.
E10,Arborização,Faces,3509502030,V05430,Sem árvores,487.0,41.4468085106383,42.05526770293609,NÃO,1175.0,1158.0,Domínio aplicável = classes substantivas de arborização; Saltado fica fora.
E10,Arborização,Faces,3509502030,V05431,1 a 2 árvores,304.0,25.872340425531913,26.252158894645945,NÃO,1175.0,1158.0,Domínio aplicável = classes substantivas de arborização; Saltado fica fora.
E10,Arborização,Faces,3509502030,V05432,3 a 4 árvores,163.0,13.872340425531915,14.075993091537134,NÃO,1175.0,1158.0,Domínio aplicável = classes substantivas de arborização; Saltado fica fora.
E10,Arborização,Faces,3509502030,V05433,5 ou mais árvores,204.0,17.361702127659576,17.616580310880828,NÃO,1175.0,1158.0,Domínio aplicável = classes substantivas de arborização; Saltado fica fora.
E10,Arborização,Faces,3509502030,V05434,Saltado,17.0,1.446808510638298,,SIM,1175.0,1158.0,Domínio aplicável = classes substantivas de arborização; Saltado fica fora.
E01,Circulação da via,Domicílios,3509502031,V05001,"Caminhão, ônibus",10306.0,99.20107806333623,99.22973233198536,NÃO,10389.0,10386.0,Domínio aplicável = categorias substantivas de circulação; Saltado fica fora.
E01,Circulação da via,Domicílios,3509502031,V05002,Carros de passeio ou van,70.0,0.6737895851381268,0.6739842095128057,NÃO,10389.0,10386.0,Domínio aplicável = categorias substantivas de circulação; Saltado fica fora.
E01,Circulação da via,Domicílios,3509502031,V05003,"Pedestres, bicicletas e motocicletas",10.0,0.0962556550197324,0.09628345850182939,NÃO,10389.0,10386.0,Domínio aplicável = categorias substantivas de circulação; Saltado fica fora.
E01,Circulação da via,Domicílios,3509502031,V05004,Aquavia,0.0,0.0,0.0,NÃO,10389.0,10386.0,Domínio aplicável = categorias substantivas de circulação; Saltado fica fora.
E01,Circulação da via,Domicílios,3509502031,V05005,Saltado,3.0,0.028876696505919723,,SIM,10389.0,10386.0,Domínio aplicável = categorias substantivas de circulação; Saltado fica fora.
E01,Circulação da via,Moradores,3509502031,V05201,"Caminhão, ônibus",29758.0,99.21317596852704,99.24957475903011,NÃO,29994.0,29983.0,Domínio aplicável = categorias substantivas de circulação; Saltado fica fora.
E01,Circulação da via,Moradores,3509502031,V05202,Carros de passeio ou van,189.0,0.630126025205041,0.6303572024147016,NÃO,29994.0,29983.0,Domínio aplicável = categorias substantivas de circulação; Saltado fica fora.
E01,Circulação da via,Moradores,3509502031,V05203,"Pedestres, bicicletas e motocicletas",36.0,0.12002400480096019,0.12006803855518126,NÃO,29994.0,29983.0,Domínio aplicável = categorias substantivas de circulação; Saltado fica fora.
E01,Circulação da via,Moradores,3509502031,V05204,Aquavia,0.0,0.0,0.0,NÃO,29994.0,29983.0,Domínio aplicável = categorias substantivas de circulação; Saltado fica fora.
E01,Circulação da via,Moradores,3509502031,V05205,Saltado,11.0,0.03667400146696006,,SIM,29994.0,29983.0,Domínio aplicável = categorias substantivas de circulação; Saltado fica fora.
E01,Circulação da via,Faces,3509502031,V05401,"Caminhão, ônibus",1528.0,95.97989949748744,98.13744380218368,NÃO,1592.0,1557.0,Domínio aplicável = categorias substantivas de circulação; Saltado fica fora.
E01,Circulação da via,Faces,3509502031,V05402,Carros de passeio ou van,23.0,1.4447236180904524,1.477199743095697,NÃO,1592.0,1557.0,Domínio aplicável = categorias substantivas de circulação; Saltado fica fora.
E01,Circulação da via,Faces,3509502031,V05403,"Pedestres, bicicletas e motocicletas",6.0,0.37688442211055273,0.3853564547206166,NÃO,1592.0,1557.0,Domínio aplicável = categorias substantivas de circulação; Saltado fica fora.
E01,Circulação da via,Faces,3509502031,V05404,Aquavia,0.0,0.0,0.0,NÃO,1592.0,1557.0,Domínio aplicável = categorias substantivas de circulação; Saltado fica fora.
E01,Circulação da via,Faces,3509502031,V05405,Saltado,35.0,2.198492462311558,,SIM,1592.0,1557.0,Domínio aplicável = categorias substantivas de circulação; Saltado fica fora.
E02,Pavimentação,Domicílios,3509502031,V05006,Sim,10169.0,97.88237558956588,97.9106489505103,NÃO,10389.0,10386.0,Domínio aplicável = Sim + Não; Não declarado coincide com circulação Aquavia + Saltado.
E02,Pavimentação,Domicílios,3509502031,V05007,Não,217.0,2.088747713928193,2.089351049489698,NÃO,10389.0,10386.0,Domínio aplicável = Sim + Não; Não declarado coincide com circulação Aquavia + Saltado.
E02,Pavimentação,Domicílios,3509502031,V05008,Não declarado,3.0,0.028876696505919723,,SIM,10389.0,10386.0,Domínio aplicável = Sim + Não; Não declarado coincide com circulação Aquavia + Saltado.
E02,Pavimentação,Moradores,3509502031,V05206,Sim,29333.0,97.79622591184904,97.83210485942034,NÃO,29994.0,29983.0,Domínio aplicável = Sim + Não; Não declarado coincide com circulação Aquavia + Saltado.
E02,Pavimentação,Moradores,3509502031,V05207,Não,650.0,2.167100086684003,2.167895140579662,NÃO,29994.0,29983.0,Domínio aplicável = Sim + Não; Não declarado coincide com circulação Aquavia + Saltado.
E02,Pavimentação,Moradores,3509502031,V05208,Não declarado,11.0,0.03667400146696006,,SIM,29994.0,29983.0,Domínio aplicável = Sim + Não; Não declarado coincide com circulação Aquavia + Saltado.
E02,Pavimentação,Faces,3509502031,V05406,Sim,1538.0,96.60804020100502,98.77970456005139,NÃO,1592.0,1557.0,Domínio aplicável = Sim + Não; Não declarado coincide com circulação Aquavia + Saltado.
E02,Pavimentação,Faces,3509502031,V05407,Não,19.0,1.193467336683417,1.220295439948619,NÃO,1592.0,1557.0,Domínio aplicável = Sim + Não; Não declarado coincide com circulação Aquavia + Saltado.
E02,Pavimentação,Faces,3509502031,V05408,Não declarado,35.0,2.198492462311558,,SIM,1592.0,1557.0,Domínio aplicável = Sim + Não; Não declarado coincide com circulação Aquavia + Saltado.
E03,Bueiro / boca de lobo,Domicílios,3509502031,V05009,Sim,8781.0,84.52209067282703,84.54650491045639,NÃO,10389.0,10386.0,Domínio aplicável = Sim + Não; Não declarado coincide com circulação Aquavia + Saltado.
E03,Bueiro / boca de lobo,Domicílios,3509502031,V05010,Não,1605.0,15.44903263066705,15.453495089543617,NÃO,10389.0,10386.0,Domínio aplicável = Sim + Não; Não declarado coincide com circulação Aquavia + Saltado.
E03,Bueiro / boca de lobo,Domicílios,3509502031,V05011,Não declarado,3.0,0.028876696505919723,,SIM,10389.0,10386.0,Domínio aplicável = Sim + Não; Não declarado coincide com circulação Aquavia + Saltado.
E03,Bueiro / boca de lobo,Moradores,3509502031,V05209,Sim,25406.0,84.70360738814429,84.73468298702598,NÃO,29994.0,29983.0,Domínio aplicável = Sim + Não; Não declarado coincide com circulação Aquavia + Saltado.
E03,Bueiro / boca de lobo,Moradores,3509502031,V05210,Não,4577.0,15.259718610388745,15.26531701297402,NÃO,29994.0,29983.0,Domínio aplicável = Sim + Não; Não declarado coincide com circulação Aquavia + Saltado.
E03,Bueiro / boca de lobo,Moradores,3509502031,V05211,Não declarado,11.0,0.03667400146696006,,SIM,29994.0,29983.0,Domínio aplicável = Sim + Não; Não declarado coincide com circulação Aquavia + Saltado.
E03,Bueiro / boca de lobo,Faces,3509502031,V05409,Sim,1297.0,81.46984924623115,83.30122029543995,NÃO,1592.0,1557.0,Domínio aplicável = Sim + Não; Não declarado coincide com circulação Aquavia + Saltado.
E03,Bueiro / boca de lobo,Faces,3509502031,V05410,Não,260.0,16.331658291457288,16.698779704560053,NÃO,1592.0,1557.0,Domínio aplicável = Sim + Não; Não declarado coincide com circulação Aquavia + Saltado.
E03,Bueiro / boca de lobo,Faces,3509502031,V05411,Não declarado,35.0,2.198492462311558,,SIM,1592.0,1557.0,Domínio aplicável = Sim + Não; Não declarado coincide com circulação Aquavia + Saltado.
E04,Iluminação pública,Domicílios,3509502031,V05012,Sim,10373.0,99.84599095196843,99.87483150394763,NÃO,10389.0,10386.0,Domínio aplicável = Sim + Não; Não declarado coincide com circulação Aquavia + Saltado.
E04,Iluminação pública,Domicílios,3509502031,V05013,Não,13.0,0.12513235152565214,0.1251684960523782,NÃO,10389.0,10386.0,Domínio aplicável = Sim + Não; Não declarado coincide com circulação Aquavia + Saltado.
E04,Iluminação pública,Domicílios,3509502031,V05014,Não declarado,3.0,0.028876696505919723,,SIM,10389.0,10386.0,Domínio aplicável = Sim + Não; Não declarado coincide com circulação Aquavia + Saltado.
E04,Iluminação pública,Moradores,3509502031,V05212,Sim,29945.0,99.83663399346537,99.87326151485843,NÃO,29994.0,29983.0,Domínio aplicável = Sim + Não; Não declarado coincide com circulação Aquavia + Saltado.
E04,Iluminação pública,Moradores,3509502031,V05213,Não,38.0,0.12669200506768022,0.12673848514158023,NÃO,29994.0,29983.0,Domínio aplicável = Sim + Não; Não declarado coincide com circulação Aquavia + Saltado.
E04,Iluminação pública,Moradores,3509502031,V05214,Não declarado,11.0,0.03667400146696006,,SIM,29994.0,29983.0,Domínio aplicável = Sim + Não; Não declarado coincide com circulação Aquavia + Saltado.
E04,Iluminação pública,Faces,3509502031,V05412,Sim,1527.0,95.91708542713567,98.07321772639692,NÃO,1592.0,1557.0,Domínio aplicável = Sim + Não; Não declarado coincide com circulação Aquavia + Saltado.
E04,Iluminação pública,Faces,3509502031,V05413,Não,30.0,1.8844221105527637,1.9267822736030826,NÃO,1592.0,1557.0,Domínio aplicável = Sim + Não; Não declarado coincide com circulação Aquavia + Saltado.
E04,Iluminação pública,Faces,3509502031,V05414,Não declarado,35.0,2.198492462311558,,SIM,1592.0,1557.0,Domínio aplicável = Sim + Não; Não declarado coincide com circulação Aquavia + Saltado.
E05,Ponto de ônibus,Domicílios,3509502031,V05015,Sim,2366.0,22.77408797766869,22.78066628153283,NÃO,10389.0,10386.0,Domínio aplicável = Sim + Não; Não declarado coincide com circulação Aquavia + Saltado.
E05,Ponto de ônibus,Domicílios,3509502031,V05016,Não,8020.0,77.1970353258254,77.21933371846717,NÃO,10389.0,10386.0,Domínio aplicável = Sim + Não; Não declarado coincide com circulação Aquavia + Saltado.
E05,Ponto de ônibus,Domicílios,3509502031,V05017,Não declarado,3.0,0.028876696505919723,,SIM,10389.0,10386.0,Domínio aplicável = Sim + Não; Não declarado coincide com circulação Aquavia + Saltado.
E05,Ponto de ônibus,Moradores,3509502031,V05215,Sim,6236.0,20.790824831632992,20.798452456391956,NÃO,29994.0,29983.0,Domínio aplicável = Sim + Não; Não declarado coincide com circulação Aquavia + Saltado.
E05,Ponto de ônibus,Moradores,3509502031,V05216,Não,23747.0,79.17250116690005,79.20154754360804,NÃO,29994.0,29983.0,Domínio aplicável = Sim + Não; Não declarado coincide com circulação Aquavia + Saltado.
E05,Ponto de ônibus,Moradores,3509502031,V05217,Não declarado,11.0,0.03667400146696006,,SIM,29994.0,29983.0,Domínio aplicável = Sim + Não; Não declarado coincide com circulação Aquavia + Saltado.
E05,Ponto de ônibus,Faces,3509502031,V05415,Sim,211.0,13.253768844221106,13.55170199100835,NÃO,1592.0,1557.0,Domínio aplicável = Sim + Não; Não declarado coincide com circulação Aquavia + Saltado.
E05,Ponto de ônibus,Faces,3509502031,V05416,Não,1346.0,84.54773869346734,86.44829800899166,NÃO,1592.0,1557.0,Domínio aplicável = Sim + Não; Não declarado coincide com circulação Aquavia + Saltado.
E05,Ponto de ônibus,Faces,3509502031,V05417,Não declarado,35.0,2.198492462311558,,SIM,1592.0,1557.0,Domínio aplicável = Sim + Não; Não declarado coincide com circulação Aquavia + Saltado.
E06,Via sinalizada para bicicleta,Domicílios,3509502031,V05018,Sim,110.0,1.0588122052170565,1.0591180435201233,NÃO,10389.0,10386.0,Domínio aplicável = Sim + Não; Não declarado coincide com circulação Aquavia + Saltado.
E06,Via sinalizada para bicicleta,Domicílios,3509502031,V05019,Não,10276.0,98.91231109827703,98.94088195647987,NÃO,10389.0,10386.0,Domínio aplicável = Sim + Não; Não declarado coincide com circulação Aquavia + Saltado.
E06,Via sinalizada para bicicleta,Domicílios,3509502031,V05020,Não declarado,3.0,0.028876696505919723,,SIM,10389.0,10386.0,Domínio aplicável = Sim + Não; Não declarado coincide com circulação Aquavia + Saltado.
E06,Via sinalizada para bicicleta,Moradores,3509502031,V05218,Sim,259.0,0.8635060345402413,0.8638228329386652,NÃO,29994.0,29983.0,Domínio aplicável = Sim + Não; Não declarado coincide com circulação Aquavia + Saltado.
E06,Via sinalizada para bicicleta,Moradores,3509502031,V05219,Não,29724.0,99.0998199639928,99.13617716706133,NÃO,29994.0,29983.0,Domínio aplicável = Sim + Não; Não declarado coincide com circulação Aquavia + Saltado.
E06,Via sinalizada para bicicleta,Moradores,3509502031,V05220,Não declarado,11.0,0.03667400146696006,,SIM,29994.0,29983.0,Domínio aplicável = Sim + Não; Não declarado coincide com circulação Aquavia + Saltado.
E06,Via sinalizada para bicicleta,Faces,3509502031,V05418,Sim,16.0,1.0050251256281406,1.0276172125883107,NÃO,1592.0,1557.0,Domínio aplicável = Sim + Não; Não declarado coincide com circulação Aquavia + Saltado.
E06,Via sinalizada para bicicleta,Faces,3509502031,V05419,Não,1541.0,96.7964824120603,98.97238278741169,NÃO,1592.0,1557.0,Domínio aplicável = Sim + Não; Não declarado coincide com circulação Aquavia + Saltado.
E06,Via sinalizada para bicicleta,Faces,3509502031,V05420,Não declarado,35.0,2.198492462311558,,SIM,1592.0,1557.0,Domínio aplicável = Sim + Não; Não declarado coincide com circulação Aquavia + Saltado.
E07,Calçada,Domicílios,3509502031,V05021,Sim,9831.0,94.62893444989892,94.65626805314848,NÃO,10389.0,10386.0,Domínio aplicável = Sim + Não; Não declarado coincide com circulação Aquavia + Saltado.
E07,Calçada,Domicílios,3509502031,V05022,Não,555.0,5.3421888535951485,5.3437319468515305,NÃO,10389.0,10386.0,Domínio aplicável = Sim + Não; Não declarado coincide com circulação Aquavia + Saltado.
E07,Calçada,Domicílios,3509502031,V05023,Não declarado,3.0,0.028876696505919723,,SIM,10389.0,10386.0,Domínio aplicável = Sim + Não; Não declarado coincide com circulação Aquavia + Saltado.
E07,Calçada,Moradores,3509502031,V05221,Sim,28362.0,94.55891178235647,94.59360304172364,NÃO,29994.0,29983.0,Domínio aplicável = Sim + Não; Não declarado coincide com circulação Aquavia + Saltado.
E07,Calçada,Moradores,3509502031,V05222,Não,1621.0,5.404414216176569,5.406396958276356,NÃO,29994.0,29983.0,Domínio aplicável = Sim + Não; Não declarado coincide com circulação Aquavia + Saltado.
E07,Calçada,Moradores,3509502031,V05223,Não declarado,11.0,0.03667400146696006,,SIM,29994.0,29983.0,Domínio aplicável = Sim + Não; Não declarado coincide com circulação Aquavia + Saltado.
E07,Calçada,Faces,3509502031,V05421,Sim,1344.0,84.42211055276381,86.31984585741812,NÃO,1592.0,1557.0,Domínio aplicável = Sim + Não; Não declarado coincide com circulação Aquavia + Saltado.
E07,Calçada,Faces,3509502031,V05422,Não,213.0,13.379396984924623,13.680154142581888,NÃO,1592.0,1557.0,Domínio aplicável = Sim + Não; Não declarado coincide com circulação Aquavia + Saltado.
E07,Calçada,Faces,3509502031,V05423,Não declarado,35.0,2.198492462311558,,SIM,1592.0,1557.0,Domínio aplicável = Sim + Não; Não declarado coincide com circulação Aquavia + Saltado.
E08,Obstáculo na calçada,Domicílios,3509502031,V05024,Sim,6212.0,59.794012898257776,63.18787508900417,NÃO,10389.0,9831.0,Domínio aplicável = Sim + Não; Não declarado coincide com ausência/não aplicação de calçada.
E08,Obstáculo na calçada,Domicílios,3509502031,V05025,Não,3619.0,34.83492155164116,36.81212491099583,NÃO,10389.0,9831.0,Domínio aplicável = Sim + Não; Não declarado coincide com ausência/não aplicação de calçada.
E08,Obstáculo na calçada,Domicílios,3509502031,V05026,Não declarado,558.0,5.3710655501010685,,SIM,10389.0,9831.0,Domínio aplicável = Sim + Não; Não declarado coincide com ausência/não aplicação de calçada.
E08,Obstáculo na calçada,Moradores,3509502031,V05224,Sim,18285.0,60.9621924384877,64.47006558070657,NÃO,29994.0,28362.0,Domínio aplicável = Sim + Não; Não declarado coincide com ausência/não aplicação de calçada.
E08,Obstáculo na calçada,Moradores,3509502031,V05225,Não,10077.0,33.59671934386878,35.52993441929342,NÃO,29994.0,28362.0,Domínio aplicável = Sim + Não; Não declarado coincide com ausência/não aplicação de calçada.
E08,Obstáculo na calçada,Moradores,3509502031,V05226,Não declarado,1632.0,5.441088217643529,,SIM,29994.0,28362.0,Domínio aplicável = Sim + Não; Não declarado coincide com ausência/não aplicação de calçada.
E08,Obstáculo na calçada,Faces,3509502031,V05424,Sim,699.0,43.9070351758794,52.00892857142857,NÃO,1592.0,1344.0,Domínio aplicável = Sim + Não; Não declarado coincide com ausência/não aplicação de calçada.
E08,Obstáculo na calçada,Faces,3509502031,V05425,Não,645.0,40.515075376884425,47.99107142857143,NÃO,1592.0,1344.0,Domínio aplicável = Sim + Não; Não declarado coincide com ausência/não aplicação de calçada.
E08,Obstáculo na calçada,Faces,3509502031,V05426,Não declarado,248.0,15.577889447236181,,SIM,1592.0,1344.0,Domínio aplicável = Sim + Não; Não declarado coincide com ausência/não aplicação de calçada.
E09,Rampa para cadeirante,Domicílios,3509502031,V05027,Sim,1826.0,17.57628260660314,18.573898891262335,NÃO,10389.0,9831.0,Domínio aplicável = Sim + Não; Não declarado coincide com ausência/não aplicação de calçada.
E09,Rampa para cadeirante,Domicílios,3509502031,V05028,Não,8005.0,77.05265184329579,81.42610110873767,NÃO,10389.0,9831.0,Domínio aplicável = Sim + Não; Não declarado coincide com ausência/não aplicação de calçada.
E09,Rampa para cadeirante,Domicílios,3509502031,V05029,Não declarado,558.0,5.3710655501010685,,SIM,10389.0,9831.0,Domínio aplicável = Sim + Não; Não declarado coincide com ausência/não aplicação de calçada.
E09,Rampa para cadeirante,Moradores,3509502031,V05227,Sim,4759.0,15.866506634660265,16.77949368873845,NÃO,29994.0,28362.0,Domínio aplicável = Sim + Não; Não declarado coincide com ausência/não aplicação de calçada.
E09,Rampa para cadeirante,Moradores,3509502031,V05228,Não,23603.0,78.6924051476962,83.22050631126154,NÃO,29994.0,28362.0,Domínio aplicável = Sim + Não; Não declarado coincide com ausência/não aplicação de calçada.
E09,Rampa para cadeirante,Moradores,3509502031,V05229,Não declarado,1632.0,5.441088217643529,,SIM,29994.0,28362.0,Domínio aplicável = Sim + Não; Não declarado coincide com ausência/não aplicação de calçada.
E09,Rampa para cadeirante,Faces,3509502031,V05427,Sim,44.0,2.763819095477387,3.273809523809524,NÃO,1592.0,1344.0,Domínio aplicável = Sim + Não; Não declarado coincide com ausência/não aplicação de calçada.
E09,Rampa para cadeirante,Faces,3509502031,V05428,Não,1300.0,81.65829145728644,96.72619047619048,NÃO,1592.0,1344.0,Domínio aplicável = Sim + Não; Não declarado coincide com ausência/não aplicação de calçada.
E09,Rampa para cadeirante,Faces,3509502031,V05429,Não declarado,248.0,15.577889447236181,,SIM,1592.0,1344.0,Domínio aplicável = Sim + Não; Não declarado coincide com ausência/não aplicação de calçada.
E10,Arborização,Domicílios,3509502031,V05030,Sem árvores,934.0,8.990278178843008,8.992875024070864,NÃO,10389.0,10386.0,Domínio aplicável = classes substantivas de arborização; Saltado fica fora.
E10,Arborização,Domicílios,3509502031,V05031,1 a 2 árvores,1158.0,11.146404851285013,11.149624494511842,NÃO,10389.0,10386.0,Domínio aplicável = classes substantivas de arborização; Saltado fica fora.
E10,Arborização,Domicílios,3509502031,V05032,3 a 4 árvores,1391.0,13.389161613244779,13.393029077604467,NÃO,10389.0,10386.0,Domínio aplicável = classes substantivas de arborização; Saltado fica fora.
E10,Arborização,Domicílios,3509502031,V05033,5 ou mais árvores,6903.0,66.44527866012129,66.46447140381284,NÃO,10389.0,10386.0,Domínio aplicável = classes substantivas de arborização; Saltado fica fora.
E10,Arborização,Domicílios,3509502031,V05034,Saltado,3.0,0.028876696505919723,,SIM,10389.0,10386.0,Domínio aplicável = classes substantivas de arborização; Saltado fica fora.
E10,Arborização,Moradores,3509502031,V05230,Sem árvores,2505.0,8.351670334066814,8.354734349464698,NÃO,29994.0,29983.0,Domínio aplicável = classes substantivas de arborização; Saltado fica fora.
E10,Arborização,Moradores,3509502031,V05231,1 a 2 árvores,3389.0,11.298926451957058,11.303071740653037,NÃO,29994.0,29983.0,Domínio aplicável = classes substantivas de arborização; Saltado fica fora.
E10,Arborização,Moradores,3509502031,V05232,3 a 4 árvores,4141.0,13.806094552243783,13.811159657139047,NÃO,29994.0,29983.0,Domínio aplicável = classes substantivas de arborização; Saltado fica fora.
E10,Arborização,Moradores,3509502031,V05233,5 ou mais árvores,19948.0,66.50663466026539,66.53103425274323,NÃO,29994.0,29983.0,Domínio aplicável = classes substantivas de arborização; Saltado fica fora.
E10,Arborização,Moradores,3509502031,V05234,Saltado,11.0,0.03667400146696006,,SIM,29994.0,29983.0,Domínio aplicável = classes substantivas de arborização; Saltado fica fora.
E10,Arborização,Faces,3509502031,V05430,Sem árvores,346.0,21.733668341708544,22.22222222222222,NÃO,1592.0,1557.0,Domínio aplicável = classes substantivas de arborização; Saltado fica fora.
E10,Arborização,Faces,3509502031,V05431,1 a 2 árvores,414.0,26.00502512562814,26.589595375722542,NÃO,1592.0,1557.0,Domínio aplicável = classes substantivas de arborização; Saltado fica fora.
E10,Arborização,Faces,3509502031,V05432,3 a 4 árvores,286.0,17.964824120603016,18.368657675016056,NÃO,1592.0,1557.0,Domínio aplicável = classes substantivas de arborização; Saltado fica fora.
E10,Arborização,Faces,3509502031,V05433,5 ou mais árvores,511.0,32.097989949748744,32.81952472703918,NÃO,1592.0,1557.0,Domínio aplicável = classes substantivas de arborização; Saltado fica fora.
E10,Arborização,Faces,3509502031,V05434,Saltado,35.0,2.198492462311558,,SIM,1592.0,1557.0,Domínio aplicável = classes substantivas de arborização; Saltado fica fora.
E01,Circulação da via,Domicílios,3509502032,V05001,"Caminhão, ônibus",11862.0,94.2850329862491,94.2850329862491,NÃO,12581.0,12581.0,Domínio aplicável = categorias substantivas de circulação; Saltado fica fora.
E01,Circulação da via,Domicílios,3509502032,V05002,Carros de passeio ou van,648.0,5.150623956760194,5.150623956760194,NÃO,12581.0,12581.0,Domínio aplicável = categorias substantivas de circulação; Saltado fica fora.
E01,Circulação da via,Domicílios,3509502032,V05003,"Pedestres, bicicletas e motocicletas",71.0,0.5643430569907002,0.5643430569907002,NÃO,12581.0,12581.0,Domínio aplicável = categorias substantivas de circulação; Saltado fica fora.
E01,Circulação da via,Domicílios,3509502032,V05004,Aquavia,0.0,0.0,0.0,NÃO,12581.0,12581.0,Domínio aplicável = categorias substantivas de circulação; Saltado fica fora.
E01,Circulação da via,Domicílios,3509502032,V05005,Saltado,0.0,0.0,,SIM,12581.0,12581.0,Domínio aplicável = categorias substantivas de circulação; Saltado fica fora.
E01,Circulação da via,Moradores,3509502032,V05201,"Caminhão, ônibus",32577.0,93.82776497695853,93.82776497695853,NÃO,34720.0,34720.0,Domínio aplicável = categorias substantivas de circulação; Saltado fica fora.
E01,Circulação da via,Moradores,3509502032,V05202,Carros de passeio ou van,1916.0,5.518433179723503,5.518433179723503,NÃO,34720.0,34720.0,Domínio aplicável = categorias substantivas de circulação; Saltado fica fora.
E01,Circulação da via,Moradores,3509502032,V05203,"Pedestres, bicicletas e motocicletas",227.0,0.6538018433179723,0.6538018433179723,NÃO,34720.0,34720.0,Domínio aplicável = categorias substantivas de circulação; Saltado fica fora.
E01,Circulação da via,Moradores,3509502032,V05204,Aquavia,0.0,0.0,0.0,NÃO,34720.0,34720.0,Domínio aplicável = categorias substantivas de circulação; Saltado fica fora.
E01,Circulação da via,Moradores,3509502032,V05205,Saltado,0.0,0.0,,SIM,34720.0,34720.0,Domínio aplicável = categorias substantivas de circulação; Saltado fica fora.
E01,Circulação da via,Faces,3509502032,V05401,"Caminhão, ônibus",1328.0,91.77608845888045,91.83955739972338,NÃO,1447.0,1446.0,Domínio aplicável = categorias substantivas de circulação; Saltado fica fora.
E01,Circulação da via,Faces,3509502032,V05402,Carros de passeio ou van,75.0,5.183137525915687,5.186721991701245,NÃO,1447.0,1446.0,Domínio aplicável = categorias substantivas de circulação; Saltado fica fora.
E01,Circulação da via,Faces,3509502032,V05403,"Pedestres, bicicletas e motocicletas",43.0,2.9716655148583278,2.97372060857538,NÃO,1447.0,1446.0,Domínio aplicável = categorias substantivas de circulação; Saltado fica fora.
E01,Circulação da via,Faces,3509502032,V05404,Aquavia,0.0,0.0,0.0,NÃO,1447.0,1446.0,Domínio aplicável = categorias substantivas de circulação; Saltado fica fora.
E01,Circulação da via,Faces,3509502032,V05405,Saltado,1.0,0.0691085003455425,,SIM,1447.0,1446.0,Domínio aplicável = categorias substantivas de circulação; Saltado fica fora.
E02,Pavimentação,Domicílios,3509502032,V05006,Sim,12208.0,97.03521182735871,97.03521182735871,NÃO,12581.0,12581.0,Domínio aplicável = Sim + Não; Não declarado coincide com circulação Aquavia + Saltado.
E02,Pavimentação,Domicílios,3509502032,V05007,Não,373.0,2.9647881726412844,2.9647881726412844,NÃO,12581.0,12581.0,Domínio aplicável = Sim + Não; Não declarado coincide com circulação Aquavia + Saltado.
E02,Pavimentação,Domicílios,3509502032,V05008,Não declarado,0.0,0.0,,SIM,12581.0,12581.0,Domínio aplicável = Sim + Não; Não declarado coincide com circulação Aquavia + Saltado.
E02,Pavimentação,Moradores,3509502032,V05206,Sim,33592.0,96.75115207373271,96.75115207373271,NÃO,34720.0,34720.0,Domínio aplicável = Sim + Não; Não declarado coincide com circulação Aquavia + Saltado.
E02,Pavimentação,Moradores,3509502032,V05207,Não,1128.0,3.2488479262672807,3.2488479262672807,NÃO,34720.0,34720.0,Domínio aplicável = Sim + Não; Não declarado coincide com circulação Aquavia + Saltado.
E02,Pavimentação,Moradores,3509502032,V05208,Não declarado,0.0,0.0,,SIM,34720.0,34720.0,Domínio aplicável = Sim + Não; Não declarado coincide com circulação Aquavia + Saltado.
E02,Pavimentação,Faces,3509502032,V05406,Sim,1349.0,93.22736696613684,93.29183955739973,NÃO,1447.0,1446.0,Domínio aplicável = Sim + Não; Não declarado coincide com circulação Aquavia + Saltado.
E02,Pavimentação,Faces,3509502032,V05407,Não,97.0,6.703524533517623,6.708160442600277,NÃO,1447.0,1446.0,Domínio aplicável = Sim + Não; Não declarado coincide com circulação Aquavia + Saltado.
E02,Pavimentação,Faces,3509502032,V05408,Não declarado,1.0,0.0691085003455425,,SIM,1447.0,1446.0,Domínio aplicável = Sim + Não; Não declarado coincide com circulação Aquavia + Saltado.
E03,Bueiro / boca de lobo,Domicílios,3509502032,V05009,Sim,9608.0,76.36912805023448,76.36912805023448,NÃO,12581.0,12581.0,Domínio aplicável = Sim + Não; Não declarado coincide com circulação Aquavia + Saltado.
E03,Bueiro / boca de lobo,Domicílios,3509502032,V05010,Não,2973.0,23.63087194976552,23.63087194976552,NÃO,12581.0,12581.0,Domínio aplicável = Sim + Não; Não declarado coincide com circulação Aquavia + Saltado.
E03,Bueiro / boca de lobo,Domicílios,3509502032,V05011,Não declarado,0.0,0.0,,SIM,12581.0,12581.0,Domínio aplicável = Sim + Não; Não declarado coincide com circulação Aquavia + Saltado.
E03,Bueiro / boca de lobo,Moradores,3509502032,V05209,Sim,26512.0,76.3594470046083,76.3594470046083,NÃO,34720.0,34720.0,Domínio aplicável = Sim + Não; Não declarado coincide com circulação Aquavia + Saltado.
E03,Bueiro / boca de lobo,Moradores,3509502032,V05210,Não,8208.0,23.640552995391705,23.640552995391705,NÃO,34720.0,34720.0,Domínio aplicável = Sim + Não; Não declarado coincide com circulação Aquavia + Saltado.
E03,Bueiro / boca de lobo,Moradores,3509502032,V05211,Não declarado,0.0,0.0,,SIM,34720.0,34720.0,Domínio aplicável = Sim + Não; Não declarado coincide com circulação Aquavia + Saltado.
E03,Bueiro / boca de lobo,Faces,3509502032,V05409,Sim,928.0,64.13268832066345,64.17704011065007,NÃO,1447.0,1446.0,Domínio aplicável = Sim + Não; Não declarado coincide com circulação Aquavia + Saltado.
E03,Bueiro / boca de lobo,Faces,3509502032,V05410,Não,518.0,35.79820317899102,35.82295988934993,NÃO,1447.0,1446.0,Domínio aplicável = Sim + Não; Não declarado coincide com circulação Aquavia + Saltado.
E03,Bueiro / boca de lobo,Faces,3509502032,V05411,Não declarado,1.0,0.0691085003455425,,SIM,1447.0,1446.0,Domínio aplicável = Sim + Não; Não declarado coincide com circulação Aquavia + Saltado.
E04,Iluminação pública,Domicílios,3509502032,V05012,Sim,12212.0,97.06700580240044,97.06700580240044,NÃO,12581.0,12581.0,Domínio aplicável = Sim + Não; Não declarado coincide com circulação Aquavia + Saltado.
E04,Iluminação pública,Domicílios,3509502032,V05013,Não,369.0,2.932994197599555,2.932994197599555,NÃO,12581.0,12581.0,Domínio aplicável = Sim + Não; Não declarado coincide com circulação Aquavia + Saltado.
E04,Iluminação pública,Domicílios,3509502032,V05014,Não declarado,0.0,0.0,,SIM,12581.0,12581.0,Domínio aplicável = Sim + Não; Não declarado coincide com circulação Aquavia + Saltado.
E04,Iluminação pública,Moradores,3509502032,V05212,Sim,33566.0,96.67626728110599,96.67626728110599,NÃO,34720.0,34720.0,Domínio aplicável = Sim + Não; Não declarado coincide com circulação Aquavia + Saltado.
E04,Iluminação pública,Moradores,3509502032,V05213,Não,1154.0,3.323732718894009,3.323732718894009,NÃO,34720.0,34720.0,Domínio aplicável = Sim + Não; Não declarado coincide com circulação Aquavia + Saltado.
E04,Iluminação pública,Moradores,3509502032,V05214,Não declarado,0.0,0.0,,SIM,34720.0,34720.0,Domínio aplicável = Sim + Não; Não declarado coincide com circulação Aquavia + Saltado.
E04,Iluminação pública,Faces,3509502032,V05412,Sim,1358.0,93.84934346924672,93.91424619640387,NÃO,1447.0,1446.0,Domínio aplicável = Sim + Não; Não declarado coincide com circulação Aquavia + Saltado.
E04,Iluminação pública,Faces,3509502032,V05413,Não,88.0,6.08154803040774,6.085753803596127,NÃO,1447.0,1446.0,Domínio aplicável = Sim + Não; Não declarado coincide com circulação Aquavia + Saltado.
E04,Iluminação pública,Faces,3509502032,V05414,Não declarado,1.0,0.0691085003455425,,SIM,1447.0,1446.0,Domínio aplicável = Sim + Não; Não declarado coincide com circulação Aquavia + Saltado.
E05,Ponto de ônibus,Domicílios,3509502032,V05015,Sim,2848.0,22.637310229711467,22.637310229711467,NÃO,12581.0,12581.0,Domínio aplicável = Sim + Não; Não declarado coincide com circulação Aquavia + Saltado.
E05,Ponto de ônibus,Domicílios,3509502032,V05016,Não,9733.0,77.36268977028853,77.36268977028853,NÃO,12581.0,12581.0,Domínio aplicável = Sim + Não; Não declarado coincide com circulação Aquavia + Saltado.
E05,Ponto de ônibus,Domicílios,3509502032,V05017,Não declarado,0.0,0.0,,SIM,12581.0,12581.0,Domínio aplicável = Sim + Não; Não declarado coincide com circulação Aquavia + Saltado.
E05,Ponto de ônibus,Moradores,3509502032,V05215,Sim,7614.0,21.929723502304146,21.929723502304146,NÃO,34720.0,34720.0,Domínio aplicável = Sim + Não; Não declarado coincide com circulação Aquavia + Saltado.
E05,Ponto de ônibus,Moradores,3509502032,V05216,Não,27106.0,78.07027649769586,78.07027649769586,NÃO,34720.0,34720.0,Domínio aplicável = Sim + Não; Não declarado coincide com circulação Aquavia + Saltado.
E05,Ponto de ônibus,Moradores,3509502032,V05217,Não declarado,0.0,0.0,,SIM,34720.0,34720.0,Domínio aplicável = Sim + Não; Não declarado coincide com circulação Aquavia + Saltado.
E05,Ponto de ônibus,Faces,3509502032,V05415,Sim,206.0,14.236351071181755,14.246196403872752,NÃO,1447.0,1446.0,Domínio aplicável = Sim + Não; Não declarado coincide com circulação Aquavia + Saltado.
E05,Ponto de ônibus,Faces,3509502032,V05416,Não,1240.0,85.69454042847269,85.75380359612724,NÃO,1447.0,1446.0,Domínio aplicável = Sim + Não; Não declarado coincide com circulação Aquavia + Saltado.
E05,Ponto de ônibus,Faces,3509502032,V05417,Não declarado,1.0,0.0691085003455425,,SIM,1447.0,1446.0,Domínio aplicável = Sim + Não; Não declarado coincide com circulação Aquavia + Saltado.
E06,Via sinalizada para bicicleta,Domicílios,3509502032,V05018,Sim,701.0,5.5718941260631105,5.5718941260631105,NÃO,12581.0,12581.0,Domínio aplicável = Sim + Não; Não declarado coincide com circulação Aquavia + Saltado.
E06,Via sinalizada para bicicleta,Domicílios,3509502032,V05019,Não,11880.0,94.42810587393689,94.42810587393689,NÃO,12581.0,12581.0,Domínio aplicável = Sim + Não; Não declarado coincide com circulação Aquavia + Saltado.
E06,Via sinalizada para bicicleta,Domicílios,3509502032,V05020,Não declarado,0.0,0.0,,SIM,12581.0,12581.0,Domínio aplicável = Sim + Não; Não declarado coincide com circulação Aquavia + Saltado.
E06,Via sinalizada para bicicleta,Moradores,3509502032,V05218,Sim,1612.0,4.642857142857143,4.642857142857143,NÃO,34720.0,34720.0,Domínio aplicável = Sim + Não; Não declarado coincide com circulação Aquavia + Saltado.
E06,Via sinalizada para bicicleta,Moradores,3509502032,V05219,Não,33108.0,95.35714285714286,95.35714285714286,NÃO,34720.0,34720.0,Domínio aplicável = Sim + Não; Não declarado coincide com circulação Aquavia + Saltado.
E06,Via sinalizada para bicicleta,Moradores,3509502032,V05220,Não declarado,0.0,0.0,,SIM,34720.0,34720.0,Domínio aplicável = Sim + Não; Não declarado coincide com circulação Aquavia + Saltado.
E06,Via sinalizada para bicicleta,Faces,3509502032,V05418,Sim,62.0,4.2847270214236355,4.287690179806362,NÃO,1447.0,1446.0,Domínio aplicável = Sim + Não; Não declarado coincide com circulação Aquavia + Saltado.
E06,Via sinalizada para bicicleta,Faces,3509502032,V05419,Não,1384.0,95.64616447823082,95.71230982019364,NÃO,1447.0,1446.0,Domínio aplicável = Sim + Não; Não declarado coincide com circulação Aquavia + Saltado.
E06,Via sinalizada para bicicleta,Faces,3509502032,V05420,Não declarado,1.0,0.0691085003455425,,SIM,1447.0,1446.0,Domínio aplicável = Sim + Não; Não declarado coincide com circulação Aquavia + Saltado.
E07,Calçada,Domicílios,3509502032,V05021,Sim,11588.0,92.10714569589062,92.10714569589062,NÃO,12581.0,12581.0,Domínio aplicável = Sim + Não; Não declarado coincide com circulação Aquavia + Saltado.
E07,Calçada,Domicílios,3509502032,V05022,Não,993.0,7.892854304109371,7.892854304109371,NÃO,12581.0,12581.0,Domínio aplicável = Sim + Não; Não declarado coincide com circulação Aquavia + Saltado.
E07,Calçada,Domicílios,3509502032,V05023,Não declarado,0.0,0.0,,SIM,12581.0,12581.0,Domínio aplicável = Sim + Não; Não declarado coincide com circulação Aquavia + Saltado.
E07,Calçada,Moradores,3509502032,V05221,Sim,31790.0,91.56105990783409,91.56105990783409,NÃO,34720.0,34720.0,Domínio aplicável = Sim + Não; Não declarado coincide com circulação Aquavia + Saltado.
E07,Calçada,Moradores,3509502032,V05222,Não,2930.0,8.438940092165899,8.438940092165899,NÃO,34720.0,34720.0,Domínio aplicável = Sim + Não; Não declarado coincide com circulação Aquavia + Saltado.
E07,Calçada,Moradores,3509502032,V05223,Não declarado,0.0,0.0,,SIM,34720.0,34720.0,Domínio aplicável = Sim + Não; Não declarado coincide com circulação Aquavia + Saltado.
E07,Calçada,Faces,3509502032,V05421,Sim,1251.0,86.45473393227367,86.51452282157676,NÃO,1447.0,1446.0,Domínio aplicável = Sim + Não; Não declarado coincide com circulação Aquavia + Saltado.
E07,Calçada,Faces,3509502032,V05422,Não,195.0,13.476157567380787,13.485477178423237,NÃO,1447.0,1446.0,Domínio aplicável = Sim + Não; Não declarado coincide com circulação Aquavia + Saltado.
E07,Calçada,Faces,3509502032,V05423,Não declarado,1.0,0.0691085003455425,,SIM,1447.0,1446.0,Domínio aplicável = Sim + Não; Não declarado coincide com circulação Aquavia + Saltado.
E08,Obstáculo na calçada,Domicílios,3509502032,V05024,Sim,7423.0,59.001669183689685,64.05764584052469,NÃO,12581.0,11588.0,Domínio aplicável = Sim + Não; Não declarado coincide com ausência/não aplicação de calçada.
E08,Obstáculo na calçada,Domicílios,3509502032,V05025,Não,4165.0,33.10547651220094,35.94235415947532,NÃO,12581.0,11588.0,Domínio aplicável = Sim + Não; Não declarado coincide com ausência/não aplicação de calçada.
E08,Obstáculo na calçada,Domicílios,3509502032,V05026,Não declarado,993.0,7.892854304109371,,SIM,12581.0,11588.0,Domínio aplicável = Sim + Não; Não declarado coincide com ausência/não aplicação de calçada.
E08,Obstáculo na calçada,Moradores,3509502032,V05224,Sim,20964.0,60.38018433179724,65.9452658068575,NÃO,34720.0,31790.0,Domínio aplicável = Sim + Não; Não declarado coincide com ausência/não aplicação de calçada.
E08,Obstáculo na calçada,Moradores,3509502032,V05225,Não,10826.0,31.180875576036865,34.0547341931425,NÃO,34720.0,31790.0,Domínio aplicável = Sim + Não; Não declarado coincide com ausência/não aplicação de calçada.
E08,Obstáculo na calçada,Moradores,3509502032,V05226,Não declarado,2930.0,8.438940092165899,,SIM,34720.0,31790.0,Domínio aplicável = Sim + Não; Não declarado coincide com ausência/não aplicação de calçada.
E08,Obstáculo na calçada,Faces,3509502032,V05424,Sim,621.0,42.916378714581896,49.64028776978417,NÃO,1447.0,1251.0,Domínio aplicável = Sim + Não; Não declarado coincide com ausência/não aplicação de calçada.
E08,Obstáculo na calçada,Faces,3509502032,V05425,Não,630.0,43.53835521769177,50.35971223021583,NÃO,1447.0,1251.0,Domínio aplicável = Sim + Não; Não declarado coincide com ausência/não aplicação de calçada.
E08,Obstáculo na calçada,Faces,3509502032,V05426,Não declarado,196.0,13.545266067726331,,SIM,1447.0,1251.0,Domínio aplicável = Sim + Não; Não declarado coincide com ausência/não aplicação de calçada.
E09,Rampa para cadeirante,Domicílios,3509502032,V05027,Sim,2506.0,19.918925363643588,21.625819813600273,NÃO,12581.0,11588.0,Domínio aplicável = Sim + Não; Não declarado coincide com ausência/não aplicação de calçada.
E09,Rampa para cadeirante,Domicílios,3509502032,V05028,Não,9082.0,72.18822033224704,78.37418018639973,NÃO,12581.0,11588.0,Domínio aplicável = Sim + Não; Não declarado coincide com ausência/não aplicação de calçada.
E09,Rampa para cadeirante,Domicílios,3509502032,V05029,Não declarado,993.0,7.892854304109371,,SIM,12581.0,11588.0,Domínio aplicável = Sim + Não; Não declarado coincide com ausência/não aplicação de calçada.
E09,Rampa para cadeirante,Moradores,3509502032,V05227,Sim,6926.0,19.948156682027648,21.786725385341303,NÃO,34720.0,31790.0,Domínio aplicável = Sim + Não; Não declarado coincide com ausência/não aplicação de calçada.
E09,Rampa para cadeirante,Moradores,3509502032,V05228,Não,24864.0,71.61290322580646,78.2132746146587,NÃO,34720.0,31790.0,Domínio aplicável = Sim + Não; Não declarado coincide com ausência/não aplicação de calçada.
E09,Rampa para cadeirante,Moradores,3509502032,V05229,Não declarado,2930.0,8.438940092165899,,SIM,34720.0,31790.0,Domínio aplicável = Sim + Não; Não declarado coincide com ausência/não aplicação de calçada.
E09,Rampa para cadeirante,Faces,3509502032,V05427,Sim,250.0,17.277125086385624,19.984012789768187,NÃO,1447.0,1251.0,Domínio aplicável = Sim + Não; Não declarado coincide com ausência/não aplicação de calçada.
E09,Rampa para cadeirante,Faces,3509502032,V05428,Não,1001.0,69.17760884588805,80.01598721023181,NÃO,1447.0,1251.0,Domínio aplicável = Sim + Não; Não declarado coincide com ausência/não aplicação de calçada.
E09,Rampa para cadeirante,Faces,3509502032,V05429,Não declarado,196.0,13.545266067726331,,SIM,1447.0,1251.0,Domínio aplicável = Sim + Não; Não declarado coincide com ausência/não aplicação de calçada.
E10,Arborização,Domicílios,3509502032,V05030,Sem árvores,2797.0,22.231937047929417,22.231937047929417,NÃO,12581.0,12581.0,Domínio aplicável = classes substantivas de arborização; Saltado fica fora.
E10,Arborização,Domicílios,3509502032,V05031,1 a 2 árvores,2850.0,22.653207217232335,22.653207217232335,NÃO,12581.0,12581.0,Domínio aplicável = classes substantivas de arborização; Saltado fica fora.
E10,Arborização,Domicílios,3509502032,V05032,3 a 4 árvores,2191.0,17.415149829107385,17.415149829107385,NÃO,12581.0,12581.0,Domínio aplicável = classes substantivas de arborização; Saltado fica fora.
E10,Arborização,Domicílios,3509502032,V05033,5 ou mais árvores,4743.0,37.699705905730866,37.699705905730866,NÃO,12581.0,12581.0,Domínio aplicável = classes substantivas de arborização; Saltado fica fora.
E10,Arborização,Domicílios,3509502032,V05034,Saltado,0.0,0.0,,SIM,12581.0,12581.0,Domínio aplicável = classes substantivas de arborização; Saltado fica fora.
E10,Arborização,Moradores,3509502032,V05230,Sem árvores,7571.0,21.805875576036865,21.805875576036865,NÃO,34720.0,34720.0,Domínio aplicável = classes substantivas de arborização; Saltado fica fora.
E10,Arborização,Moradores,3509502032,V05231,1 a 2 árvores,8160.0,23.502304147465438,23.502304147465438,NÃO,34720.0,34720.0,Domínio aplicável = classes substantivas de arborização; Saltado fica fora.
E10,Arborização,Moradores,3509502032,V05232,3 a 4 árvores,6112.0,17.6036866359447,17.6036866359447,NÃO,34720.0,34720.0,Domínio aplicável = classes substantivas de arborização; Saltado fica fora.
E10,Arborização,Moradores,3509502032,V05233,5 ou mais árvores,12877.0,37.088133640552996,37.088133640552996,NÃO,34720.0,34720.0,Domínio aplicável = classes substantivas de arborização; Saltado fica fora.
E10,Arborização,Moradores,3509502032,V05234,Saltado,0.0,0.0,,SIM,34720.0,34720.0,Domínio aplicável = classes substantivas de arborização; Saltado fica fora.
E10,Arborização,Faces,3509502032,V05430,Sem árvores,436.0,30.131306150656528,30.152143845089903,NÃO,1447.0,1446.0,Domínio aplicável = classes substantivas de arborização; Saltado fica fora.
E10,Arborização,Faces,3509502032,V05431,1 a 2 árvores,379.0,26.192121630960607,26.21023513139696,NÃO,1447.0,1446.0,Domínio aplicável = classes substantivas de arborização; Saltado fica fora.
E10,Arborização,Faces,3509502032,V05432,3 a 4 árvores,243.0,16.79336558396683,16.804979253112034,NÃO,1447.0,1446.0,Domínio aplicável = classes substantivas de arborização; Saltado fica fora.
E10,Arborização,Faces,3509502032,V05433,5 ou mais árvores,388.0,26.81409813407049,26.832641770401107,NÃO,1447.0,1446.0,Domínio aplicável = classes substantivas de arborização; Saltado fica fora.
E10,Arborização,Faces,3509502032,V05434,Saltado,1.0,0.0691085003455425,,SIM,1447.0,1446.0,Domínio aplicável = classes substantivas de arborização; Saltado fica fora.
E01,Circulação da via,Domicílios,3509502033,V05001,"Caminhão, ônibus",9035.0,93.7240663900415,93.7240663900415,NÃO,9640.0,9640.0,Domínio aplicável = categorias substantivas de circulação; Saltado fica fora.
E01,Circulação da via,Domicílios,3509502033,V05002,Carros de passeio ou van,604.0,6.265560165975104,6.265560165975104,NÃO,9640.0,9640.0,Domínio aplicável = categorias substantivas de circulação; Saltado fica fora.
E01,Circulação da via,Domicílios,3509502033,V05003,"Pedestres, bicicletas e motocicletas",1.0,0.01037344398340249,0.01037344398340249,NÃO,9640.0,9640.0,Domínio aplicável = categorias substantivas de circulação; Saltado fica fora.
E01,Circulação da via,Domicílios,3509502033,V05004,Aquavia,0.0,0.0,0.0,NÃO,9640.0,9640.0,Domínio aplicável = categorias substantivas de circulação; Saltado fica fora.
E01,Circulação da via,Domicílios,3509502033,V05005,Saltado,0.0,0.0,,SIM,9640.0,9640.0,Domínio aplicável = categorias substantivas de circulação; Saltado fica fora.
E01,Circulação da via,Moradores,3509502033,V05201,"Caminhão, ônibus",26550.0,93.89588343471496,93.89588343471496,NÃO,28276.0,28276.0,Domínio aplicável = categorias substantivas de circulação; Saltado fica fora.
E01,Circulação da via,Moradores,3509502033,V05202,Carros de passeio ou van,1722.0,6.089970292827839,6.089970292827839,NÃO,28276.0,28276.0,Domínio aplicável = categorias substantivas de circulação; Saltado fica fora.
E01,Circulação da via,Moradores,3509502033,V05203,"Pedestres, bicicletas e motocicletas",4.0,0.014146272457207527,0.014146272457207527,NÃO,28276.0,28276.0,Domínio aplicável = categorias substantivas de circulação; Saltado fica fora.
E01,Circulação da via,Moradores,3509502033,V05204,Aquavia,0.0,0.0,0.0,NÃO,28276.0,28276.0,Domínio aplicável = categorias substantivas de circulação; Saltado fica fora.
E01,Circulação da via,Moradores,3509502033,V05205,Saltado,0.0,0.0,,SIM,28276.0,28276.0,Domínio aplicável = categorias substantivas de circulação; Saltado fica fora.
E01,Circulação da via,Faces,3509502033,V05401,"Caminhão, ônibus",1516.0,94.16149068322981,94.45482866043614,NÃO,1610.0,1605.0,Domínio aplicável = categorias substantivas de circulação; Saltado fica fora.
E01,Circulação da via,Faces,3509502033,V05402,Carros de passeio ou van,64.0,3.9751552795031055,3.987538940809969,NÃO,1610.0,1605.0,Domínio aplicável = categorias substantivas de circulação; Saltado fica fora.
E01,Circulação da via,Faces,3509502033,V05403,"Pedestres, bicicletas e motocicletas",25.0,1.5527950310559007,1.557632398753894,NÃO,1610.0,1605.0,Domínio aplicável = categorias substantivas de circulação; Saltado fica fora.
E01,Circulação da via,Faces,3509502033,V05404,Aquavia,0.0,0.0,0.0,NÃO,1610.0,1605.0,Domínio aplicável = categorias substantivas de circulação; Saltado fica fora.
E01,Circulação da via,Faces,3509502033,V05405,Saltado,5.0,0.3105590062111801,,SIM,1610.0,1605.0,Domínio aplicável = categorias substantivas de circulação; Saltado fica fora.
E02,Pavimentação,Domicílios,3509502033,V05006,Sim,8458.0,87.73858921161826,87.73858921161826,NÃO,9640.0,9640.0,Domínio aplicável = Sim + Não; Não declarado coincide com circulação Aquavia + Saltado.
E02,Pavimentação,Domicílios,3509502033,V05007,Não,1182.0,12.261410788381742,12.261410788381742,NÃO,9640.0,9640.0,Domínio aplicável = Sim + Não; Não declarado coincide com circulação Aquavia + Saltado.
E02,Pavimentação,Domicílios,3509502033,V05008,Não declarado,0.0,0.0,,SIM,9640.0,9640.0,Domínio aplicável = Sim + Não; Não declarado coincide com circulação Aquavia + Saltado.
E02,Pavimentação,Moradores,3509502033,V05206,Sim,24659.0,87.2082331305701,87.2082331305701,NÃO,28276.0,28276.0,Domínio aplicável = Sim + Não; Não declarado coincide com circulação Aquavia + Saltado.
E02,Pavimentação,Moradores,3509502033,V05207,Não,3617.0,12.791766869429905,12.791766869429905,NÃO,28276.0,28276.0,Domínio aplicável = Sim + Não; Não declarado coincide com circulação Aquavia + Saltado.
E02,Pavimentação,Moradores,3509502033,V05208,Não declarado,0.0,0.0,,SIM,28276.0,28276.0,Domínio aplicável = Sim + Não; Não declarado coincide com circulação Aquavia + Saltado.
E02,Pavimentação,Faces,3509502033,V05406,Sim,1472.0,91.42857142857143,91.71339563862928,NÃO,1610.0,1605.0,Domínio aplicável = Sim + Não; Não declarado coincide com circulação Aquavia + Saltado.
E02,Pavimentação,Faces,3509502033,V05407,Não,133.0,8.26086956521739,8.286604361370717,NÃO,1610.0,1605.0,Domínio aplicável = Sim + Não; Não declarado coincide com circulação Aquavia + Saltado.
E02,Pavimentação,Faces,3509502033,V05408,Não declarado,5.0,0.3105590062111801,,SIM,1610.0,1605.0,Domínio aplicável = Sim + Não; Não declarado coincide com circulação Aquavia + Saltado.
E03,Bueiro / boca de lobo,Domicílios,3509502033,V05009,Sim,6589.0,68.350622406639,68.350622406639,NÃO,9640.0,9640.0,Domínio aplicável = Sim + Não; Não declarado coincide com circulação Aquavia + Saltado.
E03,Bueiro / boca de lobo,Domicílios,3509502033,V05010,Não,3051.0,31.649377593360995,31.649377593360995,NÃO,9640.0,9640.0,Domínio aplicável = Sim + Não; Não declarado coincide com circulação Aquavia + Saltado.
E03,Bueiro / boca de lobo,Domicílios,3509502033,V05011,Não declarado,0.0,0.0,,SIM,9640.0,9640.0,Domínio aplicável = Sim + Não; Não declarado coincide com circulação Aquavia + Saltado.
E03,Bueiro / boca de lobo,Moradores,3509502033,V05209,Sim,19196.0,67.88796152213892,67.88796152213892,NÃO,28276.0,28276.0,Domínio aplicável = Sim + Não; Não declarado coincide com circulação Aquavia + Saltado.
E03,Bueiro / boca de lobo,Moradores,3509502033,V05210,Não,9080.0,32.112038477861084,32.112038477861084,NÃO,28276.0,28276.0,Domínio aplicável = Sim + Não; Não declarado coincide com circulação Aquavia + Saltado.
E03,Bueiro / boca de lobo,Moradores,3509502033,V05211,Não declarado,0.0,0.0,,SIM,28276.0,28276.0,Domínio aplicável = Sim + Não; Não declarado coincide com circulação Aquavia + Saltado.
E03,Bueiro / boca de lobo,Faces,3509502033,V05409,Sim,959.0,59.56521739130435,59.75077881619938,NÃO,1610.0,1605.0,Domínio aplicável = Sim + Não; Não declarado coincide com circulação Aquavia + Saltado.
E03,Bueiro / boca de lobo,Faces,3509502033,V05410,Não,646.0,40.12422360248447,40.24922118380062,NÃO,1610.0,1605.0,Domínio aplicável = Sim + Não; Não declarado coincide com circulação Aquavia + Saltado.
E03,Bueiro / boca de lobo,Faces,3509502033,V05411,Não declarado,5.0,0.3105590062111801,,SIM,1610.0,1605.0,Domínio aplicável = Sim + Não; Não declarado coincide com circulação Aquavia + Saltado.
E04,Iluminação pública,Domicílios,3509502033,V05012,Sim,9351.0,97.00207468879668,97.00207468879668,NÃO,9640.0,9640.0,Domínio aplicável = Sim + Não; Não declarado coincide com circulação Aquavia + Saltado.
E04,Iluminação pública,Domicílios,3509502033,V05013,Não,289.0,2.9979253112033195,2.9979253112033195,NÃO,9640.0,9640.0,Domínio aplicável = Sim + Não; Não declarado coincide com circulação Aquavia + Saltado.
E04,Iluminação pública,Domicílios,3509502033,V05014,Não declarado,0.0,0.0,,SIM,9640.0,9640.0,Domínio aplicável = Sim + Não; Não declarado coincide com circulação Aquavia + Saltado.
E04,Iluminação pública,Moradores,3509502033,V05212,Sim,27390.0,96.86660065072853,96.86660065072853,NÃO,28276.0,28276.0,Domínio aplicável = Sim + Não; Não declarado coincide com circulação Aquavia + Saltado.
E04,Iluminação pública,Moradores,3509502033,V05213,Não,886.0,3.133399349271467,3.133399349271467,NÃO,28276.0,28276.0,Domínio aplicável = Sim + Não; Não declarado coincide com circulação Aquavia + Saltado.
E04,Iluminação pública,Moradores,3509502033,V05214,Não declarado,0.0,0.0,,SIM,28276.0,28276.0,Domínio aplicável = Sim + Não; Não declarado coincide com circulação Aquavia + Saltado.
E04,Iluminação pública,Faces,3509502033,V05412,Sim,1528.0,94.90683229813665,95.202492211838,NÃO,1610.0,1605.0,Domínio aplicável = Sim + Não; Não declarado coincide com circulação Aquavia + Saltado.
E04,Iluminação pública,Faces,3509502033,V05413,Não,77.0,4.782608695652174,4.797507788161994,NÃO,1610.0,1605.0,Domínio aplicável = Sim + Não; Não declarado coincide com circulação Aquavia + Saltado.
E04,Iluminação pública,Faces,3509502033,V05414,Não declarado,5.0,0.3105590062111801,,SIM,1610.0,1605.0,Domínio aplicável = Sim + Não; Não declarado coincide com circulação Aquavia + Saltado.
E05,Ponto de ônibus,Domicílios,3509502033,V05015,Sim,1051.0,10.902489626556017,10.902489626556017,NÃO,9640.0,9640.0,Domínio aplicável = Sim + Não; Não declarado coincide com circulação Aquavia + Saltado.
E05,Ponto de ônibus,Domicílios,3509502033,V05016,Não,8589.0,89.097510373444,89.097510373444,NÃO,9640.0,9640.0,Domínio aplicável = Sim + Não; Não declarado coincide com circulação Aquavia + Saltado.
E05,Ponto de ônibus,Domicílios,3509502033,V05017,Não declarado,0.0,0.0,,SIM,9640.0,9640.0,Domínio aplicável = Sim + Não; Não declarado coincide com circulação Aquavia + Saltado.
E05,Ponto de ônibus,Moradores,3509502033,V05215,Sim,3076.0,10.878483519592587,10.878483519592587,NÃO,28276.0,28276.0,Domínio aplicável = Sim + Não; Não declarado coincide com circulação Aquavia + Saltado.
E05,Ponto de ônibus,Moradores,3509502033,V05216,Não,25200.0,89.12151648040741,89.12151648040741,NÃO,28276.0,28276.0,Domínio aplicável = Sim + Não; Não declarado coincide com circulação Aquavia + Saltado.
E05,Ponto de ônibus,Moradores,3509502033,V05217,Não declarado,0.0,0.0,,SIM,28276.0,28276.0,Domínio aplicável = Sim + Não; Não declarado coincide com circulação Aquavia + Saltado.
E05,Ponto de ônibus,Faces,3509502033,V05415,Sim,227.0,14.09937888198758,14.143302180685357,NÃO,1610.0,1605.0,Domínio aplicável = Sim + Não; Não declarado coincide com circulação Aquavia + Saltado.
E05,Ponto de ônibus,Faces,3509502033,V05416,Não,1378.0,85.59006211180125,85.85669781931465,NÃO,1610.0,1605.0,Domínio aplicável = Sim + Não; Não declarado coincide com circulação Aquavia + Saltado.
E05,Ponto de ônibus,Faces,3509502033,V05417,Não declarado,5.0,0.3105590062111801,,SIM,1610.0,1605.0,Domínio aplicável = Sim + Não; Não declarado coincide com circulação Aquavia + Saltado.
E06,Via sinalizada para bicicleta,Domicílios,3509502033,V05018,Sim,55.0,0.5705394190871369,0.5705394190871369,NÃO,9640.0,9640.0,Domínio aplicável = Sim + Não; Não declarado coincide com circulação Aquavia + Saltado.
E06,Via sinalizada para bicicleta,Domicílios,3509502033,V05019,Não,9585.0,99.42946058091286,99.42946058091286,NÃO,9640.0,9640.0,Domínio aplicável = Sim + Não; Não declarado coincide com circulação Aquavia + Saltado.
E06,Via sinalizada para bicicleta,Domicílios,3509502033,V05020,Não declarado,0.0,0.0,,SIM,9640.0,9640.0,Domínio aplicável = Sim + Não; Não declarado coincide com circulação Aquavia + Saltado.
E06,Via sinalizada para bicicleta,Moradores,3509502033,V05218,Sim,163.0,0.5764606026312067,0.5764606026312067,NÃO,28276.0,28276.0,Domínio aplicável = Sim + Não; Não declarado coincide com circulação Aquavia + Saltado.
E06,Via sinalizada para bicicleta,Moradores,3509502033,V05219,Não,28113.0,99.4235393973688,99.4235393973688,NÃO,28276.0,28276.0,Domínio aplicável = Sim + Não; Não declarado coincide com circulação Aquavia + Saltado.
E06,Via sinalizada para bicicleta,Moradores,3509502033,V05220,Não declarado,0.0,0.0,,SIM,28276.0,28276.0,Domínio aplicável = Sim + Não; Não declarado coincide com circulação Aquavia + Saltado.
E06,Via sinalizada para bicicleta,Faces,3509502033,V05418,Sim,9.0,0.5590062111801243,0.5607476635514018,NÃO,1610.0,1605.0,Domínio aplicável = Sim + Não; Não declarado coincide com circulação Aquavia + Saltado.
E06,Via sinalizada para bicicleta,Faces,3509502033,V05419,Não,1596.0,99.1304347826087,99.4392523364486,NÃO,1610.0,1605.0,Domínio aplicável = Sim + Não; Não declarado coincide com circulação Aquavia + Saltado.
E06,Via sinalizada para bicicleta,Faces,3509502033,V05420,Não declarado,5.0,0.3105590062111801,,SIM,1610.0,1605.0,Domínio aplicável = Sim + Não; Não declarado coincide com circulação Aquavia + Saltado.
E07,Calçada,Domicílios,3509502033,V05021,Sim,8484.0,88.00829875518671,88.00829875518671,NÃO,9640.0,9640.0,Domínio aplicável = Sim + Não; Não declarado coincide com circulação Aquavia + Saltado.
E07,Calçada,Domicílios,3509502033,V05022,Não,1156.0,11.991701244813278,11.991701244813278,NÃO,9640.0,9640.0,Domínio aplicável = Sim + Não; Não declarado coincide com circulação Aquavia + Saltado.
E07,Calçada,Domicílios,3509502033,V05023,Não declarado,0.0,0.0,,SIM,9640.0,9640.0,Domínio aplicável = Sim + Não; Não declarado coincide com circulação Aquavia + Saltado.
E07,Calçada,Moradores,3509502033,V05221,Sim,24660.0,87.21176969868439,87.21176969868439,NÃO,28276.0,28276.0,Domínio aplicável = Sim + Não; Não declarado coincide com circulação Aquavia + Saltado.
E07,Calçada,Moradores,3509502033,V05222,Não,3616.0,12.788230301315604,12.788230301315604,NÃO,28276.0,28276.0,Domínio aplicável = Sim + Não; Não declarado coincide com circulação Aquavia + Saltado.
E07,Calçada,Moradores,3509502033,V05223,Não declarado,0.0,0.0,,SIM,28276.0,28276.0,Domínio aplicável = Sim + Não; Não declarado coincide com circulação Aquavia + Saltado.
E07,Calçada,Faces,3509502033,V05421,Sim,1324.0,82.2360248447205,82.49221183800624,NÃO,1610.0,1605.0,Domínio aplicável = Sim + Não; Não declarado coincide com circulação Aquavia + Saltado.
E07,Calçada,Faces,3509502033,V05422,Não,281.0,17.453416149068325,17.50778816199377,NÃO,1610.0,1605.0,Domínio aplicável = Sim + Não; Não declarado coincide com circulação Aquavia + Saltado.
E07,Calçada,Faces,3509502033,V05423,Não declarado,5.0,0.3105590062111801,,SIM,1610.0,1605.0,Domínio aplicável = Sim + Não; Não declarado coincide com circulação Aquavia + Saltado.
E08,Obstáculo na calçada,Domicílios,3509502033,V05024,Sim,6907.0,71.649377593361,81.41206977840642,NÃO,9640.0,8484.0,Domínio aplicável = Sim + Não; Não declarado coincide com ausência/não aplicação de calçada.
E08,Obstáculo na calçada,Domicílios,3509502033,V05025,Não,1577.0,16.358921161825727,18.587930221593588,NÃO,9640.0,8484.0,Domínio aplicável = Sim + Não; Não declarado coincide com ausência/não aplicação de calçada.
E08,Obstáculo na calçada,Domicílios,3509502033,V05026,Não declarado,1156.0,11.991701244813278,,SIM,9640.0,8484.0,Domínio aplicável = Sim + Não; Não declarado coincide com ausência/não aplicação de calçada.
E08,Obstáculo na calçada,Moradores,3509502033,V05224,Sim,20226.0,71.53062667986985,82.01946472019465,NÃO,28276.0,24660.0,Domínio aplicável = Sim + Não; Não declarado coincide com ausência/não aplicação de calçada.
E08,Obstáculo na calçada,Moradores,3509502033,V05225,Não,4434.0,15.681143018814542,17.980535279805355,NÃO,28276.0,24660.0,Domínio aplicável = Sim + Não; Não declarado coincide com ausência/não aplicação de calçada.
E08,Obstáculo na calçada,Moradores,3509502033,V05226,Não declarado,3616.0,12.788230301315604,,SIM,28276.0,24660.0,Domínio aplicável = Sim + Não; Não declarado coincide com ausência/não aplicação de calçada.
E08,Obstáculo na calçada,Faces,3509502033,V05424,Sim,766.0,47.577639751552795,57.85498489425982,NÃO,1610.0,1324.0,Domínio aplicável = Sim + Não; Não declarado coincide com ausência/não aplicação de calçada.
E08,Obstáculo na calçada,Faces,3509502033,V05425,Não,558.0,34.6583850931677,42.14501510574018,NÃO,1610.0,1324.0,Domínio aplicável = Sim + Não; Não declarado coincide com ausência/não aplicação de calçada.
E08,Obstáculo na calçada,Faces,3509502033,V05426,Não declarado,286.0,17.763975155279503,,SIM,1610.0,1324.0,Domínio aplicável = Sim + Não; Não declarado coincide com ausência/não aplicação de calçada.
E09,Rampa para cadeirante,Domicílios,3509502033,V05027,Sim,282.0,2.925311203319502,3.3239038189533243,NÃO,9640.0,8484.0,Domínio aplicável = Sim + Não; Não declarado coincide com ausência/não aplicação de calçada.
E09,Rampa para cadeirante,Domicílios,3509502033,V05028,Não,8202.0,85.08298755186722,96.67609618104667,NÃO,9640.0,8484.0,Domínio aplicável = Sim + Não; Não declarado coincide com ausência/não aplicação de calçada.
E09,Rampa para cadeirante,Domicílios,3509502033,V05029,Não declarado,1156.0,11.991701244813278,,SIM,9640.0,8484.0,Domínio aplicável = Sim + Não; Não declarado coincide com ausência/não aplicação de calçada.
E09,Rampa para cadeirante,Moradores,3509502033,V05227,Sim,747.0,2.641816381383505,3.0291970802919708,NÃO,28276.0,24660.0,Domínio aplicável = Sim + Não; Não declarado coincide com ausência/não aplicação de calçada.
E09,Rampa para cadeirante,Moradores,3509502033,V05228,Não,23913.0,84.5699533173009,96.97080291970804,NÃO,28276.0,24660.0,Domínio aplicável = Sim + Não; Não declarado coincide com ausência/não aplicação de calçada.
E09,Rampa para cadeirante,Moradores,3509502033,V05229,Não declarado,3616.0,12.788230301315604,,SIM,28276.0,24660.0,Domínio aplicável = Sim + Não; Não declarado coincide com ausência/não aplicação de calçada.
E09,Rampa para cadeirante,Faces,3509502033,V05427,Sim,85.0,5.279503105590062,6.419939577039275,NÃO,1610.0,1324.0,Domínio aplicável = Sim + Não; Não declarado coincide com ausência/não aplicação de calçada.
E09,Rampa para cadeirante,Faces,3509502033,V05428,Não,1239.0,76.95652173913044,93.58006042296071,NÃO,1610.0,1324.0,Domínio aplicável = Sim + Não; Não declarado coincide com ausência/não aplicação de calçada.
E09,Rampa para cadeirante,Faces,3509502033,V05429,Não declarado,286.0,17.763975155279503,,SIM,1610.0,1324.0,Domínio aplicável = Sim + Não; Não declarado coincide com ausência/não aplicação de calçada.
E10,Arborização,Domicílios,3509502033,V05030,Sem árvores,2034.0,21.099585062240664,21.099585062240664,NÃO,9640.0,9640.0,Domínio aplicável = classes substantivas de arborização; Saltado fica fora.
E10,Arborização,Domicílios,3509502033,V05031,1 a 2 árvores,2911.0,30.197095435684645,30.197095435684645,NÃO,9640.0,9640.0,Domínio aplicável = classes substantivas de arborização; Saltado fica fora.
E10,Arborização,Domicílios,3509502033,V05032,3 a 4 árvores,1475.0,15.300829875518673,15.300829875518673,NÃO,9640.0,9640.0,Domínio aplicável = classes substantivas de arborização; Saltado fica fora.
E10,Arborização,Domicílios,3509502033,V05033,5 ou mais árvores,3220.0,33.40248962655601,33.40248962655601,NÃO,9640.0,9640.0,Domínio aplicável = classes substantivas de arborização; Saltado fica fora.
E10,Arborização,Domicílios,3509502033,V05034,Saltado,0.0,0.0,,SIM,9640.0,9640.0,Domínio aplicável = classes substantivas de arborização; Saltado fica fora.
E10,Arborização,Moradores,3509502033,V05230,Sem árvores,5957.0,21.067336256896308,21.067336256896308,NÃO,28276.0,28276.0,Domínio aplicável = classes substantivas de arborização; Saltado fica fora.
E10,Arborização,Moradores,3509502033,V05231,1 a 2 árvores,8628.0,30.51350969019663,30.51350969019663,NÃO,28276.0,28276.0,Domínio aplicável = classes substantivas de arborização; Saltado fica fora.
E10,Arborização,Moradores,3509502033,V05232,3 a 4 árvores,4456.0,15.758947517329183,15.758947517329183,NÃO,28276.0,28276.0,Domínio aplicável = classes substantivas de arborização; Saltado fica fora.
E10,Arborização,Moradores,3509502033,V05233,5 ou mais árvores,9235.0,32.66020653557787,32.66020653557787,NÃO,28276.0,28276.0,Domínio aplicável = classes substantivas de arborização; Saltado fica fora.
E10,Arborização,Moradores,3509502033,V05234,Saltado,0.0,0.0,,SIM,28276.0,28276.0,Domínio aplicável = classes substantivas de arborização; Saltado fica fora.
E10,Arborização,Faces,3509502033,V05430,Sem árvores,526.0,32.67080745341615,32.77258566978193,NÃO,1610.0,1605.0,Domínio aplicável = classes substantivas de arborização; Saltado fica fora.
E10,Arborização,Faces,3509502033,V05431,1 a 2 árvores,443.0,27.51552795031056,27.601246105919003,NÃO,1610.0,1605.0,Domínio aplicável = classes substantivas de arborização; Saltado fica fora.
E10,Arborização,Faces,3509502033,V05432,3 a 4 árvores,185.0,11.490683229813664,11.526479750778815,NÃO,1610.0,1605.0,Domínio aplicável = classes substantivas de arborização; Saltado fica fora.
E10,Arborização,Faces,3509502033,V05433,5 ou mais árvores,451.0,28.012422360248447,28.099688473520253,NÃO,1610.0,1605.0,Domínio aplicável = classes substantivas de arborização; Saltado fica fora.
E10,Arborização,Faces,3509502033,V05434,Saltado,5.0,0.3105590062111801,,SIM,1610.0,1605.0,Domínio aplicável = classes substantivas de arborização; Saltado fica fora.
E01,Circulação da via,Domicílios,3509502034,V05001,"Caminhão, ônibus",9281.0,97.86987240324791,97.86987240324791,NÃO,9483.0,9483.0,Domínio aplicável = categorias substantivas de circulação; Saltado fica fora.
E01,Circulação da via,Domicílios,3509502034,V05002,Carros de passeio ou van,196.0,2.0668564800168725,2.0668564800168725,NÃO,9483.0,9483.0,Domínio aplicável = categorias substantivas de circulação; Saltado fica fora.
E01,Circulação da via,Domicílios,3509502034,V05003,"Pedestres, bicicletas e motocicletas",6.0,0.06327111673521038,0.06327111673521038,NÃO,9483.0,9483.0,Domínio aplicável = categorias substantivas de circulação; Saltado fica fora.
E01,Circulação da via,Domicílios,3509502034,V05004,Aquavia,0.0,0.0,0.0,NÃO,9483.0,9483.0,Domínio aplicável = categorias substantivas de circulação; Saltado fica fora.
E01,Circulação da via,Domicílios,3509502034,V05005,Saltado,0.0,0.0,,SIM,9483.0,9483.0,Domínio aplicável = categorias substantivas de circulação; Saltado fica fora.
E01,Circulação da via,Moradores,3509502034,V05201,"Caminhão, ônibus",24873.0,97.93290810300024,97.93290810300024,NÃO,25398.0,25398.0,Domínio aplicável = categorias substantivas de circulação; Saltado fica fora.
E01,Circulação da via,Moradores,3509502034,V05202,Carros de passeio ou van,505.0,1.9883455390188203,1.9883455390188203,NÃO,25398.0,25398.0,Domínio aplicável = categorias substantivas de circulação; Saltado fica fora.
E01,Circulação da via,Moradores,3509502034,V05203,"Pedestres, bicicletas e motocicletas",20.0,0.07874635798094339,0.07874635798094339,NÃO,25398.0,25398.0,Domínio aplicável = categorias substantivas de circulação; Saltado fica fora.
E01,Circulação da via,Moradores,3509502034,V05204,Aquavia,0.0,0.0,0.0,NÃO,25398.0,25398.0,Domínio aplicável = categorias substantivas de circulação; Saltado fica fora.
E01,Circulação da via,Moradores,3509502034,V05205,Saltado,0.0,0.0,,SIM,25398.0,25398.0,Domínio aplicável = categorias substantivas de circulação; Saltado fica fora.
E01,Circulação da via,Faces,3509502034,V05401,"Caminhão, ônibus",1133.0,95.53119730185497,96.01694915254238,NÃO,1186.0,1180.0,Domínio aplicável = categorias substantivas de circulação; Saltado fica fora.
E01,Circulação da via,Faces,3509502034,V05402,Carros de passeio ou van,40.0,3.372681281618887,3.389830508474576,NÃO,1186.0,1180.0,Domínio aplicável = categorias substantivas de circulação; Saltado fica fora.
E01,Circulação da via,Faces,3509502034,V05403,"Pedestres, bicicletas e motocicletas",7.0,0.5902192242833052,0.5932203389830508,NÃO,1186.0,1180.0,Domínio aplicável = categorias substantivas de circulação; Saltado fica fora.
E01,Circulação da via,Faces,3509502034,V05404,Aquavia,0.0,0.0,0.0,NÃO,1186.0,1180.0,Domínio aplicável = categorias substantivas de circulação; Saltado fica fora.
E01,Circulação da via,Faces,3509502034,V05405,Saltado,6.0,0.5059021922428331,,SIM,1186.0,1180.0,Domínio aplicável = categorias substantivas de circulação; Saltado fica fora.
E02,Pavimentação,Domicílios,3509502034,V05006,Sim,9476.0,99.92618369714225,99.92618369714225,NÃO,9483.0,9483.0,Domínio aplicável = Sim + Não; Não declarado coincide com circulação Aquavia + Saltado.
E02,Pavimentação,Domicílios,3509502034,V05007,Não,7.0,0.07381630285774544,0.07381630285774544,NÃO,9483.0,9483.0,Domínio aplicável = Sim + Não; Não declarado coincide com circulação Aquavia + Saltado.
E02,Pavimentação,Domicílios,3509502034,V05008,Não declarado,0.0,0.0,,SIM,9483.0,9483.0,Domínio aplicável = Sim + Não; Não declarado coincide com circulação Aquavia + Saltado.
E02,Pavimentação,Moradores,3509502034,V05206,Sim,25377.0,99.91731632412001,99.91731632412001,NÃO,25398.0,25398.0,Domínio aplicável = Sim + Não; Não declarado coincide com circulação Aquavia + Saltado.
E02,Pavimentação,Moradores,3509502034,V05207,Não,21.0,0.08268367587999055,0.08268367587999055,NÃO,25398.0,25398.0,Domínio aplicável = Sim + Não; Não declarado coincide com circulação Aquavia + Saltado.
E02,Pavimentação,Moradores,3509502034,V05208,Não declarado,0.0,0.0,,SIM,25398.0,25398.0,Domínio aplicável = Sim + Não; Não declarado coincide com circulação Aquavia + Saltado.
E02,Pavimentação,Faces,3509502034,V05406,Sim,1168.0,98.4822934232715,98.98305084745763,NÃO,1186.0,1180.0,Domínio aplicável = Sim + Não; Não declarado coincide com circulação Aquavia + Saltado.
E02,Pavimentação,Faces,3509502034,V05407,Não,12.0,1.0118043844856661,1.0169491525423728,NÃO,1186.0,1180.0,Domínio aplicável = Sim + Não; Não declarado coincide com circulação Aquavia + Saltado.
E02,Pavimentação,Faces,3509502034,V05408,Não declarado,6.0,0.5059021922428331,,SIM,1186.0,1180.0,Domínio aplicável = Sim + Não; Não declarado coincide com circulação Aquavia + Saltado.
E03,Bueiro / boca de lobo,Domicílios,3509502034,V05009,Sim,7748.0,81.70410207740166,81.70410207740166,NÃO,9483.0,9483.0,Domínio aplicável = Sim + Não; Não declarado coincide com circulação Aquavia + Saltado.
E03,Bueiro / boca de lobo,Domicílios,3509502034,V05010,Não,1735.0,18.295897922598332,18.295897922598332,NÃO,9483.0,9483.0,Domínio aplicável = Sim + Não; Não declarado coincide com circulação Aquavia + Saltado.
E03,Bueiro / boca de lobo,Domicílios,3509502034,V05011,Não declarado,0.0,0.0,,SIM,9483.0,9483.0,Domínio aplicável = Sim + Não; Não declarado coincide com circulação Aquavia + Saltado.
E03,Bueiro / boca de lobo,Moradores,3509502034,V05209,Sim,20980.0,82.60492952200961,82.60492952200961,NÃO,25398.0,25398.0,Domínio aplicável = Sim + Não; Não declarado coincide com circulação Aquavia + Saltado.
E03,Bueiro / boca de lobo,Moradores,3509502034,V05210,Não,4418.0,17.395070477990394,17.395070477990394,NÃO,25398.0,25398.0,Domínio aplicável = Sim + Não; Não declarado coincide com circulação Aquavia + Saltado.
E03,Bueiro / boca de lobo,Moradores,3509502034,V05211,Não declarado,0.0,0.0,,SIM,25398.0,25398.0,Domínio aplicável = Sim + Não; Não declarado coincide com circulação Aquavia + Saltado.
E03,Bueiro / boca de lobo,Faces,3509502034,V05409,Sim,753.0,63.490725126475546,63.813559322033896,NÃO,1186.0,1180.0,Domínio aplicável = Sim + Não; Não declarado coincide com circulação Aquavia + Saltado.
E03,Bueiro / boca de lobo,Faces,3509502034,V05410,Não,427.0,36.00337268128162,36.186440677966104,NÃO,1186.0,1180.0,Domínio aplicável = Sim + Não; Não declarado coincide com circulação Aquavia + Saltado.
E03,Bueiro / boca de lobo,Faces,3509502034,V05411,Não declarado,6.0,0.5059021922428331,,SIM,1186.0,1180.0,Domínio aplicável = Sim + Não; Não declarado coincide com circulação Aquavia + Saltado.
E04,Iluminação pública,Domicílios,3509502034,V05012,Sim,9419.0,99.32510808815775,99.32510808815775,NÃO,9483.0,9483.0,Domínio aplicável = Sim + Não; Não declarado coincide com circulação Aquavia + Saltado.
E04,Iluminação pública,Domicílios,3509502034,V05013,Não,64.0,0.6748919118422441,0.6748919118422441,NÃO,9483.0,9483.0,Domínio aplicável = Sim + Não; Não declarado coincide com circulação Aquavia + Saltado.
E04,Iluminação pública,Domicílios,3509502034,V05014,Não declarado,0.0,0.0,,SIM,9483.0,9483.0,Domínio aplicável = Sim + Não; Não declarado coincide com circulação Aquavia + Saltado.
E04,Iluminação pública,Moradores,3509502034,V05212,Sim,25207.0,99.24797228128199,99.24797228128199,NÃO,25398.0,25398.0,Domínio aplicável = Sim + Não; Não declarado coincide com circulação Aquavia + Saltado.
E04,Iluminação pública,Moradores,3509502034,V05213,Não,191.0,0.7520277187180093,0.7520277187180093,NÃO,25398.0,25398.0,Domínio aplicável = Sim + Não; Não declarado coincide com circulação Aquavia + Saltado.
E04,Iluminação pública,Moradores,3509502034,V05214,Não declarado,0.0,0.0,,SIM,25398.0,25398.0,Domínio aplicável = Sim + Não; Não declarado coincide com circulação Aquavia + Saltado.
E04,Iluminação pública,Faces,3509502034,V05412,Sim,1120.0,94.43507588532883,94.91525423728814,NÃO,1186.0,1180.0,Domínio aplicável = Sim + Não; Não declarado coincide com circulação Aquavia + Saltado.
E04,Iluminação pública,Faces,3509502034,V05413,Não,60.0,5.059021922428331,5.084745762711865,NÃO,1186.0,1180.0,Domínio aplicável = Sim + Não; Não declarado coincide com circulação Aquavia + Saltado.
E04,Iluminação pública,Faces,3509502034,V05414,Não declarado,6.0,0.5059021922428331,,SIM,1186.0,1180.0,Domínio aplicável = Sim + Não; Não declarado coincide com circulação Aquavia + Saltado.
E05,Ponto de ônibus,Domicílios,3509502034,V05015,Sim,1228.0,12.949488558473057,12.949488558473057,NÃO,9483.0,9483.0,Domínio aplicável = Sim + Não; Não declarado coincide com circulação Aquavia + Saltado.
E05,Ponto de ônibus,Domicílios,3509502034,V05016,Não,8255.0,87.05051144152695,87.05051144152695,NÃO,9483.0,9483.0,Domínio aplicável = Sim + Não; Não declarado coincide com circulação Aquavia + Saltado.
E05,Ponto de ônibus,Domicílios,3509502034,V05017,Não declarado,0.0,0.0,,SIM,9483.0,9483.0,Domínio aplicável = Sim + Não; Não declarado coincide com circulação Aquavia + Saltado.
E05,Ponto de ônibus,Moradores,3509502034,V05215,Sim,3076.0,12.11118985746909,12.11118985746909,NÃO,25398.0,25398.0,Domínio aplicável = Sim + Não; Não declarado coincide com circulação Aquavia + Saltado.
E05,Ponto de ônibus,Moradores,3509502034,V05216,Não,22322.0,87.8888101425309,87.8888101425309,NÃO,25398.0,25398.0,Domínio aplicável = Sim + Não; Não declarado coincide com circulação Aquavia + Saltado.
E05,Ponto de ônibus,Moradores,3509502034,V05217,Não declarado,0.0,0.0,,SIM,25398.0,25398.0,Domínio aplicável = Sim + Não; Não declarado coincide com circulação Aquavia + Saltado.
E05,Ponto de ônibus,Faces,3509502034,V05415,Sim,225.0,18.97133220910624,19.06779661016949,NÃO,1186.0,1180.0,Domínio aplicável = Sim + Não; Não declarado coincide com circulação Aquavia + Saltado.
E05,Ponto de ônibus,Faces,3509502034,V05416,Não,955.0,80.52276559865092,80.9322033898305,NÃO,1186.0,1180.0,Domínio aplicável = Sim + Não; Não declarado coincide com circulação Aquavia + Saltado.
E05,Ponto de ônibus,Faces,3509502034,V05417,Não declarado,6.0,0.5059021922428331,,SIM,1186.0,1180.0,Domínio aplicável = Sim + Não; Não declarado coincide com circulação Aquavia + Saltado.
E06,Via sinalizada para bicicleta,Domicílios,3509502034,V05018,Sim,6.0,0.06327111673521038,0.06327111673521038,NÃO,9483.0,9483.0,Domínio aplicável = Sim + Não; Não declarado coincide com circulação Aquavia + Saltado.
E06,Via sinalizada para bicicleta,Domicílios,3509502034,V05019,Não,9477.0,99.93672888326479,99.93672888326479,NÃO,9483.0,9483.0,Domínio aplicável = Sim + Não; Não declarado coincide com circulação Aquavia + Saltado.
E06,Via sinalizada para bicicleta,Domicílios,3509502034,V05020,Não declarado,0.0,0.0,,SIM,9483.0,9483.0,Domínio aplicável = Sim + Não; Não declarado coincide com circulação Aquavia + Saltado.
E06,Via sinalizada para bicicleta,Moradores,3509502034,V05218,Sim,12.0,0.04724781478856603,0.04724781478856603,NÃO,25398.0,25398.0,Domínio aplicável = Sim + Não; Não declarado coincide com circulação Aquavia + Saltado.
E06,Via sinalizada para bicicleta,Moradores,3509502034,V05219,Não,25386.0,99.95275218521144,99.95275218521144,NÃO,25398.0,25398.0,Domínio aplicável = Sim + Não; Não declarado coincide com circulação Aquavia + Saltado.
E06,Via sinalizada para bicicleta,Moradores,3509502034,V05220,Não declarado,0.0,0.0,,SIM,25398.0,25398.0,Domínio aplicável = Sim + Não; Não declarado coincide com circulação Aquavia + Saltado.
E06,Via sinalizada para bicicleta,Faces,3509502034,V05418,Sim,17.0,1.433389544688027,1.4406779661016949,NÃO,1186.0,1180.0,Domínio aplicável = Sim + Não; Não declarado coincide com circulação Aquavia + Saltado.
E06,Via sinalizada para bicicleta,Faces,3509502034,V05419,Não,1163.0,98.06070826306915,98.5593220338983,NÃO,1186.0,1180.0,Domínio aplicável = Sim + Não; Não declarado coincide com circulação Aquavia + Saltado.
E06,Via sinalizada para bicicleta,Faces,3509502034,V05420,Não declarado,6.0,0.5059021922428331,,SIM,1186.0,1180.0,Domínio aplicável = Sim + Não; Não declarado coincide com circulação Aquavia + Saltado.
E07,Calçada,Domicílios,3509502034,V05021,Sim,9254.0,97.58515237793947,97.58515237793947,NÃO,9483.0,9483.0,Domínio aplicável = Sim + Não; Não declarado coincide com circulação Aquavia + Saltado.
E07,Calçada,Domicílios,3509502034,V05022,Não,229.0,2.4148476220605293,2.4148476220605293,NÃO,9483.0,9483.0,Domínio aplicável = Sim + Não; Não declarado coincide com circulação Aquavia + Saltado.
E07,Calçada,Domicílios,3509502034,V05023,Não declarado,0.0,0.0,,SIM,9483.0,9483.0,Domínio aplicável = Sim + Não; Não declarado coincide com circulação Aquavia + Saltado.
E07,Calçada,Moradores,3509502034,V05221,Sim,24719.0,97.32656114654698,97.32656114654698,NÃO,25398.0,25398.0,Domínio aplicável = Sim + Não; Não declarado coincide com circulação Aquavia + Saltado.
E07,Calçada,Moradores,3509502034,V05222,Não,679.0,2.673438853453028,2.673438853453028,NÃO,25398.0,25398.0,Domínio aplicável = Sim + Não; Não declarado coincide com circulação Aquavia + Saltado.
E07,Calçada,Moradores,3509502034,V05223,Não declarado,0.0,0.0,,SIM,25398.0,25398.0,Domínio aplicável = Sim + Não; Não declarado coincide com circulação Aquavia + Saltado.
E07,Calçada,Faces,3509502034,V05421,Sim,999.0,84.2327150084317,84.66101694915254,NÃO,1186.0,1180.0,Domínio aplicável = Sim + Não; Não declarado coincide com circulação Aquavia + Saltado.
E07,Calçada,Faces,3509502034,V05422,Não,181.0,15.261382799325462,15.338983050847457,NÃO,1186.0,1180.0,Domínio aplicável = Sim + Não; Não declarado coincide com circulação Aquavia + Saltado.
E07,Calçada,Faces,3509502034,V05423,Não declarado,6.0,0.5059021922428331,,SIM,1186.0,1180.0,Domínio aplicável = Sim + Não; Não declarado coincide com circulação Aquavia + Saltado.
E08,Obstáculo na calçada,Domicílios,3509502034,V05024,Sim,5316.0,56.05820942739639,57.445429003674086,NÃO,9483.0,9254.0,Domínio aplicável = Sim + Não; Não declarado coincide com ausência/não aplicação de calçada.
E08,Obstáculo na calçada,Domicílios,3509502034,V05025,Não,3938.0,41.52694295054308,42.554570996325914,NÃO,9483.0,9254.0,Domínio aplicável = Sim + Não; Não declarado coincide com ausência/não aplicação de calçada.
E08,Obstáculo na calçada,Domicílios,3509502034,V05026,Não declarado,229.0,2.4148476220605293,,SIM,9483.0,9254.0,Domínio aplicável = Sim + Não; Não declarado coincide com ausência/não aplicação de calçada.
E08,Obstáculo na calçada,Moradores,3509502034,V05224,Sim,15081.0,59.378691235530354,61.009749585339215,NÃO,25398.0,24719.0,Domínio aplicável = Sim + Não; Não declarado coincide com ausência/não aplicação de calçada.
E08,Obstáculo na calçada,Moradores,3509502034,V05225,Não,9638.0,37.94786991101661,38.990250414660785,NÃO,25398.0,24719.0,Domínio aplicável = Sim + Não; Não declarado coincide com ausência/não aplicação de calçada.
E08,Obstáculo na calçada,Moradores,3509502034,V05226,Não declarado,679.0,2.673438853453028,,SIM,25398.0,24719.0,Domínio aplicável = Sim + Não; Não declarado coincide com ausência/não aplicação de calçada.
E08,Obstáculo na calçada,Faces,3509502034,V05424,Sim,458.0,38.61720067453626,45.845845845845844,NÃO,1186.0,999.0,Domínio aplicável = Sim + Não; Não declarado coincide com ausência/não aplicação de calçada.
E08,Obstáculo na calçada,Faces,3509502034,V05425,Não,541.0,45.61551433389545,54.154154154154156,NÃO,1186.0,999.0,Domínio aplicável = Sim + Não; Não declarado coincide com ausência/não aplicação de calçada.
E08,Obstáculo na calçada,Faces,3509502034,V05426,Não declarado,187.0,15.767284991568298,,SIM,1186.0,999.0,Domínio aplicável = Sim + Não; Não declarado coincide com ausência/não aplicação de calçada.
E09,Rampa para cadeirante,Domicílios,3509502034,V05027,Sim,1931.0,20.362754402615206,20.86665225848282,NÃO,9483.0,9254.0,Domínio aplicável = Sim + Não; Não declarado coincide com ausência/não aplicação de calçada.
E09,Rampa para cadeirante,Domicílios,3509502034,V05028,Não,7323.0,77.22239797532427,79.13334774151718,NÃO,9483.0,9254.0,Domínio aplicável = Sim + Não; Não declarado coincide com ausência/não aplicação de calçada.
E09,Rampa para cadeirante,Domicílios,3509502034,V05029,Não declarado,229.0,2.4148476220605293,,SIM,9483.0,9254.0,Domínio aplicável = Sim + Não; Não declarado coincide com ausência/não aplicação de calçada.
E09,Rampa para cadeirante,Moradores,3509502034,V05227,Sim,4650.0,18.308528230569337,18.811440592256968,NÃO,25398.0,24719.0,Domínio aplicável = Sim + Não; Não declarado coincide com ausência/não aplicação de calçada.
E09,Rampa para cadeirante,Moradores,3509502034,V05228,Não,20069.0,79.01803291597763,81.18855940774303,NÃO,25398.0,24719.0,Domínio aplicável = Sim + Não; Não declarado coincide com ausência/não aplicação de calçada.
E09,Rampa para cadeirante,Moradores,3509502034,V05229,Não declarado,679.0,2.673438853453028,,SIM,25398.0,24719.0,Domínio aplicável = Sim + Não; Não declarado coincide com ausência/não aplicação de calçada.
E09,Rampa para cadeirante,Faces,3509502034,V05427,Sim,148.0,12.478920741989882,14.814814814814813,NÃO,1186.0,999.0,Domínio aplicável = Sim + Não; Não declarado coincide com ausência/não aplicação de calçada.
E09,Rampa para cadeirante,Faces,3509502034,V05428,Não,851.0,71.75379426644182,85.18518518518519,NÃO,1186.0,999.0,Domínio aplicável = Sim + Não; Não declarado coincide com ausência/não aplicação de calçada.
E09,Rampa para cadeirante,Faces,3509502034,V05429,Não declarado,187.0,15.767284991568298,,SIM,1186.0,999.0,Domínio aplicável = Sim + Não; Não declarado coincide com ausência/não aplicação de calçada.
E10,Arborização,Domicílios,3509502034,V05030,Sem árvores,730.0,7.697985869450596,7.697985869450596,NÃO,9483.0,9483.0,Domínio aplicável = classes substantivas de arborização; Saltado fica fora.
E10,Arborização,Domicílios,3509502034,V05031,1 a 2 árvores,1284.0,13.54001898133502,13.54001898133502,NÃO,9483.0,9483.0,Domínio aplicável = classes substantivas de arborização; Saltado fica fora.
E10,Arborização,Domicílios,3509502034,V05032,3 a 4 árvores,1885.0,19.877675840978593,19.877675840978593,NÃO,9483.0,9483.0,Domínio aplicável = classes substantivas de arborização; Saltado fica fora.
E10,Arborização,Domicílios,3509502034,V05033,5 ou mais árvores,5584.0,58.88431930823579,58.88431930823579,NÃO,9483.0,9483.0,Domínio aplicável = classes substantivas de arborização; Saltado fica fora.
E10,Arborização,Domicílios,3509502034,V05034,Saltado,0.0,0.0,,SIM,9483.0,9483.0,Domínio aplicável = classes substantivas de arborização; Saltado fica fora.
E10,Arborização,Moradores,3509502034,V05230,Sem árvores,2065.0,8.130561461532404,8.130561461532404,NÃO,25398.0,25398.0,Domínio aplicável = classes substantivas de arborização; Saltado fica fora.
E10,Arborização,Moradores,3509502034,V05231,1 a 2 árvores,3437.0,13.532561619025122,13.532561619025122,NÃO,25398.0,25398.0,Domínio aplicável = classes substantivas de arborização; Saltado fica fora.
E10,Arborização,Moradores,3509502034,V05232,3 a 4 árvores,5150.0,20.27718718009292,20.27718718009292,NÃO,25398.0,25398.0,Domínio aplicável = classes substantivas de arborização; Saltado fica fora.
E10,Arborização,Moradores,3509502034,V05233,5 ou mais árvores,14746.0,58.05968973934955,58.05968973934955,NÃO,25398.0,25398.0,Domínio aplicável = classes substantivas de arborização; Saltado fica fora.
E10,Arborização,Moradores,3509502034,V05234,Saltado,0.0,0.0,,SIM,25398.0,25398.0,Domínio aplicável = classes substantivas de arborização; Saltado fica fora.
E10,Arborização,Faces,3509502034,V05430,Sem árvores,302.0,25.463743676222595,25.593220338983052,NÃO,1186.0,1180.0,Domínio aplicável = classes substantivas de arborização; Saltado fica fora.
E10,Arborização,Faces,3509502034,V05431,1 a 2 árvores,253.0,21.33220910623946,21.440677966101696,NÃO,1186.0,1180.0,Domínio aplicável = classes substantivas de arborização; Saltado fica fora.
E10,Arborização,Faces,3509502034,V05432,3 a 4 árvores,153.0,12.900505902192243,12.966101694915256,NÃO,1186.0,1180.0,Domínio aplicável = classes substantivas de arborização; Saltado fica fora.
E10,Arborização,Faces,3509502034,V05433,5 ou mais árvores,472.0,39.79763912310287,40.0,NÃO,1186.0,1180.0,Domínio aplicável = classes substantivas de arborização; Saltado fica fora.
E10,Arborização,Faces,3509502034,V05434,Saltado,6.0,0.5059021922428331,,SIM,1186.0,1180.0,Domínio aplicável = classes substantivas de arborização; Saltado fica fora.
E01,Circulação da via,Domicílios,3509502035,V05001,"Caminhão, ônibus",9670.0,90.99463630375459,91.0975035327367,NÃO,10627.0,10615.0,Domínio aplicável = categorias substantivas de circulação; Saltado fica fora.
E01,Circulação da via,Domicílios,3509502035,V05002,Carros de passeio ou van,904.0,8.506634045356169,8.516250588789449,NÃO,10627.0,10615.0,Domínio aplicável = categorias substantivas de circulação; Saltado fica fora.
E01,Circulação da via,Domicílios,3509502035,V05003,"Pedestres, bicicletas e motocicletas",41.0,0.38580972993318907,0.3862458784738578,NÃO,10627.0,10615.0,Domínio aplicável = categorias substantivas de circulação; Saltado fica fora.
E01,Circulação da via,Domicílios,3509502035,V05004,Aquavia,0.0,0.0,0.0,NÃO,10627.0,10615.0,Domínio aplicável = categorias substantivas de circulação; Saltado fica fora.
E01,Circulação da via,Domicílios,3509502035,V05005,Saltado,12.0,0.11291992095605534,,SIM,10627.0,10615.0,Domínio aplicável = categorias substantivas de circulação; Saltado fica fora.
E01,Circulação da via,Moradores,3509502035,V05201,"Caminhão, ônibus",22396.0,90.17192092442727,90.2591383548946,NÃO,24837.0,24813.0,Domínio aplicável = categorias substantivas de circulação; Saltado fica fora.
E01,Circulação da via,Moradores,3509502035,V05202,Carros de passeio ou van,2291.0,9.224141401940653,9.233063313585621,NÃO,24837.0,24813.0,Domínio aplicável = categorias substantivas de circulação; Saltado fica fora.
E01,Circulação da via,Moradores,3509502035,V05203,"Pedestres, bicicletas e motocicletas",126.0,0.5073076458509481,0.5077983315197679,NÃO,24837.0,24813.0,Domínio aplicável = categorias substantivas de circulação; Saltado fica fora.
E01,Circulação da via,Moradores,3509502035,V05204,Aquavia,0.0,0.0,0.0,NÃO,24837.0,24813.0,Domínio aplicável = categorias substantivas de circulação; Saltado fica fora.
E01,Circulação da via,Moradores,3509502035,V05205,Saltado,24.0,0.09663002778113298,,SIM,24837.0,24813.0,Domínio aplicável = categorias substantivas de circulação; Saltado fica fora.
E01,Circulação da via,Faces,3509502035,V05401,"Caminhão, ônibus",1150.0,90.12539184952978,90.2668759811617,NÃO,1276.0,1274.0,Domínio aplicável = categorias substantivas de circulação; Saltado fica fora.
E01,Circulação da via,Faces,3509502035,V05402,Carros de passeio ou van,116.0,9.090909090909092,9.105180533751962,NÃO,1276.0,1274.0,Domínio aplicável = categorias substantivas de circulação; Saltado fica fora.
E01,Circulação da via,Faces,3509502035,V05403,"Pedestres, bicicletas e motocicletas",8.0,0.6269592476489028,0.6279434850863422,NÃO,1276.0,1274.0,Domínio aplicável = categorias substantivas de circulação; Saltado fica fora.
E01,Circulação da via,Faces,3509502035,V05404,Aquavia,0.0,0.0,0.0,NÃO,1276.0,1274.0,Domínio aplicável = categorias substantivas de circulação; Saltado fica fora.
E01,Circulação da via,Faces,3509502035,V05405,Saltado,2.0,0.1567398119122257,,SIM,1276.0,1274.0,Domínio aplicável = categorias substantivas de circulação; Saltado fica fora.
E02,Pavimentação,Domicílios,3509502035,V05006,Sim,10607.0,99.8118001317399,99.92463495054169,NÃO,10627.0,10615.0,Domínio aplicável = Sim + Não; Não declarado coincide com circulação Aquavia + Saltado.
E02,Pavimentação,Domicílios,3509502035,V05007,Não,8.0,0.07527994730403689,0.07536504945831371,NÃO,10627.0,10615.0,Domínio aplicável = Sim + Não; Não declarado coincide com circulação Aquavia + Saltado.
E02,Pavimentação,Domicílios,3509502035,V05008,Não declarado,12.0,0.11291992095605534,,SIM,10627.0,10615.0,Domínio aplicável = Sim + Não; Não declarado coincide com circulação Aquavia + Saltado.
E02,Pavimentação,Moradores,3509502035,V05206,Sim,24790.0,99.81076619559528,99.9073066537702,NÃO,24837.0,24813.0,Domínio aplicável = Sim + Não; Não declarado coincide com circulação Aquavia + Saltado.
E02,Pavimentação,Moradores,3509502035,V05207,Não,23.0,0.09260377662358578,0.0926933462297989,NÃO,24837.0,24813.0,Domínio aplicável = Sim + Não; Não declarado coincide com circulação Aquavia + Saltado.
E02,Pavimentação,Moradores,3509502035,V05208,Não declarado,24.0,0.09663002778113298,,SIM,24837.0,24813.0,Domínio aplicável = Sim + Não; Não declarado coincide com circulação Aquavia + Saltado.
E02,Pavimentação,Faces,3509502035,V05406,Sim,1272.0,99.68652037617555,99.84301412872841,NÃO,1276.0,1274.0,Domínio aplicável = Sim + Não; Não declarado coincide com circulação Aquavia + Saltado.
E02,Pavimentação,Faces,3509502035,V05407,Não,2.0,0.1567398119122257,0.15698587127158556,NÃO,1276.0,1274.0,Domínio aplicável = Sim + Não; Não declarado coincide com circulação Aquavia + Saltado.
E02,Pavimentação,Faces,3509502035,V05408,Não declarado,2.0,0.1567398119122257,,SIM,1276.0,1274.0,Domínio aplicável = Sim + Não; Não declarado coincide com circulação Aquavia + Saltado.
E03,Bueiro / boca de lobo,Domicílios,3509502035,V05009,Sim,6912.0,65.04187447068787,65.11540273198304,NÃO,10627.0,10615.0,Domínio aplicável = Sim + Não; Não declarado coincide com circulação Aquavia + Saltado.
E03,Bueiro / boca de lobo,Domicílios,3509502035,V05010,Não,3703.0,34.845205608356075,34.88459726801696,NÃO,10627.0,10615.0,Domínio aplicável = Sim + Não; Não declarado coincide com circulação Aquavia + Saltado.
E03,Bueiro / boca de lobo,Domicílios,3509502035,V05011,Não declarado,12.0,0.11291992095605534,,SIM,10627.0,10615.0,Domínio aplicável = Sim + Não; Não declarado coincide com circulação Aquavia + Saltado.
E03,Bueiro / boca de lobo,Moradores,3509502035,V05209,Sim,16180.0,65.14474372911381,65.20775399991939,NÃO,24837.0,24813.0,Domínio aplicável = Sim + Não; Não declarado coincide com circulação Aquavia + Saltado.
E03,Bueiro / boca de lobo,Moradores,3509502035,V05210,Não,8633.0,34.75862624310505,34.7922460000806,NÃO,24837.0,24813.0,Domínio aplicável = Sim + Não; Não declarado coincide com circulação Aquavia + Saltado.
E03,Bueiro / boca de lobo,Moradores,3509502035,V05211,Não declarado,24.0,0.09663002778113298,,SIM,24837.0,24813.0,Domínio aplicável = Sim + Não; Não declarado coincide com circulação Aquavia + Saltado.
E03,Bueiro / boca de lobo,Faces,3509502035,V05409,Sim,816.0,63.94984326018809,64.05023547880691,NÃO,1276.0,1274.0,Domínio aplicável = Sim + Não; Não declarado coincide com circulação Aquavia + Saltado.
E03,Bueiro / boca de lobo,Faces,3509502035,V05410,Não,458.0,35.893416927899686,35.949764521193096,NÃO,1276.0,1274.0,Domínio aplicável = Sim + Não; Não declarado coincide com circulação Aquavia + Saltado.
E03,Bueiro / boca de lobo,Faces,3509502035,V05411,Não declarado,2.0,0.1567398119122257,,SIM,1276.0,1274.0,Domínio aplicável = Sim + Não; Não declarado coincide com circulação Aquavia + Saltado.
E04,Iluminação pública,Domicílios,3509502035,V05012,Sim,10592.0,99.67065023054485,99.78332548280736,NÃO,10627.0,10615.0,Domínio aplicável = Sim + Não; Não declarado coincide com circulação Aquavia + Saltado.
E04,Iluminação pública,Domicílios,3509502035,V05013,Não,23.0,0.21642984849910607,0.21667451719265188,NÃO,10627.0,10615.0,Domínio aplicável = Sim + Não; Não declarado coincide com circulação Aquavia + Saltado.
E04,Iluminação pública,Domicílios,3509502035,V05014,Não declarado,12.0,0.11291992095605534,,SIM,10627.0,10615.0,Domínio aplicável = Sim + Não; Não declarado coincide com circulação Aquavia + Saltado.
E04,Iluminação pública,Moradores,3509502035,V05212,Sim,24739.0,99.60542738656038,99.70176923386934,NÃO,24837.0,24813.0,Domínio aplicável = Sim + Não; Não declarado coincide com circulação Aquavia + Saltado.
E04,Iluminação pública,Moradores,3509502035,V05213,Não,74.0,0.29794258565849335,0.29823076613065735,NÃO,24837.0,24813.0,Domínio aplicável = Sim + Não; Não declarado coincide com circulação Aquavia + Saltado.
E04,Iluminação pública,Moradores,3509502035,V05214,Não declarado,24.0,0.09663002778113298,,SIM,24837.0,24813.0,Domínio aplicável = Sim + Não; Não declarado coincide com circulação Aquavia + Saltado.
E04,Iluminação pública,Faces,3509502035,V05412,Sim,1270.0,99.52978056426332,99.68602825745683,NÃO,1276.0,1274.0,Domínio aplicável = Sim + Não; Não declarado coincide com circulação Aquavia + Saltado.
E04,Iluminação pública,Faces,3509502035,V05413,Não,4.0,0.3134796238244514,0.3139717425431711,NÃO,1276.0,1274.0,Domínio aplicável = Sim + Não; Não declarado coincide com circulação Aquavia + Saltado.
E04,Iluminação pública,Faces,3509502035,V05414,Não declarado,2.0,0.1567398119122257,,SIM,1276.0,1274.0,Domínio aplicável = Sim + Não; Não declarado coincide com circulação Aquavia + Saltado.
E05,Ponto de ônibus,Domicílios,3509502035,V05015,Sim,1206.0,11.348452056083561,11.361281205840791,NÃO,10627.0,10615.0,Domínio aplicável = Sim + Não; Não declarado coincide com circulação Aquavia + Saltado.
E05,Ponto de ônibus,Domicílios,3509502035,V05016,Não,9409.0,88.53862802296038,88.63871879415922,NÃO,10627.0,10615.0,Domínio aplicável = Sim + Não; Não declarado coincide com circulação Aquavia + Saltado.
E05,Ponto de ônibus,Domicílios,3509502035,V05017,Não declarado,12.0,0.11291992095605534,,SIM,10627.0,10615.0,Domínio aplicável = Sim + Não; Não declarado coincide com circulação Aquavia + Saltado.
E05,Ponto de ônibus,Moradores,3509502035,V05215,Sim,2840.0,11.43455328743407,11.445613186636038,NÃO,24837.0,24813.0,Domínio aplicável = Sim + Não; Não declarado coincide com circulação Aquavia + Saltado.
E05,Ponto de ônibus,Moradores,3509502035,V05216,Não,21973.0,88.4688166847848,88.55438681336396,NÃO,24837.0,24813.0,Domínio aplicável = Sim + Não; Não declarado coincide com circulação Aquavia + Saltado.
E05,Ponto de ônibus,Moradores,3509502035,V05217,Não declarado,24.0,0.09663002778113298,,SIM,24837.0,24813.0,Domínio aplicável = Sim + Não; Não declarado coincide com circulação Aquavia + Saltado.
E05,Ponto de ônibus,Faces,3509502035,V05415,Sim,165.0,12.931034482758621,12.951334379905807,NÃO,1276.0,1274.0,Domínio aplicável = Sim + Não; Não declarado coincide com circulação Aquavia + Saltado.
E05,Ponto de ônibus,Faces,3509502035,V05416,Não,1109.0,86.91222570532915,87.04866562009418,NÃO,1276.0,1274.0,Domínio aplicável = Sim + Não; Não declarado coincide com circulação Aquavia + Saltado.
E05,Ponto de ônibus,Faces,3509502035,V05417,Não declarado,2.0,0.1567398119122257,,SIM,1276.0,1274.0,Domínio aplicável = Sim + Não; Não declarado coincide com circulação Aquavia + Saltado.
E06,Via sinalizada para bicicleta,Domicílios,3509502035,V05018,Sim,856.0,8.054954361531946,8.064060292039567,NÃO,10627.0,10615.0,Domínio aplicável = Sim + Não; Não declarado coincide com circulação Aquavia + Saltado.
E06,Via sinalizada para bicicleta,Domicílios,3509502035,V05019,Não,9759.0,91.832125717512,91.93593970796043,NÃO,10627.0,10615.0,Domínio aplicável = Sim + Não; Não declarado coincide com circulação Aquavia + Saltado.
E06,Via sinalizada para bicicleta,Domicílios,3509502035,V05020,Não declarado,12.0,0.11291992095605534,,SIM,10627.0,10615.0,Domínio aplicável = Sim + Não; Não declarado coincide com circulação Aquavia + Saltado.
E06,Via sinalizada para bicicleta,Moradores,3509502035,V05218,Sim,1897.0,7.637798445867053,7.645185991214283,NÃO,24837.0,24813.0,Domínio aplicável = Sim + Não; Não declarado coincide com circulação Aquavia + Saltado.
E06,Via sinalizada para bicicleta,Moradores,3509502035,V05219,Não,22916.0,92.2655715263518,92.35481400878571,NÃO,24837.0,24813.0,Domínio aplicável = Sim + Não; Não declarado coincide com circulação Aquavia + Saltado.
E06,Via sinalizada para bicicleta,Moradores,3509502035,V05220,Não declarado,24.0,0.09663002778113298,,SIM,24837.0,24813.0,Domínio aplicável = Sim + Não; Não declarado coincide com circulação Aquavia + Saltado.
E06,Via sinalizada para bicicleta,Faces,3509502035,V05418,Sim,47.0,3.683385579937304,3.6891679748822606,NÃO,1276.0,1274.0,Domínio aplicável = Sim + Não; Não declarado coincide com circulação Aquavia + Saltado.
E06,Via sinalizada para bicicleta,Faces,3509502035,V05419,Não,1227.0,96.15987460815047,96.31083202511775,NÃO,1276.0,1274.0,Domínio aplicável = Sim + Não; Não declarado coincide com circulação Aquavia + Saltado.
E06,Via sinalizada para bicicleta,Faces,3509502035,V05420,Não declarado,2.0,0.1567398119122257,,SIM,1276.0,1274.0,Domínio aplicável = Sim + Não; Não declarado coincide com circulação Aquavia + Saltado.
E07,Calçada,Domicílios,3509502035,V05021,Sim,10163.0,95.63376305636586,95.74187470560528,NÃO,10627.0,10615.0,Domínio aplicável = Sim + Não; Não declarado coincide com circulação Aquavia + Saltado.
E07,Calçada,Domicílios,3509502035,V05022,Não,452.0,4.253317022678084,4.258125294394724,NÃO,10627.0,10615.0,Domínio aplicável = Sim + Não; Não declarado coincide com circulação Aquavia + Saltado.
E07,Calçada,Domicílios,3509502035,V05023,Não declarado,12.0,0.11291992095605534,,SIM,10627.0,10615.0,Domínio aplicável = Sim + Não; Não declarado coincide com circulação Aquavia + Saltado.
E07,Calçada,Moradores,3509502035,V05221,Sim,23382.0,94.14180456576882,94.2328618063112,NÃO,24837.0,24813.0,Domínio aplicável = Sim + Não; Não declarado coincide com circulação Aquavia + Saltado.
E07,Calçada,Moradores,3509502035,V05222,Não,1431.0,5.761565406450055,5.767138193688792,NÃO,24837.0,24813.0,Domínio aplicável = Sim + Não; Não declarado coincide com circulação Aquavia + Saltado.
E07,Calçada,Moradores,3509502035,V05223,Não declarado,24.0,0.09663002778113298,,SIM,24837.0,24813.0,Domínio aplicável = Sim + Não; Não declarado coincide com circulação Aquavia + Saltado.
E07,Calçada,Faces,3509502035,V05421,Sim,1135.0,88.94984326018809,89.0894819466248,NÃO,1276.0,1274.0,Domínio aplicável = Sim + Não; Não declarado coincide com circulação Aquavia + Saltado.
E07,Calçada,Faces,3509502035,V05422,Não,139.0,10.893416927899686,10.910518053375197,NÃO,1276.0,1274.0,Domínio aplicável = Sim + Não; Não declarado coincide com circulação Aquavia + Saltado.
E07,Calçada,Faces,3509502035,V05423,Não declarado,2.0,0.1567398119122257,,SIM,1276.0,1274.0,Domínio aplicável = Sim + Não; Não declarado coincide com circulação Aquavia + Saltado.
E08,Obstáculo na calçada,Domicílios,3509502035,V05024,Sim,4586.0,43.154229792039146,45.12447112073207,NÃO,10627.0,10163.0,Domínio aplicável = Sim + Não; Não declarado coincide com ausência/não aplicação de calçada.
E08,Obstáculo na calçada,Domicílios,3509502035,V05025,Não,5577.0,52.47953326432672,54.87552887926793,NÃO,10627.0,10163.0,Domínio aplicável = Sim + Não; Não declarado coincide com ausência/não aplicação de calçada.
E08,Obstáculo na calçada,Domicílios,3509502035,V05026,Não declarado,464.0,4.3662369436341395,,SIM,10627.0,10163.0,Domínio aplicável = Sim + Não; Não declarado coincide com ausência/não aplicação de calçada.
E08,Obstáculo na calçada,Moradores,3509502035,V05224,Sim,10877.0,43.79353384064098,46.518689590283124,NÃO,24837.0,23382.0,Domínio aplicável = Sim + Não; Não declarado coincide com ausência/não aplicação de calçada.
E08,Obstáculo na calçada,Moradores,3509502035,V05225,Não,12505.0,50.34827072512783,53.481310409716876,NÃO,24837.0,23382.0,Domínio aplicável = Sim + Não; Não declarado coincide com ausência/não aplicação de calçada.
E08,Obstáculo na calçada,Moradores,3509502035,V05226,Não declarado,1455.0,5.858195434231187,,SIM,24837.0,23382.0,Domínio aplicável = Sim + Não; Não declarado coincide com ausência/não aplicação de calçada.
E08,Obstáculo na calçada,Faces,3509502035,V05424,Sim,507.0,39.73354231974922,44.669603524229075,NÃO,1276.0,1135.0,Domínio aplicável = Sim + Não; Não declarado coincide com ausência/não aplicação de calçada.
E08,Obstáculo na calçada,Faces,3509502035,V05425,Não,628.0,49.21630094043887,55.330396475770925,NÃO,1276.0,1135.0,Domínio aplicável = Sim + Não; Não declarado coincide com ausência/não aplicação de calçada.
E08,Obstáculo na calçada,Faces,3509502035,V05426,Não declarado,141.0,11.05015673981191,,SIM,1276.0,1135.0,Domínio aplicável = Sim + Não; Não declarado coincide com ausência/não aplicação de calçada.
E09,Rampa para cadeirante,Domicílios,3509502035,V05027,Sim,2975.0,27.994730403688717,29.272852504181834,NÃO,10627.0,10163.0,Domínio aplicável = Sim + Não; Não declarado coincide com ausência/não aplicação de calçada.
E09,Rampa para cadeirante,Domicílios,3509502035,V05028,Não,7188.0,67.63903265267714,70.72714749581817,NÃO,10627.0,10163.0,Domínio aplicável = Sim + Não; Não declarado coincide com ausência/não aplicação de calçada.
E09,Rampa para cadeirante,Domicílios,3509502035,V05029,Não declarado,464.0,4.3662369436341395,,SIM,10627.0,10163.0,Domínio aplicável = Sim + Não; Não declarado coincide com ausência/não aplicação de calçada.
E09,Rampa para cadeirante,Moradores,3509502035,V05227,Sim,5924.0,23.85151185730966,25.335728338037804,NÃO,24837.0,23382.0,Domínio aplicável = Sim + Não; Não declarado coincide com ausência/não aplicação de calçada.
E09,Rampa para cadeirante,Moradores,3509502035,V05228,Não,17458.0,70.29029270845916,74.66427166196219,NÃO,24837.0,23382.0,Domínio aplicável = Sim + Não; Não declarado coincide com ausência/não aplicação de calçada.
E09,Rampa para cadeirante,Moradores,3509502035,V05229,Não declarado,1455.0,5.858195434231187,,SIM,24837.0,23382.0,Domínio aplicável = Sim + Não; Não declarado coincide com ausência/não aplicação de calçada.
E09,Rampa para cadeirante,Faces,3509502035,V05427,Sim,257.0,20.141065830721004,22.643171806167402,NÃO,1276.0,1135.0,Domínio aplicável = Sim + Não; Não declarado coincide com ausência/não aplicação de calçada.
E09,Rampa para cadeirante,Faces,3509502035,V05428,Não,878.0,68.80877742946709,77.3568281938326,NÃO,1276.0,1135.0,Domínio aplicável = Sim + Não; Não declarado coincide com ausência/não aplicação de calçada.
E09,Rampa para cadeirante,Faces,3509502035,V05429,Não declarado,141.0,11.05015673981191,,SIM,1276.0,1135.0,Domínio aplicável = Sim + Não; Não declarado coincide com ausência/não aplicação de calçada.
E10,Arborização,Domicílios,3509502035,V05030,Sem árvores,2015.0,18.96113672720429,18.982571832312765,NÃO,10627.0,10615.0,Domínio aplicável = classes substantivas de arborização; Saltado fica fora.
E10,Arborização,Domicílios,3509502035,V05031,1 a 2 árvores,1863.0,17.53081772842759,17.550635892604806,NÃO,10627.0,10615.0,Domínio aplicável = classes substantivas de arborização; Saltado fica fora.
E10,Arborização,Domicílios,3509502035,V05032,3 a 4 árvores,1692.0,15.921708854803802,15.93970796043335,NÃO,10627.0,10615.0,Domínio aplicável = classes substantivas de arborização; Saltado fica fora.
E10,Arborização,Domicílios,3509502035,V05033,5 ou mais árvores,5045.0,47.47341676860826,47.52708431464908,NÃO,10627.0,10615.0,Domínio aplicável = classes substantivas de arborização; Saltado fica fora.
E10,Arborização,Domicílios,3509502035,V05034,Saltado,12.0,0.11291992095605534,,SIM,10627.0,10615.0,Domínio aplicável = classes substantivas de arborização; Saltado fica fora.
E10,Arborização,Moradores,3509502035,V05230,Sem árvores,4908.0,19.760840681241696,19.779954056341435,NÃO,24837.0,24813.0,Domínio aplicável = classes substantivas de arborização; Saltado fica fora.
E10,Arborização,Moradores,3509502035,V05231,1 a 2 árvores,4498.0,18.11007770664734,18.127594406158064,NÃO,24837.0,24813.0,Domínio aplicável = classes substantivas de arborização; Saltado fica fora.
E10,Arborização,Moradores,3509502035,V05232,3 a 4 árvores,3968.0,15.97616459314732,15.991617297384437,NÃO,24837.0,24813.0,Domínio aplicável = classes substantivas de arborização; Saltado fica fora.
E10,Arborização,Moradores,3509502035,V05233,5 ou mais árvores,11439.0,46.05628699118251,46.100834240116065,NÃO,24837.0,24813.0,Domínio aplicável = classes substantivas de arborização; Saltado fica fora.
E10,Arborização,Moradores,3509502035,V05234,Saltado,24.0,0.09663002778113298,,SIM,24837.0,24813.0,Domínio aplicável = classes substantivas de arborização; Saltado fica fora.
E10,Arborização,Faces,3509502035,V05430,Sem árvores,350.0,27.429467084639498,27.472527472527474,NÃO,1276.0,1274.0,Domínio aplicável = classes substantivas de arborização; Saltado fica fora.
E10,Arborização,Faces,3509502035,V05431,1 a 2 árvores,288.0,22.570532915360502,22.605965463108323,NÃO,1276.0,1274.0,Domínio aplicável = classes substantivas de arborização; Saltado fica fora.
E10,Arborização,Faces,3509502035,V05432,3 a 4 árvores,194.0,15.203761755485893,15.2276295133438,NÃO,1276.0,1274.0,Domínio aplicável = classes substantivas de arborização; Saltado fica fora.
E10,Arborização,Faces,3509502035,V05433,5 ou mais árvores,442.0,34.639498432601876,34.69387755102041,NÃO,1276.0,1274.0,Domínio aplicável = classes substantivas de arborização; Saltado fica fora.
E10,Arborização,Faces,3509502035,V05434,Saltado,2.0,0.1567398119122257,,SIM,1276.0,1274.0,Domínio aplicável = classes substantivas de arborização; Saltado fica fora.
E01,Circulação da via,Domicílios,3509502036,V05001,"Caminhão, ônibus",9603.0,93.09743092583615,93.11548530980316,NÃO,10315.0,10313.0,Domínio aplicável = categorias substantivas de circulação; Saltado fica fora.
E01,Circulação da via,Domicílios,3509502036,V05002,Carros de passeio ou van,585.0,5.671352399418323,5.672452244739649,NÃO,10315.0,10313.0,Domínio aplicável = categorias substantivas de circulação; Saltado fica fora.
E01,Circulação da via,Domicílios,3509502036,V05003,"Pedestres, bicicletas e motocicletas",125.0,1.211827435773146,1.21206244545719,NÃO,10315.0,10313.0,Domínio aplicável = categorias substantivas de circulação; Saltado fica fora.
E01,Circulação da via,Domicílios,3509502036,V05004,Aquavia,0.0,0.0,0.0,NÃO,10315.0,10313.0,Domínio aplicável = categorias substantivas de circulação; Saltado fica fora.
E01,Circulação da via,Domicílios,3509502036,V05005,Saltado,2.0,0.019389238972370333,,SIM,10315.0,10313.0,Domínio aplicável = categorias substantivas de circulação; Saltado fica fora.
E01,Circulação da via,Moradores,3509502036,V05201,"Caminhão, ônibus",28683.0,93.04203970416505,93.0601518395951,NÃO,30828.0,30822.0,Domínio aplicável = categorias substantivas de circulação; Saltado fica fora.
E01,Circulação da via,Moradores,3509502036,V05202,Carros de passeio ou van,1757.0,5.699364214350591,5.700473687625722,NÃO,30828.0,30822.0,Domínio aplicável = categorias substantivas de circulação; Saltado fica fora.
E01,Circulação da via,Moradores,3509502036,V05203,"Pedestres, bicicletas e motocicletas",382.0,1.2391332554820293,1.2393744727791838,NÃO,30828.0,30822.0,Domínio aplicável = categorias substantivas de circulação; Saltado fica fora.
E01,Circulação da via,Moradores,3509502036,V05204,Aquavia,0.0,0.0,0.0,NÃO,30828.0,30822.0,Domínio aplicável = categorias substantivas de circulação; Saltado fica fora.
E01,Circulação da via,Moradores,3509502036,V05205,Saltado,6.0,0.019462826002335537,,SIM,30828.0,30822.0,Domínio aplicável = categorias substantivas de circulação; Saltado fica fora.
E01,Circulação da via,Faces,3509502036,V05401,"Caminhão, ônibus",1149.0,89.69555035128806,89.90610328638498,NÃO,1281.0,1278.0,Domínio aplicável = categorias substantivas de circulação; Saltado fica fora.
E01,Circulação da via,Faces,3509502036,V05402,Carros de passeio ou van,83.0,6.479313036690086,6.494522691705789,NÃO,1281.0,1278.0,Domínio aplicável = categorias substantivas de circulação; Saltado fica fora.
E01,Circulação da via,Faces,3509502036,V05403,"Pedestres, bicicletas e motocicletas",46.0,3.590944574551132,3.599374021909233,NÃO,1281.0,1278.0,Domínio aplicável = categorias substantivas de circulação; Saltado fica fora.
E01,Circulação da via,Faces,3509502036,V05404,Aquavia,0.0,0.0,0.0,NÃO,1281.0,1278.0,Domínio aplicável = categorias substantivas de circulação; Saltado fica fora.
E01,Circulação da via,Faces,3509502036,V05405,Saltado,3.0,0.234192037470726,,SIM,1281.0,1278.0,Domínio aplicável = categorias substantivas de circulação; Saltado fica fora.
E02,Pavimentação,Domicílios,3509502036,V05006,Sim,5516.0,53.47552108579738,53.48589159313488,NÃO,10315.0,10313.0,Domínio aplicável = Sim + Não; Não declarado coincide com circulação Aquavia + Saltado.
E02,Pavimentação,Domicílios,3509502036,V05007,Não,4797.0,46.50508967523025,46.51410840686513,NÃO,10315.0,10313.0,Domínio aplicável = Sim + Não; Não declarado coincide com circulação Aquavia + Saltado.
E02,Pavimentação,Domicílios,3509502036,V05008,Não declarado,2.0,0.019389238972370333,,SIM,10315.0,10313.0,Domínio aplicável = Sim + Não; Não declarado coincide com circulação Aquavia + Saltado.
E02,Pavimentação,Moradores,3509502036,V05206,Sim,16205.0,52.56584922797457,52.57608201933684,NÃO,30828.0,30822.0,Domínio aplicável = Sim + Não; Não declarado coincide com circulação Aquavia + Saltado.
E02,Pavimentação,Moradores,3509502036,V05207,Não,14617.0,47.4146879460231,47.42391798066316,NÃO,30828.0,30822.0,Domínio aplicável = Sim + Não; Não declarado coincide com circulação Aquavia + Saltado.
E02,Pavimentação,Moradores,3509502036,V05208,Não declarado,6.0,0.019462826002335537,,SIM,30828.0,30822.0,Domínio aplicável = Sim + Não; Não declarado coincide com circulação Aquavia + Saltado.
E02,Pavimentação,Faces,3509502036,V05406,Sim,710.0,55.42544886807181,55.55555555555556,NÃO,1281.0,1278.0,Domínio aplicável = Sim + Não; Não declarado coincide com circulação Aquavia + Saltado.
E02,Pavimentação,Faces,3509502036,V05407,Não,568.0,44.340359094457455,44.44444444444444,NÃO,1281.0,1278.0,Domínio aplicável = Sim + Não; Não declarado coincide com circulação Aquavia + Saltado.
E02,Pavimentação,Faces,3509502036,V05408,Não declarado,3.0,0.234192037470726,,SIM,1281.0,1278.0,Domínio aplicável = Sim + Não; Não declarado coincide com circulação Aquavia + Saltado.
E03,Bueiro / boca de lobo,Domicílios,3509502036,V05009,Sim,5231.0,50.71255453223461,50.72238921749248,NÃO,10315.0,10313.0,Domínio aplicável = Sim + Não; Não declarado coincide com circulação Aquavia + Saltado.
E03,Bueiro / boca de lobo,Domicílios,3509502036,V05010,Não,5082.0,49.26805622879302,49.277610782507516,NÃO,10315.0,10313.0,Domínio aplicável = Sim + Não; Não declarado coincide com circulação Aquavia + Saltado.
E03,Bueiro / boca de lobo,Domicílios,3509502036,V05011,Não declarado,2.0,0.019389238972370333,,SIM,10315.0,10313.0,Domínio aplicável = Sim + Não; Não declarado coincide com circulação Aquavia + Saltado.
E03,Bueiro / boca de lobo,Moradores,3509502036,V05209,Sim,15343.0,49.7696898923057,49.77937836610214,NÃO,30828.0,30822.0,Domínio aplicável = Sim + Não; Não declarado coincide com circulação Aquavia + Saltado.
E03,Bueiro / boca de lobo,Moradores,3509502036,V05210,Não,15479.0,50.210847281691976,50.22062163389786,NÃO,30828.0,30822.0,Domínio aplicável = Sim + Não; Não declarado coincide com circulação Aquavia + Saltado.
E03,Bueiro / boca de lobo,Moradores,3509502036,V05211,Não declarado,6.0,0.019462826002335537,,SIM,30828.0,30822.0,Domínio aplicável = Sim + Não; Não declarado coincide com circulação Aquavia + Saltado.
E03,Bueiro / boca de lobo,Faces,3509502036,V05409,Sim,574.0,44.80874316939891,44.91392801251956,NÃO,1281.0,1278.0,Domínio aplicável = Sim + Não; Não declarado coincide com circulação Aquavia + Saltado.
E03,Bueiro / boca de lobo,Faces,3509502036,V05410,Não,704.0,54.95706479313037,55.08607198748044,NÃO,1281.0,1278.0,Domínio aplicável = Sim + Não; Não declarado coincide com circulação Aquavia + Saltado.
E03,Bueiro / boca de lobo,Faces,3509502036,V05411,Não declarado,3.0,0.234192037470726,,SIM,1281.0,1278.0,Domínio aplicável = Sim + Não; Não declarado coincide com circulação Aquavia + Saltado.
E04,Iluminação pública,Domicílios,3509502036,V05012,Sim,9773.0,94.74551623848764,94.76389023562494,NÃO,10315.0,10313.0,Domínio aplicável = Sim + Não; Não declarado coincide com circulação Aquavia + Saltado.
E04,Iluminação pública,Domicílios,3509502036,V05013,Não,540.0,5.23509452253999,5.23610976437506,NÃO,10315.0,10313.0,Domínio aplicável = Sim + Não; Não declarado coincide com circulação Aquavia + Saltado.
E04,Iluminação pública,Domicílios,3509502036,V05014,Não declarado,2.0,0.019389238972370333,,SIM,10315.0,10313.0,Domínio aplicável = Sim + Não; Não declarado coincide com circulação Aquavia + Saltado.
E04,Iluminação pública,Moradores,3509502036,V05212,Sim,29198.0,94.71259893603218,94.73103627279215,NÃO,30828.0,30822.0,Domínio aplicável = Sim + Não; Não declarado coincide com circulação Aquavia + Saltado.
E04,Iluminação pública,Moradores,3509502036,V05213,Não,1624.0,5.267938237965486,5.268963727207838,NÃO,30828.0,30822.0,Domínio aplicável = Sim + Não; Não declarado coincide com circulação Aquavia + Saltado.
E04,Iluminação pública,Moradores,3509502036,V05214,Não declarado,6.0,0.019462826002335537,,SIM,30828.0,30822.0,Domínio aplicável = Sim + Não; Não declarado coincide com circulação Aquavia + Saltado.
E04,Iluminação pública,Faces,3509502036,V05412,Sim,1186.0,92.58391881342702,92.80125195618153,NÃO,1281.0,1278.0,Domínio aplicável = Sim + Não; Não declarado coincide com circulação Aquavia + Saltado.
E04,Iluminação pública,Faces,3509502036,V05413,Não,92.0,7.181889149102264,7.198748043818466,NÃO,1281.0,1278.0,Domínio aplicável = Sim + Não; Não declarado coincide com circulação Aquavia + Saltado.
E04,Iluminação pública,Faces,3509502036,V05414,Não declarado,3.0,0.234192037470726,,SIM,1281.0,1278.0,Domínio aplicável = Sim + Não; Não declarado coincide com circulação Aquavia + Saltado.
E05,Ponto de ônibus,Domicílios,3509502036,V05015,Sim,1648.0,15.976732913233155,15.979831280907591,NÃO,10315.0,10313.0,Domínio aplicável = Sim + Não; Não declarado coincide com circulação Aquavia + Saltado.
E05,Ponto de ônibus,Domicílios,3509502036,V05016,Não,8665.0,84.00387784779447,84.0201687190924,NÃO,10315.0,10313.0,Domínio aplicável = Sim + Não; Não declarado coincide com circulação Aquavia + Saltado.
E05,Ponto de ônibus,Domicílios,3509502036,V05017,Não declarado,2.0,0.019389238972370333,,SIM,10315.0,10313.0,Domínio aplicável = Sim + Não; Não declarado coincide com circulação Aquavia + Saltado.
E05,Ponto de ônibus,Moradores,3509502036,V05215,Sim,4860.0,15.764889061891788,15.767957952112127,NÃO,30828.0,30822.0,Domínio aplicável = Sim + Não; Não declarado coincide com circulação Aquavia + Saltado.
E05,Ponto de ônibus,Moradores,3509502036,V05216,Não,25962.0,84.21564811210588,84.23204204788787,NÃO,30828.0,30822.0,Domínio aplicável = Sim + Não; Não declarado coincide com circulação Aquavia + Saltado.
E05,Ponto de ônibus,Moradores,3509502036,V05217,Não declarado,6.0,0.019462826002335537,,SIM,30828.0,30822.0,Domínio aplicável = Sim + Não; Não declarado coincide com circulação Aquavia + Saltado.
E05,Ponto de ônibus,Faces,3509502036,V05415,Sim,181.0,14.1295862607338,14.162754303599373,NÃO,1281.0,1278.0,Domínio aplicável = Sim + Não; Não declarado coincide com circulação Aquavia + Saltado.
E05,Ponto de ônibus,Faces,3509502036,V05416,Não,1097.0,85.63622170179546,85.83724569640061,NÃO,1281.0,1278.0,Domínio aplicável = Sim + Não; Não declarado coincide com circulação Aquavia + Saltado.
E05,Ponto de ônibus,Faces,3509502036,V05417,Não declarado,3.0,0.234192037470726,,SIM,1281.0,1278.0,Domínio aplicável = Sim + Não; Não declarado coincide com circulação Aquavia + Saltado.
E06,Via sinalizada para bicicleta,Domicílios,3509502036,V05018,Sim,0.0,0.0,0.0,NÃO,10315.0,10313.0,Domínio aplicável = Sim + Não; Não declarado coincide com circulação Aquavia + Saltado.
E06,Via sinalizada para bicicleta,Domicílios,3509502036,V05019,Não,10313.0,99.98061076102763,100.0,NÃO,10315.0,10313.0,Domínio aplicável = Sim + Não; Não declarado coincide com circulação Aquavia + Saltado.
E06,Via sinalizada para bicicleta,Domicílios,3509502036,V05020,Não declarado,2.0,0.019389238972370333,,SIM,10315.0,10313.0,Domínio aplicável = Sim + Não; Não declarado coincide com circulação Aquavia + Saltado.
E06,Via sinalizada para bicicleta,Moradores,3509502036,V05218,Sim,0.0,0.0,0.0,NÃO,30828.0,30822.0,Domínio aplicável = Sim + Não; Não declarado coincide com circulação Aquavia + Saltado.
E06,Via sinalizada para bicicleta,Moradores,3509502036,V05219,Não,30822.0,99.98053717399766,100.0,NÃO,30828.0,30822.0,Domínio aplicável = Sim + Não; Não declarado coincide com circulação Aquavia + Saltado.
E06,Via sinalizada para bicicleta,Moradores,3509502036,V05220,Não declarado,6.0,0.019462826002335537,,SIM,30828.0,30822.0,Domínio aplicável = Sim + Não; Não declarado coincide com circulação Aquavia + Saltado.
E06,Via sinalizada para bicicleta,Faces,3509502036,V05418,Sim,0.0,0.0,0.0,NÃO,1281.0,1278.0,Domínio aplicável = Sim + Não; Não declarado coincide com circulação Aquavia + Saltado.
E06,Via sinalizada para bicicleta,Faces,3509502036,V05419,Não,1278.0,99.76580796252928,100.0,NÃO,1281.0,1278.0,Domínio aplicável = Sim + Não; Não declarado coincide com circulação Aquavia + Saltado.
E06,Via sinalizada para bicicleta,Faces,3509502036,V05420,Não declarado,3.0,0.234192037470726,,SIM,1281.0,1278.0,Domínio aplicável = Sim + Não; Não declarado coincide com circulação Aquavia + Saltado.
E07,Calçada,Domicílios,3509502036,V05021,Sim,9059.0,87.82355792535142,87.84058954717348,NÃO,10315.0,10313.0,Domínio aplicável = Sim + Não; Não declarado coincide com circulação Aquavia + Saltado.
E07,Calçada,Domicílios,3509502036,V05022,Não,1254.0,12.157052835676199,12.15941045282653,NÃO,10315.0,10313.0,Domínio aplicável = Sim + Não; Não declarado coincide com circulação Aquavia + Saltado.
E07,Calçada,Domicílios,3509502036,V05023,Não declarado,2.0,0.019389238972370333,,SIM,10315.0,10313.0,Domínio aplicável = Sim + Não; Não declarado coincide com circulação Aquavia + Saltado.
E07,Calçada,Moradores,3509502036,V05221,Sim,26990.0,87.5502789671727,87.56732204269677,NÃO,30828.0,30822.0,Domínio aplicável = Sim + Não; Não declarado coincide com circulação Aquavia + Saltado.
E07,Calçada,Moradores,3509502036,V05222,Não,3832.0,12.430258206824965,12.432677957303225,NÃO,30828.0,30822.0,Domínio aplicável = Sim + Não; Não declarado coincide com circulação Aquavia + Saltado.
E07,Calçada,Moradores,3509502036,V05223,Não declarado,6.0,0.019462826002335537,,SIM,30828.0,30822.0,Domínio aplicável = Sim + Não; Não declarado coincide com circulação Aquavia + Saltado.
E07,Calçada,Faces,3509502036,V05421,Sim,928.0,72.44340359094458,72.6134585289515,NÃO,1281.0,1278.0,Domínio aplicável = Sim + Não; Não declarado coincide com circulação Aquavia + Saltado.
E07,Calçada,Faces,3509502036,V05422,Não,350.0,27.322404371584703,27.386541471048513,NÃO,1281.0,1278.0,Domínio aplicável = Sim + Não; Não declarado coincide com circulação Aquavia + Saltado.
E07,Calçada,Faces,3509502036,V05423,Não declarado,3.0,0.234192037470726,,SIM,1281.0,1278.0,Domínio aplicável = Sim + Não; Não declarado coincide com circulação Aquavia + Saltado.
E08,Obstáculo na calçada,Domicílios,3509502036,V05024,Sim,8220.0,79.68977217644208,90.73849210729661,NÃO,10315.0,9059.0,Domínio aplicável = Sim + Não; Não declarado coincide com ausência/não aplicação de calçada.
E08,Obstáculo na calçada,Domicílios,3509502036,V05025,Não,839.0,8.133785748909355,9.261507892703388,NÃO,10315.0,9059.0,Domínio aplicável = Sim + Não; Não declarado coincide com ausência/não aplicação de calçada.
E08,Obstáculo na calçada,Domicílios,3509502036,V05026,Não declarado,1256.0,12.17644207464857,,SIM,10315.0,9059.0,Domínio aplicável = Sim + Não; Não declarado coincide com ausência/não aplicação de calçada.
E08,Obstáculo na calçada,Moradores,3509502036,V05224,Sim,24469.0,79.37264824185804,90.65950351982217,NÃO,30828.0,26990.0,Domínio aplicável = Sim + Não; Não declarado coincide com ausência/não aplicação de calçada.
E08,Obstáculo na calçada,Moradores,3509502036,V05225,Não,2521.0,8.17763072531465,9.340496480177844,NÃO,30828.0,26990.0,Domínio aplicável = Sim + Não; Não declarado coincide com ausência/não aplicação de calçada.
E08,Obstáculo na calçada,Moradores,3509502036,V05226,Não declarado,3838.0,12.4497210328273,,SIM,30828.0,26990.0,Domínio aplicável = Sim + Não; Não declarado coincide com ausência/não aplicação de calçada.
E08,Obstáculo na calçada,Faces,3509502036,V05424,Sim,739.0,57.68930523028884,79.63362068965517,NÃO,1281.0,928.0,Domínio aplicável = Sim + Não; Não declarado coincide com ausência/não aplicação de calçada.
E08,Obstáculo na calçada,Faces,3509502036,V05425,Não,189.0,14.754098360655737,20.36637931034483,NÃO,1281.0,928.0,Domínio aplicável = Sim + Não; Não declarado coincide com ausência/não aplicação de calçada.
E08,Obstáculo na calçada,Faces,3509502036,V05426,Não declarado,353.0,27.556596409055423,,SIM,1281.0,928.0,Domínio aplicável = Sim + Não; Não declarado coincide com ausência/não aplicação de calçada.
E09,Rampa para cadeirante,Domicílios,3509502036,V05027,Sim,1460.0,14.154144449830344,16.11656915774368,NÃO,10315.0,9059.0,Domínio aplicável = Sim + Não; Não declarado coincide com ausência/não aplicação de calçada.
E09,Rampa para cadeirante,Domicílios,3509502036,V05028,Não,7599.0,73.66941347552108,83.88343084225632,NÃO,10315.0,9059.0,Domínio aplicável = Sim + Não; Não declarado coincide com ausência/não aplicação de calçada.
E09,Rampa para cadeirante,Domicílios,3509502036,V05029,Não declarado,1256.0,12.17644207464857,,SIM,10315.0,9059.0,Domínio aplicável = Sim + Não; Não declarado coincide com ausência/não aplicação de calçada.
E09,Rampa para cadeirante,Moradores,3509502036,V05227,Sim,4371.0,14.17866874270144,16.194886995183403,NÃO,30828.0,26990.0,Domínio aplicável = Sim + Não; Não declarado coincide com ausência/não aplicação de calçada.
E09,Rampa para cadeirante,Moradores,3509502036,V05228,Não,22619.0,73.37161022447127,83.8051130048166,NÃO,30828.0,26990.0,Domínio aplicável = Sim + Não; Não declarado coincide com ausência/não aplicação de calçada.
E09,Rampa para cadeirante,Moradores,3509502036,V05229,Não declarado,3838.0,12.4497210328273,,SIM,30828.0,26990.0,Domínio aplicável = Sim + Não; Não declarado coincide com ausência/não aplicação de calçada.
E09,Rampa para cadeirante,Faces,3509502036,V05427,Sim,128.0,9.992193598750976,13.793103448275861,NÃO,1281.0,928.0,Domínio aplicável = Sim + Não; Não declarado coincide com ausência/não aplicação de calçada.
E09,Rampa para cadeirante,Faces,3509502036,V05428,Não,800.0,62.451209992193604,86.20689655172413,NÃO,1281.0,928.0,Domínio aplicável = Sim + Não; Não declarado coincide com ausência/não aplicação de calçada.
E09,Rampa para cadeirante,Faces,3509502036,V05429,Não declarado,353.0,27.556596409055423,,SIM,1281.0,928.0,Domínio aplicável = Sim + Não; Não declarado coincide com ausência/não aplicação de calçada.
E10,Arborização,Domicílios,3509502036,V05030,Sem árvores,1263.0,12.244304411051866,12.246678948899447,NÃO,10315.0,10313.0,Domínio aplicável = classes substantivas de arborização; Saltado fica fora.
E10,Arborização,Domicílios,3509502036,V05031,1 a 2 árvores,2139.0,20.736791080950074,20.740812566663436,NÃO,10315.0,10313.0,Domínio aplicável = classes substantivas de arborização; Saltado fica fora.
E10,Arborização,Domicílios,3509502036,V05032,3 a 4 árvores,1464.0,14.192922927775085,14.19567536119461,NÃO,10315.0,10313.0,Domínio aplicável = classes substantivas de arborização; Saltado fica fora.
E10,Arborização,Domicílios,3509502036,V05033,5 ou mais árvores,5447.0,52.8065923412506,52.81683312324251,NÃO,10315.0,10313.0,Domínio aplicável = classes substantivas de arborização; Saltado fica fora.
E10,Arborização,Domicílios,3509502036,V05034,Saltado,2.0,0.019389238972370333,,SIM,10315.0,10313.0,Domínio aplicável = classes substantivas de arborização; Saltado fica fora.
E10,Arborização,Moradores,3509502036,V05230,Sem árvores,3814.0,12.371869728817957,12.374278113036143,NÃO,30828.0,30822.0,Domínio aplicável = classes substantivas de arborização; Saltado fica fora.
E10,Arborização,Moradores,3509502036,V05231,1 a 2 árvores,6482.0,21.026339691189825,21.030432807734734,NÃO,30828.0,30822.0,Domínio aplicável = classes substantivas de arborização; Saltado fica fora.
E10,Arborização,Moradores,3509502036,V05232,3 a 4 árvores,4304.0,13.961333852342026,13.964051651417819,NÃO,30828.0,30822.0,Domínio aplicável = classes substantivas de arborização; Saltado fica fora.
E10,Arborização,Moradores,3509502036,V05233,5 ou mais árvores,16222.0,52.62099390164785,52.63123742781131,NÃO,30828.0,30822.0,Domínio aplicável = classes substantivas de arborização; Saltado fica fora.
E10,Arborização,Moradores,3509502036,V05234,Saltado,6.0,0.019462826002335537,,SIM,30828.0,30822.0,Domínio aplicável = classes substantivas de arborização; Saltado fica fora.
E10,Arborização,Faces,3509502036,V05430,Sem árvores,355.0,27.712724434035906,27.77777777777778,NÃO,1281.0,1278.0,Domínio aplicável = classes substantivas de arborização; Saltado fica fora.
E10,Arborização,Faces,3509502036,V05431,1 a 2 árvores,302.0,23.575331772053083,23.630672926447573,NÃO,1281.0,1278.0,Domínio aplicável = classes substantivas de arborização; Saltado fica fora.
E10,Arborização,Faces,3509502036,V05432,3 a 4 árvores,189.0,14.754098360655737,14.788732394366196,NÃO,1281.0,1278.0,Domínio aplicável = classes substantivas de arborização; Saltado fica fora.
E10,Arborização,Faces,3509502036,V05433,5 ou mais árvores,432.0,33.723653395784545,33.80281690140845,NÃO,1281.0,1278.0,Domínio aplicável = classes substantivas de arborização; Saltado fica fora.
E10,Arborização,Faces,3509502036,V05434,Saltado,3.0,0.234192037470726,,SIM,1281.0,1278.0,Domínio aplicável = classes substantivas de arborização; Saltado fica fora.
E01,Circulação da via,Domicílios,MUNICIPIO,V05001,"Caminhão, ônibus",398733.0,94.45717087823449,94.63068134622185,NÃO,422131.0,421357.0,Domínio aplicável = categorias substantivas de circulação; Saltado fica fora.
E01,Circulação da via,Domicílios,MUNICIPIO,V05002,Carros de passeio ou van,20635.0,4.888292970665504,4.8972723842252535,NÃO,422131.0,421357.0,Domínio aplicável = categorias substantivas de circulação; Saltado fica fora.
E01,Circulação da via,Domicílios,MUNICIPIO,V05003,"Pedestres, bicicletas e motocicletas",1989.0,0.4711807472088049,0.47204626955289697,NÃO,422131.0,421357.0,Domínio aplicável = categorias substantivas de circulação; Saltado fica fora.
E01,Circulação da via,Domicílios,MUNICIPIO,V05004,Aquavia,0.0,0.0,0.0,NÃO,422131.0,421357.0,Domínio aplicável = categorias substantivas de circulação; Saltado fica fora.
E01,Circulação da via,Domicílios,MUNICIPIO,V05005,Saltado,774.0,0.18335540389120913,,SIM,422131.0,421357.0,Domínio aplicável = categorias substantivas de circulação; Saltado fica fora.
E01,Circulação da via,Moradores,MUNICIPIO,V05201,"Caminhão, ônibus",1047180.0,93.98500626907762,94.17264174952945,NÃO,1114199.0,1111979.0,Domínio aplicável = categorias substantivas de circulação; Saltado fica fora.
E01,Circulação da via,Moradores,MUNICIPIO,V05202,Carros de passeio ou van,58996.0,5.294924874281883,5.305495877170342,NÃO,1114199.0,1111979.0,Domínio aplicável = categorias substantivas de circulação; Saltado fica fora.
E01,Circulação da via,Moradores,MUNICIPIO,V05203,"Pedestres, bicicletas e motocicletas",5803.0,0.5208225819624681,0.5218623733002152,NÃO,1114199.0,1111979.0,Domínio aplicável = categorias substantivas de circulação; Saltado fica fora.
E01,Circulação da via,Moradores,MUNICIPIO,V05204,Aquavia,0.0,0.0,0.0,NÃO,1114199.0,1111979.0,Domínio aplicável = categorias substantivas de circulação; Saltado fica fora.
E01,Circulação da via,Moradores,MUNICIPIO,V05205,Saltado,2220.0,0.19924627467804226,,SIM,1114199.0,1111979.0,Domínio aplicável = categorias substantivas de circulação; Saltado fica fora.
E01,Circulação da via,Faces,MUNICIPIO,V05401,"Caminhão, ônibus",50568.0,91.37859375847052,92.24538937229792,NÃO,55339.0,54819.0,Domínio aplicável = categorias substantivas de circulação; Saltado fica fora.
E01,Circulação da via,Faces,MUNICIPIO,V05402,Carros de passeio ou van,3422.0,6.1837040784979855,6.242361225122677,NÃO,55339.0,54819.0,Domínio aplicável = categorias substantivas de circulação; Saltado fica fora.
E01,Circulação da via,Faces,MUNICIPIO,V05403,"Pedestres, bicicletas e motocicletas",828.0,1.49623231355825,1.5104252175340667,NÃO,55339.0,54819.0,Domínio aplicável = categorias substantivas de circulação; Saltado fica fora.
E01,Circulação da via,Faces,MUNICIPIO,V05404,Aquavia,1.0,0.0018070438569544082,0.0018241850453309982,NÃO,55339.0,54819.0,Domínio aplicável = categorias substantivas de circulação; Saltado fica fora.
E01,Circulação da via,Faces,MUNICIPIO,V05405,Saltado,520.0,0.9396628056162923,,SIM,55339.0,54819.0,Domínio aplicável = categorias substantivas de circulação; Saltado fica fora.
E02,Pavimentação,Domicílios,MUNICIPIO,V05006,Sim,389694.0,92.31589245992357,92.48546956618733,NÃO,422131.0,421357.0,Domínio aplicável = Sim + Não; Não declarado coincide com circulação Aquavia + Saltado.
E02,Pavimentação,Domicílios,MUNICIPIO,V05007,Não,31663.0,7.500752136185213,7.5145304338126575,NÃO,422131.0,421357.0,Domínio aplicável = Sim + Não; Não declarado coincide com circulação Aquavia + Saltado.
E02,Pavimentação,Domicílios,MUNICIPIO,V05008,Não declarado,774.0,0.18335540389120913,,SIM,422131.0,421357.0,Domínio aplicável = Sim + Não; Não declarado coincide com circulação Aquavia + Saltado.
E02,Pavimentação,Moradores,MUNICIPIO,V05206,Sim,1016407.0,91.22311184985806,91.40523337221296,NÃO,1114199.0,1111979.0,Domínio aplicável = Sim + Não; Não declarado coincide com circulação Aquavia + Saltado.
E02,Pavimentação,Moradores,MUNICIPIO,V05207,Não,95572.0,8.577641875463899,8.594766627787036,NÃO,1114199.0,1111979.0,Domínio aplicável = Sim + Não; Não declarado coincide com circulação Aquavia + Saltado.
E02,Pavimentação,Moradores,MUNICIPIO,V05208,Não declarado,2220.0,0.19924627467804226,,SIM,1114199.0,1111979.0,Domínio aplicável = Sim + Não; Não declarado coincide com circulação Aquavia + Saltado.
E02,Pavimentação,Faces,MUNICIPIO,V05406,Sim,48832.0,88.24156562279767,89.0802291218213,NÃO,55339.0,54818.0,Domínio aplicável = Sim + Não; Não declarado coincide com circulação Aquavia + Saltado.
E02,Pavimentação,Faces,MUNICIPIO,V05407,Não,5986.0,10.816964527729088,10.9197708781787,NÃO,55339.0,54818.0,Domínio aplicável = Sim + Não; Não declarado coincide com circulação Aquavia + Saltado.
E02,Pavimentação,Faces,MUNICIPIO,V05408,Não declarado,521.0,0.9414698494732467,,SIM,55339.0,54818.0,Domínio aplicável = Sim + Não; Não declarado coincide com circulação Aquavia + Saltado.
E03,Bueiro / boca de lobo,Domicílios,MUNICIPIO,V05009,Sim,302197.0,71.58844055518311,71.71994294624272,NÃO,422131.0,421357.0,Domínio aplicável = Sim + Não; Não declarado coincide com circulação Aquavia + Saltado.
E03,Bueiro / boca de lobo,Domicílios,MUNICIPIO,V05010,Não,119160.0,28.228204040925686,28.28005705375726,NÃO,422131.0,421357.0,Domínio aplicável = Sim + Não; Não declarado coincide com circulação Aquavia + Saltado.
E03,Bueiro / boca de lobo,Domicílios,MUNICIPIO,V05011,Não declarado,774.0,0.18335540389120913,,SIM,422131.0,421357.0,Domínio aplicável = Sim + Não; Não declarado coincide com circulação Aquavia + Saltado.
E03,Bueiro / boca de lobo,Moradores,MUNICIPIO,V05209,Sim,797023.0,71.53327188410688,71.67608381093528,NÃO,1114199.0,1111979.0,Domínio aplicável = Sim + Não; Não declarado coincide com circulação Aquavia + Saltado.
E03,Bueiro / boca de lobo,Moradores,MUNICIPIO,V05210,Não,314956.0,28.26748184121508,28.323916189064725,NÃO,1114199.0,1111979.0,Domínio aplicável = Sim + Não; Não declarado coincide com circulação Aquavia + Saltado.
E03,Bueiro / boca de lobo,Moradores,MUNICIPIO,V05211,Não declarado,2220.0,0.19924627467804226,,SIM,1114199.0,1111979.0,Domínio aplicável = Sim + Não; Não declarado coincide com circulação Aquavia + Saltado.
E03,Bueiro / boca de lobo,Faces,MUNICIPIO,V05409,Sim,34370.0,62.108097363523015,62.69838374256631,NÃO,55339.0,54818.0,Domínio aplicável = Sim + Não; Não declarado coincide com circulação Aquavia + Saltado.
E03,Bueiro / boca de lobo,Faces,MUNICIPIO,V05410,Não,20448.0,36.95043278700374,37.30161625743369,NÃO,55339.0,54818.0,Domínio aplicável = Sim + Não; Não declarado coincide com circulação Aquavia + Saltado.
E03,Bueiro / boca de lobo,Faces,MUNICIPIO,V05411,Não declarado,521.0,0.9414698494732467,,SIM,55339.0,54818.0,Domínio aplicável = Sim + Não; Não declarado coincide com circulação Aquavia + Saltado.
E04,Iluminação pública,Domicílios,MUNICIPIO,V05012,Sim,411085.0,97.38327675532004,97.56216225196212,NÃO,422131.0,421357.0,Domínio aplicável = Sim + Não; Não declarado coincide com circulação Aquavia + Saltado.
E04,Iluminação pública,Domicílios,MUNICIPIO,V05013,Não,10272.0,2.43336784078876,2.437837748037887,NÃO,422131.0,421357.0,Domínio aplicável = Sim + Não; Não declarado coincide com circulação Aquavia + Saltado.
E04,Iluminação pública,Domicílios,MUNICIPIO,V05014,Não declarado,774.0,0.18335540389120913,,SIM,422131.0,421357.0,Domínio aplicável = Sim + Não; Não declarado coincide com circulação Aquavia + Saltado.
E04,Iluminação pública,Moradores,MUNICIPIO,V05212,Sim,1081071.0,97.0267429785882,97.22045110564139,NÃO,1114199.0,1111979.0,Domínio aplicável = Sim + Não; Não declarado coincide com circulação Aquavia + Saltado.
E04,Iluminação pública,Moradores,MUNICIPIO,V05213,Não,30908.0,2.7740107467337523,2.7795488943586166,NÃO,1114199.0,1111979.0,Domínio aplicável = Sim + Não; Não declarado coincide com circulação Aquavia + Saltado.
E04,Iluminação pública,Moradores,MUNICIPIO,V05214,Não declarado,2220.0,0.19924627467804226,,SIM,1114199.0,1111979.0,Domínio aplicável = Sim + Não; Não declarado coincide com circulação Aquavia + Saltado.
E04,Iluminação pública,Faces,MUNICIPIO,V05412,Sim,51997.0,93.96085943005836,94.85388011237184,NÃO,55339.0,54818.0,Domínio aplicável = Sim + Não; Não declarado coincide com circulação Aquavia + Saltado.
E04,Iluminação pública,Faces,MUNICIPIO,V05413,Não,2821.0,5.097670720468385,5.146119887628151,NÃO,55339.0,54818.0,Domínio aplicável = Sim + Não; Não declarado coincide com circulação Aquavia + Saltado.
E04,Iluminação pública,Faces,MUNICIPIO,V05414,Não declarado,521.0,0.9414698494732467,,SIM,55339.0,54818.0,Domínio aplicável = Sim + Não; Não declarado coincide com circulação Aquavia + Saltado.
E05,Ponto de ônibus,Domicílios,MUNICIPIO,V05015,Sim,78672.0,18.636868649779334,18.671103126327555,NÃO,422131.0,421357.0,Domínio aplicável = Sim + Não; Não declarado coincide com circulação Aquavia + Saltado.
E05,Ponto de ônibus,Domicílios,MUNICIPIO,V05016,Não,342685.0,81.17977594632946,81.32889687367243,NÃO,422131.0,421357.0,Domínio aplicável = Sim + Não; Não declarado coincide com circulação Aquavia + Saltado.
E05,Ponto de ônibus,Domicílios,MUNICIPIO,V05017,Não declarado,774.0,0.18335540389120913,,SIM,422131.0,421357.0,Domínio aplicável = Sim + Não; Não declarado coincide com circulação Aquavia + Saltado.
E05,Ponto de ônibus,Moradores,MUNICIPIO,V05215,Sim,200327.0,17.979463273616293,18.015358203707084,NÃO,1114199.0,1111979.0,Domínio aplicável = Sim + Não; Não declarado coincide com circulação Aquavia + Saltado.
E05,Ponto de ônibus,Moradores,MUNICIPIO,V05216,Não,911652.0,81.82129045170566,81.9846417962929,NÃO,1114199.0,1111979.0,Domínio aplicável = Sim + Não; Não declarado coincide com circulação Aquavia + Saltado.
E05,Ponto de ônibus,Moradores,MUNICIPIO,V05217,Não declarado,2220.0,0.19924627467804226,,SIM,1114199.0,1111979.0,Domínio aplicável = Sim + Não; Não declarado coincide com circulação Aquavia + Saltado.
E05,Ponto de ônibus,Faces,MUNICIPIO,V05415,Sim,7854.0,14.192522452519924,14.327410704513117,NÃO,55339.0,54818.0,Domínio aplicável = Sim + Não; Não declarado coincide com circulação Aquavia + Saltado.
E05,Ponto de ônibus,Faces,MUNICIPIO,V05416,Não,46964.0,84.86600769800683,85.67258929548687,NÃO,55339.0,54818.0,Domínio aplicável = Sim + Não; Não declarado coincide com circulação Aquavia + Saltado.
E05,Ponto de ônibus,Faces,MUNICIPIO,V05417,Não declarado,521.0,0.9414698494732467,,SIM,55339.0,54818.0,Domínio aplicável = Sim + Não; Não declarado coincide com circulação Aquavia + Saltado.
E06,Via sinalizada para bicicleta,Domicílios,MUNICIPIO,V05018,Sim,11673.0,2.765255335429049,2.7703348941633816,NÃO,422131.0,421357.0,Domínio aplicável = Sim + Não; Não declarado coincide com circulação Aquavia + Saltado.
E06,Via sinalizada para bicicleta,Domicílios,MUNICIPIO,V05019,Não,409684.0,97.05138926067974,97.22966510583662,NÃO,422131.0,421357.0,Domínio aplicável = Sim + Não; Não declarado coincide com circulação Aquavia + Saltado.
E06,Via sinalizada para bicicleta,Domicílios,MUNICIPIO,V05020,Não declarado,774.0,0.18335540389120913,,SIM,422131.0,421357.0,Domínio aplicável = Sim + Não; Não declarado coincide com circulação Aquavia + Saltado.
E06,Via sinalizada para bicicleta,Moradores,MUNICIPIO,V05218,Sim,28245.0,2.5350049676942805,2.5400659544829534,NÃO,1114199.0,1111979.0,Domínio aplicável = Sim + Não; Não declarado coincide com circulação Aquavia + Saltado.
E06,Via sinalizada para bicicleta,Moradores,MUNICIPIO,V05219,Não,1083734.0,97.26574875762768,97.45993404551704,NÃO,1114199.0,1111979.0,Domínio aplicável = Sim + Não; Não declarado coincide com circulação Aquavia + Saltado.
E06,Via sinalizada para bicicleta,Moradores,MUNICIPIO,V05220,Não declarado,2220.0,0.19924627467804226,,SIM,1114199.0,1111979.0,Domínio aplicável = Sim + Não; Não declarado coincide com circulação Aquavia + Saltado.
E06,Via sinalizada para bicicleta,Faces,MUNICIPIO,V05418,Sim,1491.0,2.694302390719023,2.7199095187712063,NÃO,55339.0,54818.0,Domínio aplicável = Sim + Não; Não declarado coincide com circulação Aquavia + Saltado.
E06,Via sinalizada para bicicleta,Faces,MUNICIPIO,V05419,Não,53327.0,96.36422775980773,97.2800904812288,NÃO,55339.0,54818.0,Domínio aplicável = Sim + Não; Não declarado coincide com circulação Aquavia + Saltado.
E06,Via sinalizada para bicicleta,Faces,MUNICIPIO,V05420,Não declarado,521.0,0.9414698494732467,,SIM,55339.0,54818.0,Domínio aplicável = Sim + Não; Não declarado coincide com circulação Aquavia + Saltado.
E07,Calçada,Domicílios,MUNICIPIO,V05021,Sim,388354.0,91.99845545577084,92.16744945497524,NÃO,422131.0,421357.0,Domínio aplicável = Sim + Não; Não declarado coincide com circulação Aquavia + Saltado.
E07,Calçada,Domicílios,MUNICIPIO,V05022,Não,33003.0,7.818189140337951,7.832550545024765,NÃO,422131.0,421357.0,Domínio aplicável = Sim + Não; Não declarado coincide com circulação Aquavia + Saltado.
E07,Calçada,Domicílios,MUNICIPIO,V05023,Não declarado,774.0,0.18335540389120913,,SIM,422131.0,421357.0,Domínio aplicável = Sim + Não; Não declarado coincide com circulação Aquavia + Saltado.
E07,Calçada,Moradores,MUNICIPIO,V05221,Sim,1012606.0,90.88196991740254,91.06341037015987,NÃO,1114199.0,1111979.0,Domínio aplicável = Sim + Não; Não declarado coincide com circulação Aquavia + Saltado.
E07,Calçada,Moradores,MUNICIPIO,V05222,Não,99373.0,8.91878380791941,8.936589629840132,NÃO,1114199.0,1111979.0,Domínio aplicável = Sim + Não; Não declarado coincide com circulação Aquavia + Saltado.
E07,Calçada,Moradores,MUNICIPIO,V05223,Não declarado,2220.0,0.19924627467804226,,SIM,1114199.0,1111979.0,Domínio aplicável = Sim + Não; Não declarado coincide com circulação Aquavia + Saltado.
E07,Calçada,Faces,MUNICIPIO,V05421,Sim,44825.0,81.00074088798135,81.77058630376884,NÃO,55339.0,54818.0,Domínio aplicável = Sim + Não; Não declarado coincide com circulação Aquavia + Saltado.
E07,Calçada,Faces,MUNICIPIO,V05422,Não,9993.0,18.057789262545402,18.229413696231163,NÃO,55339.0,54818.0,Domínio aplicável = Sim + Não; Não declarado coincide com circulação Aquavia + Saltado.
E07,Calçada,Faces,MUNICIPIO,V05423,Não declarado,521.0,0.9414698494732467,,SIM,55339.0,54818.0,Domínio aplicável = Sim + Não; Não declarado coincide com circulação Aquavia + Saltado.
E08,Obstáculo na calçada,Domicílios,MUNICIPIO,V05024,Sim,219655.0,52.03479488594772,56.56050922611844,NÃO,422131.0,388354.0,Domínio aplicável = Sim + Não; Não declarado coincide com ausência/não aplicação de calçada.
E08,Obstáculo na calçada,Domicílios,MUNICIPIO,V05025,Não,168699.0,39.96366056982311,43.43949077388156,NÃO,422131.0,388354.0,Domínio aplicável = Sim + Não; Não declarado coincide com ausência/não aplicação de calçada.
E08,Obstáculo na calçada,Domicílios,MUNICIPIO,V05026,Não declarado,33777.0,8.00154454422916,,SIM,422131.0,388354.0,Domínio aplicável = Sim + Não; Não declarado coincide com ausência/não aplicação de calçada.
E08,Obstáculo na calçada,Moradores,MUNICIPIO,V05224,Sim,607335.0,54.50866496918414,59.97742458567301,NÃO,1114199.0,1012606.0,Domínio aplicável = Sim + Não; Não declarado coincide com ausência/não aplicação de calçada.
E08,Obstáculo na calçada,Moradores,MUNICIPIO,V05225,Não,405271.0,36.373304948218404,40.022575414326994,NÃO,1114199.0,1012606.0,Domínio aplicável = Sim + Não; Não declarado coincide com ausência/não aplicação de calçada.
E08,Obstáculo na calçada,Moradores,MUNICIPIO,V05226,Não declarado,101593.0,9.118030082597453,,SIM,1114199.0,1012606.0,Domínio aplicável = Sim + Não; Não declarado coincide com ausência/não aplicação de calçada.
E08,Obstáculo na calçada,Faces,MUNICIPIO,V05424,Sim,23412.0,42.30651077901661,52.2297824874512,NÃO,55339.0,44825.0,Domínio aplicável = Sim + Não; Não declarado coincide com ausência/não aplicação de calçada.
E08,Obstáculo na calçada,Faces,MUNICIPIO,V05425,Não,21413.0,38.694230108964746,47.770217512548804,NÃO,55339.0,44825.0,Domínio aplicável = Sim + Não; Não declarado coincide com ausência/não aplicação de calçada.
E08,Obstáculo na calçada,Faces,MUNICIPIO,V05426,Não declarado,10514.0,18.99925911201865,,SIM,55339.0,44825.0,Domínio aplicável = Sim + Não; Não declarado coincide com ausência/não aplicação de calçada.
E09,Rampa para cadeirante,Domicílios,MUNICIPIO,V05027,Sim,92404.0,21.88988726248487,23.793755182127647,NÃO,422131.0,388354.0,Domínio aplicável = Sim + Não; Não declarado coincide com ausência/não aplicação de calçada.
E09,Rampa para cadeirante,Domicílios,MUNICIPIO,V05028,Não,295950.0,70.10856819328598,76.20624481787235,NÃO,422131.0,388354.0,Domínio aplicável = Sim + Não; Não declarado coincide com ausência/não aplicação de calçada.
E09,Rampa para cadeirante,Domicílios,MUNICIPIO,V05029,Não declarado,33777.0,8.00154454422916,,SIM,422131.0,388354.0,Domínio aplicável = Sim + Não; Não declarado coincide com ausência/não aplicação de calçada.
E09,Rampa para cadeirante,Moradores,MUNICIPIO,V05227,Sim,217906.0,19.55718861711418,21.51932735930856,NÃO,1114199.0,1012606.0,Domínio aplicável = Sim + Não; Não declarado coincide com ausência/não aplicação de calçada.
E09,Rampa para cadeirante,Moradores,MUNICIPIO,V05228,Não,794700.0,71.32478130028836,78.48067264069144,NÃO,1114199.0,1012606.0,Domínio aplicável = Sim + Não; Não declarado coincide com ausência/não aplicação de calçada.
E09,Rampa para cadeirante,Moradores,MUNICIPIO,V05229,Não declarado,101593.0,9.118030082597453,,SIM,1114199.0,1012606.0,Domínio aplicável = Sim + Não; Não declarado coincide com ausência/não aplicação de calçada.
E09,Rampa para cadeirante,Faces,MUNICIPIO,V05427,Sim,7788.0,14.07325755796093,17.37423312883436,NÃO,55339.0,44825.0,Domínio aplicável = Sim + Não; Não declarado coincide com ausência/não aplicação de calçada.
E09,Rampa para cadeirante,Faces,MUNICIPIO,V05428,Não,37037.0,66.92748333002042,82.62576687116564,NÃO,55339.0,44825.0,Domínio aplicável = Sim + Não; Não declarado coincide com ausência/não aplicação de calçada.
E09,Rampa para cadeirante,Faces,MUNICIPIO,V05429,Não declarado,10514.0,18.99925911201865,,SIM,55339.0,44825.0,Domínio aplicável = Sim + Não; Não declarado coincide com ausência/não aplicação de calçada.
E10,Arborização,Domicílios,MUNICIPIO,V05030,Sem árvores,65158.0,15.435492773570289,15.46384657190933,NÃO,422131.0,421357.0,Domínio aplicável = classes substantivas de arborização; Saltado fica fora.
E10,Arborização,Domicílios,MUNICIPIO,V05031,1 a 2 árvores,76199.0,18.051031551816855,18.084189891232374,NÃO,422131.0,421357.0,Domínio aplicável = classes substantivas de arborização; Saltado fica fora.
E10,Arborização,Domicílios,MUNICIPIO,V05032,3 a 4 árvores,68974.0,16.339477555545553,16.36949190354023,NÃO,422131.0,421357.0,Domínio aplicável = classes substantivas de arborização; Saltado fica fora.
E10,Arborização,Domicílios,MUNICIPIO,V05033,5 ou mais árvores,211026.0,49.990642715176094,50.08247163331806,NÃO,422131.0,421357.0,Domínio aplicável = classes substantivas de arborização; Saltado fica fora.
E10,Arborização,Domicílios,MUNICIPIO,V05034,Saltado,774.0,0.18335540389120913,,SIM,422131.0,421357.0,Domínio aplicável = classes substantivas de arborização; Saltado fica fora.
E10,Arborização,Moradores,MUNICIPIO,V05230,Sem árvores,169948.0,15.252930580623389,15.283382150202476,NÃO,1114199.0,1111979.0,Domínio aplicável = classes substantivas de arborização; Saltado fica fora.
E10,Arborização,Moradores,MUNICIPIO,V05231,1 a 2 árvores,208459.0,18.709314942842347,18.746666978423153,NÃO,1114199.0,1111979.0,Domínio aplicável = classes substantivas de arborização; Saltado fica fora.
E10,Arborização,Moradores,MUNICIPIO,V05232,3 a 4 árvores,183552.0,16.473897391758562,16.506786549026558,NÃO,1114199.0,1111979.0,Domínio aplicável = classes substantivas de arborização; Saltado fica fora.
E10,Arborização,Moradores,MUNICIPIO,V05233,5 ou mais árvores,550020.0,49.36461081009766,49.463164322347815,NÃO,1114199.0,1111979.0,Domínio aplicável = classes substantivas de arborização; Saltado fica fora.
E10,Arborização,Moradores,MUNICIPIO,V05234,Saltado,2220.0,0.19924627467804226,,SIM,1114199.0,1111979.0,Domínio aplicável = classes substantivas de arborização; Saltado fica fora.
E10,Arborização,Faces,MUNICIPIO,V05430,Sem árvores,14794.0,26.733406819783518,26.987485862308002,NÃO,55339.0,54818.0,Domínio aplicável = classes substantivas de arborização; Saltado fica fora.
E10,Arborização,Faces,MUNICIPIO,V05431,1 a 2 árvores,12217.0,22.07665480041201,22.286475245357366,NÃO,55339.0,54818.0,Domínio aplicável = classes substantivas de arborização; Saltado fica fora.
E10,Arborização,Faces,MUNICIPIO,V05432,3 a 4 árvores,8046.0,14.53947487305517,14.677660622423291,NÃO,55339.0,54818.0,Domínio aplicável = classes substantivas de arborização; Saltado fica fora.
E10,Arborização,Faces,MUNICIPIO,V05433,5 ou mais árvores,19761.0,35.70899365727606,36.04837826991134,NÃO,55339.0,54818.0,Domínio aplicável = classes substantivas de arborização; Saltado fica fora.
E10,Arborização,Faces,MUNICIPIO,V05434,Saltado,521.0,0.9414698494732467,,SIM,55339.0,54818.0,Domínio aplicável = classes substantivas de arborização; Saltado fica fora.
