Tabela,Característica,Universo,APOND,Código,Categoria,Contagem agregada,Percentual bruto (%),Percentual no domínio aplicável (%),Fora do domínio aplicável?,Denominador observado,Denominador no domínio aplicável,Regra do domínio aplicável
E01,Circulação da via,Domicílios,3556206001,V05001,"Caminhão, ônibus",6822.0,94.90818030050083,94.90818030050083,NÃO,7188.0,7188.0,Domínio aplicável = categorias substantivas de circulação; Saltado fica fora.
E01,Circulação da via,Domicílios,3556206001,V05002,Carros de passeio ou van,360.0,5.008347245409015,5.008347245409015,NÃO,7188.0,7188.0,Domínio aplicável = categorias substantivas de circulação; Saltado fica fora.
E01,Circulação da via,Domicílios,3556206001,V05003,"Pedestres, bicicletas e motocicletas",6.0,0.08347245409015025,0.08347245409015025,NÃO,7188.0,7188.0,Domínio aplicável = categorias substantivas de circulação; Saltado fica fora.
E01,Circulação da via,Domicílios,3556206001,V05004,Aquavia,0.0,0.0,0.0,NÃO,7188.0,7188.0,Domínio aplicável = categorias substantivas de circulação; Saltado fica fora.
E01,Circulação da via,Domicílios,3556206001,V05005,Saltado,0.0,0.0,,SIM,7188.0,7188.0,Domínio aplicável = categorias substantivas de circulação; Saltado fica fora.
E01,Circulação da via,Moradores,3556206001,V05201,"Caminhão, ônibus",18727.0,95.02232595900142,95.02232595900142,NÃO,19708.0,19708.0,Domínio aplicável = categorias substantivas de circulação; Saltado fica fora.
E01,Circulação da via,Moradores,3556206001,V05202,Carros de passeio ou van,965.0,4.896488735538868,4.896488735538868,NÃO,19708.0,19708.0,Domínio aplicável = categorias substantivas de circulação; Saltado fica fora.
E01,Circulação da via,Moradores,3556206001,V05203,"Pedestres, bicicletas e motocicletas",16.0,0.0811853054597118,0.0811853054597118,NÃO,19708.0,19708.0,Domínio aplicável = categorias substantivas de circulação; Saltado fica fora.
E01,Circulação da via,Moradores,3556206001,V05204,Aquavia,0.0,0.0,0.0,NÃO,19708.0,19708.0,Domínio aplicável = categorias substantivas de circulação; Saltado fica fora.
E01,Circulação da via,Moradores,3556206001,V05205,Saltado,0.0,0.0,,SIM,19708.0,19708.0,Domínio aplicável = categorias substantivas de circulação; Saltado fica fora.
E01,Circulação da via,Faces,3556206001,V05401,"Caminhão, ônibus",841.0,91.91256830601094,92.21491228070175,NÃO,915.0,912.0,Domínio aplicável = categorias substantivas de circulação; Saltado fica fora.
E01,Circulação da via,Faces,3556206001,V05402,Carros de passeio ou van,68.0,7.431693989071038,7.456140350877193,NÃO,915.0,912.0,Domínio aplicável = categorias substantivas de circulação; Saltado fica fora.
E01,Circulação da via,Faces,3556206001,V05403,"Pedestres, bicicletas e motocicletas",3.0,0.32786885245901637,0.3289473684210526,NÃO,915.0,912.0,Domínio aplicável = categorias substantivas de circulação; Saltado fica fora.
E01,Circulação da via,Faces,3556206001,V05404,Aquavia,0.0,0.0,0.0,NÃO,915.0,912.0,Domínio aplicável = categorias substantivas de circulação; Saltado fica fora.
E01,Circulação da via,Faces,3556206001,V05405,Saltado,3.0,0.32786885245901637,,SIM,915.0,912.0,Domínio aplicável = categorias substantivas de circulação; Saltado fica fora.
E02,Pavimentação,Domicílios,3556206001,V05006,Sim,7183.0,99.93043962159153,99.93043962159153,NÃO,7188.0,7188.0,Domínio aplicável = Sim + Não; Não declarado coincide com circulação Aquavia + Saltado.
E02,Pavimentação,Domicílios,3556206001,V05007,Não,5.0,0.06956037840845854,0.06956037840845854,NÃO,7188.0,7188.0,Domínio aplicável = Sim + Não; Não declarado coincide com circulação Aquavia + Saltado.
E02,Pavimentação,Domicílios,3556206001,V05008,Não declarado,0.0,0.0,,SIM,7188.0,7188.0,Domínio aplicável = Sim + Não; Não declarado coincide com circulação Aquavia + Saltado.
E02,Pavimentação,Moradores,3556206001,V05206,Sim,19694.0,99.92896285772275,99.92896285772275,NÃO,19708.0,19708.0,Domínio aplicável = Sim + Não; Não declarado coincide com circulação Aquavia + Saltado.
E02,Pavimentação,Moradores,3556206001,V05207,Não,14.0,0.07103714227724782,0.07103714227724782,NÃO,19708.0,19708.0,Domínio aplicável = Sim + Não; Não declarado coincide com circulação Aquavia + Saltado.
E02,Pavimentação,Moradores,3556206001,V05208,Não declarado,0.0,0.0,,SIM,19708.0,19708.0,Domínio aplicável = Sim + Não; Não declarado coincide com circulação Aquavia + Saltado.
E02,Pavimentação,Faces,3556206001,V05406,Sim,903.0,98.68852459016394,99.01315789473685,NÃO,915.0,912.0,Domínio aplicável = Sim + Não; Não declarado coincide com circulação Aquavia + Saltado.
E02,Pavimentação,Faces,3556206001,V05407,Não,9.0,0.9836065573770493,0.9868421052631579,NÃO,915.0,912.0,Domínio aplicável = Sim + Não; Não declarado coincide com circulação Aquavia + Saltado.
E02,Pavimentação,Faces,3556206001,V05408,Não declarado,3.0,0.32786885245901637,,SIM,915.0,912.0,Domínio aplicável = Sim + Não; Não declarado coincide com circulação Aquavia + Saltado.
E03,Bueiro / boca de lobo,Domicílios,3556206001,V05009,Sim,6594.0,91.73622704507513,91.73622704507513,NÃO,7188.0,7188.0,Domínio aplicável = Sim + Não; Não declarado coincide com circulação Aquavia + Saltado.
E03,Bueiro / boca de lobo,Domicílios,3556206001,V05010,Não,594.0,8.263772954924875,8.263772954924875,NÃO,7188.0,7188.0,Domínio aplicável = Sim + Não; Não declarado coincide com circulação Aquavia + Saltado.
E03,Bueiro / boca de lobo,Domicílios,3556206001,V05011,Não declarado,0.0,0.0,,SIM,7188.0,7188.0,Domínio aplicável = Sim + Não; Não declarado coincide com circulação Aquavia + Saltado.
E03,Bueiro / boca de lobo,Moradores,3556206001,V05209,Sim,17991.0,91.28780190785469,91.28780190785469,NÃO,19708.0,19708.0,Domínio aplicável = Sim + Não; Não declarado coincide com circulação Aquavia + Saltado.
E03,Bueiro / boca de lobo,Moradores,3556206001,V05210,Não,1717.0,8.712198092145321,8.712198092145321,NÃO,19708.0,19708.0,Domínio aplicável = Sim + Não; Não declarado coincide com circulação Aquavia + Saltado.
E03,Bueiro / boca de lobo,Moradores,3556206001,V05211,Não declarado,0.0,0.0,,SIM,19708.0,19708.0,Domínio aplicável = Sim + Não; Não declarado coincide com circulação Aquavia + Saltado.
E03,Bueiro / boca de lobo,Faces,3556206001,V05409,Sim,760.0,83.06010928961749,83.33333333333334,NÃO,915.0,912.0,Domínio aplicável = Sim + Não; Não declarado coincide com circulação Aquavia + Saltado.
E03,Bueiro / boca de lobo,Faces,3556206001,V05410,Não,152.0,16.612021857923498,16.666666666666664,NÃO,915.0,912.0,Domínio aplicável = Sim + Não; Não declarado coincide com circulação Aquavia + Saltado.
E03,Bueiro / boca de lobo,Faces,3556206001,V05411,Não declarado,3.0,0.32786885245901637,,SIM,915.0,912.0,Domínio aplicável = Sim + Não; Não declarado coincide com circulação Aquavia + Saltado.
E04,Iluminação pública,Domicílios,3556206001,V05012,Sim,7171.0,99.76349471341123,99.76349471341123,NÃO,7188.0,7188.0,Domínio aplicável = Sim + Não; Não declarado coincide com circulação Aquavia + Saltado.
E04,Iluminação pública,Domicílios,3556206001,V05013,Não,17.0,0.23650528658875902,0.23650528658875902,NÃO,7188.0,7188.0,Domínio aplicável = Sim + Não; Não declarado coincide com circulação Aquavia + Saltado.
E04,Iluminação pública,Domicílios,3556206001,V05014,Não declarado,0.0,0.0,,SIM,7188.0,7188.0,Domínio aplicável = Sim + Não; Não declarado coincide com circulação Aquavia + Saltado.
E04,Iluminação pública,Moradores,3556206001,V05212,Sim,19658.0,99.7462959204384,99.7462959204384,NÃO,19708.0,19708.0,Domínio aplicável = Sim + Não; Não declarado coincide com circulação Aquavia + Saltado.
E04,Iluminação pública,Moradores,3556206001,V05213,Não,50.0,0.25370407956159935,0.25370407956159935,NÃO,19708.0,19708.0,Domínio aplicável = Sim + Não; Não declarado coincide com circulação Aquavia + Saltado.
E04,Iluminação pública,Moradores,3556206001,V05214,Não declarado,0.0,0.0,,SIM,19708.0,19708.0,Domínio aplicável = Sim + Não; Não declarado coincide com circulação Aquavia + Saltado.
E04,Iluminação pública,Faces,3556206001,V05412,Sim,901.0,98.46994535519126,98.79385964912281,NÃO,915.0,912.0,Domínio aplicável = Sim + Não; Não declarado coincide com circulação Aquavia + Saltado.
E04,Iluminação pública,Faces,3556206001,V05413,Não,11.0,1.2021857923497268,1.2061403508771928,NÃO,915.0,912.0,Domínio aplicável = Sim + Não; Não declarado coincide com circulação Aquavia + Saltado.
E04,Iluminação pública,Faces,3556206001,V05414,Não declarado,3.0,0.32786885245901637,,SIM,915.0,912.0,Domínio aplicável = Sim + Não; Não declarado coincide com circulação Aquavia + Saltado.
E05,Ponto de ônibus,Domicílios,3556206001,V05015,Sim,1346.0,18.72565386755704,18.72565386755704,NÃO,7188.0,7188.0,Domínio aplicável = Sim + Não; Não declarado coincide com circulação Aquavia + Saltado.
E05,Ponto de ônibus,Domicílios,3556206001,V05016,Não,5842.0,81.27434613244297,81.27434613244297,NÃO,7188.0,7188.0,Domínio aplicável = Sim + Não; Não declarado coincide com circulação Aquavia + Saltado.
E05,Ponto de ônibus,Domicílios,3556206001,V05017,Não declarado,0.0,0.0,,SIM,7188.0,7188.0,Domínio aplicável = Sim + Não; Não declarado coincide com circulação Aquavia + Saltado.
E05,Ponto de ônibus,Moradores,3556206001,V05215,Sim,3564.0,18.0840267911508,18.0840267911508,NÃO,19708.0,19708.0,Domínio aplicável = Sim + Não; Não declarado coincide com circulação Aquavia + Saltado.
E05,Ponto de ônibus,Moradores,3556206001,V05216,Não,16144.0,81.91597320884921,81.91597320884921,NÃO,19708.0,19708.0,Domínio aplicável = Sim + Não; Não declarado coincide com circulação Aquavia + Saltado.
E05,Ponto de ônibus,Moradores,3556206001,V05217,Não declarado,0.0,0.0,,SIM,19708.0,19708.0,Domínio aplicável = Sim + Não; Não declarado coincide com circulação Aquavia + Saltado.
E05,Ponto de ônibus,Faces,3556206001,V05415,Sim,122.0,13.333333333333334,13.37719298245614,NÃO,915.0,912.0,Domínio aplicável = Sim + Não; Não declarado coincide com circulação Aquavia + Saltado.
E05,Ponto de ônibus,Faces,3556206001,V05416,Não,790.0,86.33879781420765,86.62280701754386,NÃO,915.0,912.0,Domínio aplicável = Sim + Não; Não declarado coincide com circulação Aquavia + Saltado.
E05,Ponto de ônibus,Faces,3556206001,V05417,Não declarado,3.0,0.32786885245901637,,SIM,915.0,912.0,Domínio aplicável = Sim + Não; Não declarado coincide com circulação Aquavia + Saltado.
E06,Via sinalizada para bicicleta,Domicílios,3556206001,V05018,Sim,46.0,0.6399554813578185,0.6399554813578185,NÃO,7188.0,7188.0,Domínio aplicável = Sim + Não; Não declarado coincide com circulação Aquavia + Saltado.
E06,Via sinalizada para bicicleta,Domicílios,3556206001,V05019,Não,7142.0,99.36004451864218,99.36004451864218,NÃO,7188.0,7188.0,Domínio aplicável = Sim + Não; Não declarado coincide com circulação Aquavia + Saltado.
E06,Via sinalizada para bicicleta,Domicílios,3556206001,V05020,Não declarado,0.0,0.0,,SIM,7188.0,7188.0,Domínio aplicável = Sim + Não; Não declarado coincide com circulação Aquavia + Saltado.
E06,Via sinalizada para bicicleta,Moradores,3556206001,V05218,Sim,126.0,0.6393342804952303,0.6393342804952303,NÃO,19708.0,19708.0,Domínio aplicável = Sim + Não; Não declarado coincide com circulação Aquavia + Saltado.
E06,Via sinalizada para bicicleta,Moradores,3556206001,V05219,Não,19582.0,99.36066571950477,99.36066571950477,NÃO,19708.0,19708.0,Domínio aplicável = Sim + Não; Não declarado coincide com circulação Aquavia + Saltado.
E06,Via sinalizada para bicicleta,Moradores,3556206001,V05220,Não declarado,0.0,0.0,,SIM,19708.0,19708.0,Domínio aplicável = Sim + Não; Não declarado coincide com circulação Aquavia + Saltado.
E06,Via sinalizada para bicicleta,Faces,3556206001,V05418,Sim,5.0,0.546448087431694,0.5482456140350876,NÃO,915.0,912.0,Domínio aplicável = Sim + Não; Não declarado coincide com circulação Aquavia + Saltado.
E06,Via sinalizada para bicicleta,Faces,3556206001,V05419,Não,907.0,99.1256830601093,99.4517543859649,NÃO,915.0,912.0,Domínio aplicável = Sim + Não; Não declarado coincide com circulação Aquavia + Saltado.
E06,Via sinalizada para bicicleta,Faces,3556206001,V05420,Não declarado,3.0,0.32786885245901637,,SIM,915.0,912.0,Domínio aplicável = Sim + Não; Não declarado coincide com circulação Aquavia + Saltado.
E07,Calçada,Domicílios,3556206001,V05021,Sim,7172.0,99.77740678909294,99.77740678909294,NÃO,7188.0,7188.0,Domínio aplicável = Sim + Não; Não declarado coincide com circulação Aquavia + Saltado.
E07,Calçada,Domicílios,3556206001,V05022,Não,16.0,0.22259321090706735,0.22259321090706735,NÃO,7188.0,7188.0,Domínio aplicável = Sim + Não; Não declarado coincide com circulação Aquavia + Saltado.
E07,Calçada,Domicílios,3556206001,V05023,Não declarado,0.0,0.0,,SIM,7188.0,7188.0,Domínio aplicável = Sim + Não; Não declarado coincide com circulação Aquavia + Saltado.
E07,Calçada,Moradores,3556206001,V05221,Sim,19659.0,99.75137000202963,99.75137000202963,NÃO,19708.0,19708.0,Domínio aplicável = Sim + Não; Não declarado coincide com circulação Aquavia + Saltado.
E07,Calçada,Moradores,3556206001,V05222,Não,49.0,0.24862999797036736,0.24862999797036736,NÃO,19708.0,19708.0,Domínio aplicável = Sim + Não; Não declarado coincide com circulação Aquavia + Saltado.
E07,Calçada,Moradores,3556206001,V05223,Não declarado,0.0,0.0,,SIM,19708.0,19708.0,Domínio aplicável = Sim + Não; Não declarado coincide com circulação Aquavia + Saltado.
E07,Calçada,Faces,3556206001,V05421,Sim,862.0,94.20765027322405,94.51754385964912,NÃO,915.0,912.0,Domínio aplicável = Sim + Não; Não declarado coincide com circulação Aquavia + Saltado.
E07,Calçada,Faces,3556206001,V05422,Não,50.0,5.46448087431694,5.482456140350877,NÃO,915.0,912.0,Domínio aplicável = Sim + Não; Não declarado coincide com circulação Aquavia + Saltado.
E07,Calçada,Faces,3556206001,V05423,Não declarado,3.0,0.32786885245901637,,SIM,915.0,912.0,Domínio aplicável = Sim + Não; Não declarado coincide com circulação Aquavia + Saltado.
E08,Obstáculo na calçada,Domicílios,3556206001,V05024,Sim,3559.0,49.51307735114079,49.623535973229224,NÃO,7188.0,7172.0,Domínio aplicável = Sim + Não; Não declarado coincide com ausência/não aplicação de calçada.
E08,Obstáculo na calçada,Domicílios,3556206001,V05025,Não,3613.0,50.264329437952135,50.376464026770776,NÃO,7188.0,7172.0,Domínio aplicável = Sim + Não; Não declarado coincide com ausência/não aplicação de calçada.
E08,Obstáculo na calçada,Domicílios,3556206001,V05026,Não declarado,16.0,0.22259321090706735,,SIM,7188.0,7172.0,Domínio aplicável = Sim + Não; Não declarado coincide com ausência/não aplicação de calçada.
E08,Obstáculo na calçada,Moradores,3556206001,V05224,Sim,10086.0,51.17718692916582,51.3047459179002,NÃO,19708.0,19659.0,Domínio aplicável = Sim + Não; Não declarado coincide com ausência/não aplicação de calçada.
E08,Obstáculo na calçada,Moradores,3556206001,V05225,Não,9573.0,48.57418307286381,48.6952540820998,NÃO,19708.0,19659.0,Domínio aplicável = Sim + Não; Não declarado coincide com ausência/não aplicação de calçada.
E08,Obstáculo na calçada,Moradores,3556206001,V05226,Não declarado,49.0,0.24862999797036736,,SIM,19708.0,19659.0,Domínio aplicável = Sim + Não; Não declarado coincide com ausência/não aplicação de calçada.
E08,Obstáculo na calçada,Faces,3556206001,V05424,Sim,448.0,48.96174863387978,51.972157772621806,NÃO,915.0,862.0,Domínio aplicável = Sim + Não; Não declarado coincide com ausência/não aplicação de calçada.
E08,Obstáculo na calçada,Faces,3556206001,V05425,Não,414.0,45.24590163934426,48.027842227378194,NÃO,915.0,862.0,Domínio aplicável = Sim + Não; Não declarado coincide com ausência/não aplicação de calçada.
E08,Obstáculo na calçada,Faces,3556206001,V05426,Não declarado,53.0,5.7923497267759565,,SIM,915.0,862.0,Domínio aplicável = Sim + Não; Não declarado coincide com ausência/não aplicação de calçada.
E09,Rampa para cadeirante,Domicílios,3556206001,V05027,Sim,1001.0,13.9259877573734,13.957055214723926,NÃO,7188.0,7172.0,Domínio aplicável = Sim + Não; Não declarado coincide com ausência/não aplicação de calçada.
E09,Rampa para cadeirante,Domicílios,3556206001,V05028,Não,6171.0,85.85141903171953,86.04294478527608,NÃO,7188.0,7172.0,Domínio aplicável = Sim + Não; Não declarado coincide com ausência/não aplicação de calçada.
E09,Rampa para cadeirante,Domicílios,3556206001,V05029,Não declarado,16.0,0.22259321090706735,,SIM,7188.0,7172.0,Domínio aplicável = Sim + Não; Não declarado coincide com ausência/não aplicação de calçada.
E09,Rampa para cadeirante,Moradores,3556206001,V05227,Sim,2528.0,12.827278262634465,12.859250216185972,NÃO,19708.0,19659.0,Domínio aplicável = Sim + Não; Não declarado coincide com ausência/não aplicação de calçada.
E09,Rampa para cadeirante,Moradores,3556206001,V05228,Não,17131.0,86.92409173939517,87.14074978381403,NÃO,19708.0,19659.0,Domínio aplicável = Sim + Não; Não declarado coincide com ausência/não aplicação de calçada.
E09,Rampa para cadeirante,Moradores,3556206001,V05229,Não declarado,49.0,0.24862999797036736,,SIM,19708.0,19659.0,Domínio aplicável = Sim + Não; Não declarado coincide com ausência/não aplicação de calçada.
E09,Rampa para cadeirante,Faces,3556206001,V05427,Sim,28.0,3.060109289617486,3.248259860788863,NÃO,915.0,862.0,Domínio aplicável = Sim + Não; Não declarado coincide com ausência/não aplicação de calçada.
E09,Rampa para cadeirante,Faces,3556206001,V05428,Não,834.0,91.14754098360656,96.75174013921114,NÃO,915.0,862.0,Domínio aplicável = Sim + Não; Não declarado coincide com ausência/não aplicação de calçada.
E09,Rampa para cadeirante,Faces,3556206001,V05429,Não declarado,53.0,5.7923497267759565,,SIM,915.0,862.0,Domínio aplicável = Sim + Não; Não declarado coincide com ausência/não aplicação de calçada.
E10,Arborização,Domicílios,3556206001,V05030,Sem árvores,281.0,3.90929326655537,3.90929326655537,NÃO,7188.0,7188.0,Domínio aplicável = classes substantivas de arborização; Saltado fica fora.
E10,Arborização,Domicílios,3556206001,V05031,1 a 2 árvores,1235.0,17.181413466889257,17.181413466889257,NÃO,7188.0,7188.0,Domínio aplicável = classes substantivas de arborização; Saltado fica fora.
E10,Arborização,Domicílios,3556206001,V05032,3 a 4 árvores,1740.0,24.207011686143574,24.207011686143574,NÃO,7188.0,7188.0,Domínio aplicável = classes substantivas de arborização; Saltado fica fora.
E10,Arborização,Domicílios,3556206001,V05033,5 ou mais árvores,3932.0,54.70228158041179,54.70228158041179,NÃO,7188.0,7188.0,Domínio aplicável = classes substantivas de arborização; Saltado fica fora.
E10,Arborização,Domicílios,3556206001,V05034,Saltado,0.0,0.0,,SIM,7188.0,7188.0,Domínio aplicável = classes substantivas de arborização; Saltado fica fora.
E10,Arborização,Moradores,3556206001,V05230,Sem árvores,775.0,3.93241323320479,3.93241323320479,NÃO,19708.0,19708.0,Domínio aplicável = classes substantivas de arborização; Saltado fica fora.
E10,Arborização,Moradores,3556206001,V05231,1 a 2 árvores,3324.0,16.866247209255125,16.866247209255125,NÃO,19708.0,19708.0,Domínio aplicável = classes substantivas de arborização; Saltado fica fora.
E10,Arborização,Moradores,3556206001,V05232,3 a 4 árvores,4948.0,25.106555713415872,25.106555713415872,NÃO,19708.0,19708.0,Domínio aplicável = classes substantivas de arborização; Saltado fica fora.
E10,Arborização,Moradores,3556206001,V05233,5 ou mais árvores,10661.0,54.094783844124215,54.094783844124215,NÃO,19708.0,19708.0,Domínio aplicável = classes substantivas de arborização; Saltado fica fora.
E10,Arborização,Moradores,3556206001,V05234,Saltado,0.0,0.0,,SIM,19708.0,19708.0,Domínio aplicável = classes substantivas de arborização; Saltado fica fora.
E10,Arborização,Faces,3556206001,V05430,Sem árvores,153.0,16.721311475409838,16.776315789473685,NÃO,915.0,912.0,Domínio aplicável = classes substantivas de arborização; Saltado fica fora.
E10,Arborização,Faces,3556206001,V05431,1 a 2 árvores,271.0,29.617486338797818,29.714912280701753,NÃO,915.0,912.0,Domínio aplicável = classes substantivas de arborização; Saltado fica fora.
E10,Arborização,Faces,3556206001,V05432,3 a 4 árvores,194.0,21.202185792349727,21.271929824561404,NÃO,915.0,912.0,Domínio aplicável = classes substantivas de arborização; Saltado fica fora.
E10,Arborização,Faces,3556206001,V05433,5 ou mais árvores,294.0,32.131147540983605,32.23684210526316,NÃO,915.0,912.0,Domínio aplicável = classes substantivas de arborização; Saltado fica fora.
E10,Arborização,Faces,3556206001,V05434,Saltado,3.0,0.32786885245901637,,SIM,915.0,912.0,Domínio aplicável = classes substantivas de arborização; Saltado fica fora.
E01,Circulação da via,Domicílios,3556206002,V05001,"Caminhão, ônibus",5689.0,99.61477849763614,99.61477849763614,NÃO,5711.0,5711.0,Domínio aplicável = categorias substantivas de circulação; Saltado fica fora.
E01,Circulação da via,Domicílios,3556206002,V05002,Carros de passeio ou van,22.0,0.3852215023638592,0.3852215023638592,NÃO,5711.0,5711.0,Domínio aplicável = categorias substantivas de circulação; Saltado fica fora.
E01,Circulação da via,Domicílios,3556206002,V05003,"Pedestres, bicicletas e motocicletas",0.0,0.0,0.0,NÃO,5711.0,5711.0,Domínio aplicável = categorias substantivas de circulação; Saltado fica fora.
E01,Circulação da via,Domicílios,3556206002,V05004,Aquavia,0.0,0.0,0.0,NÃO,5711.0,5711.0,Domínio aplicável = categorias substantivas de circulação; Saltado fica fora.
E01,Circulação da via,Domicílios,3556206002,V05005,Saltado,0.0,0.0,,SIM,5711.0,5711.0,Domínio aplicável = categorias substantivas de circulação; Saltado fica fora.
E01,Circulação da via,Moradores,3556206002,V05201,"Caminhão, ônibus",16770.0,99.61389961389962,99.61389961389962,NÃO,16835.0,16835.0,Domínio aplicável = categorias substantivas de circulação; Saltado fica fora.
E01,Circulação da via,Moradores,3556206002,V05202,Carros de passeio ou van,65.0,0.3861003861003861,0.3861003861003861,NÃO,16835.0,16835.0,Domínio aplicável = categorias substantivas de circulação; Saltado fica fora.
E01,Circulação da via,Moradores,3556206002,V05203,"Pedestres, bicicletas e motocicletas",0.0,0.0,0.0,NÃO,16835.0,16835.0,Domínio aplicável = categorias substantivas de circulação; Saltado fica fora.
E01,Circulação da via,Moradores,3556206002,V05204,Aquavia,0.0,0.0,0.0,NÃO,16835.0,16835.0,Domínio aplicável = categorias substantivas de circulação; Saltado fica fora.
E01,Circulação da via,Moradores,3556206002,V05205,Saltado,0.0,0.0,,SIM,16835.0,16835.0,Domínio aplicável = categorias substantivas de circulação; Saltado fica fora.
E01,Circulação da via,Faces,3556206002,V05401,"Caminhão, ônibus",634.0,98.90795631825273,98.90795631825273,NÃO,641.0,641.0,Domínio aplicável = categorias substantivas de circulação; Saltado fica fora.
E01,Circulação da via,Faces,3556206002,V05402,Carros de passeio ou van,7.0,1.0920436817472698,1.0920436817472698,NÃO,641.0,641.0,Domínio aplicável = categorias substantivas de circulação; Saltado fica fora.
E01,Circulação da via,Faces,3556206002,V05403,"Pedestres, bicicletas e motocicletas",0.0,0.0,0.0,NÃO,641.0,641.0,Domínio aplicável = categorias substantivas de circulação; Saltado fica fora.
E01,Circulação da via,Faces,3556206002,V05404,Aquavia,0.0,0.0,0.0,NÃO,641.0,641.0,Domínio aplicável = categorias substantivas de circulação; Saltado fica fora.
E01,Circulação da via,Faces,3556206002,V05405,Saltado,0.0,0.0,,SIM,641.0,641.0,Domínio aplicável = categorias substantivas de circulação; Saltado fica fora.
E02,Pavimentação,Domicílios,3556206002,V05006,Sim,5660.0,99.10698651724742,99.10698651724742,NÃO,5711.0,5711.0,Domínio aplicável = Sim + Não; Não declarado coincide com circulação Aquavia + Saltado.
E02,Pavimentação,Domicílios,3556206002,V05007,Não,51.0,0.8930134827525826,0.8930134827525826,NÃO,5711.0,5711.0,Domínio aplicável = Sim + Não; Não declarado coincide com circulação Aquavia + Saltado.
E02,Pavimentação,Domicílios,3556206002,V05008,Não declarado,0.0,0.0,,SIM,5711.0,5711.0,Domínio aplicável = Sim + Não; Não declarado coincide com circulação Aquavia + Saltado.
E02,Pavimentação,Moradores,3556206002,V05206,Sim,16675.0,99.04959904959905,99.04959904959905,NÃO,16835.0,16835.0,Domínio aplicável = Sim + Não; Não declarado coincide com circulação Aquavia + Saltado.
E02,Pavimentação,Moradores,3556206002,V05207,Não,160.0,0.9504009504009503,0.9504009504009503,NÃO,16835.0,16835.0,Domínio aplicável = Sim + Não; Não declarado coincide com circulação Aquavia + Saltado.
E02,Pavimentação,Moradores,3556206002,V05208,Não declarado,0.0,0.0,,SIM,16835.0,16835.0,Domínio aplicável = Sim + Não; Não declarado coincide com circulação Aquavia + Saltado.
E02,Pavimentação,Faces,3556206002,V05406,Sim,631.0,98.4399375975039,98.4399375975039,NÃO,641.0,641.0,Domínio aplicável = Sim + Não; Não declarado coincide com circulação Aquavia + Saltado.
E02,Pavimentação,Faces,3556206002,V05407,Não,10.0,1.5600624024960998,1.5600624024960998,NÃO,641.0,641.0,Domínio aplicável = Sim + Não; Não declarado coincide com circulação Aquavia + Saltado.
E02,Pavimentação,Faces,3556206002,V05408,Não declarado,0.0,0.0,,SIM,641.0,641.0,Domínio aplicável = Sim + Não; Não declarado coincide com circulação Aquavia + Saltado.
E03,Bueiro / boca de lobo,Domicílios,3556206002,V05009,Sim,5131.0,89.84416039222552,89.84416039222552,NÃO,5711.0,5711.0,Domínio aplicável = Sim + Não; Não declarado coincide com circulação Aquavia + Saltado.
E03,Bueiro / boca de lobo,Domicílios,3556206002,V05010,Não,580.0,10.155839607774471,10.155839607774471,NÃO,5711.0,5711.0,Domínio aplicável = Sim + Não; Não declarado coincide com circulação Aquavia + Saltado.
E03,Bueiro / boca de lobo,Domicílios,3556206002,V05011,Não declarado,0.0,0.0,,SIM,5711.0,5711.0,Domínio aplicável = Sim + Não; Não declarado coincide com circulação Aquavia + Saltado.
E03,Bueiro / boca de lobo,Moradores,3556206002,V05209,Sim,15129.0,89.86634986634986,89.86634986634986,NÃO,16835.0,16835.0,Domínio aplicável = Sim + Não; Não declarado coincide com circulação Aquavia + Saltado.
E03,Bueiro / boca de lobo,Moradores,3556206002,V05210,Não,1706.0,10.133650133650134,10.133650133650134,NÃO,16835.0,16835.0,Domínio aplicável = Sim + Não; Não declarado coincide com circulação Aquavia + Saltado.
E03,Bueiro / boca de lobo,Moradores,3556206002,V05211,Não declarado,0.0,0.0,,SIM,16835.0,16835.0,Domínio aplicável = Sim + Não; Não declarado coincide com circulação Aquavia + Saltado.
E03,Bueiro / boca de lobo,Faces,3556206002,V05409,Sim,554.0,86.42745709828394,86.42745709828394,NÃO,641.0,641.0,Domínio aplicável = Sim + Não; Não declarado coincide com circulação Aquavia + Saltado.
E03,Bueiro / boca de lobo,Faces,3556206002,V05410,Não,87.0,13.57254290171607,13.57254290171607,NÃO,641.0,641.0,Domínio aplicável = Sim + Não; Não declarado coincide com circulação Aquavia + Saltado.
E03,Bueiro / boca de lobo,Faces,3556206002,V05411,Não declarado,0.0,0.0,,SIM,641.0,641.0,Domínio aplicável = Sim + Não; Não declarado coincide com circulação Aquavia + Saltado.
E04,Iluminação pública,Domicílios,3556206002,V05012,Sim,5692.0,99.66730870250395,99.66730870250395,NÃO,5711.0,5711.0,Domínio aplicável = Sim + Não; Não declarado coincide com circulação Aquavia + Saltado.
E04,Iluminação pública,Domicílios,3556206002,V05013,Não,19.0,0.33269129749606025,0.33269129749606025,NÃO,5711.0,5711.0,Domínio aplicável = Sim + Não; Não declarado coincide com circulação Aquavia + Saltado.
E04,Iluminação pública,Domicílios,3556206002,V05014,Não declarado,0.0,0.0,,SIM,5711.0,5711.0,Domínio aplicável = Sim + Não; Não declarado coincide com circulação Aquavia + Saltado.
E04,Iluminação pública,Moradores,3556206002,V05212,Sim,16766.0,99.59013959013959,99.59013959013959,NÃO,16835.0,16835.0,Domínio aplicável = Sim + Não; Não declarado coincide com circulação Aquavia + Saltado.
E04,Iluminação pública,Moradores,3556206002,V05213,Não,69.0,0.40986040986040984,0.40986040986040984,NÃO,16835.0,16835.0,Domínio aplicável = Sim + Não; Não declarado coincide com circulação Aquavia + Saltado.
E04,Iluminação pública,Moradores,3556206002,V05214,Não declarado,0.0,0.0,,SIM,16835.0,16835.0,Domínio aplicável = Sim + Não; Não declarado coincide com circulação Aquavia + Saltado.
E04,Iluminação pública,Faces,3556206002,V05412,Sim,631.0,98.4399375975039,98.4399375975039,NÃO,641.0,641.0,Domínio aplicável = Sim + Não; Não declarado coincide com circulação Aquavia + Saltado.
E04,Iluminação pública,Faces,3556206002,V05413,Não,10.0,1.5600624024960998,1.5600624024960998,NÃO,641.0,641.0,Domínio aplicável = Sim + Não; Não declarado coincide com circulação Aquavia + Saltado.
E04,Iluminação pública,Faces,3556206002,V05414,Não declarado,0.0,0.0,,SIM,641.0,641.0,Domínio aplicável = Sim + Não; Não declarado coincide com circulação Aquavia + Saltado.
E05,Ponto de ônibus,Domicílios,3556206002,V05015,Sim,1725.0,30.204867798984413,30.204867798984413,NÃO,5711.0,5711.0,Domínio aplicável = Sim + Não; Não declarado coincide com circulação Aquavia + Saltado.
E05,Ponto de ônibus,Domicílios,3556206002,V05016,Não,3986.0,69.79513220101559,69.79513220101559,NÃO,5711.0,5711.0,Domínio aplicável = Sim + Não; Não declarado coincide com circulação Aquavia + Saltado.
E05,Ponto de ônibus,Domicílios,3556206002,V05017,Não declarado,0.0,0.0,,SIM,5711.0,5711.0,Domínio aplicável = Sim + Não; Não declarado coincide com circulação Aquavia + Saltado.
E05,Ponto de ônibus,Moradores,3556206002,V05215,Sim,5097.0,30.276210276210275,30.276210276210275,NÃO,16835.0,16835.0,Domínio aplicável = Sim + Não; Não declarado coincide com circulação Aquavia + Saltado.
E05,Ponto de ônibus,Moradores,3556206002,V05216,Não,11738.0,69.72378972378972,69.72378972378972,NÃO,16835.0,16835.0,Domínio aplicável = Sim + Não; Não declarado coincide com circulação Aquavia + Saltado.
E05,Ponto de ônibus,Moradores,3556206002,V05217,Não declarado,0.0,0.0,,SIM,16835.0,16835.0,Domínio aplicável = Sim + Não; Não declarado coincide com circulação Aquavia + Saltado.
E05,Ponto de ônibus,Faces,3556206002,V05415,Sim,178.0,27.769110764430575,27.769110764430575,NÃO,641.0,641.0,Domínio aplicável = Sim + Não; Não declarado coincide com circulação Aquavia + Saltado.
E05,Ponto de ônibus,Faces,3556206002,V05416,Não,463.0,72.23088923556942,72.23088923556942,NÃO,641.0,641.0,Domínio aplicável = Sim + Não; Não declarado coincide com circulação Aquavia + Saltado.
E05,Ponto de ônibus,Faces,3556206002,V05417,Não declarado,0.0,0.0,,SIM,641.0,641.0,Domínio aplicável = Sim + Não; Não declarado coincide com circulação Aquavia + Saltado.
E06,Via sinalizada para bicicleta,Domicílios,3556206002,V05018,Sim,275.0,4.81526877954824,4.81526877954824,NÃO,5711.0,5711.0,Domínio aplicável = Sim + Não; Não declarado coincide com circulação Aquavia + Saltado.
E06,Via sinalizada para bicicleta,Domicílios,3556206002,V05019,Não,5436.0,95.18473122045175,95.18473122045175,NÃO,5711.0,5711.0,Domínio aplicável = Sim + Não; Não declarado coincide com circulação Aquavia + Saltado.
E06,Via sinalizada para bicicleta,Domicílios,3556206002,V05020,Não declarado,0.0,0.0,,SIM,5711.0,5711.0,Domínio aplicável = Sim + Não; Não declarado coincide com circulação Aquavia + Saltado.
E06,Via sinalizada para bicicleta,Moradores,3556206002,V05218,Sim,790.0,4.692604692604693,4.692604692604693,NÃO,16835.0,16835.0,Domínio aplicável = Sim + Não; Não declarado coincide com circulação Aquavia + Saltado.
E06,Via sinalizada para bicicleta,Moradores,3556206002,V05219,Não,16045.0,95.30739530739531,95.30739530739531,NÃO,16835.0,16835.0,Domínio aplicável = Sim + Não; Não declarado coincide com circulação Aquavia + Saltado.
E06,Via sinalizada para bicicleta,Moradores,3556206002,V05220,Não declarado,0.0,0.0,,SIM,16835.0,16835.0,Domínio aplicável = Sim + Não; Não declarado coincide com circulação Aquavia + Saltado.
E06,Via sinalizada para bicicleta,Faces,3556206002,V05418,Sim,26.0,4.05616224648986,4.05616224648986,NÃO,641.0,641.0,Domínio aplicável = Sim + Não; Não declarado coincide com circulação Aquavia + Saltado.
E06,Via sinalizada para bicicleta,Faces,3556206002,V05419,Não,615.0,95.94383775351014,95.94383775351014,NÃO,641.0,641.0,Domínio aplicável = Sim + Não; Não declarado coincide com circulação Aquavia + Saltado.
E06,Via sinalizada para bicicleta,Faces,3556206002,V05420,Não declarado,0.0,0.0,,SIM,641.0,641.0,Domínio aplicável = Sim + Não; Não declarado coincide com circulação Aquavia + Saltado.
E07,Calçada,Domicílios,3556206002,V05021,Sim,5627.0,98.52915426370163,98.52915426370163,NÃO,5711.0,5711.0,Domínio aplicável = Sim + Não; Não declarado coincide com circulação Aquavia + Saltado.
E07,Calçada,Domicílios,3556206002,V05022,Não,84.0,1.4708457362983716,1.4708457362983716,NÃO,5711.0,5711.0,Domínio aplicável = Sim + Não; Não declarado coincide com circulação Aquavia + Saltado.
E07,Calçada,Domicílios,3556206002,V05023,Não declarado,0.0,0.0,,SIM,5711.0,5711.0,Domínio aplicável = Sim + Não; Não declarado coincide com circulação Aquavia + Saltado.
E07,Calçada,Moradores,3556206002,V05221,Sim,16585.0,98.51499851499852,98.51499851499852,NÃO,16835.0,16835.0,Domínio aplicável = Sim + Não; Não declarado coincide com circulação Aquavia + Saltado.
E07,Calçada,Moradores,3556206002,V05222,Não,250.0,1.485001485001485,1.485001485001485,NÃO,16835.0,16835.0,Domínio aplicável = Sim + Não; Não declarado coincide com circulação Aquavia + Saltado.
E07,Calçada,Moradores,3556206002,V05223,Não declarado,0.0,0.0,,SIM,16835.0,16835.0,Domínio aplicável = Sim + Não; Não declarado coincide com circulação Aquavia + Saltado.
E07,Calçada,Faces,3556206002,V05421,Sim,589.0,91.88767550702028,91.88767550702028,NÃO,641.0,641.0,Domínio aplicável = Sim + Não; Não declarado coincide com circulação Aquavia + Saltado.
E07,Calçada,Faces,3556206002,V05422,Não,52.0,8.11232449297972,8.11232449297972,NÃO,641.0,641.0,Domínio aplicável = Sim + Não; Não declarado coincide com circulação Aquavia + Saltado.
E07,Calçada,Faces,3556206002,V05423,Não declarado,0.0,0.0,,SIM,641.0,641.0,Domínio aplicável = Sim + Não; Não declarado coincide com circulação Aquavia + Saltado.
E08,Obstáculo na calçada,Domicílios,3556206002,V05024,Sim,4801.0,84.06583785676764,85.320774835614,NÃO,5711.0,5627.0,Domínio aplicável = Sim + Não; Não declarado coincide com ausência/não aplicação de calçada.
E08,Obstáculo na calçada,Domicílios,3556206002,V05025,Não,826.0,14.463316406933988,14.679225164385995,NÃO,5711.0,5627.0,Domínio aplicável = Sim + Não; Não declarado coincide com ausência/não aplicação de calçada.
E08,Obstáculo na calçada,Domicílios,3556206002,V05026,Não declarado,84.0,1.4708457362983716,,SIM,5711.0,5627.0,Domínio aplicável = Sim + Não; Não declarado coincide com ausência/não aplicação de calçada.
E08,Obstáculo na calçada,Moradores,3556206002,V05224,Sim,14096.0,83.73032373032373,84.99246306903828,NÃO,16835.0,16585.0,Domínio aplicável = Sim + Não; Não declarado coincide com ausência/não aplicação de calçada.
E08,Obstáculo na calçada,Moradores,3556206002,V05225,Não,2489.0,14.784674784674785,15.007536930961713,NÃO,16835.0,16585.0,Domínio aplicável = Sim + Não; Não declarado coincide com ausência/não aplicação de calçada.
E08,Obstáculo na calçada,Moradores,3556206002,V05226,Não declarado,250.0,1.485001485001485,,SIM,16835.0,16585.0,Domínio aplicável = Sim + Não; Não declarado coincide com ausência/não aplicação de calçada.
E08,Obstáculo na calçada,Faces,3556206002,V05424,Sim,433.0,67.55070202808112,73.5144312393888,NÃO,641.0,589.0,Domínio aplicável = Sim + Não; Não declarado coincide com ausência/não aplicação de calçada.
E08,Obstáculo na calçada,Faces,3556206002,V05425,Não,156.0,24.336973478939157,26.485568760611205,NÃO,641.0,589.0,Domínio aplicável = Sim + Não; Não declarado coincide com ausência/não aplicação de calçada.
E08,Obstáculo na calçada,Faces,3556206002,V05426,Não declarado,52.0,8.11232449297972,,SIM,641.0,589.0,Domínio aplicável = Sim + Não; Não declarado coincide com ausência/não aplicação de calçada.
E09,Rampa para cadeirante,Domicílios,3556206002,V05027,Sim,44.0,0.7704430047277184,0.7819441976186244,NÃO,5711.0,5627.0,Domínio aplicável = Sim + Não; Não declarado coincide com ausência/não aplicação de calçada.
E09,Rampa para cadeirante,Domicílios,3556206002,V05028,Não,5583.0,97.7587112589739,99.21805580238137,NÃO,5711.0,5627.0,Domínio aplicável = Sim + Não; Não declarado coincide com ausência/não aplicação de calçada.
E09,Rampa para cadeirante,Domicílios,3556206002,V05029,Não declarado,84.0,1.4708457362983716,,SIM,5711.0,5627.0,Domínio aplicável = Sim + Não; Não declarado coincide com ausência/não aplicação de calçada.
E09,Rampa para cadeirante,Moradores,3556206002,V05227,Sim,136.0,0.8078408078408079,0.8200180886343081,NÃO,16835.0,16585.0,Domínio aplicável = Sim + Não; Não declarado coincide com ausência/não aplicação de calçada.
E09,Rampa para cadeirante,Moradores,3556206002,V05228,Não,16449.0,97.7071577071577,99.17998191136569,NÃO,16835.0,16585.0,Domínio aplicável = Sim + Não; Não declarado coincide com ausência/não aplicação de calçada.
E09,Rampa para cadeirante,Moradores,3556206002,V05229,Não declarado,250.0,1.485001485001485,,SIM,16835.0,16585.0,Domínio aplicável = Sim + Não; Não declarado coincide com ausência/não aplicação de calçada.
E09,Rampa para cadeirante,Faces,3556206002,V05427,Sim,10.0,1.5600624024960998,1.697792869269949,NÃO,641.0,589.0,Domínio aplicável = Sim + Não; Não declarado coincide com ausência/não aplicação de calçada.
E09,Rampa para cadeirante,Faces,3556206002,V05428,Não,579.0,90.32761310452419,98.30220713073004,NÃO,641.0,589.0,Domínio aplicável = Sim + Não; Não declarado coincide com ausência/não aplicação de calçada.
E09,Rampa para cadeirante,Faces,3556206002,V05429,Não declarado,52.0,8.11232449297972,,SIM,641.0,589.0,Domínio aplicável = Sim + Não; Não declarado coincide com ausência/não aplicação de calçada.
E10,Arborização,Domicílios,3556206002,V05030,Sem árvores,116.0,2.0311679215548937,2.0311679215548937,NÃO,5711.0,5711.0,Domínio aplicável = classes substantivas de arborização; Saltado fica fora.
E10,Arborização,Domicílios,3556206002,V05031,1 a 2 árvores,385.0,6.741376291367536,6.741376291367536,NÃO,5711.0,5711.0,Domínio aplicável = classes substantivas de arborização; Saltado fica fora.
E10,Arborização,Domicílios,3556206002,V05032,3 a 4 árvores,1619.0,28.348800560322186,28.348800560322186,NÃO,5711.0,5711.0,Domínio aplicável = classes substantivas de arborização; Saltado fica fora.
E10,Arborização,Domicílios,3556206002,V05033,5 ou mais árvores,3591.0,62.878655226755384,62.878655226755384,NÃO,5711.0,5711.0,Domínio aplicável = classes substantivas de arborização; Saltado fica fora.
E10,Arborização,Domicílios,3556206002,V05034,Saltado,0.0,0.0,,SIM,5711.0,5711.0,Domínio aplicável = classes substantivas de arborização; Saltado fica fora.
E10,Arborização,Moradores,3556206002,V05230,Sem árvores,332.0,1.972081972081972,1.972081972081972,NÃO,16835.0,16835.0,Domínio aplicável = classes substantivas de arborização; Saltado fica fora.
E10,Arborização,Moradores,3556206002,V05231,1 a 2 árvores,1110.0,6.593406593406594,6.593406593406594,NÃO,16835.0,16835.0,Domínio aplicável = classes substantivas de arborização; Saltado fica fora.
E10,Arborização,Moradores,3556206002,V05232,3 a 4 árvores,4803.0,28.52984852984853,28.52984852984853,NÃO,16835.0,16835.0,Domínio aplicável = classes substantivas de arborização; Saltado fica fora.
E10,Arborização,Moradores,3556206002,V05233,5 ou mais árvores,10590.0,62.9046629046629,62.9046629046629,NÃO,16835.0,16835.0,Domínio aplicável = classes substantivas de arborização; Saltado fica fora.
E10,Arborização,Moradores,3556206002,V05234,Saltado,0.0,0.0,,SIM,16835.0,16835.0,Domínio aplicável = classes substantivas de arborização; Saltado fica fora.
E10,Arborização,Faces,3556206002,V05430,Sem árvores,76.0,11.856474258970358,11.856474258970358,NÃO,641.0,641.0,Domínio aplicável = classes substantivas de arborização; Saltado fica fora.
E10,Arborização,Faces,3556206002,V05431,1 a 2 árvores,99.0,15.44461778471139,15.44461778471139,NÃO,641.0,641.0,Domínio aplicável = classes substantivas de arborização; Saltado fica fora.
E10,Arborização,Faces,3556206002,V05432,3 a 4 árvores,167.0,26.053042121684868,26.053042121684868,NÃO,641.0,641.0,Domínio aplicável = classes substantivas de arborização; Saltado fica fora.
E10,Arborização,Faces,3556206002,V05433,5 ou mais árvores,299.0,46.64586583463339,46.64586583463339,NÃO,641.0,641.0,Domínio aplicável = classes substantivas de arborização; Saltado fica fora.
E10,Arborização,Faces,3556206002,V05434,Saltado,0.0,0.0,,SIM,641.0,641.0,Domínio aplicável = classes substantivas de arborização; Saltado fica fora.
E01,Circulação da via,Domicílios,3556206003,V05001,"Caminhão, ônibus",6214.0,98.43180738159354,98.43180738159354,NÃO,6313.0,6313.0,Domínio aplicável = categorias substantivas de circulação; Saltado fica fora.
E01,Circulação da via,Domicílios,3556206003,V05002,Carros de passeio ou van,96.0,1.5206716299699032,1.5206716299699032,NÃO,6313.0,6313.0,Domínio aplicável = categorias substantivas de circulação; Saltado fica fora.
E01,Circulação da via,Domicílios,3556206003,V05003,"Pedestres, bicicletas e motocicletas",3.0,0.047520988436559476,0.047520988436559476,NÃO,6313.0,6313.0,Domínio aplicável = categorias substantivas de circulação; Saltado fica fora.
E01,Circulação da via,Domicílios,3556206003,V05004,Aquavia,0.0,0.0,0.0,NÃO,6313.0,6313.0,Domínio aplicável = categorias substantivas de circulação; Saltado fica fora.
E01,Circulação da via,Domicílios,3556206003,V05005,Saltado,0.0,0.0,,SIM,6313.0,6313.0,Domínio aplicável = categorias substantivas de circulação; Saltado fica fora.
E01,Circulação da via,Moradores,3556206003,V05201,"Caminhão, ônibus",15461.0,98.43381931622844,98.43381931622844,NÃO,15707.0,15707.0,Domínio aplicável = categorias substantivas de circulação; Saltado fica fora.
E01,Circulação da via,Moradores,3556206003,V05202,Carros de passeio ou van,239.0,1.5216145667536767,1.5216145667536767,NÃO,15707.0,15707.0,Domínio aplicável = categorias substantivas de circulação; Saltado fica fora.
E01,Circulação da via,Moradores,3556206003,V05203,"Pedestres, bicicletas e motocicletas",7.0,0.04456611701789011,0.04456611701789011,NÃO,15707.0,15707.0,Domínio aplicável = categorias substantivas de circulação; Saltado fica fora.
E01,Circulação da via,Moradores,3556206003,V05204,Aquavia,0.0,0.0,0.0,NÃO,15707.0,15707.0,Domínio aplicável = categorias substantivas de circulação; Saltado fica fora.
E01,Circulação da via,Moradores,3556206003,V05205,Saltado,0.0,0.0,,SIM,15707.0,15707.0,Domínio aplicável = categorias substantivas de circulação; Saltado fica fora.
E01,Circulação da via,Faces,3556206003,V05401,"Caminhão, ônibus",1040.0,95.06398537477148,95.23809523809523,NÃO,1094.0,1092.0,Domínio aplicável = categorias substantivas de circulação; Saltado fica fora.
E01,Circulação da via,Faces,3556206003,V05402,Carros de passeio ou van,46.0,4.204753199268739,4.212454212454213,NÃO,1094.0,1092.0,Domínio aplicável = categorias substantivas de circulação; Saltado fica fora.
E01,Circulação da via,Faces,3556206003,V05403,"Pedestres, bicicletas e motocicletas",6.0,0.5484460694698354,0.5494505494505495,NÃO,1094.0,1092.0,Domínio aplicável = categorias substantivas de circulação; Saltado fica fora.
E01,Circulação da via,Faces,3556206003,V05404,Aquavia,0.0,0.0,0.0,NÃO,1094.0,1092.0,Domínio aplicável = categorias substantivas de circulação; Saltado fica fora.
E01,Circulação da via,Faces,3556206003,V05405,Saltado,2.0,0.18281535648994515,,SIM,1094.0,1092.0,Domínio aplicável = categorias substantivas de circulação; Saltado fica fora.
E02,Pavimentação,Domicílios,3556206003,V05006,Sim,6310.0,99.95247901156344,99.95247901156344,NÃO,6313.0,6313.0,Domínio aplicável = Sim + Não; Não declarado coincide com circulação Aquavia + Saltado.
E02,Pavimentação,Domicílios,3556206003,V05007,Não,3.0,0.047520988436559476,0.047520988436559476,NÃO,6313.0,6313.0,Domínio aplicável = Sim + Não; Não declarado coincide com circulação Aquavia + Saltado.
E02,Pavimentação,Domicílios,3556206003,V05008,Não declarado,0.0,0.0,,SIM,6313.0,6313.0,Domínio aplicável = Sim + Não; Não declarado coincide com circulação Aquavia + Saltado.
E02,Pavimentação,Moradores,3556206003,V05206,Sim,15700.0,99.95543388298212,99.95543388298212,NÃO,15707.0,15707.0,Domínio aplicável = Sim + Não; Não declarado coincide com circulação Aquavia + Saltado.
E02,Pavimentação,Moradores,3556206003,V05207,Não,7.0,0.04456611701789011,0.04456611701789011,NÃO,15707.0,15707.0,Domínio aplicável = Sim + Não; Não declarado coincide com circulação Aquavia + Saltado.
E02,Pavimentação,Moradores,3556206003,V05208,Não declarado,0.0,0.0,,SIM,15707.0,15707.0,Domínio aplicável = Sim + Não; Não declarado coincide com circulação Aquavia + Saltado.
E02,Pavimentação,Faces,3556206003,V05406,Sim,1090.0,99.6343692870201,99.81684981684981,NÃO,1094.0,1092.0,Domínio aplicável = Sim + Não; Não declarado coincide com circulação Aquavia + Saltado.
E02,Pavimentação,Faces,3556206003,V05407,Não,2.0,0.18281535648994515,0.18315018315018314,NÃO,1094.0,1092.0,Domínio aplicável = Sim + Não; Não declarado coincide com circulação Aquavia + Saltado.
E02,Pavimentação,Faces,3556206003,V05408,Não declarado,2.0,0.18281535648994515,,SIM,1094.0,1092.0,Domínio aplicável = Sim + Não; Não declarado coincide com circulação Aquavia + Saltado.
E03,Bueiro / boca de lobo,Domicílios,3556206003,V05009,Sim,4642.0,73.53080944083636,73.53080944083636,NÃO,6313.0,6313.0,Domínio aplicável = Sim + Não; Não declarado coincide com circulação Aquavia + Saltado.
E03,Bueiro / boca de lobo,Domicílios,3556206003,V05010,Não,1671.0,26.46919055916363,26.46919055916363,NÃO,6313.0,6313.0,Domínio aplicável = Sim + Não; Não declarado coincide com circulação Aquavia + Saltado.
E03,Bueiro / boca de lobo,Domicílios,3556206003,V05011,Não declarado,0.0,0.0,,SIM,6313.0,6313.0,Domínio aplicável = Sim + Não; Não declarado coincide com circulação Aquavia + Saltado.
E03,Bueiro / boca de lobo,Moradores,3556206003,V05209,Sim,11809.0,75.18303940918062,75.18303940918062,NÃO,15707.0,15707.0,Domínio aplicável = Sim + Não; Não declarado coincide com circulação Aquavia + Saltado.
E03,Bueiro / boca de lobo,Moradores,3556206003,V05210,Não,3898.0,24.816960590819377,24.816960590819377,NÃO,15707.0,15707.0,Domínio aplicável = Sim + Não; Não declarado coincide com circulação Aquavia + Saltado.
E03,Bueiro / boca de lobo,Moradores,3556206003,V05211,Não declarado,0.0,0.0,,SIM,15707.0,15707.0,Domínio aplicável = Sim + Não; Não declarado coincide com circulação Aquavia + Saltado.
E03,Bueiro / boca de lobo,Faces,3556206003,V05409,Sim,834.0,76.23400365630712,76.37362637362637,NÃO,1094.0,1092.0,Domínio aplicável = Sim + Não; Não declarado coincide com circulação Aquavia + Saltado.
E03,Bueiro / boca de lobo,Faces,3556206003,V05410,Não,258.0,23.583180987202926,23.626373626373624,NÃO,1094.0,1092.0,Domínio aplicável = Sim + Não; Não declarado coincide com circulação Aquavia + Saltado.
E03,Bueiro / boca de lobo,Faces,3556206003,V05411,Não declarado,2.0,0.18281535648994515,,SIM,1094.0,1092.0,Domínio aplicável = Sim + Não; Não declarado coincide com circulação Aquavia + Saltado.
E04,Iluminação pública,Domicílios,3556206003,V05012,Sim,6311.0,99.96831934104229,99.96831934104229,NÃO,6313.0,6313.0,Domínio aplicável = Sim + Não; Não declarado coincide com circulação Aquavia + Saltado.
E04,Iluminação pública,Domicílios,3556206003,V05013,Não,2.0,0.031680658957706324,0.031680658957706324,NÃO,6313.0,6313.0,Domínio aplicável = Sim + Não; Não declarado coincide com circulação Aquavia + Saltado.
E04,Iluminação pública,Domicílios,3556206003,V05014,Não declarado,0.0,0.0,,SIM,6313.0,6313.0,Domínio aplicável = Sim + Não; Não declarado coincide com circulação Aquavia + Saltado.
E04,Iluminação pública,Moradores,3556206003,V05212,Sim,15701.0,99.96180047112753,99.96180047112753,NÃO,15707.0,15707.0,Domínio aplicável = Sim + Não; Não declarado coincide com circulação Aquavia + Saltado.
E04,Iluminação pública,Moradores,3556206003,V05213,Não,6.0,0.03819952887247724,0.03819952887247724,NÃO,15707.0,15707.0,Domínio aplicável = Sim + Não; Não declarado coincide com circulação Aquavia + Saltado.
E04,Iluminação pública,Moradores,3556206003,V05214,Não declarado,0.0,0.0,,SIM,15707.0,15707.0,Domínio aplicável = Sim + Não; Não declarado coincide com circulação Aquavia + Saltado.
E04,Iluminação pública,Faces,3556206003,V05412,Sim,1089.0,99.54296160877514,99.72527472527473,NÃO,1094.0,1092.0,Domínio aplicável = Sim + Não; Não declarado coincide com circulação Aquavia + Saltado.
E04,Iluminação pública,Faces,3556206003,V05413,Não,3.0,0.2742230347349177,0.27472527472527475,NÃO,1094.0,1092.0,Domínio aplicável = Sim + Não; Não declarado coincide com circulação Aquavia + Saltado.
E04,Iluminação pública,Faces,3556206003,V05414,Não declarado,2.0,0.18281535648994515,,SIM,1094.0,1092.0,Domínio aplicável = Sim + Não; Não declarado coincide com circulação Aquavia + Saltado.
E05,Ponto de ônibus,Domicílios,3556206003,V05015,Sim,483.0,7.650879138286077,7.650879138286077,NÃO,6313.0,6313.0,Domínio aplicável = Sim + Não; Não declarado coincide com circulação Aquavia + Saltado.
E05,Ponto de ônibus,Domicílios,3556206003,V05016,Não,5830.0,92.34912086171393,92.34912086171393,NÃO,6313.0,6313.0,Domínio aplicável = Sim + Não; Não declarado coincide com circulação Aquavia + Saltado.
E05,Ponto de ônibus,Domicílios,3556206003,V05017,Não declarado,0.0,0.0,,SIM,6313.0,6313.0,Domínio aplicável = Sim + Não; Não declarado coincide com circulação Aquavia + Saltado.
E05,Ponto de ônibus,Moradores,3556206003,V05215,Sim,1164.0,7.410708601260585,7.410708601260585,NÃO,15707.0,15707.0,Domínio aplicável = Sim + Não; Não declarado coincide com circulação Aquavia + Saltado.
E05,Ponto de ônibus,Moradores,3556206003,V05216,Não,14543.0,92.58929139873942,92.58929139873942,NÃO,15707.0,15707.0,Domínio aplicável = Sim + Não; Não declarado coincide com circulação Aquavia + Saltado.
E05,Ponto de ônibus,Moradores,3556206003,V05217,Não declarado,0.0,0.0,,SIM,15707.0,15707.0,Domínio aplicável = Sim + Não; Não declarado coincide com circulação Aquavia + Saltado.
E05,Ponto de ônibus,Faces,3556206003,V05415,Sim,128.0,11.70018281535649,11.72161172161172,NÃO,1094.0,1092.0,Domínio aplicável = Sim + Não; Não declarado coincide com circulação Aquavia + Saltado.
E05,Ponto de ônibus,Faces,3556206003,V05416,Não,964.0,88.11700182815356,88.27838827838828,NÃO,1094.0,1092.0,Domínio aplicável = Sim + Não; Não declarado coincide com circulação Aquavia + Saltado.
E05,Ponto de ônibus,Faces,3556206003,V05417,Não declarado,2.0,0.18281535648994515,,SIM,1094.0,1092.0,Domínio aplicável = Sim + Não; Não declarado coincide com circulação Aquavia + Saltado.
E06,Via sinalizada para bicicleta,Domicílios,3556206003,V05018,Sim,43.0,0.6811341675906859,0.6811341675906859,NÃO,6313.0,6313.0,Domínio aplicável = Sim + Não; Não declarado coincide com circulação Aquavia + Saltado.
E06,Via sinalizada para bicicleta,Domicílios,3556206003,V05019,Não,6270.0,99.31886583240932,99.31886583240932,NÃO,6313.0,6313.0,Domínio aplicável = Sim + Não; Não declarado coincide com circulação Aquavia + Saltado.
E06,Via sinalizada para bicicleta,Domicílios,3556206003,V05020,Não declarado,0.0,0.0,,SIM,6313.0,6313.0,Domínio aplicável = Sim + Não; Não declarado coincide com circulação Aquavia + Saltado.
E06,Via sinalizada para bicicleta,Moradores,3556206003,V05218,Sim,126.0,0.802190106322022,0.802190106322022,NÃO,15707.0,15707.0,Domínio aplicável = Sim + Não; Não declarado coincide com circulação Aquavia + Saltado.
E06,Via sinalizada para bicicleta,Moradores,3556206003,V05219,Não,15581.0,99.19780989367798,99.19780989367798,NÃO,15707.0,15707.0,Domínio aplicável = Sim + Não; Não declarado coincide com circulação Aquavia + Saltado.
E06,Via sinalizada para bicicleta,Moradores,3556206003,V05220,Não declarado,0.0,0.0,,SIM,15707.0,15707.0,Domínio aplicável = Sim + Não; Não declarado coincide com circulação Aquavia + Saltado.
E06,Via sinalizada para bicicleta,Faces,3556206003,V05418,Sim,15.0,1.3711151736745886,1.3736263736263736,NÃO,1094.0,1092.0,Domínio aplicável = Sim + Não; Não declarado coincide com circulação Aquavia + Saltado.
E06,Via sinalizada para bicicleta,Faces,3556206003,V05419,Não,1077.0,98.44606946983546,98.62637362637363,NÃO,1094.0,1092.0,Domínio aplicável = Sim + Não; Não declarado coincide com circulação Aquavia + Saltado.
E06,Via sinalizada para bicicleta,Faces,3556206003,V05420,Não declarado,2.0,0.18281535648994515,,SIM,1094.0,1092.0,Domínio aplicável = Sim + Não; Não declarado coincide com circulação Aquavia + Saltado.
E07,Calçada,Domicílios,3556206003,V05021,Sim,6286.0,99.57231110407096,99.57231110407096,NÃO,6313.0,6313.0,Domínio aplicável = Sim + Não; Não declarado coincide com circulação Aquavia + Saltado.
E07,Calçada,Domicílios,3556206003,V05022,Não,27.0,0.4276888959290353,0.4276888959290353,NÃO,6313.0,6313.0,Domínio aplicável = Sim + Não; Não declarado coincide com circulação Aquavia + Saltado.
E07,Calçada,Domicílios,3556206003,V05023,Não declarado,0.0,0.0,,SIM,6313.0,6313.0,Domínio aplicável = Sim + Não; Não declarado coincide com circulação Aquavia + Saltado.
E07,Calçada,Moradores,3556206003,V05221,Sim,15643.0,99.59253835869357,99.59253835869357,NÃO,15707.0,15707.0,Domínio aplicável = Sim + Não; Não declarado coincide com circulação Aquavia + Saltado.
E07,Calçada,Moradores,3556206003,V05222,Não,64.0,0.40746164130642387,0.40746164130642387,NÃO,15707.0,15707.0,Domínio aplicável = Sim + Não; Não declarado coincide com circulação Aquavia + Saltado.
E07,Calçada,Moradores,3556206003,V05223,Não declarado,0.0,0.0,,SIM,15707.0,15707.0,Domínio aplicável = Sim + Não; Não declarado coincide com circulação Aquavia + Saltado.
E07,Calçada,Faces,3556206003,V05421,Sim,1063.0,97.16636197440585,97.34432234432234,NÃO,1094.0,1092.0,Domínio aplicável = Sim + Não; Não declarado coincide com circulação Aquavia + Saltado.
E07,Calçada,Faces,3556206003,V05422,Não,29.0,2.6508226691042047,2.6556776556776556,NÃO,1094.0,1092.0,Domínio aplicável = Sim + Não; Não declarado coincide com circulação Aquavia + Saltado.
E07,Calçada,Faces,3556206003,V05423,Não declarado,2.0,0.18281535648994515,,SIM,1094.0,1092.0,Domínio aplicável = Sim + Não; Não declarado coincide com circulação Aquavia + Saltado.
E08,Obstáculo na calçada,Domicílios,3556206003,V05024,Sim,3636.0,57.59543798511009,57.84282532612154,NÃO,6313.0,6286.0,Domínio aplicável = Sim + Não; Não declarado coincide com ausência/não aplicação de calçada.
E08,Obstáculo na calçada,Domicílios,3556206003,V05025,Não,2650.0,41.976873118960874,42.15717467387846,NÃO,6313.0,6286.0,Domínio aplicável = Sim + Não; Não declarado coincide com ausência/não aplicação de calçada.
E08,Obstáculo na calçada,Domicílios,3556206003,V05026,Não declarado,27.0,0.4276888959290353,,SIM,6313.0,6286.0,Domínio aplicável = Sim + Não; Não declarado coincide com ausência/não aplicação de calçada.
E08,Obstáculo na calçada,Moradores,3556206003,V05224,Sim,9158.0,58.305214235691096,58.543757591254874,NÃO,15707.0,15643.0,Domínio aplicável = Sim + Não; Não declarado coincide com ausência/não aplicação de calçada.
E08,Obstáculo na calçada,Moradores,3556206003,V05225,Não,6485.0,41.287324123002485,41.456242408745126,NÃO,15707.0,15643.0,Domínio aplicável = Sim + Não; Não declarado coincide com ausência/não aplicação de calçada.
E08,Obstáculo na calçada,Moradores,3556206003,V05226,Não declarado,64.0,0.40746164130642387,,SIM,15707.0,15643.0,Domínio aplicável = Sim + Não; Não declarado coincide com ausência/não aplicação de calçada.
E08,Obstáculo na calçada,Faces,3556206003,V05424,Sim,497.0,45.42961608775137,46.75446848541863,NÃO,1094.0,1063.0,Domínio aplicável = Sim + Não; Não declarado coincide com ausência/não aplicação de calçada.
E08,Obstáculo na calçada,Faces,3556206003,V05425,Não,566.0,51.736745886654475,53.24553151458138,NÃO,1094.0,1063.0,Domínio aplicável = Sim + Não; Não declarado coincide com ausência/não aplicação de calçada.
E08,Obstáculo na calçada,Faces,3556206003,V05426,Não declarado,31.0,2.83363802559415,,SIM,1094.0,1063.0,Domínio aplicável = Sim + Não; Não declarado coincide com ausência/não aplicação de calçada.
E09,Rampa para cadeirante,Domicílios,3556206003,V05027,Sim,613.0,9.710121970536987,9.751829462297168,NÃO,6313.0,6286.0,Domínio aplicável = Sim + Não; Não declarado coincide com ausência/não aplicação de calçada.
E09,Rampa para cadeirante,Domicílios,3556206003,V05028,Não,5673.0,89.86218913353397,90.24817053770283,NÃO,6313.0,6286.0,Domínio aplicável = Sim + Não; Não declarado coincide com ausência/não aplicação de calçada.
E09,Rampa para cadeirante,Domicílios,3556206003,V05029,Não declarado,27.0,0.4276888959290353,,SIM,6313.0,6286.0,Domínio aplicável = Sim + Não; Não declarado coincide com ausência/não aplicação de calçada.
E09,Rampa para cadeirante,Moradores,3556206003,V05227,Sim,1373.0,8.741325523651874,8.777088793709646,NÃO,15707.0,15643.0,Domínio aplicável = Sim + Não; Não declarado coincide com ausência/não aplicação de calçada.
E09,Rampa para cadeirante,Moradores,3556206003,V05228,Não,14270.0,90.85121283504171,91.22291120629036,NÃO,15707.0,15643.0,Domínio aplicável = Sim + Não; Não declarado coincide com ausência/não aplicação de calçada.
E09,Rampa para cadeirante,Moradores,3556206003,V05229,Não declarado,64.0,0.40746164130642387,,SIM,15707.0,15643.0,Domínio aplicável = Sim + Não; Não declarado coincide com ausência/não aplicação de calçada.
E09,Rampa para cadeirante,Faces,3556206003,V05427,Sim,91.0,8.318098720292506,8.560677328316087,NÃO,1094.0,1063.0,Domínio aplicável = Sim + Não; Não declarado coincide com ausência/não aplicação de calçada.
E09,Rampa para cadeirante,Faces,3556206003,V05428,Não,972.0,88.84826325411335,91.43932267168391,NÃO,1094.0,1063.0,Domínio aplicável = Sim + Não; Não declarado coincide com ausência/não aplicação de calçada.
E09,Rampa para cadeirante,Faces,3556206003,V05429,Não declarado,31.0,2.83363802559415,,SIM,1094.0,1063.0,Domínio aplicável = Sim + Não; Não declarado coincide com ausência/não aplicação de calçada.
E10,Arborização,Domicílios,3556206003,V05030,Sem árvores,559.0,8.854744178678917,8.854744178678917,NÃO,6313.0,6313.0,Domínio aplicável = classes substantivas de arborização; Saltado fica fora.
E10,Arborização,Domicílios,3556206003,V05031,1 a 2 árvores,1296.0,20.529067004593696,20.529067004593696,NÃO,6313.0,6313.0,Domínio aplicável = classes substantivas de arborização; Saltado fica fora.
E10,Arborização,Domicílios,3556206003,V05032,3 a 4 árvores,1061.0,16.806589577063203,16.806589577063203,NÃO,6313.0,6313.0,Domínio aplicável = classes substantivas de arborização; Saltado fica fora.
E10,Arborização,Domicílios,3556206003,V05033,5 ou mais árvores,3397.0,53.80959923966419,53.80959923966419,NÃO,6313.0,6313.0,Domínio aplicável = classes substantivas de arborização; Saltado fica fora.
E10,Arborização,Domicílios,3556206003,V05034,Saltado,0.0,0.0,,SIM,6313.0,6313.0,Domínio aplicável = classes substantivas de arborização; Saltado fica fora.
E10,Arborização,Moradores,3556206003,V05230,Sem árvores,1399.0,8.90685681543261,8.90685681543261,NÃO,15707.0,15707.0,Domínio aplicável = classes substantivas de arborização; Saltado fica fora.
E10,Arborização,Moradores,3556206003,V05231,1 a 2 árvores,3279.0,20.87604252880881,20.87604252880881,NÃO,15707.0,15707.0,Domínio aplicável = classes substantivas de arborização; Saltado fica fora.
E10,Arborização,Moradores,3556206003,V05232,3 a 4 árvores,2669.0,16.99242376010696,16.99242376010696,NÃO,15707.0,15707.0,Domínio aplicável = classes substantivas de arborização; Saltado fica fora.
E10,Arborização,Moradores,3556206003,V05233,5 ou mais árvores,8360.0,53.224676895651626,53.224676895651626,NÃO,15707.0,15707.0,Domínio aplicável = classes substantivas de arborização; Saltado fica fora.
E10,Arborização,Moradores,3556206003,V05234,Saltado,0.0,0.0,,SIM,15707.0,15707.0,Domínio aplicável = classes substantivas de arborização; Saltado fica fora.
E10,Arborização,Faces,3556206003,V05430,Sem árvores,201.0,18.37294332723949,18.40659340659341,NÃO,1094.0,1092.0,Domínio aplicável = classes substantivas de arborização; Saltado fica fora.
E10,Arborização,Faces,3556206003,V05431,1 a 2 árvores,246.0,22.486288848263253,22.52747252747253,NÃO,1094.0,1092.0,Domínio aplicável = classes substantivas de arborização; Saltado fica fora.
E10,Arborização,Faces,3556206003,V05432,3 a 4 árvores,193.0,17.641681901279707,17.673992673992675,NÃO,1094.0,1092.0,Domínio aplicável = classes substantivas de arborização; Saltado fica fora.
E10,Arborização,Faces,3556206003,V05433,5 ou mais árvores,452.0,41.3162705667276,41.39194139194139,NÃO,1094.0,1092.0,Domínio aplicável = classes substantivas de arborização; Saltado fica fora.
E10,Arborização,Faces,3556206003,V05434,Saltado,2.0,0.18281535648994515,,SIM,1094.0,1092.0,Domínio aplicável = classes substantivas de arborização; Saltado fica fora.
E01,Circulação da via,Domicílios,3556206004,V05001,"Caminhão, ônibus",5889.0,99.59411466260781,99.61096075778079,NÃO,5913.0,5912.0,Domínio aplicável = categorias substantivas de circulação; Saltado fica fora.
E01,Circulação da via,Domicílios,3556206004,V05002,Carros de passeio ou van,23.0,0.3889734483341789,0.38903924221921515,NÃO,5913.0,5912.0,Domínio aplicável = categorias substantivas de circulação; Saltado fica fora.
E01,Circulação da via,Domicílios,3556206004,V05003,"Pedestres, bicicletas e motocicletas",0.0,0.0,0.0,NÃO,5913.0,5912.0,Domínio aplicável = categorias substantivas de circulação; Saltado fica fora.
E01,Circulação da via,Domicílios,3556206004,V05004,Aquavia,0.0,0.0,0.0,NÃO,5913.0,5912.0,Domínio aplicável = categorias substantivas de circulação; Saltado fica fora.
E01,Circulação da via,Domicílios,3556206004,V05005,Saltado,1.0,0.01691188905800778,,SIM,5913.0,5912.0,Domínio aplicável = categorias substantivas de circulação; Saltado fica fora.
E01,Circulação da via,Moradores,3556206004,V05201,"Caminhão, ônibus",16755.0,99.57803399500773,99.60171204375223,NÃO,16826.0,16822.0,Domínio aplicável = categorias substantivas de circulação; Saltado fica fora.
E01,Circulação da via,Moradores,3556206004,V05202,Carros de passeio ou van,67.0,0.3981932723166528,0.39828795624777075,NÃO,16826.0,16822.0,Domínio aplicável = categorias substantivas de circulação; Saltado fica fora.
E01,Circulação da via,Moradores,3556206004,V05203,"Pedestres, bicicletas e motocicletas",0.0,0.0,0.0,NÃO,16826.0,16822.0,Domínio aplicável = categorias substantivas de circulação; Saltado fica fora.
E01,Circulação da via,Moradores,3556206004,V05204,Aquavia,0.0,0.0,0.0,NÃO,16826.0,16822.0,Domínio aplicável = categorias substantivas de circulação; Saltado fica fora.
E01,Circulação da via,Moradores,3556206004,V05205,Saltado,4.0,0.023772732675621064,,SIM,16826.0,16822.0,Domínio aplicável = categorias substantivas de circulação; Saltado fica fora.
E01,Circulação da via,Faces,3556206004,V05401,"Caminhão, ônibus",1027.0,97.43833017077799,99.32301740812379,NÃO,1054.0,1034.0,Domínio aplicável = categorias substantivas de circulação; Saltado fica fora.
E01,Circulação da via,Faces,3556206004,V05402,Carros de passeio ou van,7.0,0.6641366223908919,0.6769825918762089,NÃO,1054.0,1034.0,Domínio aplicável = categorias substantivas de circulação; Saltado fica fora.
E01,Circulação da via,Faces,3556206004,V05403,"Pedestres, bicicletas e motocicletas",0.0,0.0,0.0,NÃO,1054.0,1034.0,Domínio aplicável = categorias substantivas de circulação; Saltado fica fora.
E01,Circulação da via,Faces,3556206004,V05404,Aquavia,0.0,0.0,0.0,NÃO,1054.0,1034.0,Domínio aplicável = categorias substantivas de circulação; Saltado fica fora.
E01,Circulação da via,Faces,3556206004,V05405,Saltado,20.0,1.8975332068311195,,SIM,1054.0,1034.0,Domínio aplicável = categorias substantivas de circulação; Saltado fica fora.
E02,Pavimentação,Domicílios,3556206004,V05006,Sim,5864.0,99.17131743615761,99.18809201623816,NÃO,5913.0,5912.0,Domínio aplicável = Sim + Não; Não declarado coincide com circulação Aquavia + Saltado.
E02,Pavimentação,Domicílios,3556206004,V05007,Não,48.0,0.8117706747843734,0.8119079837618403,NÃO,5913.0,5912.0,Domínio aplicável = Sim + Não; Não declarado coincide com circulação Aquavia + Saltado.
E02,Pavimentação,Domicílios,3556206004,V05008,Não declarado,1.0,0.01691188905800778,,SIM,5913.0,5912.0,Domínio aplicável = Sim + Não; Não declarado coincide com circulação Aquavia + Saltado.
E02,Pavimentação,Moradores,3556206004,V05206,Sim,16685.0,99.16201117318437,99.18559029841873,NÃO,16826.0,16822.0,Domínio aplicável = Sim + Não; Não declarado coincide com circulação Aquavia + Saltado.
E02,Pavimentação,Moradores,3556206004,V05207,Não,137.0,0.8142160941400214,0.8144097015812627,NÃO,16826.0,16822.0,Domínio aplicável = Sim + Não; Não declarado coincide com circulação Aquavia + Saltado.
E02,Pavimentação,Moradores,3556206004,V05208,Não declarado,4.0,0.023772732675621064,,SIM,16826.0,16822.0,Domínio aplicável = Sim + Não; Não declarado coincide com circulação Aquavia + Saltado.
E02,Pavimentação,Faces,3556206004,V05406,Sim,1001.0,94.97153700189753,96.80851063829788,NÃO,1054.0,1034.0,Domínio aplicável = Sim + Não; Não declarado coincide com circulação Aquavia + Saltado.
E02,Pavimentação,Faces,3556206004,V05407,Não,33.0,3.130929791271347,3.1914893617021276,NÃO,1054.0,1034.0,Domínio aplicável = Sim + Não; Não declarado coincide com circulação Aquavia + Saltado.
E02,Pavimentação,Faces,3556206004,V05408,Não declarado,20.0,1.8975332068311195,,SIM,1054.0,1034.0,Domínio aplicável = Sim + Não; Não declarado coincide com circulação Aquavia + Saltado.
E03,Bueiro / boca de lobo,Domicílios,3556206004,V05009,Sim,5755.0,97.32792152883476,97.34438430311232,NÃO,5913.0,5912.0,Domínio aplicável = Sim + Não; Não declarado coincide com circulação Aquavia + Saltado.
E03,Bueiro / boca de lobo,Domicílios,3556206004,V05010,Não,157.0,2.6551665821072215,2.6556156968876863,NÃO,5913.0,5912.0,Domínio aplicável = Sim + Não; Não declarado coincide com circulação Aquavia + Saltado.
E03,Bueiro / boca de lobo,Domicílios,3556206004,V05011,Não declarado,1.0,0.01691188905800778,,SIM,5913.0,5912.0,Domínio aplicável = Sim + Não; Não declarado coincide com circulação Aquavia + Saltado.
E03,Bueiro / boca de lobo,Moradores,3556206004,V05209,Sim,16394.0,97.43254487103292,97.4557127571038,NÃO,16826.0,16822.0,Domínio aplicável = Sim + Não; Não declarado coincide com circulação Aquavia + Saltado.
E03,Bueiro / boca de lobo,Moradores,3556206004,V05210,Não,428.0,2.543682396291454,2.5442872428962073,NÃO,16826.0,16822.0,Domínio aplicável = Sim + Não; Não declarado coincide com circulação Aquavia + Saltado.
E03,Bueiro / boca de lobo,Moradores,3556206004,V05211,Não declarado,4.0,0.023772732675621064,,SIM,16826.0,16822.0,Domínio aplicável = Sim + Não; Não declarado coincide com circulação Aquavia + Saltado.
E03,Bueiro / boca de lobo,Faces,3556206004,V05409,Sim,932.0,88.42504743833017,90.13539651837525,NÃO,1054.0,1034.0,Domínio aplicável = Sim + Não; Não declarado coincide com circulação Aquavia + Saltado.
E03,Bueiro / boca de lobo,Faces,3556206004,V05410,Não,102.0,9.67741935483871,9.864603481624759,NÃO,1054.0,1034.0,Domínio aplicável = Sim + Não; Não declarado coincide com circulação Aquavia + Saltado.
E03,Bueiro / boca de lobo,Faces,3556206004,V05411,Não declarado,20.0,1.8975332068311195,,SIM,1054.0,1034.0,Domínio aplicável = Sim + Não; Não declarado coincide com circulação Aquavia + Saltado.
E04,Iluminação pública,Domicílios,3556206004,V05012,Sim,5893.0,99.66176221883984,99.6786197564276,NÃO,5913.0,5912.0,Domínio aplicável = Sim + Não; Não declarado coincide com circulação Aquavia + Saltado.
E04,Iluminação pública,Domicílios,3556206004,V05013,Não,19.0,0.3213258921021478,0.32138024357239514,NÃO,5913.0,5912.0,Domínio aplicável = Sim + Não; Não declarado coincide com circulação Aquavia + Saltado.
E04,Iluminação pública,Domicílios,3556206004,V05014,Não declarado,1.0,0.01691188905800778,,SIM,5913.0,5912.0,Domínio aplicável = Sim + Não; Não declarado coincide com circulação Aquavia + Saltado.
E04,Iluminação pública,Moradores,3556206004,V05212,Sim,16773.0,99.68501129204802,99.70871477826655,NÃO,16826.0,16822.0,Domínio aplicável = Sim + Não; Não declarado coincide com circulação Aquavia + Saltado.
E04,Iluminação pública,Moradores,3556206004,V05213,Não,49.0,0.291215975276358,0.2912852217334443,NÃO,16826.0,16822.0,Domínio aplicável = Sim + Não; Não declarado coincide com circulação Aquavia + Saltado.
E04,Iluminação pública,Moradores,3556206004,V05214,Não declarado,4.0,0.023772732675621064,,SIM,16826.0,16822.0,Domínio aplicável = Sim + Não; Não declarado coincide com circulação Aquavia + Saltado.
E04,Iluminação pública,Faces,3556206004,V05412,Sim,1021.0,96.86907020872866,98.74274661508704,NÃO,1054.0,1034.0,Domínio aplicável = Sim + Não; Não declarado coincide com circulação Aquavia + Saltado.
E04,Iluminação pública,Faces,3556206004,V05413,Não,13.0,1.2333965844402277,1.2572533849129592,NÃO,1054.0,1034.0,Domínio aplicável = Sim + Não; Não declarado coincide com circulação Aquavia + Saltado.
E04,Iluminação pública,Faces,3556206004,V05414,Não declarado,20.0,1.8975332068311195,,SIM,1054.0,1034.0,Domínio aplicável = Sim + Não; Não declarado coincide com circulação Aquavia + Saltado.
E05,Ponto de ônibus,Domicílios,3556206004,V05015,Sim,836.0,14.138339252494504,14.140730717185384,NÃO,5913.0,5912.0,Domínio aplicável = Sim + Não; Não declarado coincide com circulação Aquavia + Saltado.
E05,Ponto de ônibus,Domicílios,3556206004,V05016,Não,5076.0,85.84474885844749,85.85926928281461,NÃO,5913.0,5912.0,Domínio aplicável = Sim + Não; Não declarado coincide com circulação Aquavia + Saltado.
E05,Ponto de ônibus,Domicílios,3556206004,V05017,Não declarado,1.0,0.01691188905800778,,SIM,5913.0,5912.0,Domínio aplicável = Sim + Não; Não declarado coincide com circulação Aquavia + Saltado.
E05,Ponto de ônibus,Moradores,3556206004,V05215,Sim,2170.0,12.896707476524426,12.899774105338246,NÃO,16826.0,16822.0,Domínio aplicável = Sim + Não; Não declarado coincide com circulação Aquavia + Saltado.
E05,Ponto de ônibus,Moradores,3556206004,V05216,Não,14652.0,87.07951979079995,87.10022589466175,NÃO,16826.0,16822.0,Domínio aplicável = Sim + Não; Não declarado coincide com circulação Aquavia + Saltado.
E05,Ponto de ônibus,Moradores,3556206004,V05217,Não declarado,4.0,0.023772732675621064,,SIM,16826.0,16822.0,Domínio aplicável = Sim + Não; Não declarado coincide com circulação Aquavia + Saltado.
E05,Ponto de ônibus,Faces,3556206004,V05415,Sim,110.0,10.436432637571158,10.638297872340425,NÃO,1054.0,1034.0,Domínio aplicável = Sim + Não; Não declarado coincide com circulação Aquavia + Saltado.
E05,Ponto de ônibus,Faces,3556206004,V05416,Não,924.0,87.66603415559773,89.36170212765957,NÃO,1054.0,1034.0,Domínio aplicável = Sim + Não; Não declarado coincide com circulação Aquavia + Saltado.
E05,Ponto de ônibus,Faces,3556206004,V05417,Não declarado,20.0,1.8975332068311195,,SIM,1054.0,1034.0,Domínio aplicável = Sim + Não; Não declarado coincide com circulação Aquavia + Saltado.
E06,Via sinalizada para bicicleta,Domicílios,3556206004,V05018,Sim,91.0,1.5389819042787078,1.5392422192151556,NÃO,5913.0,5912.0,Domínio aplicável = Sim + Não; Não declarado coincide com circulação Aquavia + Saltado.
E06,Via sinalizada para bicicleta,Domicílios,3556206004,V05019,Não,5821.0,98.44410620666328,98.46075778078485,NÃO,5913.0,5912.0,Domínio aplicável = Sim + Não; Não declarado coincide com circulação Aquavia + Saltado.
E06,Via sinalizada para bicicleta,Domicílios,3556206004,V05020,Não declarado,1.0,0.01691188905800778,,SIM,5913.0,5912.0,Domínio aplicável = Sim + Não; Não declarado coincide com circulação Aquavia + Saltado.
E06,Via sinalizada para bicicleta,Moradores,3556206004,V05218,Sim,261.0,1.5511708070842745,1.551539650457734,NÃO,16826.0,16822.0,Domínio aplicável = Sim + Não; Não declarado coincide com circulação Aquavia + Saltado.
E06,Via sinalizada para bicicleta,Moradores,3556206004,V05219,Não,16561.0,98.4250564602401,98.44846034954227,NÃO,16826.0,16822.0,Domínio aplicável = Sim + Não; Não declarado coincide com circulação Aquavia + Saltado.
E06,Via sinalizada para bicicleta,Moradores,3556206004,V05220,Não declarado,4.0,0.023772732675621064,,SIM,16826.0,16822.0,Domínio aplicável = Sim + Não; Não declarado coincide com circulação Aquavia + Saltado.
E06,Via sinalizada para bicicleta,Faces,3556206004,V05418,Sim,10.0,0.9487666034155597,0.9671179883945842,NÃO,1054.0,1034.0,Domínio aplicável = Sim + Não; Não declarado coincide com circulação Aquavia + Saltado.
E06,Via sinalizada para bicicleta,Faces,3556206004,V05419,Não,1024.0,97.15370018975332,99.03288201160542,NÃO,1054.0,1034.0,Domínio aplicável = Sim + Não; Não declarado coincide com circulação Aquavia + Saltado.
E06,Via sinalizada para bicicleta,Faces,3556206004,V05420,Não declarado,20.0,1.8975332068311195,,SIM,1054.0,1034.0,Domínio aplicável = Sim + Não; Não declarado coincide com circulação Aquavia + Saltado.
E07,Calçada,Domicílios,3556206004,V05021,Sim,5670.0,95.8904109589041,95.90663058186739,NÃO,5913.0,5912.0,Domínio aplicável = Sim + Não; Não declarado coincide com circulação Aquavia + Saltado.
E07,Calçada,Domicílios,3556206004,V05022,Não,242.0,4.092677152037883,4.093369418132611,NÃO,5913.0,5912.0,Domínio aplicável = Sim + Não; Não declarado coincide com circulação Aquavia + Saltado.
E07,Calçada,Domicílios,3556206004,V05023,Não declarado,1.0,0.01691188905800778,,SIM,5913.0,5912.0,Domínio aplicável = Sim + Não; Não declarado coincide com circulação Aquavia + Saltado.
E07,Calçada,Moradores,3556206004,V05221,Sim,16132.0,95.87543088077975,95.89822851028416,NÃO,16826.0,16822.0,Domínio aplicável = Sim + Não; Não declarado coincide com circulação Aquavia + Saltado.
E07,Calçada,Moradores,3556206004,V05222,Não,690.0,4.1007963865446335,4.101771489715849,NÃO,16826.0,16822.0,Domínio aplicável = Sim + Não; Não declarado coincide com circulação Aquavia + Saltado.
E07,Calçada,Moradores,3556206004,V05223,Não declarado,4.0,0.023772732675621064,,SIM,16826.0,16822.0,Domínio aplicável = Sim + Não; Não declarado coincide com circulação Aquavia + Saltado.
E07,Calçada,Faces,3556206004,V05421,Sim,848.0,80.45540796963947,82.01160541586073,NÃO,1054.0,1034.0,Domínio aplicável = Sim + Não; Não declarado coincide com circulação Aquavia + Saltado.
E07,Calçada,Faces,3556206004,V05422,Não,186.0,17.647058823529413,17.988394584139265,NÃO,1054.0,1034.0,Domínio aplicável = Sim + Não; Não declarado coincide com circulação Aquavia + Saltado.
E07,Calçada,Faces,3556206004,V05423,Não declarado,20.0,1.8975332068311195,,SIM,1054.0,1034.0,Domínio aplicável = Sim + Não; Não declarado coincide com circulação Aquavia + Saltado.
E08,Obstáculo na calçada,Domicílios,3556206004,V05024,Sim,3856.0,65.212244207678,68.00705467372134,NÃO,5913.0,5670.0,Domínio aplicável = Sim + Não; Não declarado coincide com ausência/não aplicação de calçada.
E08,Obstáculo na calçada,Domicílios,3556206004,V05025,Não,1814.0,30.67816675122611,31.99294532627866,NÃO,5913.0,5670.0,Domínio aplicável = Sim + Não; Não declarado coincide com ausência/não aplicação de calçada.
E08,Obstáculo na calçada,Domicílios,3556206004,V05026,Não declarado,243.0,4.10958904109589,,SIM,5913.0,5670.0,Domínio aplicável = Sim + Não; Não declarado coincide com ausência/não aplicação de calçada.
E08,Obstáculo na calçada,Moradores,3556206004,V05224,Sim,10986.0,65.29181029359324,68.10066947681626,NÃO,16826.0,16132.0,Domínio aplicável = Sim + Não; Não declarado coincide com ausência/não aplicação de calçada.
E08,Obstáculo na calçada,Moradores,3556206004,V05225,Não,5146.0,30.5836205871865,31.899330523183732,NÃO,16826.0,16132.0,Domínio aplicável = Sim + Não; Não declarado coincide com ausência/não aplicação de calçada.
E08,Obstáculo na calçada,Moradores,3556206004,V05226,Não declarado,694.0,4.124569119220254,,SIM,16826.0,16132.0,Domínio aplicável = Sim + Não; Não declarado coincide com ausência/não aplicação de calçada.
E08,Obstáculo na calçada,Faces,3556206004,V05424,Sim,553.0,52.46679316888046,65.2122641509434,NÃO,1054.0,848.0,Domínio aplicável = Sim + Não; Não declarado coincide com ausência/não aplicação de calçada.
E08,Obstáculo na calçada,Faces,3556206004,V05425,Não,295.0,27.988614800759017,34.7877358490566,NÃO,1054.0,848.0,Domínio aplicável = Sim + Não; Não declarado coincide com ausência/não aplicação de calçada.
E08,Obstáculo na calçada,Faces,3556206004,V05426,Não declarado,206.0,19.54459203036053,,SIM,1054.0,848.0,Domínio aplicável = Sim + Não; Não declarado coincide com ausência/não aplicação de calçada.
E09,Rampa para cadeirante,Domicílios,3556206004,V05027,Sim,27.0,0.45662100456621,0.4761904761904762,NÃO,5913.0,5670.0,Domínio aplicável = Sim + Não; Não declarado coincide com ausência/não aplicação de calçada.
E09,Rampa para cadeirante,Domicílios,3556206004,V05028,Não,5643.0,95.4337899543379,99.52380952380952,NÃO,5913.0,5670.0,Domínio aplicável = Sim + Não; Não declarado coincide com ausência/não aplicação de calçada.
E09,Rampa para cadeirante,Domicílios,3556206004,V05029,Não declarado,243.0,4.10958904109589,,SIM,5913.0,5670.0,Domínio aplicável = Sim + Não; Não declarado coincide com ausência/não aplicação de calçada.
E09,Rampa para cadeirante,Moradores,3556206004,V05227,Sim,85.0,0.5051705693569476,0.5269030498388296,NÃO,16826.0,16132.0,Domínio aplicável = Sim + Não; Não declarado coincide com ausência/não aplicação de calçada.
E09,Rampa para cadeirante,Moradores,3556206004,V05228,Não,16047.0,95.3702603114228,99.47309695016116,NÃO,16826.0,16132.0,Domínio aplicável = Sim + Não; Não declarado coincide com ausência/não aplicação de calçada.
E09,Rampa para cadeirante,Moradores,3556206004,V05229,Não declarado,694.0,4.124569119220254,,SIM,16826.0,16132.0,Domínio aplicável = Sim + Não; Não declarado coincide com ausência/não aplicação de calçada.
E09,Rampa para cadeirante,Faces,3556206004,V05427,Sim,11.0,1.0436432637571158,1.2971698113207548,NÃO,1054.0,848.0,Domínio aplicável = Sim + Não; Não declarado coincide com ausência/não aplicação de calçada.
E09,Rampa para cadeirante,Faces,3556206004,V05428,Não,837.0,79.41176470588235,98.70283018867924,NÃO,1054.0,848.0,Domínio aplicável = Sim + Não; Não declarado coincide com ausência/não aplicação de calçada.
E09,Rampa para cadeirante,Faces,3556206004,V05429,Não declarado,206.0,19.54459203036053,,SIM,1054.0,848.0,Domínio aplicável = Sim + Não; Não declarado coincide com ausência/não aplicação de calçada.
E10,Arborização,Domicílios,3556206004,V05030,Sem árvores,205.0,3.466937256891595,3.4675236806495264,NÃO,5913.0,5912.0,Domínio aplicável = classes substantivas de arborização; Saltado fica fora.
E10,Arborização,Domicílios,3556206004,V05031,1 a 2 árvores,221.0,3.7375274818197193,3.7381596752368065,NÃO,5913.0,5912.0,Domínio aplicável = classes substantivas de arborização; Saltado fica fora.
E10,Arborização,Domicílios,3556206004,V05032,3 a 4 árvores,1384.0,23.406054456282767,23.410013531799727,NÃO,5913.0,5912.0,Domínio aplicável = classes substantivas de arborização; Saltado fica fora.
E10,Arborização,Domicílios,3556206004,V05033,5 ou mais árvores,4102.0,69.37256891594791,69.38430311231394,NÃO,5913.0,5912.0,Domínio aplicável = classes substantivas de arborização; Saltado fica fora.
E10,Arborização,Domicílios,3556206004,V05034,Saltado,1.0,0.01691188905800778,,SIM,5913.0,5912.0,Domínio aplicável = classes substantivas de arborização; Saltado fica fora.
E10,Arborização,Moradores,3556206004,V05230,Sem árvores,568.0,3.375728039938191,3.3765307335631913,NÃO,16826.0,16822.0,Domínio aplicável = classes substantivas de arborização; Saltado fica fora.
E10,Arborização,Moradores,3556206004,V05231,1 a 2 árvores,601.0,3.5718530845120644,3.5727024135061227,NÃO,16826.0,16822.0,Domínio aplicável = classes substantivas de arborização; Saltado fica fora.
E10,Arborização,Moradores,3556206004,V05232,3 a 4 árvores,3792.0,22.536550576488768,22.541909404351447,NÃO,16826.0,16822.0,Domínio aplicável = classes substantivas de arborização; Saltado fica fora.
E10,Arborização,Moradores,3556206004,V05233,5 ou mais árvores,11861.0,70.49209556638536,70.50885744857925,NÃO,16826.0,16822.0,Domínio aplicável = classes substantivas de arborização; Saltado fica fora.
E10,Arborização,Moradores,3556206004,V05234,Saltado,4.0,0.023772732675621064,,SIM,16826.0,16822.0,Domínio aplicável = classes substantivas de arborização; Saltado fica fora.
E10,Arborização,Faces,3556206004,V05430,Sem árvores,165.0,15.654648956356738,15.957446808510639,NÃO,1054.0,1034.0,Domínio aplicável = classes substantivas de arborização; Saltado fica fora.
E10,Arborização,Faces,3556206004,V05431,1 a 2 árvores,90.0,8.538899430740038,8.704061895551257,NÃO,1054.0,1034.0,Domínio aplicável = classes substantivas de arborização; Saltado fica fora.
E10,Arborização,Faces,3556206004,V05432,3 a 4 árvores,169.0,16.03415559772296,16.344294003868473,NÃO,1054.0,1034.0,Domínio aplicável = classes substantivas de arborização; Saltado fica fora.
E10,Arborização,Faces,3556206004,V05433,5 ou mais árvores,610.0,57.874762808349146,58.99419729206963,NÃO,1054.0,1034.0,Domínio aplicável = classes substantivas de arborização; Saltado fica fora.
E10,Arborização,Faces,3556206004,V05434,Saltado,20.0,1.8975332068311195,,SIM,1054.0,1034.0,Domínio aplicável = classes substantivas de arborização; Saltado fica fora.
E01,Circulação da via,Domicílios,3556206005,V05001,"Caminhão, ônibus",5561.0,90.57003257328991,90.57003257328991,NÃO,6140.0,6140.0,Domínio aplicável = categorias substantivas de circulação; Saltado fica fora.
E01,Circulação da via,Domicílios,3556206005,V05002,Carros de passeio ou van,572.0,9.315960912052116,9.315960912052116,NÃO,6140.0,6140.0,Domínio aplicável = categorias substantivas de circulação; Saltado fica fora.
E01,Circulação da via,Domicílios,3556206005,V05003,"Pedestres, bicicletas e motocicletas",7.0,0.11400651465798045,0.11400651465798045,NÃO,6140.0,6140.0,Domínio aplicável = categorias substantivas de circulação; Saltado fica fora.
E01,Circulação da via,Domicílios,3556206005,V05004,Aquavia,0.0,0.0,0.0,NÃO,6140.0,6140.0,Domínio aplicável = categorias substantivas de circulação; Saltado fica fora.
E01,Circulação da via,Domicílios,3556206005,V05005,Saltado,0.0,0.0,,SIM,6140.0,6140.0,Domínio aplicável = categorias substantivas de circulação; Saltado fica fora.
E01,Circulação da via,Moradores,3556206005,V05201,"Caminhão, ônibus",15299.0,89.3842019163356,89.3842019163356,NÃO,17116.0,17116.0,Domínio aplicável = categorias substantivas de circulação; Saltado fica fora.
E01,Circulação da via,Moradores,3556206005,V05202,Carros de passeio ou van,1802.0,10.528160785230193,10.528160785230193,NÃO,17116.0,17116.0,Domínio aplicável = categorias substantivas de circulação; Saltado fica fora.
E01,Circulação da via,Moradores,3556206005,V05203,"Pedestres, bicicletas e motocicletas",15.0,0.08763729843421361,0.08763729843421361,NÃO,17116.0,17116.0,Domínio aplicável = categorias substantivas de circulação; Saltado fica fora.
E01,Circulação da via,Moradores,3556206005,V05204,Aquavia,0.0,0.0,0.0,NÃO,17116.0,17116.0,Domínio aplicável = categorias substantivas de circulação; Saltado fica fora.
E01,Circulação da via,Moradores,3556206005,V05205,Saltado,0.0,0.0,,SIM,17116.0,17116.0,Domínio aplicável = categorias substantivas de circulação; Saltado fica fora.
E01,Circulação da via,Faces,3556206005,V05401,"Caminhão, ônibus",1199.0,88.88065233506302,89.21130952380952,NÃO,1349.0,1344.0,Domínio aplicável = categorias substantivas de circulação; Saltado fica fora.
E01,Circulação da via,Faces,3556206005,V05402,Carros de passeio ou van,137.0,10.155670867309118,10.193452380952381,NÃO,1349.0,1344.0,Domínio aplicável = categorias substantivas de circulação; Saltado fica fora.
E01,Circulação da via,Faces,3556206005,V05403,"Pedestres, bicicletas e motocicletas",8.0,0.5930318754633062,0.5952380952380952,NÃO,1349.0,1344.0,Domínio aplicável = categorias substantivas de circulação; Saltado fica fora.
E01,Circulação da via,Faces,3556206005,V05404,Aquavia,0.0,0.0,0.0,NÃO,1349.0,1344.0,Domínio aplicável = categorias substantivas de circulação; Saltado fica fora.
E01,Circulação da via,Faces,3556206005,V05405,Saltado,5.0,0.37064492216456635,,SIM,1349.0,1344.0,Domínio aplicável = categorias substantivas de circulação; Saltado fica fora.
E02,Pavimentação,Domicílios,3556206005,V05006,Sim,4970.0,80.94462540716613,80.94462540716613,NÃO,6140.0,6140.0,Domínio aplicável = Sim + Não; Não declarado coincide com circulação Aquavia + Saltado.
E02,Pavimentação,Domicílios,3556206005,V05007,Não,1170.0,19.055374592833875,19.055374592833875,NÃO,6140.0,6140.0,Domínio aplicável = Sim + Não; Não declarado coincide com circulação Aquavia + Saltado.
E02,Pavimentação,Domicílios,3556206005,V05008,Não declarado,0.0,0.0,,SIM,6140.0,6140.0,Domínio aplicável = Sim + Não; Não declarado coincide com circulação Aquavia + Saltado.
E02,Pavimentação,Moradores,3556206005,V05206,Sim,13682.0,79.93690114512736,79.93690114512736,NÃO,17116.0,17116.0,Domínio aplicável = Sim + Não; Não declarado coincide com circulação Aquavia + Saltado.
E02,Pavimentação,Moradores,3556206005,V05207,Não,3434.0,20.06309885487263,20.06309885487263,NÃO,17116.0,17116.0,Domínio aplicável = Sim + Não; Não declarado coincide com circulação Aquavia + Saltado.
E02,Pavimentação,Moradores,3556206005,V05208,Não declarado,0.0,0.0,,SIM,17116.0,17116.0,Domínio aplicável = Sim + Não; Não declarado coincide com circulação Aquavia + Saltado.
E02,Pavimentação,Faces,3556206005,V05406,Sim,996.0,73.83246849518162,74.10714285714286,NÃO,1349.0,1344.0,Domínio aplicável = Sim + Não; Não declarado coincide com circulação Aquavia + Saltado.
E02,Pavimentação,Faces,3556206005,V05407,Não,348.0,25.796886582653816,25.892857142857146,NÃO,1349.0,1344.0,Domínio aplicável = Sim + Não; Não declarado coincide com circulação Aquavia + Saltado.
E02,Pavimentação,Faces,3556206005,V05408,Não declarado,5.0,0.37064492216456635,,SIM,1349.0,1344.0,Domínio aplicável = Sim + Não; Não declarado coincide com circulação Aquavia + Saltado.
E03,Bueiro / boca de lobo,Domicílios,3556206005,V05009,Sim,4130.0,67.26384364820846,67.26384364820846,NÃO,6140.0,6140.0,Domínio aplicável = Sim + Não; Não declarado coincide com circulação Aquavia + Saltado.
E03,Bueiro / boca de lobo,Domicílios,3556206005,V05010,Não,2010.0,32.73615635179153,32.73615635179153,NÃO,6140.0,6140.0,Domínio aplicável = Sim + Não; Não declarado coincide com circulação Aquavia + Saltado.
E03,Bueiro / boca de lobo,Domicílios,3556206005,V05011,Não declarado,0.0,0.0,,SIM,6140.0,6140.0,Domínio aplicável = Sim + Não; Não declarado coincide com circulação Aquavia + Saltado.
E03,Bueiro / boca de lobo,Moradores,3556206005,V05209,Sim,11303.0,66.03762561346109,66.03762561346109,NÃO,17116.0,17116.0,Domínio aplicável = Sim + Não; Não declarado coincide com circulação Aquavia + Saltado.
E03,Bueiro / boca de lobo,Moradores,3556206005,V05210,Não,5813.0,33.96237438653891,33.96237438653891,NÃO,17116.0,17116.0,Domínio aplicável = Sim + Não; Não declarado coincide com circulação Aquavia + Saltado.
E03,Bueiro / boca de lobo,Moradores,3556206005,V05211,Não declarado,0.0,0.0,,SIM,17116.0,17116.0,Domínio aplicável = Sim + Não; Não declarado coincide com circulação Aquavia + Saltado.
E03,Bueiro / boca de lobo,Faces,3556206005,V05409,Sim,724.0,53.669384729429204,53.86904761904761,NÃO,1349.0,1344.0,Domínio aplicável = Sim + Não; Não declarado coincide com circulação Aquavia + Saltado.
E03,Bueiro / boca de lobo,Faces,3556206005,V05410,Não,620.0,45.95997034840622,46.13095238095239,NÃO,1349.0,1344.0,Domínio aplicável = Sim + Não; Não declarado coincide com circulação Aquavia + Saltado.
E03,Bueiro / boca de lobo,Faces,3556206005,V05411,Não declarado,5.0,0.37064492216456635,,SIM,1349.0,1344.0,Domínio aplicável = Sim + Não; Não declarado coincide com circulação Aquavia + Saltado.
E04,Iluminação pública,Domicílios,3556206005,V05012,Sim,5802.0,94.49511400651465,94.49511400651465,NÃO,6140.0,6140.0,Domínio aplicável = Sim + Não; Não declarado coincide com circulação Aquavia + Saltado.
E04,Iluminação pública,Domicílios,3556206005,V05013,Não,338.0,5.504885993485342,5.504885993485342,NÃO,6140.0,6140.0,Domínio aplicável = Sim + Não; Não declarado coincide com circulação Aquavia + Saltado.
E04,Iluminação pública,Domicílios,3556206005,V05014,Não declarado,0.0,0.0,,SIM,6140.0,6140.0,Domínio aplicável = Sim + Não; Não declarado coincide com circulação Aquavia + Saltado.
E04,Iluminação pública,Moradores,3556206005,V05212,Sim,16204.0,94.67165225519982,94.67165225519982,NÃO,17116.0,17116.0,Domínio aplicável = Sim + Não; Não declarado coincide com circulação Aquavia + Saltado.
E04,Iluminação pública,Moradores,3556206005,V05213,Não,912.0,5.328347744800187,5.328347744800187,NÃO,17116.0,17116.0,Domínio aplicável = Sim + Não; Não declarado coincide com circulação Aquavia + Saltado.
E04,Iluminação pública,Moradores,3556206005,V05214,Não declarado,0.0,0.0,,SIM,17116.0,17116.0,Domínio aplicável = Sim + Não; Não declarado coincide com circulação Aquavia + Saltado.
E04,Iluminação pública,Faces,3556206005,V05412,Sim,1105.0,81.91252779836915,82.21726190476191,NÃO,1349.0,1344.0,Domínio aplicável = Sim + Não; Não declarado coincide com circulação Aquavia + Saltado.
E04,Iluminação pública,Faces,3556206005,V05413,Não,239.0,17.716827279466273,17.782738095238095,NÃO,1349.0,1344.0,Domínio aplicável = Sim + Não; Não declarado coincide com circulação Aquavia + Saltado.
E04,Iluminação pública,Faces,3556206005,V05414,Não declarado,5.0,0.37064492216456635,,SIM,1349.0,1344.0,Domínio aplicável = Sim + Não; Não declarado coincide com circulação Aquavia + Saltado.
E05,Ponto de ônibus,Domicílios,3556206005,V05015,Sim,1154.0,18.794788273615634,18.794788273615634,NÃO,6140.0,6140.0,Domínio aplicável = Sim + Não; Não declarado coincide com circulação Aquavia + Saltado.
E05,Ponto de ônibus,Domicílios,3556206005,V05016,Não,4986.0,81.20521172638436,81.20521172638436,NÃO,6140.0,6140.0,Domínio aplicável = Sim + Não; Não declarado coincide com circulação Aquavia + Saltado.
E05,Ponto de ônibus,Domicílios,3556206005,V05017,Não declarado,0.0,0.0,,SIM,6140.0,6140.0,Domínio aplicável = Sim + Não; Não declarado coincide com circulação Aquavia + Saltado.
E05,Ponto de ônibus,Moradores,3556206005,V05215,Sim,2988.0,17.457349848095348,17.457349848095348,NÃO,17116.0,17116.0,Domínio aplicável = Sim + Não; Não declarado coincide com circulação Aquavia + Saltado.
E05,Ponto de ônibus,Moradores,3556206005,V05216,Não,14128.0,82.54265015190465,82.54265015190465,NÃO,17116.0,17116.0,Domínio aplicável = Sim + Não; Não declarado coincide com circulação Aquavia + Saltado.
E05,Ponto de ônibus,Moradores,3556206005,V05217,Não declarado,0.0,0.0,,SIM,17116.0,17116.0,Domínio aplicável = Sim + Não; Não declarado coincide com circulação Aquavia + Saltado.
E05,Ponto de ônibus,Faces,3556206005,V05415,Sim,117.0,8.673091178650852,8.705357142857142,NÃO,1349.0,1344.0,Domínio aplicável = Sim + Não; Não declarado coincide com circulação Aquavia + Saltado.
E05,Ponto de ônibus,Faces,3556206005,V05416,Não,1227.0,90.95626389918459,91.29464285714286,NÃO,1349.0,1344.0,Domínio aplicável = Sim + Não; Não declarado coincide com circulação Aquavia + Saltado.
E05,Ponto de ônibus,Faces,3556206005,V05417,Não declarado,5.0,0.37064492216456635,,SIM,1349.0,1344.0,Domínio aplicável = Sim + Não; Não declarado coincide com circulação Aquavia + Saltado.
E06,Via sinalizada para bicicleta,Domicílios,3556206005,V05018,Sim,50.0,0.8143322475570033,0.8143322475570033,NÃO,6140.0,6140.0,Domínio aplicável = Sim + Não; Não declarado coincide com circulação Aquavia + Saltado.
E06,Via sinalizada para bicicleta,Domicílios,3556206005,V05019,Não,6090.0,99.185667752443,99.185667752443,NÃO,6140.0,6140.0,Domínio aplicável = Sim + Não; Não declarado coincide com circulação Aquavia + Saltado.
E06,Via sinalizada para bicicleta,Domicílios,3556206005,V05020,Não declarado,0.0,0.0,,SIM,6140.0,6140.0,Domínio aplicável = Sim + Não; Não declarado coincide com circulação Aquavia + Saltado.
E06,Via sinalizada para bicicleta,Moradores,3556206005,V05218,Sim,131.0,0.7653657396587987,0.7653657396587987,NÃO,17116.0,17116.0,Domínio aplicável = Sim + Não; Não declarado coincide com circulação Aquavia + Saltado.
E06,Via sinalizada para bicicleta,Moradores,3556206005,V05219,Não,16985.0,99.23463426034121,99.23463426034121,NÃO,17116.0,17116.0,Domínio aplicável = Sim + Não; Não declarado coincide com circulação Aquavia + Saltado.
E06,Via sinalizada para bicicleta,Moradores,3556206005,V05220,Não declarado,0.0,0.0,,SIM,17116.0,17116.0,Domínio aplicável = Sim + Não; Não declarado coincide com circulação Aquavia + Saltado.
E06,Via sinalizada para bicicleta,Faces,3556206005,V05418,Sim,17.0,1.2601927353595257,1.2648809523809523,NÃO,1349.0,1344.0,Domínio aplicável = Sim + Não; Não declarado coincide com circulação Aquavia + Saltado.
E06,Via sinalizada para bicicleta,Faces,3556206005,V05419,Não,1327.0,98.36916234247592,98.73511904761905,NÃO,1349.0,1344.0,Domínio aplicável = Sim + Não; Não declarado coincide com circulação Aquavia + Saltado.
E06,Via sinalizada para bicicleta,Faces,3556206005,V05420,Não declarado,5.0,0.37064492216456635,,SIM,1349.0,1344.0,Domínio aplicável = Sim + Não; Não declarado coincide com circulação Aquavia + Saltado.
E07,Calçada,Domicílios,3556206005,V05021,Sim,4066.0,66.22149837133551,66.22149837133551,NÃO,6140.0,6140.0,Domínio aplicável = Sim + Não; Não declarado coincide com circulação Aquavia + Saltado.
E07,Calçada,Domicílios,3556206005,V05022,Não,2074.0,33.77850162866449,33.77850162866449,NÃO,6140.0,6140.0,Domínio aplicável = Sim + Não; Não declarado coincide com circulação Aquavia + Saltado.
E07,Calçada,Domicílios,3556206005,V05023,Não declarado,0.0,0.0,,SIM,6140.0,6140.0,Domínio aplicável = Sim + Não; Não declarado coincide com circulação Aquavia + Saltado.
E07,Calçada,Moradores,3556206005,V05221,Sim,11089.0,64.78733348913298,64.78733348913298,NÃO,17116.0,17116.0,Domínio aplicável = Sim + Não; Não declarado coincide com circulação Aquavia + Saltado.
E07,Calçada,Moradores,3556206005,V05222,Não,6027.0,35.212666510867024,35.212666510867024,NÃO,17116.0,17116.0,Domínio aplicável = Sim + Não; Não declarado coincide com circulação Aquavia + Saltado.
E07,Calçada,Moradores,3556206005,V05223,Não declarado,0.0,0.0,,SIM,17116.0,17116.0,Domínio aplicável = Sim + Não; Não declarado coincide com circulação Aquavia + Saltado.
E07,Calçada,Faces,3556206005,V05421,Sim,585.0,43.365455893254264,43.526785714285715,NÃO,1349.0,1344.0,Domínio aplicável = Sim + Não; Não declarado coincide com circulação Aquavia + Saltado.
E07,Calçada,Faces,3556206005,V05422,Não,759.0,56.26389918458117,56.47321428571429,NÃO,1349.0,1344.0,Domínio aplicável = Sim + Não; Não declarado coincide com circulação Aquavia + Saltado.
E07,Calçada,Faces,3556206005,V05423,Não declarado,5.0,0.37064492216456635,,SIM,1349.0,1344.0,Domínio aplicável = Sim + Não; Não declarado coincide com circulação Aquavia + Saltado.
E08,Obstáculo na calçada,Domicílios,3556206005,V05024,Sim,2950.0,48.045602605863195,72.55287752090507,NÃO,6140.0,4066.0,Domínio aplicável = Sim + Não; Não declarado coincide com ausência/não aplicação de calçada.
E08,Obstáculo na calçada,Domicílios,3556206005,V05025,Não,1116.0,18.175895765472312,27.447122479094933,NÃO,6140.0,4066.0,Domínio aplicável = Sim + Não; Não declarado coincide com ausência/não aplicação de calçada.
E08,Obstáculo na calçada,Domicílios,3556206005,V05026,Não declarado,2074.0,33.77850162866449,,SIM,6140.0,4066.0,Domínio aplicável = Sim + Não; Não declarado coincide com ausência/não aplicação de calçada.
E08,Obstáculo na calçada,Moradores,3556206005,V05224,Sim,8305.0,48.52185089974293,74.89403913788439,NÃO,17116.0,11089.0,Domínio aplicável = Sim + Não; Não declarado coincide com ausência/não aplicação de calçada.
E08,Obstáculo na calçada,Moradores,3556206005,V05225,Não,2784.0,16.265482589390047,25.105960862115612,NÃO,17116.0,11089.0,Domínio aplicável = Sim + Não; Não declarado coincide com ausência/não aplicação de calçada.
E08,Obstáculo na calçada,Moradores,3556206005,V05226,Não declarado,6027.0,35.212666510867024,,SIM,17116.0,11089.0,Domínio aplicável = Sim + Não; Não declarado coincide com ausência/não aplicação de calçada.
E08,Obstáculo na calçada,Faces,3556206005,V05424,Sim,499.0,36.99036323202372,85.2991452991453,NÃO,1349.0,585.0,Domínio aplicável = Sim + Não; Não declarado coincide com ausência/não aplicação de calçada.
E08,Obstáculo na calçada,Faces,3556206005,V05425,Não,86.0,6.375092661230541,14.700854700854702,NÃO,1349.0,585.0,Domínio aplicável = Sim + Não; Não declarado coincide com ausência/não aplicação de calçada.
E08,Obstáculo na calçada,Faces,3556206005,V05426,Não declarado,764.0,56.634544106745736,,SIM,1349.0,585.0,Domínio aplicável = Sim + Não; Não declarado coincide com ausência/não aplicação de calçada.
E09,Rampa para cadeirante,Domicílios,3556206005,V05027,Sim,260.0,4.234527687296417,6.394490900147565,NÃO,6140.0,4066.0,Domínio aplicável = Sim + Não; Não declarado coincide com ausência/não aplicação de calçada.
E09,Rampa para cadeirante,Domicílios,3556206005,V05028,Não,3806.0,61.986970684039086,93.60550909985244,NÃO,6140.0,4066.0,Domínio aplicável = Sim + Não; Não declarado coincide com ausência/não aplicação de calçada.
E09,Rampa para cadeirante,Domicílios,3556206005,V05029,Não declarado,2074.0,33.77850162866449,,SIM,6140.0,4066.0,Domínio aplicável = Sim + Não; Não declarado coincide com ausência/não aplicação de calçada.
E09,Rampa para cadeirante,Moradores,3556206005,V05227,Sim,651.0,3.80345875204487,5.870682658490396,NÃO,17116.0,11089.0,Domínio aplicável = Sim + Não; Não declarado coincide com ausência/não aplicação de calçada.
E09,Rampa para cadeirante,Moradores,3556206005,V05228,Não,10438.0,60.98387473708811,94.1293173415096,NÃO,17116.0,11089.0,Domínio aplicável = Sim + Não; Não declarado coincide com ausência/não aplicação de calçada.
E09,Rampa para cadeirante,Moradores,3556206005,V05229,Não declarado,6027.0,35.212666510867024,,SIM,17116.0,11089.0,Domínio aplicável = Sim + Não; Não declarado coincide com ausência/não aplicação de calçada.
E09,Rampa para cadeirante,Faces,3556206005,V05427,Sim,6.0,0.4447739065974796,1.0256410256410255,NÃO,1349.0,585.0,Domínio aplicável = Sim + Não; Não declarado coincide com ausência/não aplicação de calçada.
E09,Rampa para cadeirante,Faces,3556206005,V05428,Não,579.0,42.92068198665678,98.97435897435898,NÃO,1349.0,585.0,Domínio aplicável = Sim + Não; Não declarado coincide com ausência/não aplicação de calçada.
E09,Rampa para cadeirante,Faces,3556206005,V05429,Não declarado,764.0,56.634544106745736,,SIM,1349.0,585.0,Domínio aplicável = Sim + Não; Não declarado coincide com ausência/não aplicação de calçada.
E10,Arborização,Domicílios,3556206005,V05030,Sem árvores,1301.0,21.188925081433226,21.188925081433226,NÃO,6140.0,6140.0,Domínio aplicável = classes substantivas de arborização; Saltado fica fora.
E10,Arborização,Domicílios,3556206005,V05031,1 a 2 árvores,587.0,9.560260586319218,9.560260586319218,NÃO,6140.0,6140.0,Domínio aplicável = classes substantivas de arborização; Saltado fica fora.
E10,Arborização,Domicílios,3556206005,V05032,3 a 4 árvores,791.0,12.882736156351793,12.882736156351793,NÃO,6140.0,6140.0,Domínio aplicável = classes substantivas de arborização; Saltado fica fora.
E10,Arborização,Domicílios,3556206005,V05033,5 ou mais árvores,3461.0,56.36807817589576,56.36807817589576,NÃO,6140.0,6140.0,Domínio aplicável = classes substantivas de arborização; Saltado fica fora.
E10,Arborização,Domicílios,3556206005,V05034,Saltado,0.0,0.0,,SIM,6140.0,6140.0,Domínio aplicável = classes substantivas de arborização; Saltado fica fora.
E10,Arborização,Moradores,3556206005,V05230,Sem árvores,3634.0,21.231596167328814,21.231596167328814,NÃO,17116.0,17116.0,Domínio aplicável = classes substantivas de arborização; Saltado fica fora.
E10,Arborização,Moradores,3556206005,V05231,1 a 2 árvores,1706.0,9.967282075251227,9.967282075251227,NÃO,17116.0,17116.0,Domínio aplicável = classes substantivas de arborização; Saltado fica fora.
E10,Arborização,Moradores,3556206005,V05232,3 a 4 árvores,2244.0,13.110539845758353,13.110539845758353,NÃO,17116.0,17116.0,Domínio aplicável = classes substantivas de arborização; Saltado fica fora.
E10,Arborização,Moradores,3556206005,V05233,5 ou mais árvores,9532.0,55.69058191166161,55.69058191166161,NÃO,17116.0,17116.0,Domínio aplicável = classes substantivas de arborização; Saltado fica fora.
E10,Arborização,Moradores,3556206005,V05234,Saltado,0.0,0.0,,SIM,17116.0,17116.0,Domínio aplicável = classes substantivas de arborização; Saltado fica fora.
E10,Arborização,Faces,3556206005,V05430,Sem árvores,308.0,22.831727205337288,22.916666666666664,NÃO,1349.0,1344.0,Domínio aplicável = classes substantivas de arborização; Saltado fica fora.
E10,Arborização,Faces,3556206005,V05431,1 a 2 árvores,111.0,8.228317272053372,8.258928571428571,NÃO,1349.0,1344.0,Domínio aplicável = classes substantivas de arborização; Saltado fica fora.
E10,Arborização,Faces,3556206005,V05432,3 a 4 árvores,148.0,10.971089696071164,11.011904761904761,NÃO,1349.0,1344.0,Domínio aplicável = classes substantivas de arborização; Saltado fica fora.
E10,Arborização,Faces,3556206005,V05433,5 ou mais árvores,777.0,57.59822090437361,57.8125,NÃO,1349.0,1344.0,Domínio aplicável = classes substantivas de arborização; Saltado fica fora.
E10,Arborização,Faces,3556206005,V05434,Saltado,5.0,0.37064492216456635,,SIM,1349.0,1344.0,Domínio aplicável = classes substantivas de arborização; Saltado fica fora.
E01,Circulação da via,Domicílios,3556206006,V05001,"Caminhão, ônibus",6823.0,97.34626908260807,97.34626908260807,NÃO,7009.0,7009.0,Domínio aplicável = categorias substantivas de circulação; Saltado fica fora.
E01,Circulação da via,Domicílios,3556206006,V05002,Carros de passeio ou van,170.0,2.4254529890141248,2.4254529890141248,NÃO,7009.0,7009.0,Domínio aplicável = categorias substantivas de circulação; Saltado fica fora.
E01,Circulação da via,Domicílios,3556206006,V05003,"Pedestres, bicicletas e motocicletas",16.0,0.22827792837779998,0.22827792837779998,NÃO,7009.0,7009.0,Domínio aplicável = categorias substantivas de circulação; Saltado fica fora.
E01,Circulação da via,Domicílios,3556206006,V05004,Aquavia,0.0,0.0,0.0,NÃO,7009.0,7009.0,Domínio aplicável = categorias substantivas de circulação; Saltado fica fora.
E01,Circulação da via,Domicílios,3556206006,V05005,Saltado,0.0,0.0,,SIM,7009.0,7009.0,Domínio aplicável = categorias substantivas de circulação; Saltado fica fora.
E01,Circulação da via,Moradores,3556206006,V05201,"Caminhão, ônibus",17625.0,97.364932051707,97.364932051707,NÃO,18102.0,18102.0,Domínio aplicável = categorias substantivas de circulação; Saltado fica fora.
E01,Circulação da via,Moradores,3556206006,V05202,Carros de passeio ou van,437.0,2.414097889735941,2.414097889735941,NÃO,18102.0,18102.0,Domínio aplicável = categorias substantivas de circulação; Saltado fica fora.
E01,Circulação da via,Moradores,3556206006,V05203,"Pedestres, bicicletas e motocicletas",40.0,0.2209700585570655,0.2209700585570655,NÃO,18102.0,18102.0,Domínio aplicável = categorias substantivas de circulação; Saltado fica fora.
E01,Circulação da via,Moradores,3556206006,V05204,Aquavia,0.0,0.0,0.0,NÃO,18102.0,18102.0,Domínio aplicável = categorias substantivas de circulação; Saltado fica fora.
E01,Circulação da via,Moradores,3556206006,V05205,Saltado,0.0,0.0,,SIM,18102.0,18102.0,Domínio aplicável = categorias substantivas de circulação; Saltado fica fora.
E01,Circulação da via,Faces,3556206006,V05401,"Caminhão, ônibus",828.0,97.2972972972973,97.64150943396226,NÃO,851.0,848.0,Domínio aplicável = categorias substantivas de circulação; Saltado fica fora.
E01,Circulação da via,Faces,3556206006,V05402,Carros de passeio ou van,14.0,1.645123384253819,1.650943396226415,NÃO,851.0,848.0,Domínio aplicável = categorias substantivas de circulação; Saltado fica fora.
E01,Circulação da via,Faces,3556206006,V05403,"Pedestres, bicicletas e motocicletas",6.0,0.7050528789659225,0.7075471698113208,NÃO,851.0,848.0,Domínio aplicável = categorias substantivas de circulação; Saltado fica fora.
E01,Circulação da via,Faces,3556206006,V05404,Aquavia,0.0,0.0,0.0,NÃO,851.0,848.0,Domínio aplicável = categorias substantivas de circulação; Saltado fica fora.
E01,Circulação da via,Faces,3556206006,V05405,Saltado,3.0,0.35252643948296125,,SIM,851.0,848.0,Domínio aplicável = categorias substantivas de circulação; Saltado fica fora.
E02,Pavimentação,Domicílios,3556206006,V05006,Sim,6958.0,99.27236410329576,99.27236410329576,NÃO,7009.0,7009.0,Domínio aplicável = Sim + Não; Não declarado coincide com circulação Aquavia + Saltado.
E02,Pavimentação,Domicílios,3556206006,V05007,Não,51.0,0.7276358967042375,0.7276358967042375,NÃO,7009.0,7009.0,Domínio aplicável = Sim + Não; Não declarado coincide com circulação Aquavia + Saltado.
E02,Pavimentação,Domicílios,3556206006,V05008,Não declarado,0.0,0.0,,SIM,7009.0,7009.0,Domínio aplicável = Sim + Não; Não declarado coincide com circulação Aquavia + Saltado.
E02,Pavimentação,Moradores,3556206006,V05206,Sim,17950.0,99.16031377748315,99.16031377748315,NÃO,18102.0,18102.0,Domínio aplicável = Sim + Não; Não declarado coincide com circulação Aquavia + Saltado.
E02,Pavimentação,Moradores,3556206006,V05207,Não,152.0,0.839686222516849,0.839686222516849,NÃO,18102.0,18102.0,Domínio aplicável = Sim + Não; Não declarado coincide com circulação Aquavia + Saltado.
E02,Pavimentação,Moradores,3556206006,V05208,Não declarado,0.0,0.0,,SIM,18102.0,18102.0,Domínio aplicável = Sim + Não; Não declarado coincide com circulação Aquavia + Saltado.
E02,Pavimentação,Faces,3556206006,V05406,Sim,835.0,98.1198589894242,98.46698113207547,NÃO,851.0,848.0,Domínio aplicável = Sim + Não; Não declarado coincide com circulação Aquavia + Saltado.
E02,Pavimentação,Faces,3556206006,V05407,Não,13.0,1.527614571092832,1.5330188679245282,NÃO,851.0,848.0,Domínio aplicável = Sim + Não; Não declarado coincide com circulação Aquavia + Saltado.
E02,Pavimentação,Faces,3556206006,V05408,Não declarado,3.0,0.35252643948296125,,SIM,851.0,848.0,Domínio aplicável = Sim + Não; Não declarado coincide com circulação Aquavia + Saltado.
E03,Bueiro / boca de lobo,Domicílios,3556206006,V05009,Sim,6078.0,86.71707804251676,86.71707804251676,NÃO,7009.0,7009.0,Domínio aplicável = Sim + Não; Não declarado coincide com circulação Aquavia + Saltado.
E03,Bueiro / boca de lobo,Domicílios,3556206006,V05010,Não,931.0,13.282921957483234,13.282921957483234,NÃO,7009.0,7009.0,Domínio aplicável = Sim + Não; Não declarado coincide com circulação Aquavia + Saltado.
E03,Bueiro / boca de lobo,Domicílios,3556206006,V05011,Não declarado,0.0,0.0,,SIM,7009.0,7009.0,Domínio aplicável = Sim + Não; Não declarado coincide com circulação Aquavia + Saltado.
E03,Bueiro / boca de lobo,Moradores,3556206006,V05209,Sim,15779.0,87.16716384929842,87.16716384929842,NÃO,18102.0,18102.0,Domínio aplicável = Sim + Não; Não declarado coincide com circulação Aquavia + Saltado.
E03,Bueiro / boca de lobo,Moradores,3556206006,V05210,Não,2323.0,12.83283615070158,12.83283615070158,NÃO,18102.0,18102.0,Domínio aplicável = Sim + Não; Não declarado coincide com circulação Aquavia + Saltado.
E03,Bueiro / boca de lobo,Moradores,3556206006,V05211,Não declarado,0.0,0.0,,SIM,18102.0,18102.0,Domínio aplicável = Sim + Não; Não declarado coincide com circulação Aquavia + Saltado.
E03,Bueiro / boca de lobo,Faces,3556206006,V05409,Sim,712.0,83.6662749706228,83.9622641509434,NÃO,851.0,848.0,Domínio aplicável = Sim + Não; Não declarado coincide com circulação Aquavia + Saltado.
E03,Bueiro / boca de lobo,Faces,3556206006,V05410,Não,136.0,15.981198589894241,16.037735849056602,NÃO,851.0,848.0,Domínio aplicável = Sim + Não; Não declarado coincide com circulação Aquavia + Saltado.
E03,Bueiro / boca de lobo,Faces,3556206006,V05411,Não declarado,3.0,0.35252643948296125,,SIM,851.0,848.0,Domínio aplicável = Sim + Não; Não declarado coincide com circulação Aquavia + Saltado.
E04,Iluminação pública,Domicílios,3556206006,V05012,Sim,6959.0,99.28663147381937,99.28663147381937,NÃO,7009.0,7009.0,Domínio aplicável = Sim + Não; Não declarado coincide com circulação Aquavia + Saltado.
E04,Iluminação pública,Domicílios,3556206006,V05013,Não,50.0,0.713368526180625,0.713368526180625,NÃO,7009.0,7009.0,Domínio aplicável = Sim + Não; Não declarado coincide com circulação Aquavia + Saltado.
E04,Iluminação pública,Domicílios,3556206006,V05014,Não declarado,0.0,0.0,,SIM,7009.0,7009.0,Domínio aplicável = Sim + Não; Não declarado coincide com circulação Aquavia + Saltado.
E04,Iluminação pública,Moradores,3556206006,V05212,Sim,17957.0,99.19898353773064,99.19898353773064,NÃO,18102.0,18102.0,Domínio aplicável = Sim + Não; Não declarado coincide com circulação Aquavia + Saltado.
E04,Iluminação pública,Moradores,3556206006,V05213,Não,145.0,0.8010164622693624,0.8010164622693624,NÃO,18102.0,18102.0,Domínio aplicável = Sim + Não; Não declarado coincide com circulação Aquavia + Saltado.
E04,Iluminação pública,Moradores,3556206006,V05214,Não declarado,0.0,0.0,,SIM,18102.0,18102.0,Domínio aplicável = Sim + Não; Não declarado coincide com circulação Aquavia + Saltado.
E04,Iluminação pública,Faces,3556206006,V05412,Sim,841.0,98.82491186839013,99.1745283018868,NÃO,851.0,848.0,Domínio aplicável = Sim + Não; Não declarado coincide com circulação Aquavia + Saltado.
E04,Iluminação pública,Faces,3556206006,V05413,Não,7.0,0.8225616921269095,0.8254716981132075,NÃO,851.0,848.0,Domínio aplicável = Sim + Não; Não declarado coincide com circulação Aquavia + Saltado.
E04,Iluminação pública,Faces,3556206006,V05414,Não declarado,3.0,0.35252643948296125,,SIM,851.0,848.0,Domínio aplicável = Sim + Não; Não declarado coincide com circulação Aquavia + Saltado.
E05,Ponto de ônibus,Domicílios,3556206006,V05015,Sim,822.0,11.727778570409473,11.727778570409473,NÃO,7009.0,7009.0,Domínio aplicável = Sim + Não; Não declarado coincide com circulação Aquavia + Saltado.
E05,Ponto de ônibus,Domicílios,3556206006,V05016,Não,6187.0,88.27222142959053,88.27222142959053,NÃO,7009.0,7009.0,Domínio aplicável = Sim + Não; Não declarado coincide com circulação Aquavia + Saltado.
E05,Ponto de ônibus,Domicílios,3556206006,V05017,Não declarado,0.0,0.0,,SIM,7009.0,7009.0,Domínio aplicável = Sim + Não; Não declarado coincide com circulação Aquavia + Saltado.
E05,Ponto de ônibus,Moradores,3556206006,V05215,Sim,2040.0,11.26947298641034,11.26947298641034,NÃO,18102.0,18102.0,Domínio aplicável = Sim + Não; Não declarado coincide com circulação Aquavia + Saltado.
E05,Ponto de ônibus,Moradores,3556206006,V05216,Não,16062.0,88.73052701358965,88.73052701358965,NÃO,18102.0,18102.0,Domínio aplicável = Sim + Não; Não declarado coincide com circulação Aquavia + Saltado.
E05,Ponto de ônibus,Moradores,3556206006,V05217,Não declarado,0.0,0.0,,SIM,18102.0,18102.0,Domínio aplicável = Sim + Não; Não declarado coincide com circulação Aquavia + Saltado.
E05,Ponto de ônibus,Faces,3556206006,V05415,Sim,127.0,14.923619271445359,14.976415094339623,NÃO,851.0,848.0,Domínio aplicável = Sim + Não; Não declarado coincide com circulação Aquavia + Saltado.
E05,Ponto de ônibus,Faces,3556206006,V05416,Não,721.0,84.72385428907168,85.02358490566037,NÃO,851.0,848.0,Domínio aplicável = Sim + Não; Não declarado coincide com circulação Aquavia + Saltado.
E05,Ponto de ônibus,Faces,3556206006,V05417,Não declarado,3.0,0.35252643948296125,,SIM,851.0,848.0,Domínio aplicável = Sim + Não; Não declarado coincide com circulação Aquavia + Saltado.
E06,Via sinalizada para bicicleta,Domicílios,3556206006,V05018,Sim,253.0,3.609644742473962,3.609644742473962,NÃO,7009.0,7009.0,Domínio aplicável = Sim + Não; Não declarado coincide com circulação Aquavia + Saltado.
E06,Via sinalizada para bicicleta,Domicílios,3556206006,V05019,Não,6756.0,96.39035525752604,96.39035525752604,NÃO,7009.0,7009.0,Domínio aplicável = Sim + Não; Não declarado coincide com circulação Aquavia + Saltado.
E06,Via sinalizada para bicicleta,Domicílios,3556206006,V05020,Não declarado,0.0,0.0,,SIM,7009.0,7009.0,Domínio aplicável = Sim + Não; Não declarado coincide com circulação Aquavia + Saltado.
E06,Via sinalizada para bicicleta,Moradores,3556206006,V05218,Sim,687.0,3.7951607557176006,3.7951607557176006,NÃO,18102.0,18102.0,Domínio aplicável = Sim + Não; Não declarado coincide com circulação Aquavia + Saltado.
E06,Via sinalizada para bicicleta,Moradores,3556206006,V05219,Não,17415.0,96.2048392442824,96.2048392442824,NÃO,18102.0,18102.0,Domínio aplicável = Sim + Não; Não declarado coincide com circulação Aquavia + Saltado.
E06,Via sinalizada para bicicleta,Moradores,3556206006,V05220,Não declarado,0.0,0.0,,SIM,18102.0,18102.0,Domínio aplicável = Sim + Não; Não declarado coincide com circulação Aquavia + Saltado.
E06,Via sinalizada para bicicleta,Faces,3556206006,V05418,Sim,32.0,3.7602820211515864,3.7735849056603774,NÃO,851.0,848.0,Domínio aplicável = Sim + Não; Não declarado coincide com circulação Aquavia + Saltado.
E06,Via sinalizada para bicicleta,Faces,3556206006,V05419,Não,816.0,95.88719153936546,96.22641509433963,NÃO,851.0,848.0,Domínio aplicável = Sim + Não; Não declarado coincide com circulação Aquavia + Saltado.
E06,Via sinalizada para bicicleta,Faces,3556206006,V05420,Não declarado,3.0,0.35252643948296125,,SIM,851.0,848.0,Domínio aplicável = Sim + Não; Não declarado coincide com circulação Aquavia + Saltado.
E07,Calçada,Domicílios,3556206006,V05021,Sim,6753.0,96.3475531459552,96.3475531459552,NÃO,7009.0,7009.0,Domínio aplicável = Sim + Não; Não declarado coincide com circulação Aquavia + Saltado.
E07,Calçada,Domicílios,3556206006,V05022,Não,256.0,3.6524468540447996,3.6524468540447996,NÃO,7009.0,7009.0,Domínio aplicável = Sim + Não; Não declarado coincide com circulação Aquavia + Saltado.
E07,Calçada,Domicílios,3556206006,V05023,Não declarado,0.0,0.0,,SIM,7009.0,7009.0,Domínio aplicável = Sim + Não; Não declarado coincide com circulação Aquavia + Saltado.
E07,Calçada,Moradores,3556206006,V05221,Sim,17382.0,96.02253894597283,96.02253894597283,NÃO,18102.0,18102.0,Domínio aplicável = Sim + Não; Não declarado coincide com circulação Aquavia + Saltado.
E07,Calçada,Moradores,3556206006,V05222,Não,720.0,3.9774610540271795,3.9774610540271795,NÃO,18102.0,18102.0,Domínio aplicável = Sim + Não; Não declarado coincide com circulação Aquavia + Saltado.
E07,Calçada,Moradores,3556206006,V05223,Não declarado,0.0,0.0,,SIM,18102.0,18102.0,Domínio aplicável = Sim + Não; Não declarado coincide com circulação Aquavia + Saltado.
E07,Calçada,Faces,3556206006,V05421,Sim,737.0,86.60399529964748,86.91037735849056,NÃO,851.0,848.0,Domínio aplicável = Sim + Não; Não declarado coincide com circulação Aquavia + Saltado.
E07,Calçada,Faces,3556206006,V05422,Não,111.0,13.043478260869565,13.089622641509436,NÃO,851.0,848.0,Domínio aplicável = Sim + Não; Não declarado coincide com circulação Aquavia + Saltado.
E07,Calçada,Faces,3556206006,V05423,Não declarado,3.0,0.35252643948296125,,SIM,851.0,848.0,Domínio aplicável = Sim + Não; Não declarado coincide com circulação Aquavia + Saltado.
E08,Obstáculo na calçada,Domicílios,3556206006,V05024,Sim,5152.0,73.5054929376516,76.29201836220939,NÃO,7009.0,6753.0,Domínio aplicável = Sim + Não; Não declarado coincide com ausência/não aplicação de calçada.
E08,Obstáculo na calçada,Domicílios,3556206006,V05025,Não,1601.0,22.84206020830361,23.707981637790613,NÃO,7009.0,6753.0,Domínio aplicável = Sim + Não; Não declarado coincide com ausência/não aplicação de calçada.
E08,Obstáculo na calçada,Domicílios,3556206006,V05026,Não declarado,256.0,3.6524468540447996,,SIM,7009.0,6753.0,Domínio aplicável = Sim + Não; Não declarado coincide com ausência/não aplicação de calçada.
E08,Obstáculo na calçada,Moradores,3556206006,V05224,Sim,13252.0,73.2073803999558,76.2397882867334,NÃO,18102.0,17382.0,Domínio aplicável = Sim + Não; Não declarado coincide com ausência/não aplicação de calçada.
E08,Obstáculo na calçada,Moradores,3556206006,V05225,Não,4130.0,22.815158546017013,23.760211713266596,NÃO,18102.0,17382.0,Domínio aplicável = Sim + Não; Não declarado coincide com ausência/não aplicação de calçada.
E08,Obstáculo na calçada,Moradores,3556206006,V05226,Não declarado,720.0,3.9774610540271795,,SIM,18102.0,17382.0,Domínio aplicável = Sim + Não; Não declarado coincide com ausência/não aplicação de calçada.
E08,Obstáculo na calçada,Faces,3556206006,V05424,Sim,539.0,63.33725029377203,73.13432835820896,NÃO,851.0,737.0,Domínio aplicável = Sim + Não; Não declarado coincide com ausência/não aplicação de calçada.
E08,Obstáculo na calçada,Faces,3556206006,V05425,Não,198.0,23.266745005875443,26.865671641791046,NÃO,851.0,737.0,Domínio aplicável = Sim + Não; Não declarado coincide com ausência/não aplicação de calçada.
E08,Obstáculo na calçada,Faces,3556206006,V05426,Não declarado,114.0,13.396004700352526,,SIM,851.0,737.0,Domínio aplicável = Sim + Não; Não declarado coincide com ausência/não aplicação de calçada.
E09,Rampa para cadeirante,Domicílios,3556206006,V05027,Sim,349.0,4.979312312740762,5.1680734488375535,NÃO,7009.0,6753.0,Domínio aplicável = Sim + Não; Não declarado coincide com ausência/não aplicação de calçada.
E09,Rampa para cadeirante,Domicílios,3556206006,V05028,Não,6404.0,91.36824083321444,94.83192655116245,NÃO,7009.0,6753.0,Domínio aplicável = Sim + Não; Não declarado coincide com ausência/não aplicação de calçada.
E09,Rampa para cadeirante,Domicílios,3556206006,V05029,Não declarado,256.0,3.6524468540447996,,SIM,7009.0,6753.0,Domínio aplicável = Sim + Não; Não declarado coincide com ausência/não aplicação de calçada.
E09,Rampa para cadeirante,Moradores,3556206006,V05227,Sim,854.0,4.7177107501933495,4.913128523760212,NÃO,18102.0,17382.0,Domínio aplicável = Sim + Não; Não declarado coincide com ausência/não aplicação de calçada.
E09,Rampa para cadeirante,Moradores,3556206006,V05228,Não,16528.0,91.30482819577948,95.08687147623979,NÃO,18102.0,17382.0,Domínio aplicável = Sim + Não; Não declarado coincide com ausência/não aplicação de calçada.
E09,Rampa para cadeirante,Moradores,3556206006,V05229,Não declarado,720.0,3.9774610540271795,,SIM,18102.0,17382.0,Domínio aplicável = Sim + Não; Não declarado coincide com ausência/não aplicação de calçada.
E09,Rampa para cadeirante,Faces,3556206006,V05427,Sim,24.0,2.82021151586369,3.2564450474898234,NÃO,851.0,737.0,Domínio aplicável = Sim + Não; Não declarado coincide com ausência/não aplicação de calçada.
E09,Rampa para cadeirante,Faces,3556206006,V05428,Não,713.0,83.78378378378379,96.74355495251018,NÃO,851.0,737.0,Domínio aplicável = Sim + Não; Não declarado coincide com ausência/não aplicação de calçada.
E09,Rampa para cadeirante,Faces,3556206006,V05429,Não declarado,114.0,13.396004700352526,,SIM,851.0,737.0,Domínio aplicável = Sim + Não; Não declarado coincide com ausência/não aplicação de calçada.
E10,Arborização,Domicílios,3556206006,V05030,Sem árvores,430.0,6.134969325153374,6.134969325153374,NÃO,7009.0,7009.0,Domínio aplicável = classes substantivas de arborização; Saltado fica fora.
E10,Arborização,Domicílios,3556206006,V05031,1 a 2 árvores,1177.0,16.79269510629191,16.79269510629191,NÃO,7009.0,7009.0,Domínio aplicável = classes substantivas de arborização; Saltado fica fora.
E10,Arborização,Domicílios,3556206006,V05032,3 a 4 árvores,1743.0,24.86802682265658,24.86802682265658,NÃO,7009.0,7009.0,Domínio aplicável = classes substantivas de arborização; Saltado fica fora.
E10,Arborização,Domicílios,3556206006,V05033,5 ou mais árvores,3659.0,52.20430874589813,52.20430874589813,NÃO,7009.0,7009.0,Domínio aplicável = classes substantivas de arborização; Saltado fica fora.
E10,Arborização,Domicílios,3556206006,V05034,Saltado,0.0,0.0,,SIM,7009.0,7009.0,Domínio aplicável = classes substantivas de arborização; Saltado fica fora.
E10,Arborização,Moradores,3556206006,V05230,Sem árvores,1052.0,5.811512540050823,5.811512540050823,NÃO,18102.0,18102.0,Domínio aplicável = classes substantivas de arborização; Saltado fica fora.
E10,Arborização,Moradores,3556206006,V05231,1 a 2 árvores,2976.0,16.440172356645675,16.440172356645675,NÃO,18102.0,18102.0,Domínio aplicável = classes substantivas de arborização; Saltado fica fora.
E10,Arborização,Moradores,3556206006,V05232,3 a 4 árvores,4632.0,25.588332780908186,25.588332780908186,NÃO,18102.0,18102.0,Domínio aplicável = classes substantivas de arborização; Saltado fica fora.
E10,Arborização,Moradores,3556206006,V05233,5 ou mais árvores,9442.0,52.159982322395315,52.159982322395315,NÃO,18102.0,18102.0,Domínio aplicável = classes substantivas de arborização; Saltado fica fora.
E10,Arborização,Moradores,3556206006,V05234,Saltado,0.0,0.0,,SIM,18102.0,18102.0,Domínio aplicável = classes substantivas de arborização; Saltado fica fora.
E10,Arborização,Faces,3556206006,V05430,Sem árvores,108.0,12.690951821386603,12.735849056603774,NÃO,851.0,848.0,Domínio aplicável = classes substantivas de arborização; Saltado fica fora.
E10,Arborização,Faces,3556206006,V05431,1 a 2 árvores,140.0,16.45123384253819,16.50943396226415,NÃO,851.0,848.0,Domínio aplicável = classes substantivas de arborização; Saltado fica fora.
E10,Arborização,Faces,3556206006,V05432,3 a 4 árvores,201.0,23.619271445358404,23.702830188679243,NÃO,851.0,848.0,Domínio aplicável = classes substantivas de arborização; Saltado fica fora.
E10,Arborização,Faces,3556206006,V05433,5 ou mais árvores,399.0,46.88601645123384,47.05188679245283,NÃO,851.0,848.0,Domínio aplicável = classes substantivas de arborização; Saltado fica fora.
E10,Arborização,Faces,3556206006,V05434,Saltado,3.0,0.35252643948296125,,SIM,851.0,848.0,Domínio aplicável = classes substantivas de arborização; Saltado fica fora.
E01,Circulação da via,Domicílios,3556206007,V05001,"Caminhão, ônibus",6151.0,99.43420627222761,99.43420627222761,NÃO,6186.0,6186.0,Domínio aplicável = categorias substantivas de circulação; Saltado fica fora.
E01,Circulação da via,Domicílios,3556206007,V05002,Carros de passeio ou van,35.0,0.5657937277723892,0.5657937277723892,NÃO,6186.0,6186.0,Domínio aplicável = categorias substantivas de circulação; Saltado fica fora.
E01,Circulação da via,Domicílios,3556206007,V05003,"Pedestres, bicicletas e motocicletas",0.0,0.0,0.0,NÃO,6186.0,6186.0,Domínio aplicável = categorias substantivas de circulação; Saltado fica fora.
E01,Circulação da via,Domicílios,3556206007,V05004,Aquavia,0.0,0.0,0.0,NÃO,6186.0,6186.0,Domínio aplicável = categorias substantivas de circulação; Saltado fica fora.
E01,Circulação da via,Domicílios,3556206007,V05005,Saltado,0.0,0.0,,SIM,6186.0,6186.0,Domínio aplicável = categorias substantivas de circulação; Saltado fica fora.
E01,Circulação da via,Moradores,3556206007,V05201,"Caminhão, ônibus",16293.0,99.4142412593813,99.4142412593813,NÃO,16389.0,16389.0,Domínio aplicável = categorias substantivas de circulação; Saltado fica fora.
E01,Circulação da via,Moradores,3556206007,V05202,Carros de passeio ou van,96.0,0.5857587406187077,0.5857587406187077,NÃO,16389.0,16389.0,Domínio aplicável = categorias substantivas de circulação; Saltado fica fora.
E01,Circulação da via,Moradores,3556206007,V05203,"Pedestres, bicicletas e motocicletas",0.0,0.0,0.0,NÃO,16389.0,16389.0,Domínio aplicável = categorias substantivas de circulação; Saltado fica fora.
E01,Circulação da via,Moradores,3556206007,V05204,Aquavia,0.0,0.0,0.0,NÃO,16389.0,16389.0,Domínio aplicável = categorias substantivas de circulação; Saltado fica fora.
E01,Circulação da via,Moradores,3556206007,V05205,Saltado,0.0,0.0,,SIM,16389.0,16389.0,Domínio aplicável = categorias substantivas de circulação; Saltado fica fora.
E01,Circulação da via,Faces,3556206007,V05401,"Caminhão, ônibus",1535.0,99.54604409857328,99.61064243997404,NÃO,1542.0,1541.0,Domínio aplicável = categorias substantivas de circulação; Saltado fica fora.
E01,Circulação da via,Faces,3556206007,V05402,Carros de passeio ou van,6.0,0.38910505836575876,0.3893575600259572,NÃO,1542.0,1541.0,Domínio aplicável = categorias substantivas de circulação; Saltado fica fora.
E01,Circulação da via,Faces,3556206007,V05403,"Pedestres, bicicletas e motocicletas",0.0,0.0,0.0,NÃO,1542.0,1541.0,Domínio aplicável = categorias substantivas de circulação; Saltado fica fora.
E01,Circulação da via,Faces,3556206007,V05404,Aquavia,0.0,0.0,0.0,NÃO,1542.0,1541.0,Domínio aplicável = categorias substantivas de circulação; Saltado fica fora.
E01,Circulação da via,Faces,3556206007,V05405,Saltado,1.0,0.06485084306095978,,SIM,1542.0,1541.0,Domínio aplicável = categorias substantivas de circulação; Saltado fica fora.
E02,Pavimentação,Domicílios,3556206007,V05006,Sim,6005.0,97.07403815066279,97.07403815066279,NÃO,6186.0,6186.0,Domínio aplicável = Sim + Não; Não declarado coincide com circulação Aquavia + Saltado.
E02,Pavimentação,Domicílios,3556206007,V05007,Não,181.0,2.925961849337213,2.925961849337213,NÃO,6186.0,6186.0,Domínio aplicável = Sim + Não; Não declarado coincide com circulação Aquavia + Saltado.
E02,Pavimentação,Domicílios,3556206007,V05008,Não declarado,0.0,0.0,,SIM,6186.0,6186.0,Domínio aplicável = Sim + Não; Não declarado coincide com circulação Aquavia + Saltado.
E02,Pavimentação,Moradores,3556206007,V05206,Sim,15891.0,96.96137653304045,96.96137653304045,NÃO,16389.0,16389.0,Domínio aplicável = Sim + Não; Não declarado coincide com circulação Aquavia + Saltado.
E02,Pavimentação,Moradores,3556206007,V05207,Não,498.0,3.038623466959546,3.038623466959546,NÃO,16389.0,16389.0,Domínio aplicável = Sim + Não; Não declarado coincide com circulação Aquavia + Saltado.
E02,Pavimentação,Moradores,3556206007,V05208,Não declarado,0.0,0.0,,SIM,16389.0,16389.0,Domínio aplicável = Sim + Não; Não declarado coincide com circulação Aquavia + Saltado.
E02,Pavimentação,Faces,3556206007,V05406,Sim,1458.0,94.55252918287937,94.61388708630759,NÃO,1542.0,1541.0,Domínio aplicável = Sim + Não; Não declarado coincide com circulação Aquavia + Saltado.
E02,Pavimentação,Faces,3556206007,V05407,Não,83.0,5.382619974059663,5.386112913692408,NÃO,1542.0,1541.0,Domínio aplicável = Sim + Não; Não declarado coincide com circulação Aquavia + Saltado.
E02,Pavimentação,Faces,3556206007,V05408,Não declarado,1.0,0.06485084306095978,,SIM,1542.0,1541.0,Domínio aplicável = Sim + Não; Não declarado coincide com circulação Aquavia + Saltado.
E03,Bueiro / boca de lobo,Domicílios,3556206007,V05009,Sim,4818.0,77.88554801163919,77.88554801163919,NÃO,6186.0,6186.0,Domínio aplicável = Sim + Não; Não declarado coincide com circulação Aquavia + Saltado.
E03,Bueiro / boca de lobo,Domicílios,3556206007,V05010,Não,1368.0,22.114451988360813,22.114451988360813,NÃO,6186.0,6186.0,Domínio aplicável = Sim + Não; Não declarado coincide com circulação Aquavia + Saltado.
E03,Bueiro / boca de lobo,Domicílios,3556206007,V05011,Não declarado,0.0,0.0,,SIM,6186.0,6186.0,Domínio aplicável = Sim + Não; Não declarado coincide com circulação Aquavia + Saltado.
E03,Bueiro / boca de lobo,Moradores,3556206007,V05209,Sim,12975.0,79.16895478674721,79.16895478674721,NÃO,16389.0,16389.0,Domínio aplicável = Sim + Não; Não declarado coincide com circulação Aquavia + Saltado.
E03,Bueiro / boca de lobo,Moradores,3556206007,V05210,Não,3414.0,20.831045213252793,20.831045213252793,NÃO,16389.0,16389.0,Domínio aplicável = Sim + Não; Não declarado coincide com circulação Aquavia + Saltado.
E03,Bueiro / boca de lobo,Moradores,3556206007,V05211,Não declarado,0.0,0.0,,SIM,16389.0,16389.0,Domínio aplicável = Sim + Não; Não declarado coincide com circulação Aquavia + Saltado.
E03,Bueiro / boca de lobo,Faces,3556206007,V05409,Sim,1148.0,74.44876783398185,74.49707981829981,NÃO,1542.0,1541.0,Domínio aplicável = Sim + Não; Não declarado coincide com circulação Aquavia + Saltado.
E03,Bueiro / boca de lobo,Faces,3556206007,V05410,Não,393.0,25.486381322957197,25.502920181700194,NÃO,1542.0,1541.0,Domínio aplicável = Sim + Não; Não declarado coincide com circulação Aquavia + Saltado.
E03,Bueiro / boca de lobo,Faces,3556206007,V05411,Não declarado,1.0,0.06485084306095978,,SIM,1542.0,1541.0,Domínio aplicável = Sim + Não; Não declarado coincide com circulação Aquavia + Saltado.
E04,Iluminação pública,Domicílios,3556206007,V05012,Sim,6184.0,99.96766892984158,99.96766892984158,NÃO,6186.0,6186.0,Domínio aplicável = Sim + Não; Não declarado coincide com circulação Aquavia + Saltado.
E04,Iluminação pública,Domicílios,3556206007,V05013,Não,2.0,0.032331070158422244,0.032331070158422244,NÃO,6186.0,6186.0,Domínio aplicável = Sim + Não; Não declarado coincide com circulação Aquavia + Saltado.
E04,Iluminação pública,Domicílios,3556206007,V05014,Não declarado,0.0,0.0,,SIM,6186.0,6186.0,Domínio aplicável = Sim + Não; Não declarado coincide com circulação Aquavia + Saltado.
E04,Iluminação pública,Moradores,3556206007,V05212,Sim,16384.0,99.96949173225944,99.96949173225944,NÃO,16389.0,16389.0,Domínio aplicável = Sim + Não; Não declarado coincide com circulação Aquavia + Saltado.
E04,Iluminação pública,Moradores,3556206007,V05213,Não,5.0,0.030508267740557694,0.030508267740557694,NÃO,16389.0,16389.0,Domínio aplicável = Sim + Não; Não declarado coincide com circulação Aquavia + Saltado.
E04,Iluminação pública,Moradores,3556206007,V05214,Não declarado,0.0,0.0,,SIM,16389.0,16389.0,Domínio aplicável = Sim + Não; Não declarado coincide com circulação Aquavia + Saltado.
E04,Iluminação pública,Faces,3556206007,V05412,Sim,1537.0,99.67574578469521,99.74042829331603,NÃO,1542.0,1541.0,Domínio aplicável = Sim + Não; Não declarado coincide com circulação Aquavia + Saltado.
E04,Iluminação pública,Faces,3556206007,V05413,Não,4.0,0.25940337224383914,0.25957170668397145,NÃO,1542.0,1541.0,Domínio aplicável = Sim + Não; Não declarado coincide com circulação Aquavia + Saltado.
E04,Iluminação pública,Faces,3556206007,V05414,Não declarado,1.0,0.06485084306095978,,SIM,1542.0,1541.0,Domínio aplicável = Sim + Não; Não declarado coincide com circulação Aquavia + Saltado.
E05,Ponto de ônibus,Domicílios,3556206007,V05015,Sim,580.0,9.37601034594245,9.37601034594245,NÃO,6186.0,6186.0,Domínio aplicável = Sim + Não; Não declarado coincide com circulação Aquavia + Saltado.
E05,Ponto de ônibus,Domicílios,3556206007,V05016,Não,5606.0,90.62398965405755,90.62398965405755,NÃO,6186.0,6186.0,Domínio aplicável = Sim + Não; Não declarado coincide com circulação Aquavia + Saltado.
E05,Ponto de ônibus,Domicílios,3556206007,V05017,Não declarado,0.0,0.0,,SIM,6186.0,6186.0,Domínio aplicável = Sim + Não; Não declarado coincide com circulação Aquavia + Saltado.
E05,Ponto de ônibus,Moradores,3556206007,V05215,Sim,1597.0,9.744340716334127,9.744340716334127,NÃO,16389.0,16389.0,Domínio aplicável = Sim + Não; Não declarado coincide com circulação Aquavia + Saltado.
E05,Ponto de ônibus,Moradores,3556206007,V05216,Não,14792.0,90.25565928366588,90.25565928366588,NÃO,16389.0,16389.0,Domínio aplicável = Sim + Não; Não declarado coincide com circulação Aquavia + Saltado.
E05,Ponto de ônibus,Moradores,3556206007,V05217,Não declarado,0.0,0.0,,SIM,16389.0,16389.0,Domínio aplicável = Sim + Não; Não declarado coincide com circulação Aquavia + Saltado.
E05,Ponto de ônibus,Faces,3556206007,V05415,Sim,166.0,10.765239948119326,10.772225827384815,NÃO,1542.0,1541.0,Domínio aplicável = Sim + Não; Não declarado coincide com circulação Aquavia + Saltado.
E05,Ponto de ônibus,Faces,3556206007,V05416,Não,1375.0,89.16990920881972,89.22777417261518,NÃO,1542.0,1541.0,Domínio aplicável = Sim + Não; Não declarado coincide com circulação Aquavia + Saltado.
E05,Ponto de ônibus,Faces,3556206007,V05417,Não declarado,1.0,0.06485084306095978,,SIM,1542.0,1541.0,Domínio aplicável = Sim + Não; Não declarado coincide com circulação Aquavia + Saltado.
E06,Via sinalizada para bicicleta,Domicílios,3556206007,V05018,Sim,49.0,0.7921112188813451,0.7921112188813451,NÃO,6186.0,6186.0,Domínio aplicável = Sim + Não; Não declarado coincide com circulação Aquavia + Saltado.
E06,Via sinalizada para bicicleta,Domicílios,3556206007,V05019,Não,6137.0,99.20788878111865,99.20788878111865,NÃO,6186.0,6186.0,Domínio aplicável = Sim + Não; Não declarado coincide com circulação Aquavia + Saltado.
E06,Via sinalizada para bicicleta,Domicílios,3556206007,V05020,Não declarado,0.0,0.0,,SIM,6186.0,6186.0,Domínio aplicável = Sim + Não; Não declarado coincide com circulação Aquavia + Saltado.
E06,Via sinalizada para bicicleta,Moradores,3556206007,V05218,Sim,134.0,0.8176215754469461,0.8176215754469461,NÃO,16389.0,16389.0,Domínio aplicável = Sim + Não; Não declarado coincide com circulação Aquavia + Saltado.
E06,Via sinalizada para bicicleta,Moradores,3556206007,V05219,Não,16255.0,99.18237842455305,99.18237842455305,NÃO,16389.0,16389.0,Domínio aplicável = Sim + Não; Não declarado coincide com circulação Aquavia + Saltado.
E06,Via sinalizada para bicicleta,Moradores,3556206007,V05220,Não declarado,0.0,0.0,,SIM,16389.0,16389.0,Domínio aplicável = Sim + Não; Não declarado coincide com circulação Aquavia + Saltado.
E06,Via sinalizada para bicicleta,Faces,3556206007,V05418,Sim,44.0,2.853437094682231,2.855288773523686,NÃO,1542.0,1541.0,Domínio aplicável = Sim + Não; Não declarado coincide com circulação Aquavia + Saltado.
E06,Via sinalizada para bicicleta,Faces,3556206007,V05419,Não,1497.0,97.08171206225681,97.1447112264763,NÃO,1542.0,1541.0,Domínio aplicável = Sim + Não; Não declarado coincide com circulação Aquavia + Saltado.
E06,Via sinalizada para bicicleta,Faces,3556206007,V05420,Não declarado,1.0,0.06485084306095978,,SIM,1542.0,1541.0,Domínio aplicável = Sim + Não; Não declarado coincide com circulação Aquavia + Saltado.
E07,Calçada,Domicílios,3556206007,V05021,Sim,5762.0,93.1458131264145,93.1458131264145,NÃO,6186.0,6186.0,Domínio aplicável = Sim + Não; Não declarado coincide com circulação Aquavia + Saltado.
E07,Calçada,Domicílios,3556206007,V05022,Não,424.0,6.854186873585516,6.854186873585516,NÃO,6186.0,6186.0,Domínio aplicável = Sim + Não; Não declarado coincide com circulação Aquavia + Saltado.
E07,Calçada,Domicílios,3556206007,V05023,Não declarado,0.0,0.0,,SIM,6186.0,6186.0,Domínio aplicável = Sim + Não; Não declarado coincide com circulação Aquavia + Saltado.
E07,Calçada,Moradores,3556206007,V05221,Sim,15203.0,92.76343889193971,92.76343889193971,NÃO,16389.0,16389.0,Domínio aplicável = Sim + Não; Não declarado coincide com circulação Aquavia + Saltado.
E07,Calçada,Moradores,3556206007,V05222,Não,1186.0,7.236561108060284,7.236561108060284,NÃO,16389.0,16389.0,Domínio aplicável = Sim + Não; Não declarado coincide com circulação Aquavia + Saltado.
E07,Calçada,Moradores,3556206007,V05223,Não declarado,0.0,0.0,,SIM,16389.0,16389.0,Domínio aplicável = Sim + Não; Não declarado coincide com circulação Aquavia + Saltado.
E07,Calçada,Faces,3556206007,V05421,Sim,1202.0,77.95071335927368,78.00129785853342,NÃO,1542.0,1541.0,Domínio aplicável = Sim + Não; Não declarado coincide com circulação Aquavia + Saltado.
E07,Calçada,Faces,3556206007,V05422,Não,339.0,21.98443579766537,21.99870214146658,NÃO,1542.0,1541.0,Domínio aplicável = Sim + Não; Não declarado coincide com circulação Aquavia + Saltado.
E07,Calçada,Faces,3556206007,V05423,Não declarado,1.0,0.06485084306095978,,SIM,1542.0,1541.0,Domínio aplicável = Sim + Não; Não declarado coincide com circulação Aquavia + Saltado.
E08,Obstáculo na calçada,Domicílios,3556206007,V05024,Sim,3916.0,63.30423537019075,67.96251301631378,NÃO,6186.0,5762.0,Domínio aplicável = Sim + Não; Não declarado coincide com ausência/não aplicação de calçada.
E08,Obstáculo na calçada,Domicílios,3556206007,V05025,Não,1846.0,29.84157775622373,32.03748698368622,NÃO,6186.0,5762.0,Domínio aplicável = Sim + Não; Não declarado coincide com ausência/não aplicação de calçada.
E08,Obstáculo na calçada,Domicílios,3556206007,V05026,Não declarado,424.0,6.854186873585516,,SIM,6186.0,5762.0,Domínio aplicável = Sim + Não; Não declarado coincide com ausência/não aplicação de calçada.
E08,Obstáculo na calçada,Moradores,3556206007,V05224,Sim,10381.0,63.34126548294587,68.28257580740643,NÃO,16389.0,15203.0,Domínio aplicável = Sim + Não; Não declarado coincide com ausência/não aplicação de calçada.
E08,Obstáculo na calçada,Moradores,3556206007,V05225,Não,4822.0,29.422173408993835,31.71742419259357,NÃO,16389.0,15203.0,Domínio aplicável = Sim + Não; Não declarado coincide com ausência/não aplicação de calçada.
E08,Obstáculo na calçada,Moradores,3556206007,V05226,Não declarado,1186.0,7.236561108060284,,SIM,16389.0,15203.0,Domínio aplicável = Sim + Não; Não declarado coincide com ausência/não aplicação de calçada.
E08,Obstáculo na calçada,Faces,3556206007,V05424,Sim,705.0,45.719844357976655,58.65224625623961,NÃO,1542.0,1202.0,Domínio aplicável = Sim + Não; Não declarado coincide com ausência/não aplicação de calçada.
E08,Obstáculo na calçada,Faces,3556206007,V05425,Não,497.0,32.230869001297016,41.3477537437604,NÃO,1542.0,1202.0,Domínio aplicável = Sim + Não; Não declarado coincide com ausência/não aplicação de calçada.
E08,Obstáculo na calçada,Faces,3556206007,V05426,Não declarado,340.0,22.04928664072633,,SIM,1542.0,1202.0,Domínio aplicável = Sim + Não; Não declarado coincide com ausência/não aplicação de calçada.
E09,Rampa para cadeirante,Domicílios,3556206007,V05027,Sim,80.0,1.2932428063368897,1.3884068031933356,NÃO,6186.0,5762.0,Domínio aplicável = Sim + Não; Não declarado coincide com ausência/não aplicação de calçada.
E09,Rampa para cadeirante,Domicílios,3556206007,V05028,Não,5682.0,91.8525703200776,98.61159319680667,NÃO,6186.0,5762.0,Domínio aplicável = Sim + Não; Não declarado coincide com ausência/não aplicação de calçada.
E09,Rampa para cadeirante,Domicílios,3556206007,V05029,Não declarado,424.0,6.854186873585516,,SIM,6186.0,5762.0,Domínio aplicável = Sim + Não; Não declarado coincide com ausência/não aplicação de calçada.
E09,Rampa para cadeirante,Moradores,3556206007,V05227,Sim,196.0,1.1959240954298616,1.2892192330461092,NÃO,16389.0,15203.0,Domínio aplicável = Sim + Não; Não declarado coincide com ausência/não aplicação de calçada.
E09,Rampa para cadeirante,Moradores,3556206007,V05228,Não,15007.0,91.56751479650985,98.71078076695389,NÃO,16389.0,15203.0,Domínio aplicável = Sim + Não; Não declarado coincide com ausência/não aplicação de calçada.
E09,Rampa para cadeirante,Moradores,3556206007,V05229,Não declarado,1186.0,7.236561108060284,,SIM,16389.0,15203.0,Domínio aplicável = Sim + Não; Não declarado coincide com ausência/não aplicação de calçada.
E09,Rampa para cadeirante,Faces,3556206007,V05427,Sim,52.0,3.372243839169909,4.326123128119801,NÃO,1542.0,1202.0,Domínio aplicável = Sim + Não; Não declarado coincide com ausência/não aplicação de calçada.
E09,Rampa para cadeirante,Faces,3556206007,V05428,Não,1150.0,74.57846952010377,95.6738768718802,NÃO,1542.0,1202.0,Domínio aplicável = Sim + Não; Não declarado coincide com ausência/não aplicação de calçada.
E09,Rampa para cadeirante,Faces,3556206007,V05429,Não declarado,340.0,22.04928664072633,,SIM,1542.0,1202.0,Domínio aplicável = Sim + Não; Não declarado coincide com ausência/não aplicação de calçada.
E10,Arborização,Domicílios,3556206007,V05030,Sem árvores,331.0,5.350792111218881,5.350792111218881,NÃO,6186.0,6186.0,Domínio aplicável = classes substantivas de arborização; Saltado fica fora.
E10,Arborização,Domicílios,3556206007,V05031,1 a 2 árvores,552.0,8.923375363724539,8.923375363724539,NÃO,6186.0,6186.0,Domínio aplicável = classes substantivas de arborização; Saltado fica fora.
E10,Arborização,Domicílios,3556206007,V05032,3 a 4 árvores,1050.0,16.973811833171677,16.973811833171677,NÃO,6186.0,6186.0,Domínio aplicável = classes substantivas de arborização; Saltado fica fora.
E10,Arborização,Domicílios,3556206007,V05033,5 ou mais árvores,4253.0,68.7520206918849,68.7520206918849,NÃO,6186.0,6186.0,Domínio aplicável = classes substantivas de arborização; Saltado fica fora.
E10,Arborização,Domicílios,3556206007,V05034,Saltado,0.0,0.0,,SIM,6186.0,6186.0,Domínio aplicável = classes substantivas de arborização; Saltado fica fora.
E10,Arborização,Moradores,3556206007,V05230,Sem árvores,770.0,4.698273232045884,4.698273232045884,NÃO,16389.0,16389.0,Domínio aplicável = classes substantivas de arborização; Saltado fica fora.
E10,Arborização,Moradores,3556206007,V05231,1 a 2 árvores,1322.0,8.066385990603454,8.066385990603454,NÃO,16389.0,16389.0,Domínio aplicável = classes substantivas de arborização; Saltado fica fora.
E10,Arborização,Moradores,3556206007,V05232,3 a 4 árvores,2727.0,16.639209225700164,16.639209225700164,NÃO,16389.0,16389.0,Domínio aplicável = classes substantivas de arborização; Saltado fica fora.
E10,Arborização,Moradores,3556206007,V05233,5 ou mais árvores,11570.0,70.5961315516505,70.5961315516505,NÃO,16389.0,16389.0,Domínio aplicável = classes substantivas de arborização; Saltado fica fora.
E10,Arborização,Moradores,3556206007,V05234,Saltado,0.0,0.0,,SIM,16389.0,16389.0,Domínio aplicável = classes substantivas de arborização; Saltado fica fora.
E10,Arborização,Faces,3556206007,V05430,Sem árvores,137.0,8.884565499351492,8.890330953926021,NÃO,1542.0,1541.0,Domínio aplicável = classes substantivas de arborização; Saltado fica fora.
E10,Arborização,Faces,3556206007,V05431,1 a 2 árvores,164.0,10.635538261997405,10.64243997404283,NÃO,1542.0,1541.0,Domínio aplicável = classes substantivas de arborização; Saltado fica fora.
E10,Arborização,Faces,3556206007,V05432,3 a 4 árvores,236.0,15.304798962386512,15.314730694354314,NÃO,1542.0,1541.0,Domínio aplicável = classes substantivas de arborização; Saltado fica fora.
E10,Arborização,Faces,3556206007,V05433,5 ou mais árvores,1004.0,65.11024643320363,65.15249837767684,NÃO,1542.0,1541.0,Domínio aplicável = classes substantivas de arborização; Saltado fica fora.
E10,Arborização,Faces,3556206007,V05434,Saltado,1.0,0.06485084306095978,,SIM,1542.0,1541.0,Domínio aplicável = classes substantivas de arborização; Saltado fica fora.
E01,Circulação da via,Domicílios,MUNICIPIO,V05001,"Caminhão, ônibus",43149.0,97.05128205128204,97.05346499021572,NÃO,44460.0,44459.0,Domínio aplicável = categorias substantivas de circulação; Saltado fica fora.
E01,Circulação da via,Domicílios,MUNICIPIO,V05002,Carros de passeio ou van,1278.0,2.874493927125506,2.874558582064374,NÃO,44460.0,44459.0,Domínio aplicável = categorias substantivas de circulação; Saltado fica fora.
E01,Circulação da via,Domicílios,MUNICIPIO,V05003,"Pedestres, bicicletas e motocicletas",32.0,0.07197480881691408,0.07197642771992173,NÃO,44460.0,44459.0,Domínio aplicável = categorias substantivas de circulação; Saltado fica fora.
E01,Circulação da via,Domicílios,MUNICIPIO,V05004,Aquavia,0.0,0.0,0.0,NÃO,44460.0,44459.0,Domínio aplicável = categorias substantivas de circulação; Saltado fica fora.
E01,Circulação da via,Domicílios,MUNICIPIO,V05005,Saltado,1.0,0.002249212775528565,,SIM,44460.0,44459.0,Domínio aplicável = categorias substantivas de circulação; Saltado fica fora.
E01,Circulação da via,Moradores,MUNICIPIO,V05201,"Caminhão, ônibus",116930.0,96.89019994531127,96.89341144689632,NÃO,120683.0,120679.0,Domínio aplicável = categorias substantivas de circulação; Saltado fica fora.
E01,Circulação da via,Moradores,MUNICIPIO,V05202,Carros de passeio ou van,3671.0,3.041853450776,3.041954275391742,NÃO,120683.0,120679.0,Domínio aplicável = categorias substantivas de circulação; Saltado fica fora.
E01,Circulação da via,Moradores,MUNICIPIO,V05203,"Pedestres, bicicletas e motocicletas",78.0,0.06463213542918224,0.06463427771194658,NÃO,120683.0,120679.0,Domínio aplicável = categorias substantivas de circulação; Saltado fica fora.
E01,Circulação da via,Moradores,MUNICIPIO,V05204,Aquavia,0.0,0.0,0.0,NÃO,120683.0,120679.0,Domínio aplicável = categorias substantivas de circulação; Saltado fica fora.
E01,Circulação da via,Moradores,MUNICIPIO,V05205,Saltado,4.0,0.0033144684835478074,,SIM,120683.0,120679.0,Domínio aplicável = categorias substantivas de circulação; Saltado fica fora.
E01,Circulação da via,Faces,MUNICIPIO,V05401,"Caminhão, ônibus",7104.0,95.40692989524577,95.84457636265515,NÃO,7446.0,7412.0,Domínio aplicável = categorias substantivas de circulação; Saltado fica fora.
E01,Circulação da via,Faces,MUNICIPIO,V05402,Carros de passeio ou van,285.0,3.8275584206285256,3.8451160280626016,NÃO,7446.0,7412.0,Domínio aplicável = categorias substantivas de circulação; Saltado fica fora.
E01,Circulação da via,Faces,MUNICIPIO,V05403,"Pedestres, bicicletas e motocicletas",23.0,0.30889067955949506,0.310307609282245,NÃO,7446.0,7412.0,Domínio aplicável = categorias substantivas de circulação; Saltado fica fora.
E01,Circulação da via,Faces,MUNICIPIO,V05404,Aquavia,0.0,0.0,0.0,NÃO,7446.0,7412.0,Domínio aplicável = categorias substantivas de circulação; Saltado fica fora.
E01,Circulação da via,Faces,MUNICIPIO,V05405,Saltado,34.0,0.45662100456621,,SIM,7446.0,7412.0,Domínio aplicável = categorias substantivas de circulação; Saltado fica fora.
E02,Pavimentação,Domicílios,MUNICIPIO,V05006,Sim,42950.0,96.60368870895186,96.60586158033244,NÃO,44460.0,44459.0,Domínio aplicável = Sim + Não; Não declarado coincide com circulação Aquavia + Saltado.
E02,Pavimentação,Domicílios,MUNICIPIO,V05007,Não,1509.0,3.3940620782726048,3.3941384196675592,NÃO,44460.0,44459.0,Domínio aplicável = Sim + Não; Não declarado coincide com circulação Aquavia + Saltado.
E02,Pavimentação,Domicílios,MUNICIPIO,V05008,Não declarado,1.0,0.002249212775528565,,SIM,44460.0,44459.0,Domínio aplicável = Sim + Não; Não declarado coincide com circulação Aquavia + Saltado.
E02,Pavimentação,Moradores,MUNICIPIO,V05206,Sim,116277.0,96.34911296537209,96.35230653220526,NÃO,120683.0,120679.0,Domínio aplicável = Sim + Não; Não declarado coincide com circulação Aquavia + Saltado.
E02,Pavimentação,Moradores,MUNICIPIO,V05207,Não,4402.0,3.6475725661443614,3.6476934677947286,NÃO,120683.0,120679.0,Domínio aplicável = Sim + Não; Não declarado coincide com circulação Aquavia + Saltado.
E02,Pavimentação,Moradores,MUNICIPIO,V05208,Não declarado,4.0,0.0033144684835478074,,SIM,120683.0,120679.0,Domínio aplicável = Sim + Não; Não declarado coincide com circulação Aquavia + Saltado.
E02,Pavimentação,Faces,MUNICIPIO,V05406,Sim,6914.0,92.85522428149342,93.28116567728009,NÃO,7446.0,7412.0,Domínio aplicável = Sim + Não; Não declarado coincide com circulação Aquavia + Saltado.
E02,Pavimentação,Faces,MUNICIPIO,V05407,Não,498.0,6.688154713940371,6.718834322719913,NÃO,7446.0,7412.0,Domínio aplicável = Sim + Não; Não declarado coincide com circulação Aquavia + Saltado.
E02,Pavimentação,Faces,MUNICIPIO,V05408,Não declarado,34.0,0.45662100456621,,SIM,7446.0,7412.0,Domínio aplicável = Sim + Não; Não declarado coincide com circulação Aquavia + Saltado.
E03,Bueiro / boca de lobo,Domicílios,MUNICIPIO,V05009,Sim,37148.0,83.55375618533513,83.55563552936414,NÃO,44460.0,44459.0,Domínio aplicável = Sim + Não; Não declarado coincide com circulação Aquavia + Saltado.
E03,Bueiro / boca de lobo,Domicílios,MUNICIPIO,V05010,Não,7311.0,16.44399460188934,16.44436447063587,NÃO,44460.0,44459.0,Domínio aplicável = Sim + Não; Não declarado coincide com circulação Aquavia + Saltado.
E03,Bueiro / boca de lobo,Domicílios,MUNICIPIO,V05011,Não declarado,1.0,0.002249212775528565,,SIM,44460.0,44459.0,Domínio aplicável = Sim + Não; Não declarado coincide com circulação Aquavia + Saltado.
E03,Bueiro / boca de lobo,Moradores,MUNICIPIO,V05209,Sim,101380.0,84.00520371551917,84.00798813380953,NÃO,120683.0,120679.0,Domínio aplicável = Sim + Não; Não declarado coincide com circulação Aquavia + Saltado.
E03,Bueiro / boca de lobo,Moradores,MUNICIPIO,V05210,Não,19299.0,15.991481815997282,15.992011866190472,NÃO,120683.0,120679.0,Domínio aplicável = Sim + Não; Não declarado coincide com circulação Aquavia + Saltado.
E03,Bueiro / boca de lobo,Moradores,MUNICIPIO,V05211,Não declarado,4.0,0.0033144684835478074,,SIM,120683.0,120679.0,Domínio aplicável = Sim + Não; Não declarado coincide com circulação Aquavia + Saltado.
E03,Bueiro / boca de lobo,Faces,MUNICIPIO,V05409,Sim,5664.0,76.06768734891217,76.41662169454938,NÃO,7446.0,7412.0,Domínio aplicável = Sim + Não; Não declarado coincide com circulação Aquavia + Saltado.
E03,Bueiro / boca de lobo,Faces,MUNICIPIO,V05410,Não,1748.0,23.475691646521625,23.58337830545062,NÃO,7446.0,7412.0,Domínio aplicável = Sim + Não; Não declarado coincide com circulação Aquavia + Saltado.
E03,Bueiro / boca de lobo,Faces,MUNICIPIO,V05411,Não declarado,34.0,0.45662100456621,,SIM,7446.0,7412.0,Domínio aplicável = Sim + Não; Não declarado coincide com circulação Aquavia + Saltado.
E04,Iluminação pública,Domicílios,MUNICIPIO,V05012,Sim,44012.0,98.9923526765632,98.99457927528734,NÃO,44460.0,44459.0,Domínio aplicável = Sim + Não; Não declarado coincide com circulação Aquavia + Saltado.
E04,Iluminação pública,Domicílios,MUNICIPIO,V05013,Não,447.0,1.0053981106612686,1.0054207247126568,NÃO,44460.0,44459.0,Domínio aplicável = Sim + Não; Não declarado coincide com circulação Aquavia + Saltado.
E04,Iluminação pública,Domicílios,MUNICIPIO,V05014,Não declarado,1.0,0.002249212775528565,,SIM,44460.0,44459.0,Domínio aplicável = Sim + Não; Não declarado coincide com circulação Aquavia + Saltado.
E04,Iluminação pública,Moradores,MUNICIPIO,V05212,Sim,119443.0,98.97251477010019,98.97579529164146,NÃO,120683.0,120679.0,Domínio aplicável = Sim + Não; Não declarado coincide com circulação Aquavia + Saltado.
E04,Iluminação pública,Moradores,MUNICIPIO,V05213,Não,1236.0,1.0241707614162723,1.024204708358538,NÃO,120683.0,120679.0,Domínio aplicável = Sim + Não; Não declarado coincide com circulação Aquavia + Saltado.
E04,Iluminação pública,Moradores,MUNICIPIO,V05214,Não declarado,4.0,0.0033144684835478074,,SIM,120683.0,120679.0,Domínio aplicável = Sim + Não; Não declarado coincide com circulação Aquavia + Saltado.
E04,Iluminação pública,Faces,MUNICIPIO,V05412,Sim,7125.0,95.68896051571313,96.12790070156503,NÃO,7446.0,7412.0,Domínio aplicável = Sim + Não; Não declarado coincide com circulação Aquavia + Saltado.
E04,Iluminação pública,Faces,MUNICIPIO,V05413,Não,287.0,3.854418479720655,3.87209929843497,NÃO,7446.0,7412.0,Domínio aplicável = Sim + Não; Não declarado coincide com circulação Aquavia + Saltado.
E04,Iluminação pública,Faces,MUNICIPIO,V05414,Não declarado,34.0,0.45662100456621,,SIM,7446.0,7412.0,Domínio aplicável = Sim + Não; Não declarado coincide com circulação Aquavia + Saltado.
E05,Ponto de ônibus,Domicílios,MUNICIPIO,V05015,Sim,6946.0,15.623031938821413,15.62338334195551,NÃO,44460.0,44459.0,Domínio aplicável = Sim + Não; Não declarado coincide com circulação Aquavia + Saltado.
E05,Ponto de ônibus,Domicílios,MUNICIPIO,V05016,Não,37513.0,84.37471884840306,84.37661665804448,NÃO,44460.0,44459.0,Domínio aplicável = Sim + Não; Não declarado coincide com circulação Aquavia + Saltado.
E05,Ponto de ônibus,Domicílios,MUNICIPIO,V05017,Não declarado,1.0,0.002249212775528565,,SIM,44460.0,44459.0,Domínio aplicável = Sim + Não; Não declarado coincide com circulação Aquavia + Saltado.
E05,Ponto de ônibus,Moradores,MUNICIPIO,V05215,Sim,18620.0,15.42885079091504,15.429362192262117,NÃO,120683.0,120679.0,Domínio aplicável = Sim + Não; Não declarado coincide com circulação Aquavia + Saltado.
E05,Ponto de ônibus,Moradores,MUNICIPIO,V05216,Não,102059.0,84.56783474060141,84.57063780773788,NÃO,120683.0,120679.0,Domínio aplicável = Sim + Não; Não declarado coincide com circulação Aquavia + Saltado.
E05,Ponto de ônibus,Moradores,MUNICIPIO,V05217,Não declarado,4.0,0.0033144684835478074,,SIM,120683.0,120679.0,Domínio aplicável = Sim + Não; Não declarado coincide com circulação Aquavia + Saltado.
E05,Ponto de ônibus,Faces,MUNICIPIO,V05415,Sim,948.0,12.731668009669622,12.790070156502969,NÃO,7446.0,7412.0,Domínio aplicável = Sim + Não; Não declarado coincide com circulação Aquavia + Saltado.
E05,Ponto de ônibus,Faces,MUNICIPIO,V05416,Não,6464.0,86.81171098576417,87.20992984349704,NÃO,7446.0,7412.0,Domínio aplicável = Sim + Não; Não declarado coincide com circulação Aquavia + Saltado.
E05,Ponto de ônibus,Faces,MUNICIPIO,V05417,Não declarado,34.0,0.45662100456621,,SIM,7446.0,7412.0,Domínio aplicável = Sim + Não; Não declarado coincide com circulação Aquavia + Saltado.
E06,Via sinalizada para bicicleta,Domicílios,MUNICIPIO,V05018,Sim,807.0,1.8151147098515519,1.8151555365617762,NÃO,44460.0,44459.0,Domínio aplicável = Sim + Não; Não declarado coincide com circulação Aquavia + Saltado.
E06,Via sinalizada para bicicleta,Domicílios,MUNICIPIO,V05019,Não,43652.0,98.18263607737292,98.18484446343822,NÃO,44460.0,44459.0,Domínio aplicável = Sim + Não; Não declarado coincide com circulação Aquavia + Saltado.
E06,Via sinalizada para bicicleta,Domicílios,MUNICIPIO,V05020,Não declarado,1.0,0.002249212775528565,,SIM,44460.0,44459.0,Domínio aplicável = Sim + Não; Não declarado coincide com circulação Aquavia + Saltado.
E06,Via sinalizada para bicicleta,Moradores,MUNICIPIO,V05218,Sim,2255.0,1.8685316076000762,1.8685935415440964,NÃO,120683.0,120679.0,Domínio aplicável = Sim + Não; Não declarado coincide com circulação Aquavia + Saltado.
E06,Via sinalizada para bicicleta,Moradores,MUNICIPIO,V05219,Não,118424.0,98.12815392391637,98.1314064584559,NÃO,120683.0,120679.0,Domínio aplicável = Sim + Não; Não declarado coincide com circulação Aquavia + Saltado.
E06,Via sinalizada para bicicleta,Moradores,MUNICIPIO,V05220,Não declarado,4.0,0.0033144684835478074,,SIM,120683.0,120679.0,Domínio aplicável = Sim + Não; Não declarado coincide com circulação Aquavia + Saltado.
E06,Via sinalizada para bicicleta,Faces,MUNICIPIO,V05418,Sim,149.0,2.0010744023636855,2.0102536427415005,NÃO,7446.0,7412.0,Domínio aplicável = Sim + Não; Não declarado coincide com circulação Aquavia + Saltado.
E06,Via sinalizada para bicicleta,Faces,MUNICIPIO,V05419,Não,7263.0,97.5423045930701,97.9897463572585,NÃO,7446.0,7412.0,Domínio aplicável = Sim + Não; Não declarado coincide com circulação Aquavia + Saltado.
E06,Via sinalizada para bicicleta,Faces,MUNICIPIO,V05420,Não declarado,34.0,0.45662100456621,,SIM,7446.0,7412.0,Domínio aplicável = Sim + Não; Não declarado coincide com circulação Aquavia + Saltado.
E07,Calçada,Domicílios,MUNICIPIO,V05021,Sim,41336.0,92.97345928924877,92.9755505072089,NÃO,44460.0,44459.0,Domínio aplicável = Sim + Não; Não declarado coincide com circulação Aquavia + Saltado.
E07,Calçada,Domicílios,MUNICIPIO,V05022,Não,3123.0,7.0242914979757085,7.024449492791112,NÃO,44460.0,44459.0,Domínio aplicável = Sim + Não; Não declarado coincide com circulação Aquavia + Saltado.
E07,Calçada,Domicílios,MUNICIPIO,V05023,Não declarado,1.0,0.002249212775528565,,SIM,44460.0,44459.0,Domínio aplicável = Sim + Não; Não declarado coincide com circulação Aquavia + Saltado.
E07,Calçada,Moradores,MUNICIPIO,V05221,Sim,111693.0,92.55073208322631,92.55379974974933,NÃO,120683.0,120679.0,Domínio aplicável = Sim + Não; Não declarado coincide com circulação Aquavia + Saltado.
E07,Calçada,Moradores,MUNICIPIO,V05222,Não,8986.0,7.445953448290149,7.446200250250665,NÃO,120683.0,120679.0,Domínio aplicável = Sim + Não; Não declarado coincide com circulação Aquavia + Saltado.
E07,Calçada,Moradores,MUNICIPIO,V05223,Não declarado,4.0,0.0033144684835478074,,SIM,120683.0,120679.0,Domínio aplicável = Sim + Não; Não declarado coincide com circulação Aquavia + Saltado.
E07,Calçada,Faces,MUNICIPIO,V05421,Sim,5886.0,79.0491539081386,79.41176470588235,NÃO,7446.0,7412.0,Domínio aplicável = Sim + Não; Não declarado coincide com circulação Aquavia + Saltado.
E07,Calçada,Faces,MUNICIPIO,V05422,Não,1526.0,20.49422508729519,20.588235294117645,NÃO,7446.0,7412.0,Domínio aplicável = Sim + Não; Não declarado coincide com circulação Aquavia + Saltado.
E07,Calçada,Faces,MUNICIPIO,V05423,Não declarado,34.0,0.45662100456621,,SIM,7446.0,7412.0,Domínio aplicável = Sim + Não; Não declarado coincide com circulação Aquavia + Saltado.
E08,Obstáculo na calçada,Domicílios,MUNICIPIO,V05024,Sim,27870.0,62.685560053981106,67.42306947938843,NÃO,44460.0,41336.0,Domínio aplicável = Sim + Não; Não declarado coincide com ausência/não aplicação de calçada.
E08,Obstáculo na calçada,Domicílios,MUNICIPIO,V05025,Não,13466.0,30.287899235267655,32.576930520611576,NÃO,44460.0,41336.0,Domínio aplicável = Sim + Não; Não declarado coincide com ausência/não aplicação de calçada.
E08,Obstáculo na calçada,Domicílios,MUNICIPIO,V05026,Não declarado,3124.0,7.026540710751237,,SIM,44460.0,41336.0,Domínio aplicável = Sim + Não; Não declarado coincide com ausência/não aplicação de calçada.
E08,Obstáculo na calçada,Moradores,MUNICIPIO,V05224,Sim,76264.0,63.1936561073225,68.2800175481006,NÃO,120683.0,111693.0,Domínio aplicável = Sim + Não; Não declarado coincide com ausência/não aplicação de calçada.
E08,Obstáculo na calçada,Moradores,MUNICIPIO,V05225,Não,35429.0,29.35707597590381,31.719982451899405,NÃO,120683.0,111693.0,Domínio aplicável = Sim + Não; Não declarado coincide com ausência/não aplicação de calçada.
E08,Obstáculo na calçada,Moradores,MUNICIPIO,V05226,Não declarado,8990.0,7.449267916773697,,SIM,120683.0,111693.0,Domínio aplicável = Sim + Não; Não declarado coincide com ausência/não aplicação de calçada.
E08,Obstáculo na calçada,Faces,MUNICIPIO,V05424,Sim,3674.0,49.34192855224281,62.41930003397893,NÃO,7446.0,5886.0,Domínio aplicável = Sim + Não; Não declarado coincide com ausência/não aplicação de calçada.
E08,Obstáculo na calçada,Faces,MUNICIPIO,V05425,Não,2212.0,29.707225355895783,37.58069996602107,NÃO,7446.0,5886.0,Domínio aplicável = Sim + Não; Não declarado coincide com ausência/não aplicação de calçada.
E08,Obstáculo na calçada,Faces,MUNICIPIO,V05426,Não declarado,1560.0,20.950846091861404,,SIM,7446.0,5886.0,Domínio aplicável = Sim + Não; Não declarado coincide com ausência/não aplicação de calçada.
E09,Rampa para cadeirante,Domicílios,MUNICIPIO,V05027,Sim,2374.0,5.339631129104813,5.743177859492936,NÃO,44460.0,41336.0,Domínio aplicável = Sim + Não; Não declarado coincide com ausência/não aplicação de calçada.
E09,Rampa para cadeirante,Domicílios,MUNICIPIO,V05028,Não,38962.0,87.63382816014395,94.25682214050707,NÃO,44460.0,41336.0,Domínio aplicável = Sim + Não; Não declarado coincide com ausência/não aplicação de calçada.
E09,Rampa para cadeirante,Domicílios,MUNICIPIO,V05029,Não declarado,3124.0,7.026540710751237,,SIM,44460.0,41336.0,Domínio aplicável = Sim + Não; Não declarado coincide com ausência/não aplicação de calçada.
E09,Rampa para cadeirante,Moradores,MUNICIPIO,V05227,Sim,5823.0,4.82503749492472,5.2133974376191885,NÃO,120683.0,111693.0,Domínio aplicável = Sim + Não; Não declarado coincide com ausência/não aplicação de calçada.
E09,Rampa para cadeirante,Moradores,MUNICIPIO,V05228,Não,105870.0,87.72569458830158,94.7866025623808,NÃO,120683.0,111693.0,Domínio aplicável = Sim + Não; Não declarado coincide com ausência/não aplicação de calçada.
E09,Rampa para cadeirante,Moradores,MUNICIPIO,V05229,Não declarado,8990.0,7.449267916773697,,SIM,120683.0,111693.0,Domínio aplicável = Sim + Não; Não declarado coincide com ausência/não aplicação de calçada.
E09,Rampa para cadeirante,Faces,MUNICIPIO,V05427,Sim,222.0,2.9814665592264302,3.771661569826707,NÃO,7446.0,5886.0,Domínio aplicável = Sim + Não; Não declarado coincide com ausência/não aplicação de calçada.
E09,Rampa para cadeirante,Faces,MUNICIPIO,V05428,Não,5664.0,76.06768734891217,96.2283384301733,NÃO,7446.0,5886.0,Domínio aplicável = Sim + Não; Não declarado coincide com ausência/não aplicação de calçada.
E09,Rampa para cadeirante,Faces,MUNICIPIO,V05429,Não declarado,1560.0,20.950846091861404,,SIM,7446.0,5886.0,Domínio aplicável = Sim + Não; Não declarado coincide com ausência/não aplicação de calçada.
E10,Arborização,Domicílios,MUNICIPIO,V05030,Sem árvores,3223.0,7.249212775528566,7.249375829415866,NÃO,44460.0,44459.0,Domínio aplicável = classes substantivas de arborização; Saltado fica fora.
E10,Arborização,Domicílios,MUNICIPIO,V05031,1 a 2 árvores,5453.0,12.264957264957264,12.265233136147911,NÃO,44460.0,44459.0,Domínio aplicável = classes substantivas de arborização; Saltado fica fora.
E10,Arborização,Domicílios,MUNICIPIO,V05032,3 a 4 árvores,9388.0,21.11560953666217,21.116084482332038,NÃO,44460.0,44459.0,Domínio aplicável = classes substantivas de arborização; Saltado fica fora.
E10,Arborização,Domicílios,MUNICIPIO,V05033,5 ou mais árvores,26395.0,59.367971210076476,59.369306552104185,NÃO,44460.0,44459.0,Domínio aplicável = classes substantivas de arborização; Saltado fica fora.
E10,Arborização,Domicílios,MUNICIPIO,V05034,Saltado,1.0,0.002249212775528565,,SIM,44460.0,44459.0,Domínio aplicável = classes substantivas de arborização; Saltado fica fora.
E10,Arborização,Moradores,MUNICIPIO,V05230,Sem árvores,8530.0,7.068104041165698,7.068338319011593,NÃO,120683.0,120679.0,Domínio aplicável = classes substantivas de arborização; Saltado fica fora.
E10,Arborização,Moradores,MUNICIPIO,V05231,1 a 2 árvores,14318.0,11.864139936859374,11.864533183072448,NÃO,120683.0,120679.0,Domínio aplicável = classes substantivas de arborização; Saltado fica fora.
E10,Arborização,Moradores,MUNICIPIO,V05232,3 a 4 árvores,25815.0,21.39075097569666,21.391459988896163,NÃO,120683.0,120679.0,Domínio aplicável = classes substantivas de arborização; Saltado fica fora.
E10,Arborização,Moradores,MUNICIPIO,V05233,5 ou mais árvores,72016.0,59.673690577794716,59.6756685090198,NÃO,120683.0,120679.0,Domínio aplicável = classes substantivas de arborização; Saltado fica fora.
E10,Arborização,Moradores,MUNICIPIO,V05234,Saltado,4.0,0.0033144684835478074,,SIM,120683.0,120679.0,Domínio aplicável = classes substantivas de arborização; Saltado fica fora.
E10,Arborização,Faces,MUNICIPIO,V05430,Sem árvores,1148.0,15.41767391888262,15.48839719373988,NÃO,7446.0,7412.0,Domínio aplicável = classes substantivas de arborização; Saltado fica fora.
E10,Arborização,Faces,MUNICIPIO,V05431,1 a 2 árvores,1121.0,15.055063121138868,15.124123043712897,NÃO,7446.0,7412.0,Domínio aplicável = classes substantivas de arborização; Saltado fica fora.
E10,Arborização,Faces,MUNICIPIO,V05432,3 a 4 árvores,1308.0,17.56647864625302,17.647058823529413,NÃO,7446.0,7412.0,Domínio aplicável = classes substantivas de arborização; Saltado fica fora.
E10,Arborização,Faces,MUNICIPIO,V05433,5 ou mais árvores,3835.0,51.50416330915928,51.74042093901781,NÃO,7446.0,7412.0,Domínio aplicável = classes substantivas de arborização; Saltado fica fora.
E10,Arborização,Faces,MUNICIPIO,V05434,Saltado,34.0,0.45662100456621,,SIM,7446.0,7412.0,Domínio aplicável = classes substantivas de arborização; Saltado fica fora.
