Tabela,Característica,Universo,APOND,Código,Categoria,Contagem agregada,Percentual bruto (%),Percentual no domínio aplicável (%),Fora do domínio aplicável?,Denominador observado,Denominador no domínio aplicável,Regra do domínio aplicável
E01,Circulação da via,Domicílios,3556503001,V05001,"Caminhão, ônibus",4821.0,97.49241658240648,97.49241658240648,NÃO,4945.0,4945.0,Domínio aplicável = categorias substantivas de circulação; Saltado fica fora.
E01,Circulação da via,Domicílios,3556503001,V05002,Carros de passeio ou van,104.0,2.1031344792719917,2.1031344792719917,NÃO,4945.0,4945.0,Domínio aplicável = categorias substantivas de circulação; Saltado fica fora.
E01,Circulação da via,Domicílios,3556503001,V05003,"Pedestres, bicicletas e motocicletas",20.0,0.40444893832153694,0.40444893832153694,NÃO,4945.0,4945.0,Domínio aplicável = categorias substantivas de circulação; Saltado fica fora.
E01,Circulação da via,Domicílios,3556503001,V05004,Aquavia,0.0,0.0,0.0,NÃO,4945.0,4945.0,Domínio aplicável = categorias substantivas de circulação; Saltado fica fora.
E01,Circulação da via,Domicílios,3556503001,V05005,Saltado,0.0,0.0,,SIM,4945.0,4945.0,Domínio aplicável = categorias substantivas de circulação; Saltado fica fora.
E01,Circulação da via,Moradores,3556503001,V05201,"Caminhão, ônibus",14158.0,97.7020219446553,97.7020219446553,NÃO,14491.0,14491.0,Domínio aplicável = categorias substantivas de circulação; Saltado fica fora.
E01,Circulação da via,Moradores,3556503001,V05202,Carros de passeio ou van,287.0,1.980539645297081,1.980539645297081,NÃO,14491.0,14491.0,Domínio aplicável = categorias substantivas de circulação; Saltado fica fora.
E01,Circulação da via,Moradores,3556503001,V05203,"Pedestres, bicicletas e motocicletas",46.0,0.31743841004761575,0.31743841004761575,NÃO,14491.0,14491.0,Domínio aplicável = categorias substantivas de circulação; Saltado fica fora.
E01,Circulação da via,Moradores,3556503001,V05204,Aquavia,0.0,0.0,0.0,NÃO,14491.0,14491.0,Domínio aplicável = categorias substantivas de circulação; Saltado fica fora.
E01,Circulação da via,Moradores,3556503001,V05205,Saltado,0.0,0.0,,SIM,14491.0,14491.0,Domínio aplicável = categorias substantivas de circulação; Saltado fica fora.
E01,Circulação da via,Faces,3556503001,V05401,"Caminhão, ônibus",290.0,90.9090909090909,90.9090909090909,NÃO,319.0,319.0,Domínio aplicável = categorias substantivas de circulação; Saltado fica fora.
E01,Circulação da via,Faces,3556503001,V05402,Carros de passeio ou van,14.0,4.38871473354232,4.38871473354232,NÃO,319.0,319.0,Domínio aplicável = categorias substantivas de circulação; Saltado fica fora.
E01,Circulação da via,Faces,3556503001,V05403,"Pedestres, bicicletas e motocicletas",15.0,4.702194357366771,4.702194357366771,NÃO,319.0,319.0,Domínio aplicável = categorias substantivas de circulação; Saltado fica fora.
E01,Circulação da via,Faces,3556503001,V05404,Aquavia,0.0,0.0,0.0,NÃO,319.0,319.0,Domínio aplicável = categorias substantivas de circulação; Saltado fica fora.
E01,Circulação da via,Faces,3556503001,V05405,Saltado,0.0,0.0,,SIM,319.0,319.0,Domínio aplicável = categorias substantivas de circulação; Saltado fica fora.
E02,Pavimentação,Domicílios,3556503001,V05006,Sim,4945.0,100.0,100.0,NÃO,4945.0,4945.0,Domínio aplicável = Sim + Não; Não declarado coincide com circulação Aquavia + Saltado.
E02,Pavimentação,Domicílios,3556503001,V05007,Não,0.0,0.0,0.0,NÃO,4945.0,4945.0,Domínio aplicável = Sim + Não; Não declarado coincide com circulação Aquavia + Saltado.
E02,Pavimentação,Domicílios,3556503001,V05008,Não declarado,0.0,0.0,,SIM,4945.0,4945.0,Domínio aplicável = Sim + Não; Não declarado coincide com circulação Aquavia + Saltado.
E02,Pavimentação,Moradores,3556503001,V05206,Sim,14491.0,100.0,100.0,NÃO,14491.0,14491.0,Domínio aplicável = Sim + Não; Não declarado coincide com circulação Aquavia + Saltado.
E02,Pavimentação,Moradores,3556503001,V05207,Não,0.0,0.0,0.0,NÃO,14491.0,14491.0,Domínio aplicável = Sim + Não; Não declarado coincide com circulação Aquavia + Saltado.
E02,Pavimentação,Moradores,3556503001,V05208,Não declarado,0.0,0.0,,SIM,14491.0,14491.0,Domínio aplicável = Sim + Não; Não declarado coincide com circulação Aquavia + Saltado.
E02,Pavimentação,Faces,3556503001,V05406,Sim,315.0,98.7460815047022,98.7460815047022,NÃO,319.0,319.0,Domínio aplicável = Sim + Não; Não declarado coincide com circulação Aquavia + Saltado.
E02,Pavimentação,Faces,3556503001,V05407,Não,4.0,1.2539184952978055,1.2539184952978055,NÃO,319.0,319.0,Domínio aplicável = Sim + Não; Não declarado coincide com circulação Aquavia + Saltado.
E02,Pavimentação,Faces,3556503001,V05408,Não declarado,0.0,0.0,,SIM,319.0,319.0,Domínio aplicável = Sim + Não; Não declarado coincide com circulação Aquavia + Saltado.
E03,Bueiro / boca de lobo,Domicílios,3556503001,V05009,Sim,4834.0,97.75530839231547,97.75530839231547,NÃO,4945.0,4945.0,Domínio aplicável = Sim + Não; Não declarado coincide com circulação Aquavia + Saltado.
E03,Bueiro / boca de lobo,Domicílios,3556503001,V05010,Não,111.0,2.24469160768453,2.24469160768453,NÃO,4945.0,4945.0,Domínio aplicável = Sim + Não; Não declarado coincide com circulação Aquavia + Saltado.
E03,Bueiro / boca de lobo,Domicílios,3556503001,V05011,Não declarado,0.0,0.0,,SIM,4945.0,4945.0,Domínio aplicável = Sim + Não; Não declarado coincide com circulação Aquavia + Saltado.
E03,Bueiro / boca de lobo,Moradores,3556503001,V05209,Sim,14152.0,97.66061693464908,97.66061693464908,NÃO,14491.0,14491.0,Domínio aplicável = Sim + Não; Não declarado coincide com circulação Aquavia + Saltado.
E03,Bueiro / boca de lobo,Moradores,3556503001,V05210,Não,339.0,2.3393830653509076,2.3393830653509076,NÃO,14491.0,14491.0,Domínio aplicável = Sim + Não; Não declarado coincide com circulação Aquavia + Saltado.
E03,Bueiro / boca de lobo,Moradores,3556503001,V05211,Não declarado,0.0,0.0,,SIM,14491.0,14491.0,Domínio aplicável = Sim + Não; Não declarado coincide com circulação Aquavia + Saltado.
E03,Bueiro / boca de lobo,Faces,3556503001,V05409,Sim,297.0,93.10344827586206,93.10344827586206,NÃO,319.0,319.0,Domínio aplicável = Sim + Não; Não declarado coincide com circulação Aquavia + Saltado.
E03,Bueiro / boca de lobo,Faces,3556503001,V05410,Não,22.0,6.896551724137931,6.896551724137931,NÃO,319.0,319.0,Domínio aplicável = Sim + Não; Não declarado coincide com circulação Aquavia + Saltado.
E03,Bueiro / boca de lobo,Faces,3556503001,V05411,Não declarado,0.0,0.0,,SIM,319.0,319.0,Domínio aplicável = Sim + Não; Não declarado coincide com circulação Aquavia + Saltado.
E04,Iluminação pública,Domicílios,3556503001,V05012,Sim,4905.0,99.19110212335693,99.19110212335693,NÃO,4945.0,4945.0,Domínio aplicável = Sim + Não; Não declarado coincide com circulação Aquavia + Saltado.
E04,Iluminação pública,Domicílios,3556503001,V05013,Não,40.0,0.8088978766430739,0.8088978766430739,NÃO,4945.0,4945.0,Domínio aplicável = Sim + Não; Não declarado coincide com circulação Aquavia + Saltado.
E04,Iluminação pública,Domicílios,3556503001,V05014,Não declarado,0.0,0.0,,SIM,4945.0,4945.0,Domínio aplicável = Sim + Não; Não declarado coincide com circulação Aquavia + Saltado.
E04,Iluminação pública,Moradores,3556503001,V05212,Sim,14358.0,99.08218894486232,99.08218894486232,NÃO,14491.0,14491.0,Domínio aplicável = Sim + Não; Não declarado coincide com circulação Aquavia + Saltado.
E04,Iluminação pública,Moradores,3556503001,V05213,Não,133.0,0.9178110551376717,0.9178110551376717,NÃO,14491.0,14491.0,Domínio aplicável = Sim + Não; Não declarado coincide com circulação Aquavia + Saltado.
E04,Iluminação pública,Moradores,3556503001,V05214,Não declarado,0.0,0.0,,SIM,14491.0,14491.0,Domínio aplicável = Sim + Não; Não declarado coincide com circulação Aquavia + Saltado.
E04,Iluminação pública,Faces,3556503001,V05412,Sim,310.0,97.17868338557993,97.17868338557993,NÃO,319.0,319.0,Domínio aplicável = Sim + Não; Não declarado coincide com circulação Aquavia + Saltado.
E04,Iluminação pública,Faces,3556503001,V05413,Não,9.0,2.8213166144200628,2.8213166144200628,NÃO,319.0,319.0,Domínio aplicável = Sim + Não; Não declarado coincide com circulação Aquavia + Saltado.
E04,Iluminação pública,Faces,3556503001,V05414,Não declarado,0.0,0.0,,SIM,319.0,319.0,Domínio aplicável = Sim + Não; Não declarado coincide com circulação Aquavia + Saltado.
E05,Ponto de ônibus,Domicílios,3556503001,V05015,Sim,311.0,6.289180990899899,6.289180990899899,NÃO,4945.0,4945.0,Domínio aplicável = Sim + Não; Não declarado coincide com circulação Aquavia + Saltado.
E05,Ponto de ônibus,Domicílios,3556503001,V05016,Não,4634.0,93.7108190091001,93.7108190091001,NÃO,4945.0,4945.0,Domínio aplicável = Sim + Não; Não declarado coincide com circulação Aquavia + Saltado.
E05,Ponto de ônibus,Domicílios,3556503001,V05017,Não declarado,0.0,0.0,,SIM,4945.0,4945.0,Domínio aplicável = Sim + Não; Não declarado coincide com circulação Aquavia + Saltado.
E05,Ponto de ônibus,Moradores,3556503001,V05215,Sim,909.0,6.272859015940929,6.272859015940929,NÃO,14491.0,14491.0,Domínio aplicável = Sim + Não; Não declarado coincide com circulação Aquavia + Saltado.
E05,Ponto de ônibus,Moradores,3556503001,V05216,Não,13582.0,93.72714098405908,93.72714098405908,NÃO,14491.0,14491.0,Domínio aplicável = Sim + Não; Não declarado coincide com circulação Aquavia + Saltado.
E05,Ponto de ônibus,Moradores,3556503001,V05217,Não declarado,0.0,0.0,,SIM,14491.0,14491.0,Domínio aplicável = Sim + Não; Não declarado coincide com circulação Aquavia + Saltado.
E05,Ponto de ônibus,Faces,3556503001,V05415,Sim,13.0,4.075235109717868,4.075235109717868,NÃO,319.0,319.0,Domínio aplicável = Sim + Não; Não declarado coincide com circulação Aquavia + Saltado.
E05,Ponto de ônibus,Faces,3556503001,V05416,Não,306.0,95.92476489028213,95.92476489028213,NÃO,319.0,319.0,Domínio aplicável = Sim + Não; Não declarado coincide com circulação Aquavia + Saltado.
E05,Ponto de ônibus,Faces,3556503001,V05417,Não declarado,0.0,0.0,,SIM,319.0,319.0,Domínio aplicável = Sim + Não; Não declarado coincide com circulação Aquavia + Saltado.
E06,Via sinalizada para bicicleta,Domicílios,3556503001,V05018,Sim,104.0,2.1031344792719917,2.1031344792719917,NÃO,4945.0,4945.0,Domínio aplicável = Sim + Não; Não declarado coincide com circulação Aquavia + Saltado.
E06,Via sinalizada para bicicleta,Domicílios,3556503001,V05019,Não,4841.0,97.896865520728,97.896865520728,NÃO,4945.0,4945.0,Domínio aplicável = Sim + Não; Não declarado coincide com circulação Aquavia + Saltado.
E06,Via sinalizada para bicicleta,Domicílios,3556503001,V05020,Não declarado,0.0,0.0,,SIM,4945.0,4945.0,Domínio aplicável = Sim + Não; Não declarado coincide com circulação Aquavia + Saltado.
E06,Via sinalizada para bicicleta,Moradores,3556503001,V05218,Sim,286.0,1.9736388102960456,1.9736388102960456,NÃO,14491.0,14491.0,Domínio aplicável = Sim + Não; Não declarado coincide com circulação Aquavia + Saltado.
E06,Via sinalizada para bicicleta,Moradores,3556503001,V05219,Não,14205.0,98.02636118970396,98.02636118970396,NÃO,14491.0,14491.0,Domínio aplicável = Sim + Não; Não declarado coincide com circulação Aquavia + Saltado.
E06,Via sinalizada para bicicleta,Moradores,3556503001,V05220,Não declarado,0.0,0.0,,SIM,14491.0,14491.0,Domínio aplicável = Sim + Não; Não declarado coincide com circulação Aquavia + Saltado.
E06,Via sinalizada para bicicleta,Faces,3556503001,V05418,Sim,13.0,4.075235109717868,4.075235109717868,NÃO,319.0,319.0,Domínio aplicável = Sim + Não; Não declarado coincide com circulação Aquavia + Saltado.
E06,Via sinalizada para bicicleta,Faces,3556503001,V05419,Não,306.0,95.92476489028213,95.92476489028213,NÃO,319.0,319.0,Domínio aplicável = Sim + Não; Não declarado coincide com circulação Aquavia + Saltado.
E06,Via sinalizada para bicicleta,Faces,3556503001,V05420,Não declarado,0.0,0.0,,SIM,319.0,319.0,Domínio aplicável = Sim + Não; Não declarado coincide com circulação Aquavia + Saltado.
E07,Calçada,Domicílios,3556503001,V05021,Sim,4588.0,92.78058645096057,92.78058645096057,NÃO,4945.0,4945.0,Domínio aplicável = Sim + Não; Não declarado coincide com circulação Aquavia + Saltado.
E07,Calçada,Domicílios,3556503001,V05022,Não,357.0,7.219413549039435,7.219413549039435,NÃO,4945.0,4945.0,Domínio aplicável = Sim + Não; Não declarado coincide com circulação Aquavia + Saltado.
E07,Calçada,Domicílios,3556503001,V05023,Não declarado,0.0,0.0,,SIM,4945.0,4945.0,Domínio aplicável = Sim + Não; Não declarado coincide com circulação Aquavia + Saltado.
E07,Calçada,Moradores,3556503001,V05221,Sim,13502.0,93.17507418397626,93.17507418397626,NÃO,14491.0,14491.0,Domínio aplicável = Sim + Não; Não declarado coincide com circulação Aquavia + Saltado.
E07,Calçada,Moradores,3556503001,V05222,Não,989.0,6.824925816023739,6.824925816023739,NÃO,14491.0,14491.0,Domínio aplicável = Sim + Não; Não declarado coincide com circulação Aquavia + Saltado.
E07,Calçada,Moradores,3556503001,V05223,Não declarado,0.0,0.0,,SIM,14491.0,14491.0,Domínio aplicável = Sim + Não; Não declarado coincide com circulação Aquavia + Saltado.
E07,Calçada,Faces,3556503001,V05421,Sim,263.0,82.44514106583071,82.44514106583071,NÃO,319.0,319.0,Domínio aplicável = Sim + Não; Não declarado coincide com circulação Aquavia + Saltado.
E07,Calçada,Faces,3556503001,V05422,Não,56.0,17.55485893416928,17.55485893416928,NÃO,319.0,319.0,Domínio aplicável = Sim + Não; Não declarado coincide com circulação Aquavia + Saltado.
E07,Calçada,Faces,3556503001,V05423,Não declarado,0.0,0.0,,SIM,319.0,319.0,Domínio aplicável = Sim + Não; Não declarado coincide com circulação Aquavia + Saltado.
E08,Obstáculo na calçada,Domicílios,3556503001,V05024,Sim,4568.0,92.37613751263903,99.5640802092415,NÃO,4945.0,4588.0,Domínio aplicável = Sim + Não; Não declarado coincide com ausência/não aplicação de calçada.
E08,Obstáculo na calçada,Domicílios,3556503001,V05025,Não,20.0,0.40444893832153694,0.4359197907585004,NÃO,4945.0,4588.0,Domínio aplicável = Sim + Não; Não declarado coincide com ausência/não aplicação de calçada.
E08,Obstáculo na calçada,Domicílios,3556503001,V05026,Não declarado,357.0,7.219413549039435,,SIM,4945.0,4588.0,Domínio aplicável = Sim + Não; Não declarado coincide com ausência/não aplicação de calçada.
E08,Obstáculo na calçada,Moradores,3556503001,V05224,Sim,13442.0,92.76102408391415,99.55562138942379,NÃO,14491.0,13502.0,Domínio aplicável = Sim + Não; Não declarado coincide com ausência/não aplicação de calçada.
E08,Obstáculo na calçada,Moradores,3556503001,V05225,Não,60.0,0.41405010006210746,0.4443786105762109,NÃO,14491.0,13502.0,Domínio aplicável = Sim + Não; Não declarado coincide com ausência/não aplicação de calçada.
E08,Obstáculo na calçada,Moradores,3556503001,V05226,Não declarado,989.0,6.824925816023739,,SIM,14491.0,13502.0,Domínio aplicável = Sim + Não; Não declarado coincide com ausência/não aplicação de calçada.
E08,Obstáculo na calçada,Faces,3556503001,V05424,Sim,249.0,78.0564263322884,94.67680608365019,NÃO,319.0,263.0,Domínio aplicável = Sim + Não; Não declarado coincide com ausência/não aplicação de calçada.
E08,Obstáculo na calçada,Faces,3556503001,V05425,Não,14.0,4.38871473354232,5.323193916349809,NÃO,319.0,263.0,Domínio aplicável = Sim + Não; Não declarado coincide com ausência/não aplicação de calçada.
E08,Obstáculo na calçada,Faces,3556503001,V05426,Não declarado,56.0,17.55485893416928,,SIM,319.0,263.0,Domínio aplicável = Sim + Não; Não declarado coincide com ausência/não aplicação de calçada.
E09,Rampa para cadeirante,Domicílios,3556503001,V05027,Sim,72.0,1.456016177957533,1.5693112467306016,NÃO,4945.0,4588.0,Domínio aplicável = Sim + Não; Não declarado coincide com ausência/não aplicação de calçada.
E09,Rampa para cadeirante,Domicílios,3556503001,V05028,Não,4516.0,91.32457027300303,98.43068875326941,NÃO,4945.0,4588.0,Domínio aplicável = Sim + Não; Não declarado coincide com ausência/não aplicação de calçada.
E09,Rampa para cadeirante,Domicílios,3556503001,V05029,Não declarado,357.0,7.219413549039435,,SIM,4945.0,4588.0,Domínio aplicável = Sim + Não; Não declarado coincide com ausência/não aplicação de calçada.
E09,Rampa para cadeirante,Moradores,3556503001,V05227,Sim,215.0,1.483679525222552,1.5923566878980893,NÃO,14491.0,13502.0,Domínio aplicável = Sim + Não; Não declarado coincide com ausência/não aplicação de calçada.
E09,Rampa para cadeirante,Moradores,3556503001,V05228,Não,13287.0,91.69139465875371,98.40764331210191,NÃO,14491.0,13502.0,Domínio aplicável = Sim + Não; Não declarado coincide com ausência/não aplicação de calçada.
E09,Rampa para cadeirante,Moradores,3556503001,V05229,Não declarado,989.0,6.824925816023739,,SIM,14491.0,13502.0,Domínio aplicável = Sim + Não; Não declarado coincide com ausência/não aplicação de calçada.
E09,Rampa para cadeirante,Faces,3556503001,V05427,Sim,7.0,2.19435736677116,2.6615969581749046,NÃO,319.0,263.0,Domínio aplicável = Sim + Não; Não declarado coincide com ausência/não aplicação de calçada.
E09,Rampa para cadeirante,Faces,3556503001,V05428,Não,256.0,80.25078369905955,97.33840304182509,NÃO,319.0,263.0,Domínio aplicável = Sim + Não; Não declarado coincide com ausência/não aplicação de calçada.
E09,Rampa para cadeirante,Faces,3556503001,V05429,Não declarado,56.0,17.55485893416928,,SIM,319.0,263.0,Domínio aplicável = Sim + Não; Não declarado coincide com ausência/não aplicação de calçada.
E10,Arborização,Domicílios,3556503001,V05030,Sem árvores,1331.0,26.91607684529828,26.91607684529828,NÃO,4945.0,4945.0,Domínio aplicável = classes substantivas de arborização; Saltado fica fora.
E10,Arborização,Domicílios,3556503001,V05031,1 a 2 árvores,1650.0,33.367037411526795,33.367037411526795,NÃO,4945.0,4945.0,Domínio aplicável = classes substantivas de arborização; Saltado fica fora.
E10,Arborização,Domicílios,3556503001,V05032,3 a 4 árvores,786.0,15.894843276036399,15.894843276036399,NÃO,4945.0,4945.0,Domínio aplicável = classes substantivas de arborização; Saltado fica fora.
E10,Arborização,Domicílios,3556503001,V05033,5 ou mais árvores,1178.0,23.822042467138523,23.822042467138523,NÃO,4945.0,4945.0,Domínio aplicável = classes substantivas de arborização; Saltado fica fora.
E10,Arborização,Domicílios,3556503001,V05034,Saltado,0.0,0.0,,SIM,4945.0,4945.0,Domínio aplicável = classes substantivas de arborização; Saltado fica fora.
E10,Arborização,Moradores,3556503001,V05230,Sem árvores,3926.0,27.092678214063902,27.092678214063902,NÃO,14491.0,14491.0,Domínio aplicável = classes substantivas de arborização; Saltado fica fora.
E10,Arborização,Moradores,3556503001,V05231,1 a 2 árvores,4879.0,33.66917397005037,33.66917397005037,NÃO,14491.0,14491.0,Domínio aplicável = classes substantivas de arborização; Saltado fica fora.
E10,Arborização,Moradores,3556503001,V05232,3 a 4 árvores,2253.0,15.547581257332139,15.547581257332139,NÃO,14491.0,14491.0,Domínio aplicável = classes substantivas de arborização; Saltado fica fora.
E10,Arborização,Moradores,3556503001,V05233,5 ou mais árvores,3433.0,23.690566558553584,23.690566558553584,NÃO,14491.0,14491.0,Domínio aplicável = classes substantivas de arborização; Saltado fica fora.
E10,Arborização,Moradores,3556503001,V05234,Saltado,0.0,0.0,,SIM,14491.0,14491.0,Domínio aplicável = classes substantivas de arborização; Saltado fica fora.
E10,Arborização,Faces,3556503001,V05430,Sem árvores,130.0,40.75235109717868,40.75235109717868,NÃO,319.0,319.0,Domínio aplicável = classes substantivas de arborização; Saltado fica fora.
E10,Arborização,Faces,3556503001,V05431,1 a 2 árvores,83.0,26.01880877742947,26.01880877742947,NÃO,319.0,319.0,Domínio aplicável = classes substantivas de arborização; Saltado fica fora.
E10,Arborização,Faces,3556503001,V05432,3 a 4 árvores,40.0,12.539184952978054,12.539184952978054,NÃO,319.0,319.0,Domínio aplicável = classes substantivas de arborização; Saltado fica fora.
E10,Arborização,Faces,3556503001,V05433,5 ou mais árvores,66.0,20.689655172413794,20.689655172413794,NÃO,319.0,319.0,Domínio aplicável = classes substantivas de arborização; Saltado fica fora.
E10,Arborização,Faces,3556503001,V05434,Saltado,0.0,0.0,,SIM,319.0,319.0,Domínio aplicável = classes substantivas de arborização; Saltado fica fora.
E01,Circulação da via,Domicílios,3556503002,V05001,"Caminhão, ônibus",5285.0,84.4924060751399,84.57353176508241,NÃO,6255.0,6249.0,Domínio aplicável = categorias substantivas de circulação; Saltado fica fora.
E01,Circulação da via,Domicílios,3556503002,V05002,Carros de passeio ou van,529.0,8.457234212629897,8.465354456713074,NÃO,6255.0,6249.0,Domínio aplicável = categorias substantivas de circulação; Saltado fica fora.
E01,Circulação da via,Domicílios,3556503002,V05003,"Pedestres, bicicletas e motocicletas",435.0,6.954436450839328,6.9611137782045125,NÃO,6255.0,6249.0,Domínio aplicável = categorias substantivas de circulação; Saltado fica fora.
E01,Circulação da via,Domicílios,3556503002,V05004,Aquavia,0.0,0.0,0.0,NÃO,6255.0,6249.0,Domínio aplicável = categorias substantivas de circulação; Saltado fica fora.
E01,Circulação da via,Domicílios,3556503002,V05005,Saltado,6.0,0.09592326139088729,,SIM,6255.0,6249.0,Domínio aplicável = categorias substantivas de circulação; Saltado fica fora.
E01,Circulação da via,Moradores,3556503002,V05201,"Caminhão, ônibus",15847.0,83.39648458057046,83.47995574988147,NÃO,19002.0,18983.0,Domínio aplicável = categorias substantivas de circulação; Saltado fica fora.
E01,Circulação da via,Moradores,3556503002,V05202,Carros de passeio ou van,1675.0,8.814861593516472,8.823684349154506,NÃO,19002.0,18983.0,Domínio aplicável = categorias substantivas de circulação; Saltado fica fora.
E01,Circulação da via,Moradores,3556503002,V05203,"Pedestres, bicicletas e motocicletas",1461.0,7.688664351120934,7.69635990096402,NÃO,19002.0,18983.0,Domínio aplicável = categorias substantivas de circulação; Saltado fica fora.
E01,Circulação da via,Moradores,3556503002,V05204,Aquavia,0.0,0.0,0.0,NÃO,19002.0,18983.0,Domínio aplicável = categorias substantivas de circulação; Saltado fica fora.
E01,Circulação da via,Moradores,3556503002,V05205,Saltado,19.0,0.09998947479212715,,SIM,19002.0,18983.0,Domínio aplicável = categorias substantivas de circulação; Saltado fica fora.
E01,Circulação da via,Faces,3556503002,V05401,"Caminhão, ônibus",373.0,68.06569343065694,68.44036697247707,NÃO,548.0,545.0,Domínio aplicável = categorias substantivas de circulação; Saltado fica fora.
E01,Circulação da via,Faces,3556503002,V05402,Carros de passeio ou van,58.0,10.583941605839415,10.642201834862385,NÃO,548.0,545.0,Domínio aplicável = categorias substantivas de circulação; Saltado fica fora.
E01,Circulação da via,Faces,3556503002,V05403,"Pedestres, bicicletas e motocicletas",114.0,20.802919708029197,20.91743119266055,NÃO,548.0,545.0,Domínio aplicável = categorias substantivas de circulação; Saltado fica fora.
E01,Circulação da via,Faces,3556503002,V05404,Aquavia,0.0,0.0,0.0,NÃO,548.0,545.0,Domínio aplicável = categorias substantivas de circulação; Saltado fica fora.
E01,Circulação da via,Faces,3556503002,V05405,Saltado,3.0,0.5474452554744526,,SIM,548.0,545.0,Domínio aplicável = categorias substantivas de circulação; Saltado fica fora.
E02,Pavimentação,Domicílios,3556503002,V05006,Sim,5878.0,93.97282174260592,94.06305008801408,NÃO,6255.0,6249.0,Domínio aplicável = Sim + Não; Não declarado coincide com circulação Aquavia + Saltado.
E02,Pavimentação,Domicílios,3556503002,V05007,Não,371.0,5.931254996003197,5.936949911985918,NÃO,6255.0,6249.0,Domínio aplicável = Sim + Não; Não declarado coincide com circulação Aquavia + Saltado.
E02,Pavimentação,Domicílios,3556503002,V05008,Não declarado,6.0,0.09592326139088729,,SIM,6255.0,6249.0,Domínio aplicável = Sim + Não; Não declarado coincide com circulação Aquavia + Saltado.
E02,Pavimentação,Moradores,3556503002,V05206,Sim,17824.0,93.80065256288812,93.8945372175104,NÃO,19002.0,18983.0,Domínio aplicável = Sim + Não; Não declarado coincide com circulação Aquavia + Saltado.
E02,Pavimentação,Moradores,3556503002,V05207,Não,1159.0,6.099357962319756,6.105462782489596,NÃO,19002.0,18983.0,Domínio aplicável = Sim + Não; Não declarado coincide com circulação Aquavia + Saltado.
E02,Pavimentação,Moradores,3556503002,V05208,Não declarado,19.0,0.09998947479212715,,SIM,19002.0,18983.0,Domínio aplicável = Sim + Não; Não declarado coincide com circulação Aquavia + Saltado.
E02,Pavimentação,Faces,3556503002,V05406,Sim,501.0,91.42335766423358,91.92660550458716,NÃO,548.0,545.0,Domínio aplicável = Sim + Não; Não declarado coincide com circulação Aquavia + Saltado.
E02,Pavimentação,Faces,3556503002,V05407,Não,44.0,8.02919708029197,8.073394495412845,NÃO,548.0,545.0,Domínio aplicável = Sim + Não; Não declarado coincide com circulação Aquavia + Saltado.
E02,Pavimentação,Faces,3556503002,V05408,Não declarado,3.0,0.5474452554744526,,SIM,548.0,545.0,Domínio aplicável = Sim + Não; Não declarado coincide com circulação Aquavia + Saltado.
E03,Bueiro / boca de lobo,Domicílios,3556503002,V05009,Sim,5568.0,89.0167865707434,89.10225636101777,NÃO,6255.0,6249.0,Domínio aplicável = Sim + Não; Não declarado coincide com circulação Aquavia + Saltado.
E03,Bueiro / boca de lobo,Domicílios,3556503002,V05010,Não,681.0,10.887290167865707,10.897743638982236,NÃO,6255.0,6249.0,Domínio aplicável = Sim + Não; Não declarado coincide com circulação Aquavia + Saltado.
E03,Bueiro / boca de lobo,Domicílios,3556503002,V05011,Não declarado,6.0,0.09592326139088729,,SIM,6255.0,6249.0,Domínio aplicável = Sim + Não; Não declarado coincide com circulação Aquavia + Saltado.
E03,Bueiro / boca de lobo,Moradores,3556503002,V05209,Sim,16867.0,88.76434059572676,88.85318442817257,NÃO,19002.0,18983.0,Domínio aplicável = Sim + Não; Não declarado coincide com circulação Aquavia + Saltado.
E03,Bueiro / boca de lobo,Moradores,3556503002,V05210,Não,2116.0,11.135669929481107,11.146815571827425,NÃO,19002.0,18983.0,Domínio aplicável = Sim + Não; Não declarado coincide com circulação Aquavia + Saltado.
E03,Bueiro / boca de lobo,Moradores,3556503002,V05211,Não declarado,19.0,0.09998947479212715,,SIM,19002.0,18983.0,Domínio aplicável = Sim + Não; Não declarado coincide com circulação Aquavia + Saltado.
E03,Bueiro / boca de lobo,Faces,3556503002,V05409,Sim,446.0,81.38686131386861,81.8348623853211,NÃO,548.0,545.0,Domínio aplicável = Sim + Não; Não declarado coincide com circulação Aquavia + Saltado.
E03,Bueiro / boca de lobo,Faces,3556503002,V05410,Não,99.0,18.065693430656935,18.1651376146789,NÃO,548.0,545.0,Domínio aplicável = Sim + Não; Não declarado coincide com circulação Aquavia + Saltado.
E03,Bueiro / boca de lobo,Faces,3556503002,V05411,Não declarado,3.0,0.5474452554744526,,SIM,548.0,545.0,Domínio aplicável = Sim + Não; Não declarado coincide com circulação Aquavia + Saltado.
E04,Iluminação pública,Domicílios,3556503002,V05012,Sim,5923.0,94.69224620303757,94.78316530644904,NÃO,6255.0,6249.0,Domínio aplicável = Sim + Não; Não declarado coincide com circulação Aquavia + Saltado.
E04,Iluminação pública,Domicílios,3556503002,V05013,Não,326.0,5.211830535571543,5.216834693550968,NÃO,6255.0,6249.0,Domínio aplicável = Sim + Não; Não declarado coincide com circulação Aquavia + Saltado.
E04,Iluminação pública,Domicílios,3556503002,V05014,Não declarado,6.0,0.09592326139088729,,SIM,6255.0,6249.0,Domínio aplicável = Sim + Não; Não declarado coincide com circulação Aquavia + Saltado.
E04,Iluminação pública,Moradores,3556503002,V05212,Sim,17913.0,94.26902431323019,94.36337775904758,NÃO,19002.0,18983.0,Domínio aplicável = Sim + Não; Não declarado coincide com circulação Aquavia + Saltado.
E04,Iluminação pública,Moradores,3556503002,V05213,Não,1070.0,5.630986211977686,5.636622240952431,NÃO,19002.0,18983.0,Domínio aplicável = Sim + Não; Não declarado coincide com circulação Aquavia + Saltado.
E04,Iluminação pública,Moradores,3556503002,V05214,Não declarado,19.0,0.09998947479212715,,SIM,19002.0,18983.0,Domínio aplicável = Sim + Não; Não declarado coincide com circulação Aquavia + Saltado.
E04,Iluminação pública,Faces,3556503002,V05412,Sim,485.0,88.5036496350365,88.9908256880734,NÃO,548.0,545.0,Domínio aplicável = Sim + Não; Não declarado coincide com circulação Aquavia + Saltado.
E04,Iluminação pública,Faces,3556503002,V05413,Não,60.0,10.948905109489052,11.009174311926607,NÃO,548.0,545.0,Domínio aplicável = Sim + Não; Não declarado coincide com circulação Aquavia + Saltado.
E04,Iluminação pública,Faces,3556503002,V05414,Não declarado,3.0,0.5474452554744526,,SIM,548.0,545.0,Domínio aplicável = Sim + Não; Não declarado coincide com circulação Aquavia + Saltado.
E05,Ponto de ônibus,Domicílios,3556503002,V05015,Sim,350.0,5.595523581135091,5.600896143382942,NÃO,6255.0,6249.0,Domínio aplicável = Sim + Não; Não declarado coincide com circulação Aquavia + Saltado.
E05,Ponto de ônibus,Domicílios,3556503002,V05016,Não,5899.0,94.30855315747402,94.39910385661706,NÃO,6255.0,6249.0,Domínio aplicável = Sim + Não; Não declarado coincide com circulação Aquavia + Saltado.
E05,Ponto de ônibus,Domicílios,3556503002,V05017,Não declarado,6.0,0.09592326139088729,,SIM,6255.0,6249.0,Domínio aplicável = Sim + Não; Não declarado coincide com circulação Aquavia + Saltado.
E05,Ponto de ônibus,Moradores,3556503002,V05215,Sim,993.0,5.225765708872751,5.230996154453985,NÃO,19002.0,18983.0,Domínio aplicável = Sim + Não; Não declarado coincide com circulação Aquavia + Saltado.
E05,Ponto de ônibus,Moradores,3556503002,V05216,Não,17990.0,94.67424481633512,94.76900384554602,NÃO,19002.0,18983.0,Domínio aplicável = Sim + Não; Não declarado coincide com circulação Aquavia + Saltado.
E05,Ponto de ônibus,Moradores,3556503002,V05217,Não declarado,19.0,0.09998947479212715,,SIM,19002.0,18983.0,Domínio aplicável = Sim + Não; Não declarado coincide com circulação Aquavia + Saltado.
E05,Ponto de ônibus,Faces,3556503002,V05415,Sim,35.0,6.386861313868613,6.422018348623854,NÃO,548.0,545.0,Domínio aplicável = Sim + Não; Não declarado coincide com circulação Aquavia + Saltado.
E05,Ponto de ônibus,Faces,3556503002,V05416,Não,510.0,93.06569343065694,93.57798165137615,NÃO,548.0,545.0,Domínio aplicável = Sim + Não; Não declarado coincide com circulação Aquavia + Saltado.
E05,Ponto de ônibus,Faces,3556503002,V05417,Não declarado,3.0,0.5474452554744526,,SIM,548.0,545.0,Domínio aplicável = Sim + Não; Não declarado coincide com circulação Aquavia + Saltado.
E06,Via sinalizada para bicicleta,Domicílios,3556503002,V05018,Sim,0.0,0.0,0.0,NÃO,6255.0,6249.0,Domínio aplicável = Sim + Não; Não declarado coincide com circulação Aquavia + Saltado.
E06,Via sinalizada para bicicleta,Domicílios,3556503002,V05019,Não,6249.0,99.90407673860912,100.0,NÃO,6255.0,6249.0,Domínio aplicável = Sim + Não; Não declarado coincide com circulação Aquavia + Saltado.
E06,Via sinalizada para bicicleta,Domicílios,3556503002,V05020,Não declarado,6.0,0.09592326139088729,,SIM,6255.0,6249.0,Domínio aplicável = Sim + Não; Não declarado coincide com circulação Aquavia + Saltado.
E06,Via sinalizada para bicicleta,Moradores,3556503002,V05218,Sim,0.0,0.0,0.0,NÃO,19002.0,18983.0,Domínio aplicável = Sim + Não; Não declarado coincide com circulação Aquavia + Saltado.
E06,Via sinalizada para bicicleta,Moradores,3556503002,V05219,Não,18983.0,99.90001052520788,100.0,NÃO,19002.0,18983.0,Domínio aplicável = Sim + Não; Não declarado coincide com circulação Aquavia + Saltado.
E06,Via sinalizada para bicicleta,Moradores,3556503002,V05220,Não declarado,19.0,0.09998947479212715,,SIM,19002.0,18983.0,Domínio aplicável = Sim + Não; Não declarado coincide com circulação Aquavia + Saltado.
E06,Via sinalizada para bicicleta,Faces,3556503002,V05418,Sim,1.0,0.18248175182481752,0.1834862385321101,NÃO,548.0,545.0,Domínio aplicável = Sim + Não; Não declarado coincide com circulação Aquavia + Saltado.
E06,Via sinalizada para bicicleta,Faces,3556503002,V05419,Não,544.0,99.27007299270073,99.81651376146789,NÃO,548.0,545.0,Domínio aplicável = Sim + Não; Não declarado coincide com circulação Aquavia + Saltado.
E06,Via sinalizada para bicicleta,Faces,3556503002,V05420,Não declarado,3.0,0.5474452554744526,,SIM,548.0,545.0,Domínio aplicável = Sim + Não; Não declarado coincide com circulação Aquavia + Saltado.
E07,Calçada,Domicílios,3556503002,V05021,Sim,4689.0,74.96402877697842,75.03600576092174,NÃO,6255.0,6249.0,Domínio aplicável = Sim + Não; Não declarado coincide com circulação Aquavia + Saltado.
E07,Calçada,Domicílios,3556503002,V05022,Não,1560.0,24.940047961630697,24.963994239078254,NÃO,6255.0,6249.0,Domínio aplicável = Sim + Não; Não declarado coincide com circulação Aquavia + Saltado.
E07,Calçada,Domicílios,3556503002,V05023,Não declarado,6.0,0.09592326139088729,,SIM,6255.0,6249.0,Domínio aplicável = Sim + Não; Não declarado coincide com circulação Aquavia + Saltado.
E07,Calçada,Moradores,3556503002,V05221,Sim,14020.0,73.78170718871698,73.85555497023653,NÃO,19002.0,18983.0,Domínio aplicável = Sim + Não; Não declarado coincide com circulação Aquavia + Saltado.
E07,Calçada,Moradores,3556503002,V05222,Não,4963.0,26.118303336490893,26.144445029763475,NÃO,19002.0,18983.0,Domínio aplicável = Sim + Não; Não declarado coincide com circulação Aquavia + Saltado.
E07,Calçada,Moradores,3556503002,V05223,Não declarado,19.0,0.09998947479212715,,SIM,19002.0,18983.0,Domínio aplicável = Sim + Não; Não declarado coincide com circulação Aquavia + Saltado.
E07,Calçada,Faces,3556503002,V05421,Sim,334.0,60.94890510948905,61.284403669724774,NÃO,548.0,545.0,Domínio aplicável = Sim + Não; Não declarado coincide com circulação Aquavia + Saltado.
E07,Calçada,Faces,3556503002,V05422,Não,211.0,38.503649635036496,38.71559633027523,NÃO,548.0,545.0,Domínio aplicável = Sim + Não; Não declarado coincide com circulação Aquavia + Saltado.
E07,Calçada,Faces,3556503002,V05423,Não declarado,3.0,0.5474452554744526,,SIM,548.0,545.0,Domínio aplicável = Sim + Não; Não declarado coincide com circulação Aquavia + Saltado.
E08,Obstáculo na calçada,Domicílios,3556503002,V05024,Sim,4633.0,74.06874500399681,98.80571550437193,NÃO,6255.0,4689.0,Domínio aplicável = Sim + Não; Não declarado coincide com ausência/não aplicação de calçada.
E08,Obstáculo na calçada,Domicílios,3556503002,V05025,Não,56.0,0.8952837729816147,1.1942844956280656,NÃO,6255.0,4689.0,Domínio aplicável = Sim + Não; Não declarado coincide com ausência/não aplicação de calçada.
E08,Obstáculo na calçada,Domicílios,3556503002,V05026,Não declarado,1566.0,25.03597122302158,,SIM,6255.0,4689.0,Domínio aplicável = Sim + Não; Não declarado coincide com ausência/não aplicação de calçada.
E08,Obstáculo na calçada,Moradores,3556503002,V05224,Sim,13871.0,72.99757920218924,98.93723252496433,NÃO,19002.0,14020.0,Domínio aplicável = Sim + Não; Não declarado coincide com ausência/não aplicação de calçada.
E08,Obstáculo na calçada,Moradores,3556503002,V05225,Não,149.0,0.7841279865277339,1.0627674750356633,NÃO,19002.0,14020.0,Domínio aplicável = Sim + Não; Não declarado coincide com ausência/não aplicação de calçada.
E08,Obstáculo na calçada,Moradores,3556503002,V05226,Não declarado,4982.0,26.21829281128302,,SIM,19002.0,14020.0,Domínio aplicável = Sim + Não; Não declarado coincide com ausência/não aplicação de calçada.
E08,Obstáculo na calçada,Faces,3556503002,V05424,Sim,318.0,58.02919708029197,95.20958083832335,NÃO,548.0,334.0,Domínio aplicável = Sim + Não; Não declarado coincide com ausência/não aplicação de calçada.
E08,Obstáculo na calçada,Faces,3556503002,V05425,Não,16.0,2.9197080291970803,4.790419161676647,NÃO,548.0,334.0,Domínio aplicável = Sim + Não; Não declarado coincide com ausência/não aplicação de calçada.
E08,Obstáculo na calçada,Faces,3556503002,V05426,Não declarado,214.0,39.05109489051095,,SIM,548.0,334.0,Domínio aplicável = Sim + Não; Não declarado coincide com ausência/não aplicação de calçada.
E09,Rampa para cadeirante,Domicílios,3556503002,V05027,Sim,15.0,0.2398081534772182,0.3198976327575176,NÃO,6255.0,4689.0,Domínio aplicável = Sim + Não; Não declarado coincide com ausência/não aplicação de calçada.
E09,Rampa para cadeirante,Domicílios,3556503002,V05028,Não,4674.0,74.7242206235012,99.68010236724248,NÃO,6255.0,4689.0,Domínio aplicável = Sim + Não; Não declarado coincide com ausência/não aplicação de calçada.
E09,Rampa para cadeirante,Domicílios,3556503002,V05029,Não declarado,1566.0,25.03597122302158,,SIM,6255.0,4689.0,Domínio aplicável = Sim + Não; Não declarado coincide com ausência/não aplicação de calçada.
E09,Rampa para cadeirante,Moradores,3556503002,V05227,Sim,38.0,0.1999789495842543,0.2710413694721826,NÃO,19002.0,14020.0,Domínio aplicável = Sim + Não; Não declarado coincide com ausência/não aplicação de calçada.
E09,Rampa para cadeirante,Moradores,3556503002,V05228,Não,13982.0,73.58172823913273,99.72895863052781,NÃO,19002.0,14020.0,Domínio aplicável = Sim + Não; Não declarado coincide com ausência/não aplicação de calçada.
E09,Rampa para cadeirante,Moradores,3556503002,V05229,Não declarado,4982.0,26.21829281128302,,SIM,19002.0,14020.0,Domínio aplicável = Sim + Não; Não declarado coincide com ausência/não aplicação de calçada.
E09,Rampa para cadeirante,Faces,3556503002,V05427,Sim,3.0,0.5474452554744526,0.8982035928143712,NÃO,548.0,334.0,Domínio aplicável = Sim + Não; Não declarado coincide com ausência/não aplicação de calçada.
E09,Rampa para cadeirante,Faces,3556503002,V05428,Não,331.0,60.4014598540146,99.10179640718563,NÃO,548.0,334.0,Domínio aplicável = Sim + Não; Não declarado coincide com ausência/não aplicação de calçada.
E09,Rampa para cadeirante,Faces,3556503002,V05429,Não declarado,214.0,39.05109489051095,,SIM,548.0,334.0,Domínio aplicável = Sim + Não; Não declarado coincide com ausência/não aplicação de calçada.
E10,Arborização,Domicílios,3556503002,V05030,Sem árvores,3718.0,59.44044764188649,59.4975196031365,NÃO,6255.0,6249.0,Domínio aplicável = classes substantivas de arborização; Saltado fica fora.
E10,Arborização,Domicílios,3556503002,V05031,1 a 2 árvores,1431.0,22.87769784172662,22.899663946231396,NÃO,6255.0,6249.0,Domínio aplicável = classes substantivas de arborização; Saltado fica fora.
E10,Arborização,Domicílios,3556503002,V05032,3 a 4 árvores,371.0,5.931254996003197,5.936949911985918,NÃO,6255.0,6249.0,Domínio aplicável = classes substantivas de arborização; Saltado fica fora.
E10,Arborização,Domicílios,3556503002,V05033,5 ou mais árvores,729.0,11.654676258992806,11.665866538646183,NÃO,6255.0,6249.0,Domínio aplicável = classes substantivas de arborização; Saltado fica fora.
E10,Arborização,Domicílios,3556503002,V05034,Saltado,6.0,0.09592326139088729,,SIM,6255.0,6249.0,Domínio aplicável = classes substantivas de arborização; Saltado fica fora.
E10,Arborização,Moradores,3556503002,V05230,Sem árvores,11556.0,60.81465108935902,60.87552020228626,NÃO,19002.0,18983.0,Domínio aplicável = classes substantivas de arborização; Saltado fica fora.
E10,Arborização,Moradores,3556503002,V05231,1 a 2 árvores,4195.0,22.076623513314388,22.098719907285467,NÃO,19002.0,18983.0,Domínio aplicável = classes substantivas de arborização; Saltado fica fora.
E10,Arborização,Moradores,3556503002,V05232,3 a 4 árvores,1057.0,5.5625723608041255,5.568139914660486,NÃO,19002.0,18983.0,Domínio aplicável = classes substantivas de arborização; Saltado fica fora.
E10,Arborização,Moradores,3556503002,V05233,5 ou mais árvores,2175.0,11.446163561730344,11.457619975767793,NÃO,19002.0,18983.0,Domínio aplicável = classes substantivas de arborização; Saltado fica fora.
E10,Arborização,Moradores,3556503002,V05234,Saltado,19.0,0.09998947479212715,,SIM,19002.0,18983.0,Domínio aplicável = classes substantivas de arborização; Saltado fica fora.
E10,Arborização,Faces,3556503002,V05430,Sem árvores,360.0,65.69343065693431,66.05504587155964,NÃO,548.0,545.0,Domínio aplicável = classes substantivas de arborização; Saltado fica fora.
E10,Arborização,Faces,3556503002,V05431,1 a 2 árvores,84.0,15.328467153284672,15.412844036697248,NÃO,548.0,545.0,Domínio aplicável = classes substantivas de arborização; Saltado fica fora.
E10,Arborização,Faces,3556503002,V05432,3 a 4 árvores,28.0,5.109489051094891,5.137614678899083,NÃO,548.0,545.0,Domínio aplicável = classes substantivas de arborização; Saltado fica fora.
E10,Arborização,Faces,3556503002,V05433,5 ou mais árvores,73.0,13.321167883211679,13.394495412844037,NÃO,548.0,545.0,Domínio aplicável = classes substantivas de arborização; Saltado fica fora.
E10,Arborização,Faces,3556503002,V05434,Saltado,3.0,0.5474452554744526,,SIM,548.0,545.0,Domínio aplicável = classes substantivas de arborização; Saltado fica fora.
E01,Circulação da via,Domicílios,3556503003,V05001,"Caminhão, ônibus",4725.0,95.93908629441624,96.11472742066721,NÃO,4925.0,4916.0,Domínio aplicável = categorias substantivas de circulação; Saltado fica fora.
E01,Circulação da via,Domicílios,3556503003,V05002,Carros de passeio ou van,188.0,3.817258883248731,3.8242473555736374,NÃO,4925.0,4916.0,Domínio aplicável = categorias substantivas de circulação; Saltado fica fora.
E01,Circulação da via,Domicílios,3556503003,V05003,"Pedestres, bicicletas e motocicletas",3.0,0.06091370558375635,0.061025223759153785,NÃO,4925.0,4916.0,Domínio aplicável = categorias substantivas de circulação; Saltado fica fora.
E01,Circulação da via,Domicílios,3556503003,V05004,Aquavia,0.0,0.0,0.0,NÃO,4925.0,4916.0,Domínio aplicável = categorias substantivas de circulação; Saltado fica fora.
E01,Circulação da via,Domicílios,3556503003,V05005,Saltado,9.0,0.18274111675126903,,SIM,4925.0,4916.0,Domínio aplicável = categorias substantivas de circulação; Saltado fica fora.
E01,Circulação da via,Moradores,3556503003,V05201,"Caminhão, ônibus",13606.0,95.9182234755023,96.10114422941093,NÃO,14185.0,14158.0,Domínio aplicável = categorias substantivas de circulação; Saltado fica fora.
E01,Circulação da via,Moradores,3556503003,V05202,Carros de passeio ou van,547.0,3.856186112090236,3.8635400480293827,NÃO,14185.0,14158.0,Domínio aplicável = categorias substantivas de circulação; Saltado fica fora.
E01,Circulação da via,Moradores,3556503003,V05203,"Pedestres, bicicletas e motocicletas",5.0,0.035248501938667604,0.03531572255968357,NÃO,14185.0,14158.0,Domínio aplicável = categorias substantivas de circulação; Saltado fica fora.
E01,Circulação da via,Moradores,3556503003,V05204,Aquavia,0.0,0.0,0.0,NÃO,14185.0,14158.0,Domínio aplicável = categorias substantivas de circulação; Saltado fica fora.
E01,Circulação da via,Moradores,3556503003,V05205,Saltado,27.0,0.19034191046880508,,SIM,14185.0,14158.0,Domínio aplicável = categorias substantivas de circulação; Saltado fica fora.
E01,Circulação da via,Faces,3556503003,V05401,"Caminhão, ônibus",445.0,86.24031007751938,89.53722334004024,NÃO,516.0,497.0,Domínio aplicável = categorias substantivas de circulação; Saltado fica fora.
E01,Circulação da via,Faces,3556503003,V05402,Carros de passeio ou van,39.0,7.55813953488372,7.847082494969819,NÃO,516.0,497.0,Domínio aplicável = categorias substantivas de circulação; Saltado fica fora.
E01,Circulação da via,Faces,3556503003,V05403,"Pedestres, bicicletas e motocicletas",13.0,2.5193798449612403,2.61569416498994,NÃO,516.0,497.0,Domínio aplicável = categorias substantivas de circulação; Saltado fica fora.
E01,Circulação da via,Faces,3556503003,V05404,Aquavia,0.0,0.0,0.0,NÃO,516.0,497.0,Domínio aplicável = categorias substantivas de circulação; Saltado fica fora.
E01,Circulação da via,Faces,3556503003,V05405,Saltado,19.0,3.6821705426356592,,SIM,516.0,497.0,Domínio aplicável = categorias substantivas de circulação; Saltado fica fora.
E02,Pavimentação,Domicílios,3556503003,V05006,Sim,4634.0,94.09137055837563,94.26362896663954,NÃO,4925.0,4916.0,Domínio aplicável = Sim + Não; Não declarado coincide com circulação Aquavia + Saltado.
E02,Pavimentação,Domicílios,3556503003,V05007,Não,282.0,5.725888324873097,5.736371033360456,NÃO,4925.0,4916.0,Domínio aplicável = Sim + Não; Não declarado coincide com circulação Aquavia + Saltado.
E02,Pavimentação,Domicílios,3556503003,V05008,Não declarado,9.0,0.18274111675126903,,SIM,4925.0,4916.0,Domínio aplicável = Sim + Não; Não declarado coincide com circulação Aquavia + Saltado.
E02,Pavimentação,Moradores,3556503003,V05206,Sim,13335.0,94.00775467042651,94.18703206667608,NÃO,14185.0,14158.0,Domínio aplicável = Sim + Não; Não declarado coincide com circulação Aquavia + Saltado.
E02,Pavimentação,Moradores,3556503003,V05207,Não,823.0,5.801903419104688,5.8129679333239155,NÃO,14185.0,14158.0,Domínio aplicável = Sim + Não; Não declarado coincide com circulação Aquavia + Saltado.
E02,Pavimentação,Moradores,3556503003,V05208,Não declarado,27.0,0.19034191046880508,,SIM,14185.0,14158.0,Domínio aplicável = Sim + Não; Não declarado coincide com circulação Aquavia + Saltado.
E02,Pavimentação,Faces,3556503003,V05406,Sim,409.0,79.26356589147287,82.29376257545272,NÃO,516.0,497.0,Domínio aplicável = Sim + Não; Não declarado coincide com circulação Aquavia + Saltado.
E02,Pavimentação,Faces,3556503003,V05407,Não,88.0,17.05426356589147,17.706237424547282,NÃO,516.0,497.0,Domínio aplicável = Sim + Não; Não declarado coincide com circulação Aquavia + Saltado.
E02,Pavimentação,Faces,3556503003,V05408,Não declarado,19.0,3.6821705426356592,,SIM,516.0,497.0,Domínio aplicável = Sim + Não; Não declarado coincide com circulação Aquavia + Saltado.
E03,Bueiro / boca de lobo,Domicílios,3556503003,V05009,Sim,3721.0,75.55329949238579,75.69161920260375,NÃO,4925.0,4916.0,Domínio aplicável = Sim + Não; Não declarado coincide com circulação Aquavia + Saltado.
E03,Bueiro / boca de lobo,Domicílios,3556503003,V05010,Não,1195.0,24.263959390862944,24.308380797396257,NÃO,4925.0,4916.0,Domínio aplicável = Sim + Não; Não declarado coincide com circulação Aquavia + Saltado.
E03,Bueiro / boca de lobo,Domicílios,3556503003,V05011,Não declarado,9.0,0.18274111675126903,,SIM,4925.0,4916.0,Domínio aplicável = Sim + Não; Não declarado coincide com circulação Aquavia + Saltado.
E03,Bueiro / boca de lobo,Moradores,3556503003,V05209,Sim,10726.0,75.61508635882976,75.7592880350332,NÃO,14185.0,14158.0,Domínio aplicável = Sim + Não; Não declarado coincide com circulação Aquavia + Saltado.
E03,Bueiro / boca de lobo,Moradores,3556503003,V05210,Não,3432.0,24.194571730701444,24.240711964966806,NÃO,14185.0,14158.0,Domínio aplicável = Sim + Não; Não declarado coincide com circulação Aquavia + Saltado.
E03,Bueiro / boca de lobo,Moradores,3556503003,V05211,Não declarado,27.0,0.19034191046880508,,SIM,14185.0,14158.0,Domínio aplicável = Sim + Não; Não declarado coincide com circulação Aquavia + Saltado.
E03,Bueiro / boca de lobo,Faces,3556503003,V05409,Sim,303.0,58.720930232558146,60.96579476861167,NÃO,516.0,497.0,Domínio aplicável = Sim + Não; Não declarado coincide com circulação Aquavia + Saltado.
E03,Bueiro / boca de lobo,Faces,3556503003,V05410,Não,194.0,37.5968992248062,39.03420523138833,NÃO,516.0,497.0,Domínio aplicável = Sim + Não; Não declarado coincide com circulação Aquavia + Saltado.
E03,Bueiro / boca de lobo,Faces,3556503003,V05411,Não declarado,19.0,3.6821705426356592,,SIM,516.0,497.0,Domínio aplicável = Sim + Não; Não declarado coincide com circulação Aquavia + Saltado.
E04,Iluminação pública,Domicílios,3556503003,V05012,Sim,4867.0,98.82233502538071,99.00325467860048,NÃO,4925.0,4916.0,Domínio aplicável = Sim + Não; Não declarado coincide com circulação Aquavia + Saltado.
E04,Iluminação pública,Domicílios,3556503003,V05013,Não,49.0,0.9949238578680204,0.9967453213995118,NÃO,4925.0,4916.0,Domínio aplicável = Sim + Não; Não declarado coincide com circulação Aquavia + Saltado.
E04,Iluminação pública,Domicílios,3556503003,V05014,Não declarado,9.0,0.18274111675126903,,SIM,4925.0,4916.0,Domínio aplicável = Sim + Não; Não declarado coincide com circulação Aquavia + Saltado.
E04,Iluminação pública,Moradores,3556503003,V05212,Sim,14015.0,98.8015509340853,98.98997033479306,NÃO,14185.0,14158.0,Domínio aplicável = Sim + Não; Não declarado coincide com circulação Aquavia + Saltado.
E04,Iluminação pública,Moradores,3556503003,V05213,Não,143.0,1.0081071554458936,1.01002966520695,NÃO,14185.0,14158.0,Domínio aplicável = Sim + Não; Não declarado coincide com circulação Aquavia + Saltado.
E04,Iluminação pública,Moradores,3556503003,V05214,Não declarado,27.0,0.19034191046880508,,SIM,14185.0,14158.0,Domínio aplicável = Sim + Não; Não declarado coincide com circulação Aquavia + Saltado.
E04,Iluminação pública,Faces,3556503003,V05412,Sim,478.0,92.63565891472868,96.17706237424547,NÃO,516.0,497.0,Domínio aplicável = Sim + Não; Não declarado coincide com circulação Aquavia + Saltado.
E04,Iluminação pública,Faces,3556503003,V05413,Não,19.0,3.6821705426356592,3.8229376257545273,NÃO,516.0,497.0,Domínio aplicável = Sim + Não; Não declarado coincide com circulação Aquavia + Saltado.
E04,Iluminação pública,Faces,3556503003,V05414,Não declarado,19.0,3.6821705426356592,,SIM,516.0,497.0,Domínio aplicável = Sim + Não; Não declarado coincide com circulação Aquavia + Saltado.
E05,Ponto de ônibus,Domicílios,3556503003,V05015,Sim,266.0,5.401015228426396,5.4109031733116355,NÃO,4925.0,4916.0,Domínio aplicável = Sim + Não; Não declarado coincide com circulação Aquavia + Saltado.
E05,Ponto de ônibus,Domicílios,3556503003,V05016,Não,4650.0,94.41624365482234,94.58909682668836,NÃO,4925.0,4916.0,Domínio aplicável = Sim + Não; Não declarado coincide com circulação Aquavia + Saltado.
E05,Ponto de ônibus,Domicílios,3556503003,V05017,Não declarado,9.0,0.18274111675126903,,SIM,4925.0,4916.0,Domínio aplicável = Sim + Não; Não declarado coincide com circulação Aquavia + Saltado.
E05,Ponto de ônibus,Moradores,3556503003,V05215,Sim,749.0,5.280225590412408,5.290295239440599,NÃO,14185.0,14158.0,Domínio aplicável = Sim + Não; Não declarado coincide com circulação Aquavia + Saltado.
E05,Ponto de ônibus,Moradores,3556503003,V05216,Não,13409.0,94.5294324991188,94.7097047605594,NÃO,14185.0,14158.0,Domínio aplicável = Sim + Não; Não declarado coincide com circulação Aquavia + Saltado.
E05,Ponto de ônibus,Moradores,3556503003,V05217,Não declarado,27.0,0.19034191046880508,,SIM,14185.0,14158.0,Domínio aplicável = Sim + Não; Não declarado coincide com circulação Aquavia + Saltado.
E05,Ponto de ônibus,Faces,3556503003,V05415,Sim,25.0,4.844961240310078,5.030181086519115,NÃO,516.0,497.0,Domínio aplicável = Sim + Não; Não declarado coincide com circulação Aquavia + Saltado.
E05,Ponto de ônibus,Faces,3556503003,V05416,Não,472.0,91.47286821705426,94.96981891348088,NÃO,516.0,497.0,Domínio aplicável = Sim + Não; Não declarado coincide com circulação Aquavia + Saltado.
E05,Ponto de ônibus,Faces,3556503003,V05417,Não declarado,19.0,3.6821705426356592,,SIM,516.0,497.0,Domínio aplicável = Sim + Não; Não declarado coincide com circulação Aquavia + Saltado.
E06,Via sinalizada para bicicleta,Domicílios,3556503003,V05018,Sim,31.0,0.6294416243654822,0.6305939788445891,NÃO,4925.0,4916.0,Domínio aplicável = Sim + Não; Não declarado coincide com circulação Aquavia + Saltado.
E06,Via sinalizada para bicicleta,Domicílios,3556503003,V05019,Não,4885.0,99.18781725888324,99.36940602115541,NÃO,4925.0,4916.0,Domínio aplicável = Sim + Não; Não declarado coincide com circulação Aquavia + Saltado.
E06,Via sinalizada para bicicleta,Domicílios,3556503003,V05020,Não declarado,9.0,0.18274111675126903,,SIM,4925.0,4916.0,Domínio aplicável = Sim + Não; Não declarado coincide com circulação Aquavia + Saltado.
E06,Via sinalizada para bicicleta,Moradores,3556503003,V05218,Sim,89.0,0.6274233345082834,0.6286198615623676,NÃO,14185.0,14158.0,Domínio aplicável = Sim + Não; Não declarado coincide com circulação Aquavia + Saltado.
E06,Via sinalizada para bicicleta,Moradores,3556503003,V05219,Não,14069.0,99.18223475502292,99.37138013843764,NÃO,14185.0,14158.0,Domínio aplicável = Sim + Não; Não declarado coincide com circulação Aquavia + Saltado.
E06,Via sinalizada para bicicleta,Moradores,3556503003,V05220,Não declarado,27.0,0.19034191046880508,,SIM,14185.0,14158.0,Domínio aplicável = Sim + Não; Não declarado coincide com circulação Aquavia + Saltado.
E06,Via sinalizada para bicicleta,Faces,3556503003,V05418,Sim,13.0,2.5193798449612403,2.61569416498994,NÃO,516.0,497.0,Domínio aplicável = Sim + Não; Não declarado coincide com circulação Aquavia + Saltado.
E06,Via sinalizada para bicicleta,Faces,3556503003,V05419,Não,484.0,93.7984496124031,97.38430583501007,NÃO,516.0,497.0,Domínio aplicável = Sim + Não; Não declarado coincide com circulação Aquavia + Saltado.
E06,Via sinalizada para bicicleta,Faces,3556503003,V05420,Não declarado,19.0,3.6821705426356592,,SIM,516.0,497.0,Domínio aplicável = Sim + Não; Não declarado coincide com circulação Aquavia + Saltado.
E07,Calçada,Domicílios,3556503003,V05021,Sim,4489.0,91.14720812182742,91.31407648494712,NÃO,4925.0,4916.0,Domínio aplicável = Sim + Não; Não declarado coincide com circulação Aquavia + Saltado.
E07,Calçada,Domicílios,3556503003,V05022,Não,427.0,8.67005076142132,8.685923515052888,NÃO,4925.0,4916.0,Domínio aplicável = Sim + Não; Não declarado coincide com circulação Aquavia + Saltado.
E07,Calçada,Domicílios,3556503003,V05023,Não declarado,9.0,0.18274111675126903,,SIM,4925.0,4916.0,Domínio aplicável = Sim + Não; Não declarado coincide com circulação Aquavia + Saltado.
E07,Calçada,Moradores,3556503003,V05221,Sim,12889.0,90.86358829749736,91.03686961435231,NÃO,14185.0,14158.0,Domínio aplicável = Sim + Não; Não declarado coincide com circulação Aquavia + Saltado.
E07,Calçada,Moradores,3556503003,V05222,Não,1269.0,8.946069792033837,8.96313038564769,NÃO,14185.0,14158.0,Domínio aplicável = Sim + Não; Não declarado coincide com circulação Aquavia + Saltado.
E07,Calçada,Moradores,3556503003,V05223,Não declarado,27.0,0.19034191046880508,,SIM,14185.0,14158.0,Domínio aplicável = Sim + Não; Não declarado coincide com circulação Aquavia + Saltado.
E07,Calçada,Faces,3556503003,V05421,Sim,312.0,60.46511627906976,62.776659959758554,NÃO,516.0,497.0,Domínio aplicável = Sim + Não; Não declarado coincide com circulação Aquavia + Saltado.
E07,Calçada,Faces,3556503003,V05422,Não,185.0,35.85271317829458,37.223340040241446,NÃO,516.0,497.0,Domínio aplicável = Sim + Não; Não declarado coincide com circulação Aquavia + Saltado.
E07,Calçada,Faces,3556503003,V05423,Não declarado,19.0,3.6821705426356592,,SIM,516.0,497.0,Domínio aplicável = Sim + Não; Não declarado coincide com circulação Aquavia + Saltado.
E08,Obstáculo na calçada,Domicílios,3556503003,V05024,Sim,4437.0,90.09137055837564,98.84161283136555,NÃO,4925.0,4489.0,Domínio aplicável = Sim + Não; Não declarado coincide com ausência/não aplicação de calçada.
E08,Obstáculo na calçada,Domicílios,3556503003,V05025,Não,52.0,1.0558375634517767,1.1583871686344398,NÃO,4925.0,4489.0,Domínio aplicável = Sim + Não; Não declarado coincide com ausência/não aplicação de calçada.
E08,Obstáculo na calçada,Domicílios,3556503003,V05026,Não declarado,436.0,8.852791878172589,,SIM,4925.0,4489.0,Domínio aplicável = Sim + Não; Não declarado coincide com ausência/não aplicação de calçada.
E08,Obstáculo na calçada,Moradores,3556503003,V05224,Sim,12750.0,89.8836799436024,98.92156102102568,NÃO,14185.0,12889.0,Domínio aplicável = Sim + Não; Não declarado coincide com ausência/não aplicação de calçada.
E08,Obstáculo na calçada,Moradores,3556503003,V05225,Não,139.0,0.9799083538949596,1.0784389789743192,NÃO,14185.0,12889.0,Domínio aplicável = Sim + Não; Não declarado coincide com ausência/não aplicação de calçada.
E08,Obstáculo na calçada,Moradores,3556503003,V05226,Não declarado,1296.0,9.136411702502643,,SIM,14185.0,12889.0,Domínio aplicável = Sim + Não; Não declarado coincide com ausência/não aplicação de calçada.
E08,Obstáculo na calçada,Faces,3556503003,V05424,Sim,280.0,54.263565891472865,89.74358974358975,NÃO,516.0,312.0,Domínio aplicável = Sim + Não; Não declarado coincide com ausência/não aplicação de calçada.
E08,Obstáculo na calçada,Faces,3556503003,V05425,Não,32.0,6.2015503875969,10.256410256410255,NÃO,516.0,312.0,Domínio aplicável = Sim + Não; Não declarado coincide com ausência/não aplicação de calçada.
E08,Obstáculo na calçada,Faces,3556503003,V05426,Não declarado,204.0,39.53488372093023,,SIM,516.0,312.0,Domínio aplicável = Sim + Não; Não declarado coincide com ausência/não aplicação de calçada.
E09,Rampa para cadeirante,Domicílios,3556503003,V05027,Sim,41.0,0.8324873096446701,0.9133437291156159,NÃO,4925.0,4489.0,Domínio aplicável = Sim + Não; Não declarado coincide com ausência/não aplicação de calçada.
E09,Rampa para cadeirante,Domicílios,3556503003,V05028,Não,4448.0,90.31472081218274,99.08665627088439,NÃO,4925.0,4489.0,Domínio aplicável = Sim + Não; Não declarado coincide com ausência/não aplicação de calçada.
E09,Rampa para cadeirante,Domicílios,3556503003,V05029,Não declarado,436.0,8.852791878172589,,SIM,4925.0,4489.0,Domínio aplicável = Sim + Não; Não declarado coincide com ausência/não aplicação de calçada.
E09,Rampa para cadeirante,Moradores,3556503003,V05227,Sim,95.0,0.6697215368346845,0.737062611529211,NÃO,14185.0,12889.0,Domínio aplicável = Sim + Não; Não declarado coincide com ausência/não aplicação de calçada.
E09,Rampa para cadeirante,Moradores,3556503003,V05228,Não,12794.0,90.19386676066267,99.26293738847079,NÃO,14185.0,12889.0,Domínio aplicável = Sim + Não; Não declarado coincide com ausência/não aplicação de calçada.
E09,Rampa para cadeirante,Moradores,3556503003,V05229,Não declarado,1296.0,9.136411702502643,,SIM,14185.0,12889.0,Domínio aplicável = Sim + Não; Não declarado coincide com ausência/não aplicação de calçada.
E09,Rampa para cadeirante,Faces,3556503003,V05427,Sim,7.0,1.3565891472868217,2.2435897435897436,NÃO,516.0,312.0,Domínio aplicável = Sim + Não; Não declarado coincide com ausência/não aplicação de calçada.
E09,Rampa para cadeirante,Faces,3556503003,V05428,Não,305.0,59.10852713178295,97.75641025641025,NÃO,516.0,312.0,Domínio aplicável = Sim + Não; Não declarado coincide com ausência/não aplicação de calçada.
E09,Rampa para cadeirante,Faces,3556503003,V05429,Não declarado,204.0,39.53488372093023,,SIM,516.0,312.0,Domínio aplicável = Sim + Não; Não declarado coincide com ausência/não aplicação de calçada.
E10,Arborização,Domicílios,3556503003,V05030,Sem árvores,751.0,15.248730964467006,15.276647681041498,NÃO,4925.0,4916.0,Domínio aplicável = classes substantivas de arborização; Saltado fica fora.
E10,Arborização,Domicílios,3556503003,V05031,1 a 2 árvores,1352.0,27.45177664974619,27.502034174125306,NÃO,4925.0,4916.0,Domínio aplicável = classes substantivas de arborização; Saltado fica fora.
E10,Arborização,Domicílios,3556503003,V05032,3 a 4 árvores,724.0,14.700507614213198,14.727420667209113,NÃO,4925.0,4916.0,Domínio aplicável = classes substantivas de arborização; Saltado fica fora.
E10,Arborização,Domicílios,3556503003,V05033,5 ou mais árvores,2089.0,42.41624365482233,42.49389747762408,NÃO,4925.0,4916.0,Domínio aplicável = classes substantivas de arborização; Saltado fica fora.
E10,Arborização,Domicílios,3556503003,V05034,Saltado,9.0,0.18274111675126903,,SIM,4925.0,4916.0,Domínio aplicável = classes substantivas de arborização; Saltado fica fora.
E10,Arborização,Moradores,3556503003,V05230,Sem árvores,2103.0,14.825519915403596,14.85379290860291,NÃO,14185.0,14158.0,Domínio aplicável = classes substantivas de arborização; Saltado fica fora.
E10,Arborização,Moradores,3556503003,V05231,1 a 2 árvores,3863.0,27.232992597814594,27.284927249611528,NÃO,14185.0,14158.0,Domínio aplicável = classes substantivas de arborização; Saltado fica fora.
E10,Arborização,Moradores,3556503003,V05232,3 a 4 árvores,2089.0,14.726824109975325,14.754908885435796,NÃO,14185.0,14158.0,Domínio aplicável = classes substantivas de arborização; Saltado fica fora.
E10,Arborização,Moradores,3556503003,V05233,5 ou mais árvores,6103.0,43.02432146633768,43.106370956349764,NÃO,14185.0,14158.0,Domínio aplicável = classes substantivas de arborização; Saltado fica fora.
E10,Arborização,Moradores,3556503003,V05234,Saltado,27.0,0.19034191046880508,,SIM,14185.0,14158.0,Domínio aplicável = classes substantivas de arborização; Saltado fica fora.
E10,Arborização,Faces,3556503003,V05430,Sem árvores,127.0,24.612403100775193,25.553319919517104,NÃO,516.0,497.0,Domínio aplicável = classes substantivas de arborização; Saltado fica fora.
E10,Arborização,Faces,3556503003,V05431,1 a 2 árvores,121.0,23.449612403100776,24.346076458752517,NÃO,516.0,497.0,Domínio aplicável = classes substantivas de arborização; Saltado fica fora.
E10,Arborização,Faces,3556503003,V05432,3 a 4 árvores,75.0,14.534883720930234,15.090543259557343,NÃO,516.0,497.0,Domínio aplicável = classes substantivas de arborização; Saltado fica fora.
E10,Arborização,Faces,3556503003,V05433,5 ou mais árvores,174.0,33.72093023255814,35.01006036217304,NÃO,516.0,497.0,Domínio aplicável = classes substantivas de arborização; Saltado fica fora.
E10,Arborização,Faces,3556503003,V05434,Saltado,19.0,3.6821705426356592,,SIM,516.0,497.0,Domínio aplicável = classes substantivas de arborização; Saltado fica fora.
E01,Circulação da via,Domicílios,3556503004,V05001,"Caminhão, ônibus",6254.0,99.23833703586163,99.23833703586163,NÃO,6302.0,6302.0,Domínio aplicável = categorias substantivas de circulação; Saltado fica fora.
E01,Circulação da via,Domicílios,3556503004,V05002,Carros de passeio ou van,47.0,0.7457949857188194,0.7457949857188194,NÃO,6302.0,6302.0,Domínio aplicável = categorias substantivas de circulação; Saltado fica fora.
E01,Circulação da via,Domicílios,3556503004,V05003,"Pedestres, bicicletas e motocicletas",1.0,0.015867978419549348,0.015867978419549348,NÃO,6302.0,6302.0,Domínio aplicável = categorias substantivas de circulação; Saltado fica fora.
E01,Circulação da via,Domicílios,3556503004,V05004,Aquavia,0.0,0.0,0.0,NÃO,6302.0,6302.0,Domínio aplicável = categorias substantivas de circulação; Saltado fica fora.
E01,Circulação da via,Domicílios,3556503004,V05005,Saltado,0.0,0.0,,SIM,6302.0,6302.0,Domínio aplicável = categorias substantivas de circulação; Saltado fica fora.
E01,Circulação da via,Moradores,3556503004,V05201,"Caminhão, ônibus",17466.0,99.29505400795907,99.29505400795907,NÃO,17590.0,17590.0,Domínio aplicável = categorias substantivas de circulação; Saltado fica fora.
E01,Circulação da via,Moradores,3556503004,V05202,Carros de passeio ou van,122.0,0.6935758953951109,0.6935758953951109,NÃO,17590.0,17590.0,Domínio aplicável = categorias substantivas de circulação; Saltado fica fora.
E01,Circulação da via,Moradores,3556503004,V05203,"Pedestres, bicicletas e motocicletas",2.0,0.01137009664582149,0.01137009664582149,NÃO,17590.0,17590.0,Domínio aplicável = categorias substantivas de circulação; Saltado fica fora.
E01,Circulação da via,Moradores,3556503004,V05204,Aquavia,0.0,0.0,0.0,NÃO,17590.0,17590.0,Domínio aplicável = categorias substantivas de circulação; Saltado fica fora.
E01,Circulação da via,Moradores,3556503004,V05205,Saltado,0.0,0.0,,SIM,17590.0,17590.0,Domínio aplicável = categorias substantivas de circulação; Saltado fica fora.
E01,Circulação da via,Faces,3556503004,V05401,"Caminhão, ônibus",372.0,80.34557235421165,80.34557235421165,NÃO,463.0,463.0,Domínio aplicável = categorias substantivas de circulação; Saltado fica fora.
E01,Circulação da via,Faces,3556503004,V05402,Carros de passeio ou van,10.0,2.159827213822894,2.159827213822894,NÃO,463.0,463.0,Domínio aplicável = categorias substantivas de circulação; Saltado fica fora.
E01,Circulação da via,Faces,3556503004,V05403,"Pedestres, bicicletas e motocicletas",81.0,17.49460043196544,17.49460043196544,NÃO,463.0,463.0,Domínio aplicável = categorias substantivas de circulação; Saltado fica fora.
E01,Circulação da via,Faces,3556503004,V05404,Aquavia,0.0,0.0,0.0,NÃO,463.0,463.0,Domínio aplicável = categorias substantivas de circulação; Saltado fica fora.
E01,Circulação da via,Faces,3556503004,V05405,Saltado,0.0,0.0,,SIM,463.0,463.0,Domínio aplicável = categorias substantivas de circulação; Saltado fica fora.
E02,Pavimentação,Domicílios,3556503004,V05006,Sim,6301.0,99.98413202158045,99.98413202158045,NÃO,6302.0,6302.0,Domínio aplicável = Sim + Não; Não declarado coincide com circulação Aquavia + Saltado.
E02,Pavimentação,Domicílios,3556503004,V05007,Não,1.0,0.015867978419549348,0.015867978419549348,NÃO,6302.0,6302.0,Domínio aplicável = Sim + Não; Não declarado coincide com circulação Aquavia + Saltado.
E02,Pavimentação,Domicílios,3556503004,V05008,Não declarado,0.0,0.0,,SIM,6302.0,6302.0,Domínio aplicável = Sim + Não; Não declarado coincide com circulação Aquavia + Saltado.
E02,Pavimentação,Moradores,3556503004,V05206,Sim,17588.0,99.98862990335418,99.98862990335418,NÃO,17590.0,17590.0,Domínio aplicável = Sim + Não; Não declarado coincide com circulação Aquavia + Saltado.
E02,Pavimentação,Moradores,3556503004,V05207,Não,2.0,0.01137009664582149,0.01137009664582149,NÃO,17590.0,17590.0,Domínio aplicável = Sim + Não; Não declarado coincide com circulação Aquavia + Saltado.
E02,Pavimentação,Moradores,3556503004,V05208,Não declarado,0.0,0.0,,SIM,17590.0,17590.0,Domínio aplicável = Sim + Não; Não declarado coincide com circulação Aquavia + Saltado.
E02,Pavimentação,Faces,3556503004,V05406,Sim,449.0,96.97624190064795,96.97624190064795,NÃO,463.0,463.0,Domínio aplicável = Sim + Não; Não declarado coincide com circulação Aquavia + Saltado.
E02,Pavimentação,Faces,3556503004,V05407,Não,14.0,3.023758099352052,3.023758099352052,NÃO,463.0,463.0,Domínio aplicável = Sim + Não; Não declarado coincide com circulação Aquavia + Saltado.
E02,Pavimentação,Faces,3556503004,V05408,Não declarado,0.0,0.0,,SIM,463.0,463.0,Domínio aplicável = Sim + Não; Não declarado coincide com circulação Aquavia + Saltado.
E03,Bueiro / boca de lobo,Domicílios,3556503004,V05009,Sim,2887.0,45.810853697238976,45.810853697238976,NÃO,6302.0,6302.0,Domínio aplicável = Sim + Não; Não declarado coincide com circulação Aquavia + Saltado.
E03,Bueiro / boca de lobo,Domicílios,3556503004,V05010,Não,3415.0,54.189146302761024,54.189146302761024,NÃO,6302.0,6302.0,Domínio aplicável = Sim + Não; Não declarado coincide com circulação Aquavia + Saltado.
E03,Bueiro / boca de lobo,Domicílios,3556503004,V05011,Não declarado,0.0,0.0,,SIM,6302.0,6302.0,Domínio aplicável = Sim + Não; Não declarado coincide com circulação Aquavia + Saltado.
E03,Bueiro / boca de lobo,Moradores,3556503004,V05209,Sim,7991.0,45.42922114837976,45.42922114837976,NÃO,17590.0,17590.0,Domínio aplicável = Sim + Não; Não declarado coincide com circulação Aquavia + Saltado.
E03,Bueiro / boca de lobo,Moradores,3556503004,V05210,Não,9599.0,54.57077885162024,54.57077885162024,NÃO,17590.0,17590.0,Domínio aplicável = Sim + Não; Não declarado coincide com circulação Aquavia + Saltado.
E03,Bueiro / boca de lobo,Moradores,3556503004,V05211,Não declarado,0.0,0.0,,SIM,17590.0,17590.0,Domínio aplicável = Sim + Não; Não declarado coincide com circulação Aquavia + Saltado.
E03,Bueiro / boca de lobo,Faces,3556503004,V05409,Sim,182.0,39.30885529157667,39.30885529157667,NÃO,463.0,463.0,Domínio aplicável = Sim + Não; Não declarado coincide com circulação Aquavia + Saltado.
E03,Bueiro / boca de lobo,Faces,3556503004,V05410,Não,281.0,60.69114470842333,60.69114470842333,NÃO,463.0,463.0,Domínio aplicável = Sim + Não; Não declarado coincide com circulação Aquavia + Saltado.
E03,Bueiro / boca de lobo,Faces,3556503004,V05411,Não declarado,0.0,0.0,,SIM,463.0,463.0,Domínio aplicável = Sim + Não; Não declarado coincide com circulação Aquavia + Saltado.
E04,Iluminação pública,Domicílios,3556503004,V05012,Sim,5348.0,84.86194858774992,84.86194858774992,NÃO,6302.0,6302.0,Domínio aplicável = Sim + Não; Não declarado coincide com circulação Aquavia + Saltado.
E04,Iluminação pública,Domicílios,3556503004,V05013,Não,954.0,15.138051412250078,15.138051412250078,NÃO,6302.0,6302.0,Domínio aplicável = Sim + Não; Não declarado coincide com circulação Aquavia + Saltado.
E04,Iluminação pública,Domicílios,3556503004,V05014,Não declarado,0.0,0.0,,SIM,6302.0,6302.0,Domínio aplicável = Sim + Não; Não declarado coincide com circulação Aquavia + Saltado.
E04,Iluminação pública,Moradores,3556503004,V05212,Sim,14931.0,84.88345650938032,84.88345650938032,NÃO,17590.0,17590.0,Domínio aplicável = Sim + Não; Não declarado coincide com circulação Aquavia + Saltado.
E04,Iluminação pública,Moradores,3556503004,V05213,Não,2659.0,15.116543490619671,15.116543490619671,NÃO,17590.0,17590.0,Domínio aplicável = Sim + Não; Não declarado coincide com circulação Aquavia + Saltado.
E04,Iluminação pública,Moradores,3556503004,V05214,Não declarado,0.0,0.0,,SIM,17590.0,17590.0,Domínio aplicável = Sim + Não; Não declarado coincide com circulação Aquavia + Saltado.
E04,Iluminação pública,Faces,3556503004,V05412,Sim,382.0,82.50539956803455,82.50539956803455,NÃO,463.0,463.0,Domínio aplicável = Sim + Não; Não declarado coincide com circulação Aquavia + Saltado.
E04,Iluminação pública,Faces,3556503004,V05413,Não,81.0,17.49460043196544,17.49460043196544,NÃO,463.0,463.0,Domínio aplicável = Sim + Não; Não declarado coincide com circulação Aquavia + Saltado.
E04,Iluminação pública,Faces,3556503004,V05414,Não declarado,0.0,0.0,,SIM,463.0,463.0,Domínio aplicável = Sim + Não; Não declarado coincide com circulação Aquavia + Saltado.
E05,Ponto de ônibus,Domicílios,3556503004,V05015,Sim,712.0,11.298000634719136,11.298000634719136,NÃO,6302.0,6302.0,Domínio aplicável = Sim + Não; Não declarado coincide com circulação Aquavia + Saltado.
E05,Ponto de ônibus,Domicílios,3556503004,V05016,Não,5590.0,88.70199936528086,88.70199936528086,NÃO,6302.0,6302.0,Domínio aplicável = Sim + Não; Não declarado coincide com circulação Aquavia + Saltado.
E05,Ponto de ônibus,Domicílios,3556503004,V05017,Não declarado,0.0,0.0,,SIM,6302.0,6302.0,Domínio aplicável = Sim + Não; Não declarado coincide com circulação Aquavia + Saltado.
E05,Ponto de ônibus,Moradores,3556503004,V05215,Sim,2023.0,11.500852757248436,11.500852757248436,NÃO,17590.0,17590.0,Domínio aplicável = Sim + Não; Não declarado coincide com circulação Aquavia + Saltado.
E05,Ponto de ônibus,Moradores,3556503004,V05216,Não,15567.0,88.49914724275156,88.49914724275156,NÃO,17590.0,17590.0,Domínio aplicável = Sim + Não; Não declarado coincide com circulação Aquavia + Saltado.
E05,Ponto de ônibus,Moradores,3556503004,V05217,Não declarado,0.0,0.0,,SIM,17590.0,17590.0,Domínio aplicável = Sim + Não; Não declarado coincide com circulação Aquavia + Saltado.
E05,Ponto de ônibus,Faces,3556503004,V05415,Sim,38.0,8.207343412526997,8.207343412526997,NÃO,463.0,463.0,Domínio aplicável = Sim + Não; Não declarado coincide com circulação Aquavia + Saltado.
E05,Ponto de ônibus,Faces,3556503004,V05416,Não,425.0,91.792656587473,91.792656587473,NÃO,463.0,463.0,Domínio aplicável = Sim + Não; Não declarado coincide com circulação Aquavia + Saltado.
E05,Ponto de ônibus,Faces,3556503004,V05417,Não declarado,0.0,0.0,,SIM,463.0,463.0,Domínio aplicável = Sim + Não; Não declarado coincide com circulação Aquavia + Saltado.
E06,Via sinalizada para bicicleta,Domicílios,3556503004,V05018,Sim,116.0,1.8406854966677246,1.8406854966677246,NÃO,6302.0,6302.0,Domínio aplicável = Sim + Não; Não declarado coincide com circulação Aquavia + Saltado.
E06,Via sinalizada para bicicleta,Domicílios,3556503004,V05019,Não,6186.0,98.15931450333227,98.15931450333227,NÃO,6302.0,6302.0,Domínio aplicável = Sim + Não; Não declarado coincide com circulação Aquavia + Saltado.
E06,Via sinalizada para bicicleta,Domicílios,3556503004,V05020,Não declarado,0.0,0.0,,SIM,6302.0,6302.0,Domínio aplicável = Sim + Não; Não declarado coincide com circulação Aquavia + Saltado.
E06,Via sinalizada para bicicleta,Moradores,3556503004,V05218,Sim,330.0,1.8760659465605456,1.8760659465605456,NÃO,17590.0,17590.0,Domínio aplicável = Sim + Não; Não declarado coincide com circulação Aquavia + Saltado.
E06,Via sinalizada para bicicleta,Moradores,3556503004,V05219,Não,17260.0,98.12393405343946,98.12393405343946,NÃO,17590.0,17590.0,Domínio aplicável = Sim + Não; Não declarado coincide com circulação Aquavia + Saltado.
E06,Via sinalizada para bicicleta,Moradores,3556503004,V05220,Não declarado,0.0,0.0,,SIM,17590.0,17590.0,Domínio aplicável = Sim + Não; Não declarado coincide com circulação Aquavia + Saltado.
E06,Via sinalizada para bicicleta,Faces,3556503004,V05418,Sim,5.0,1.079913606911447,1.079913606911447,NÃO,463.0,463.0,Domínio aplicável = Sim + Não; Não declarado coincide com circulação Aquavia + Saltado.
E06,Via sinalizada para bicicleta,Faces,3556503004,V05419,Não,458.0,98.92008639308855,98.92008639308855,NÃO,463.0,463.0,Domínio aplicável = Sim + Não; Não declarado coincide com circulação Aquavia + Saltado.
E06,Via sinalizada para bicicleta,Faces,3556503004,V05420,Não declarado,0.0,0.0,,SIM,463.0,463.0,Domínio aplicável = Sim + Não; Não declarado coincide com circulação Aquavia + Saltado.
E07,Calçada,Domicílios,3556503004,V05021,Sim,6117.0,97.06442399238338,97.06442399238338,NÃO,6302.0,6302.0,Domínio aplicável = Sim + Não; Não declarado coincide com circulação Aquavia + Saltado.
E07,Calçada,Domicílios,3556503004,V05022,Não,185.0,2.9355760076166297,2.9355760076166297,NÃO,6302.0,6302.0,Domínio aplicável = Sim + Não; Não declarado coincide com circulação Aquavia + Saltado.
E07,Calçada,Domicílios,3556503004,V05023,Não declarado,0.0,0.0,,SIM,6302.0,6302.0,Domínio aplicável = Sim + Não; Não declarado coincide com circulação Aquavia + Saltado.
E07,Calçada,Moradores,3556503004,V05221,Sim,17055.0,96.95849914724275,96.95849914724275,NÃO,17590.0,17590.0,Domínio aplicável = Sim + Não; Não declarado coincide com circulação Aquavia + Saltado.
E07,Calçada,Moradores,3556503004,V05222,Não,535.0,3.0415008527572485,3.0415008527572485,NÃO,17590.0,17590.0,Domínio aplicável = Sim + Não; Não declarado coincide com circulação Aquavia + Saltado.
E07,Calçada,Moradores,3556503004,V05223,Não declarado,0.0,0.0,,SIM,17590.0,17590.0,Domínio aplicável = Sim + Não; Não declarado coincide com circulação Aquavia + Saltado.
E07,Calçada,Faces,3556503004,V05421,Sim,364.0,78.61771058315334,78.61771058315334,NÃO,463.0,463.0,Domínio aplicável = Sim + Não; Não declarado coincide com circulação Aquavia + Saltado.
E07,Calçada,Faces,3556503004,V05422,Não,99.0,21.382289416846653,21.382289416846653,NÃO,463.0,463.0,Domínio aplicável = Sim + Não; Não declarado coincide com circulação Aquavia + Saltado.
E07,Calçada,Faces,3556503004,V05423,Não declarado,0.0,0.0,,SIM,463.0,463.0,Domínio aplicável = Sim + Não; Não declarado coincide com circulação Aquavia + Saltado.
E08,Obstáculo na calçada,Domicílios,3556503004,V05024,Sim,5894.0,93.52586480482387,96.35442210233775,NÃO,6302.0,6117.0,Domínio aplicável = Sim + Não; Não declarado coincide com ausência/não aplicação de calçada.
E08,Obstáculo na calçada,Domicílios,3556503004,V05025,Não,223.0,3.538559187559505,3.645577897662253,NÃO,6302.0,6117.0,Domínio aplicável = Sim + Não; Não declarado coincide com ausência/não aplicação de calçada.
E08,Obstáculo na calçada,Domicílios,3556503004,V05026,Não declarado,185.0,2.9355760076166297,,SIM,6302.0,6117.0,Domínio aplicável = Sim + Não; Não declarado coincide com ausência/não aplicação de calçada.
E08,Obstáculo na calçada,Moradores,3556503004,V05224,Sim,16458.0,93.56452529846504,96.49956024626209,NÃO,17590.0,17055.0,Domínio aplicável = Sim + Não; Não declarado coincide com ausência/não aplicação de calçada.
E08,Obstáculo na calçada,Moradores,3556503004,V05225,Não,597.0,3.3939738487777147,3.5004397537379064,NÃO,17590.0,17055.0,Domínio aplicável = Sim + Não; Não declarado coincide com ausência/não aplicação de calçada.
E08,Obstáculo na calçada,Moradores,3556503004,V05226,Não declarado,535.0,3.0415008527572485,,SIM,17590.0,17055.0,Domínio aplicável = Sim + Não; Não declarado coincide com ausência/não aplicação de calçada.
E08,Obstáculo na calçada,Faces,3556503004,V05424,Sim,330.0,71.2742980561555,90.65934065934066,NÃO,463.0,364.0,Domínio aplicável = Sim + Não; Não declarado coincide com ausência/não aplicação de calçada.
E08,Obstáculo na calçada,Faces,3556503004,V05425,Não,34.0,7.343412526997841,9.340659340659341,NÃO,463.0,364.0,Domínio aplicável = Sim + Não; Não declarado coincide com ausência/não aplicação de calçada.
E08,Obstáculo na calçada,Faces,3556503004,V05426,Não declarado,99.0,21.382289416846653,,SIM,463.0,364.0,Domínio aplicável = Sim + Não; Não declarado coincide com ausência/não aplicação de calçada.
E09,Rampa para cadeirante,Domicílios,3556503004,V05027,Sim,73.0,1.1583624246271025,1.19339545528854,NÃO,6302.0,6117.0,Domínio aplicável = Sim + Não; Não declarado coincide com ausência/não aplicação de calçada.
E09,Rampa para cadeirante,Domicílios,3556503004,V05028,Não,6044.0,95.90606156775627,98.80660454471146,NÃO,6302.0,6117.0,Domínio aplicável = Sim + Não; Não declarado coincide com ausência/não aplicação de calçada.
E09,Rampa para cadeirante,Domicílios,3556503004,V05029,Não declarado,185.0,2.9355760076166297,,SIM,6302.0,6117.0,Domínio aplicável = Sim + Não; Não declarado coincide com ausência/não aplicação de calçada.
E09,Rampa para cadeirante,Moradores,3556503004,V05227,Sim,197.0,1.1199545196134169,1.1550864849017883,NÃO,17590.0,17055.0,Domínio aplicável = Sim + Não; Não declarado coincide com ausência/não aplicação de calçada.
E09,Rampa para cadeirante,Moradores,3556503004,V05228,Não,16858.0,95.83854462762933,98.84491351509821,NÃO,17590.0,17055.0,Domínio aplicável = Sim + Não; Não declarado coincide com ausência/não aplicação de calçada.
E09,Rampa para cadeirante,Moradores,3556503004,V05229,Não declarado,535.0,3.0415008527572485,,SIM,17590.0,17055.0,Domínio aplicável = Sim + Não; Não declarado coincide com ausência/não aplicação de calçada.
E09,Rampa para cadeirante,Faces,3556503004,V05427,Sim,7.0,1.511879049676026,1.9230769230769231,NÃO,463.0,364.0,Domínio aplicável = Sim + Não; Não declarado coincide com ausência/não aplicação de calçada.
E09,Rampa para cadeirante,Faces,3556503004,V05428,Não,357.0,77.10583153347731,98.07692307692307,NÃO,463.0,364.0,Domínio aplicável = Sim + Não; Não declarado coincide com ausência/não aplicação de calçada.
E09,Rampa para cadeirante,Faces,3556503004,V05429,Não declarado,99.0,21.382289416846653,,SIM,463.0,364.0,Domínio aplicável = Sim + Não; Não declarado coincide com ausência/não aplicação de calçada.
E10,Arborização,Domicílios,3556503004,V05030,Sem árvores,2317.0,36.766105998095846,36.766105998095846,NÃO,6302.0,6302.0,Domínio aplicável = classes substantivas de arborização; Saltado fica fora.
E10,Arborização,Domicílios,3556503004,V05031,1 a 2 árvores,2809.0,44.57315138051412,44.57315138051412,NÃO,6302.0,6302.0,Domínio aplicável = classes substantivas de arborização; Saltado fica fora.
E10,Arborização,Domicílios,3556503004,V05032,3 a 4 árvores,1053.0,16.708981275785465,16.708981275785465,NÃO,6302.0,6302.0,Domínio aplicável = classes substantivas de arborização; Saltado fica fora.
E10,Arborização,Domicílios,3556503004,V05033,5 ou mais árvores,123.0,1.9517613456045702,1.9517613456045702,NÃO,6302.0,6302.0,Domínio aplicável = classes substantivas de arborização; Saltado fica fora.
E10,Arborização,Domicílios,3556503004,V05034,Saltado,0.0,0.0,,SIM,6302.0,6302.0,Domínio aplicável = classes substantivas de arborização; Saltado fica fora.
E10,Arborização,Moradores,3556503004,V05230,Sem árvores,6509.0,37.00397953382604,37.00397953382604,NÃO,17590.0,17590.0,Domínio aplicável = classes substantivas de arborização; Saltado fica fora.
E10,Arborização,Moradores,3556503004,V05231,1 a 2 árvores,7854.0,44.650369528140985,44.650369528140985,NÃO,17590.0,17590.0,Domínio aplicável = classes substantivas de arborização; Saltado fica fora.
E10,Arborização,Moradores,3556503004,V05232,3 a 4 árvores,2886.0,16.407049459920408,16.407049459920408,NÃO,17590.0,17590.0,Domínio aplicável = classes substantivas de arborização; Saltado fica fora.
E10,Arborização,Moradores,3556503004,V05233,5 ou mais árvores,341.0,1.938601478112564,1.938601478112564,NÃO,17590.0,17590.0,Domínio aplicável = classes substantivas de arborização; Saltado fica fora.
E10,Arborização,Moradores,3556503004,V05234,Saltado,0.0,0.0,,SIM,17590.0,17590.0,Domínio aplicável = classes substantivas de arborização; Saltado fica fora.
E10,Arborização,Faces,3556503004,V05430,Sem árvores,275.0,59.395248380129594,59.395248380129594,NÃO,463.0,463.0,Domínio aplicável = classes substantivas de arborização; Saltado fica fora.
E10,Arborização,Faces,3556503004,V05431,1 a 2 árvores,135.0,29.15766738660907,29.15766738660907,NÃO,463.0,463.0,Domínio aplicável = classes substantivas de arborização; Saltado fica fora.
E10,Arborização,Faces,3556503004,V05432,3 a 4 árvores,41.0,8.855291576673865,8.855291576673865,NÃO,463.0,463.0,Domínio aplicável = classes substantivas de arborização; Saltado fica fora.
E10,Arborização,Faces,3556503004,V05433,5 ou mais árvores,12.0,2.591792656587473,2.591792656587473,NÃO,463.0,463.0,Domínio aplicável = classes substantivas de arborização; Saltado fica fora.
E10,Arborização,Faces,3556503004,V05434,Saltado,0.0,0.0,,SIM,463.0,463.0,Domínio aplicável = classes substantivas de arborização; Saltado fica fora.
E01,Circulação da via,Domicílios,3556503005,V05001,"Caminhão, ônibus",7659.0,98.01638085487586,98.01638085487586,NÃO,7814.0,7814.0,Domínio aplicável = categorias substantivas de circulação; Saltado fica fora.
E01,Circulação da via,Domicílios,3556503005,V05002,Carros de passeio ou van,140.0,1.791656002047607,1.791656002047607,NÃO,7814.0,7814.0,Domínio aplicável = categorias substantivas de circulação; Saltado fica fora.
E01,Circulação da via,Domicílios,3556503005,V05003,"Pedestres, bicicletas e motocicletas",15.0,0.19196314307652929,0.19196314307652929,NÃO,7814.0,7814.0,Domínio aplicável = categorias substantivas de circulação; Saltado fica fora.
E01,Circulação da via,Domicílios,3556503005,V05004,Aquavia,0.0,0.0,0.0,NÃO,7814.0,7814.0,Domínio aplicável = categorias substantivas de circulação; Saltado fica fora.
E01,Circulação da via,Domicílios,3556503005,V05005,Saltado,0.0,0.0,,SIM,7814.0,7814.0,Domínio aplicável = categorias substantivas de circulação; Saltado fica fora.
E01,Circulação da via,Moradores,3556503005,V05201,"Caminhão, ônibus",20660.0,97.91005165631961,97.91005165631961,NÃO,21101.0,21101.0,Domínio aplicável = categorias substantivas de circulação; Saltado fica fora.
E01,Circulação da via,Moradores,3556503005,V05202,Carros de passeio ou van,395.0,1.8719491967205344,1.8719491967205344,NÃO,21101.0,21101.0,Domínio aplicável = categorias substantivas de circulação; Saltado fica fora.
E01,Circulação da via,Moradores,3556503005,V05203,"Pedestres, bicicletas e motocicletas",46.0,0.2179991469598597,0.2179991469598597,NÃO,21101.0,21101.0,Domínio aplicável = categorias substantivas de circulação; Saltado fica fora.
E01,Circulação da via,Moradores,3556503005,V05204,Aquavia,0.0,0.0,0.0,NÃO,21101.0,21101.0,Domínio aplicável = categorias substantivas de circulação; Saltado fica fora.
E01,Circulação da via,Moradores,3556503005,V05205,Saltado,0.0,0.0,,SIM,21101.0,21101.0,Domínio aplicável = categorias substantivas de circulação; Saltado fica fora.
E01,Circulação da via,Faces,3556503005,V05401,"Caminhão, ônibus",800.0,92.69988412514485,92.69988412514485,NÃO,863.0,863.0,Domínio aplicável = categorias substantivas de circulação; Saltado fica fora.
E01,Circulação da via,Faces,3556503005,V05402,Carros de passeio ou van,17.0,1.9698725376593278,1.9698725376593278,NÃO,863.0,863.0,Domínio aplicável = categorias substantivas de circulação; Saltado fica fora.
E01,Circulação da via,Faces,3556503005,V05403,"Pedestres, bicicletas e motocicletas",46.0,5.330243337195829,5.330243337195829,NÃO,863.0,863.0,Domínio aplicável = categorias substantivas de circulação; Saltado fica fora.
E01,Circulação da via,Faces,3556503005,V05404,Aquavia,0.0,0.0,0.0,NÃO,863.0,863.0,Domínio aplicável = categorias substantivas de circulação; Saltado fica fora.
E01,Circulação da via,Faces,3556503005,V05405,Saltado,0.0,0.0,,SIM,863.0,863.0,Domínio aplicável = categorias substantivas de circulação; Saltado fica fora.
E02,Pavimentação,Domicílios,3556503005,V05006,Sim,7766.0,99.38571794215511,99.38571794215511,NÃO,7814.0,7814.0,Domínio aplicável = Sim + Não; Não declarado coincide com circulação Aquavia + Saltado.
E02,Pavimentação,Domicílios,3556503005,V05007,Não,48.0,0.6142820578448938,0.6142820578448938,NÃO,7814.0,7814.0,Domínio aplicável = Sim + Não; Não declarado coincide com circulação Aquavia + Saltado.
E02,Pavimentação,Domicílios,3556503005,V05008,Não declarado,0.0,0.0,,SIM,7814.0,7814.0,Domínio aplicável = Sim + Não; Não declarado coincide com circulação Aquavia + Saltado.
E02,Pavimentação,Moradores,3556503005,V05206,Sim,20948.0,99.27491588076394,99.27491588076394,NÃO,21101.0,21101.0,Domínio aplicável = Sim + Não; Não declarado coincide com circulação Aquavia + Saltado.
E02,Pavimentação,Moradores,3556503005,V05207,Não,153.0,0.7250841192360552,0.7250841192360552,NÃO,21101.0,21101.0,Domínio aplicável = Sim + Não; Não declarado coincide com circulação Aquavia + Saltado.
E02,Pavimentação,Moradores,3556503005,V05208,Não declarado,0.0,0.0,,SIM,21101.0,21101.0,Domínio aplicável = Sim + Não; Não declarado coincide com circulação Aquavia + Saltado.
E02,Pavimentação,Faces,3556503005,V05406,Sim,841.0,97.45075318655852,97.45075318655852,NÃO,863.0,863.0,Domínio aplicável = Sim + Não; Não declarado coincide com circulação Aquavia + Saltado.
E02,Pavimentação,Faces,3556503005,V05407,Não,22.0,2.549246813441483,2.549246813441483,NÃO,863.0,863.0,Domínio aplicável = Sim + Não; Não declarado coincide com circulação Aquavia + Saltado.
E02,Pavimentação,Faces,3556503005,V05408,Não declarado,0.0,0.0,,SIM,863.0,863.0,Domínio aplicável = Sim + Não; Não declarado coincide com circulação Aquavia + Saltado.
E03,Bueiro / boca de lobo,Domicílios,3556503005,V05009,Sim,5924.0,75.81264397235731,75.81264397235731,NÃO,7814.0,7814.0,Domínio aplicável = Sim + Não; Não declarado coincide com circulação Aquavia + Saltado.
E03,Bueiro / boca de lobo,Domicílios,3556503005,V05010,Não,1890.0,24.187356027642693,24.187356027642693,NÃO,7814.0,7814.0,Domínio aplicável = Sim + Não; Não declarado coincide com circulação Aquavia + Saltado.
E03,Bueiro / boca de lobo,Domicílios,3556503005,V05011,Não declarado,0.0,0.0,,SIM,7814.0,7814.0,Domínio aplicável = Sim + Não; Não declarado coincide com circulação Aquavia + Saltado.
E03,Bueiro / boca de lobo,Moradores,3556503005,V05209,Sim,15977.0,75.71679067342781,75.71679067342781,NÃO,21101.0,21101.0,Domínio aplicável = Sim + Não; Não declarado coincide com circulação Aquavia + Saltado.
E03,Bueiro / boca de lobo,Moradores,3556503005,V05210,Não,5124.0,24.2832093265722,24.2832093265722,NÃO,21101.0,21101.0,Domínio aplicável = Sim + Não; Não declarado coincide com circulação Aquavia + Saltado.
E03,Bueiro / boca de lobo,Moradores,3556503005,V05211,Não declarado,0.0,0.0,,SIM,21101.0,21101.0,Domínio aplicável = Sim + Não; Não declarado coincide com circulação Aquavia + Saltado.
E03,Bueiro / boca de lobo,Faces,3556503005,V05409,Sim,543.0,62.92004634994206,62.92004634994206,NÃO,863.0,863.0,Domínio aplicável = Sim + Não; Não declarado coincide com circulação Aquavia + Saltado.
E03,Bueiro / boca de lobo,Faces,3556503005,V05410,Não,320.0,37.07995365005794,37.07995365005794,NÃO,863.0,863.0,Domínio aplicável = Sim + Não; Não declarado coincide com circulação Aquavia + Saltado.
E03,Bueiro / boca de lobo,Faces,3556503005,V05411,Não declarado,0.0,0.0,,SIM,863.0,863.0,Domínio aplicável = Sim + Não; Não declarado coincide com circulação Aquavia + Saltado.
E04,Iluminação pública,Domicílios,3556503005,V05012,Sim,7747.0,99.1425646275915,99.1425646275915,NÃO,7814.0,7814.0,Domínio aplicável = Sim + Não; Não declarado coincide com circulação Aquavia + Saltado.
E04,Iluminação pública,Domicílios,3556503005,V05013,Não,67.0,0.8574353724084975,0.8574353724084975,NÃO,7814.0,7814.0,Domínio aplicável = Sim + Não; Não declarado coincide com circulação Aquavia + Saltado.
E04,Iluminação pública,Domicílios,3556503005,V05014,Não declarado,0.0,0.0,,SIM,7814.0,7814.0,Domínio aplicável = Sim + Não; Não declarado coincide com circulação Aquavia + Saltado.
E04,Iluminação pública,Moradores,3556503005,V05212,Sim,20907.0,99.08061229325624,99.08061229325624,NÃO,21101.0,21101.0,Domínio aplicável = Sim + Não; Não declarado coincide com circulação Aquavia + Saltado.
E04,Iluminação pública,Moradores,3556503005,V05213,Não,194.0,0.9193877067437563,0.9193877067437563,NÃO,21101.0,21101.0,Domínio aplicável = Sim + Não; Não declarado coincide com circulação Aquavia + Saltado.
E04,Iluminação pública,Moradores,3556503005,V05214,Não declarado,0.0,0.0,,SIM,21101.0,21101.0,Domínio aplicável = Sim + Não; Não declarado coincide com circulação Aquavia + Saltado.
E04,Iluminação pública,Faces,3556503005,V05412,Sim,837.0,96.98725376593279,96.98725376593279,NÃO,863.0,863.0,Domínio aplicável = Sim + Não; Não declarado coincide com circulação Aquavia + Saltado.
E04,Iluminação pública,Faces,3556503005,V05413,Não,26.0,3.0127462340672073,3.0127462340672073,NÃO,863.0,863.0,Domínio aplicável = Sim + Não; Não declarado coincide com circulação Aquavia + Saltado.
E04,Iluminação pública,Faces,3556503005,V05414,Não declarado,0.0,0.0,,SIM,863.0,863.0,Domínio aplicável = Sim + Não; Não declarado coincide com circulação Aquavia + Saltado.
E05,Ponto de ônibus,Domicílios,3556503005,V05015,Sim,695.0,8.894292295879191,8.894292295879191,NÃO,7814.0,7814.0,Domínio aplicável = Sim + Não; Não declarado coincide com circulação Aquavia + Saltado.
E05,Ponto de ônibus,Domicílios,3556503005,V05016,Não,7119.0,91.1057077041208,91.1057077041208,NÃO,7814.0,7814.0,Domínio aplicável = Sim + Não; Não declarado coincide com circulação Aquavia + Saltado.
E05,Ponto de ônibus,Domicílios,3556503005,V05017,Não declarado,0.0,0.0,,SIM,7814.0,7814.0,Domínio aplicável = Sim + Não; Não declarado coincide com circulação Aquavia + Saltado.
E05,Ponto de ônibus,Moradores,3556503005,V05215,Sim,1888.0,8.947443249135112,8.947443249135112,NÃO,21101.0,21101.0,Domínio aplicável = Sim + Não; Não declarado coincide com circulação Aquavia + Saltado.
E05,Ponto de ônibus,Moradores,3556503005,V05216,Não,19213.0,91.0525567508649,91.0525567508649,NÃO,21101.0,21101.0,Domínio aplicável = Sim + Não; Não declarado coincide com circulação Aquavia + Saltado.
E05,Ponto de ônibus,Moradores,3556503005,V05217,Não declarado,0.0,0.0,,SIM,21101.0,21101.0,Domínio aplicável = Sim + Não; Não declarado coincide com circulação Aquavia + Saltado.
E05,Ponto de ônibus,Faces,3556503005,V05415,Sim,60.0,6.952491309385864,6.952491309385864,NÃO,863.0,863.0,Domínio aplicável = Sim + Não; Não declarado coincide com circulação Aquavia + Saltado.
E05,Ponto de ônibus,Faces,3556503005,V05416,Não,803.0,93.04750869061414,93.04750869061414,NÃO,863.0,863.0,Domínio aplicável = Sim + Não; Não declarado coincide com circulação Aquavia + Saltado.
E05,Ponto de ônibus,Faces,3556503005,V05417,Não declarado,0.0,0.0,,SIM,863.0,863.0,Domínio aplicável = Sim + Não; Não declarado coincide com circulação Aquavia + Saltado.
E06,Via sinalizada para bicicleta,Domicílios,3556503005,V05018,Sim,19.0,0.2431533145636038,0.2431533145636038,NÃO,7814.0,7814.0,Domínio aplicável = Sim + Não; Não declarado coincide com circulação Aquavia + Saltado.
E06,Via sinalizada para bicicleta,Domicílios,3556503005,V05019,Não,7795.0,99.7568466854364,99.7568466854364,NÃO,7814.0,7814.0,Domínio aplicável = Sim + Não; Não declarado coincide com circulação Aquavia + Saltado.
E06,Via sinalizada para bicicleta,Domicílios,3556503005,V05020,Não declarado,0.0,0.0,,SIM,7814.0,7814.0,Domínio aplicável = Sim + Não; Não declarado coincide com circulação Aquavia + Saltado.
E06,Via sinalizada para bicicleta,Moradores,3556503005,V05218,Sim,58.0,0.2748684896450405,0.2748684896450405,NÃO,21101.0,21101.0,Domínio aplicável = Sim + Não; Não declarado coincide com circulação Aquavia + Saltado.
E06,Via sinalizada para bicicleta,Moradores,3556503005,V05219,Não,21043.0,99.72513151035496,99.72513151035496,NÃO,21101.0,21101.0,Domínio aplicável = Sim + Não; Não declarado coincide com circulação Aquavia + Saltado.
E06,Via sinalizada para bicicleta,Moradores,3556503005,V05220,Não declarado,0.0,0.0,,SIM,21101.0,21101.0,Domínio aplicável = Sim + Não; Não declarado coincide com circulação Aquavia + Saltado.
E06,Via sinalizada para bicicleta,Faces,3556503005,V05418,Sim,2.0,0.2317497103128621,0.2317497103128621,NÃO,863.0,863.0,Domínio aplicável = Sim + Não; Não declarado coincide com circulação Aquavia + Saltado.
E06,Via sinalizada para bicicleta,Faces,3556503005,V05419,Não,861.0,99.76825028968713,99.76825028968713,NÃO,863.0,863.0,Domínio aplicável = Sim + Não; Não declarado coincide com circulação Aquavia + Saltado.
E06,Via sinalizada para bicicleta,Faces,3556503005,V05420,Não declarado,0.0,0.0,,SIM,863.0,863.0,Domínio aplicável = Sim + Não; Não declarado coincide com circulação Aquavia + Saltado.
E07,Calçada,Domicílios,3556503005,V05021,Sim,7660.0,98.02917839774763,98.02917839774763,NÃO,7814.0,7814.0,Domínio aplicável = Sim + Não; Não declarado coincide com circulação Aquavia + Saltado.
E07,Calçada,Domicílios,3556503005,V05022,Não,154.0,1.9708216022523675,1.9708216022523675,NÃO,7814.0,7814.0,Domínio aplicável = Sim + Não; Não declarado coincide com circulação Aquavia + Saltado.
E07,Calçada,Domicílios,3556503005,V05023,Não declarado,0.0,0.0,,SIM,7814.0,7814.0,Domínio aplicável = Sim + Não; Não declarado coincide com circulação Aquavia + Saltado.
E07,Calçada,Moradores,3556503005,V05221,Sim,20647.0,97.84844320174399,97.84844320174399,NÃO,21101.0,21101.0,Domínio aplicável = Sim + Não; Não declarado coincide com circulação Aquavia + Saltado.
E07,Calçada,Moradores,3556503005,V05222,Não,454.0,2.151556798256007,2.151556798256007,NÃO,21101.0,21101.0,Domínio aplicável = Sim + Não; Não declarado coincide com circulação Aquavia + Saltado.
E07,Calçada,Moradores,3556503005,V05223,Não declarado,0.0,0.0,,SIM,21101.0,21101.0,Domínio aplicável = Sim + Não; Não declarado coincide com circulação Aquavia + Saltado.
E07,Calçada,Faces,3556503005,V05421,Sim,756.0,87.60139049826188,87.60139049826188,NÃO,863.0,863.0,Domínio aplicável = Sim + Não; Não declarado coincide com circulação Aquavia + Saltado.
E07,Calçada,Faces,3556503005,V05422,Não,107.0,12.398609501738122,12.398609501738122,NÃO,863.0,863.0,Domínio aplicável = Sim + Não; Não declarado coincide com circulação Aquavia + Saltado.
E07,Calçada,Faces,3556503005,V05423,Não declarado,0.0,0.0,,SIM,863.0,863.0,Domínio aplicável = Sim + Não; Não declarado coincide com circulação Aquavia + Saltado.
E08,Obstáculo na calçada,Domicílios,3556503005,V05024,Sim,7157.0,91.59201433324802,93.43342036553524,NÃO,7814.0,7660.0,Domínio aplicável = Sim + Não; Não declarado coincide com ausência/não aplicação de calçada.
E08,Obstáculo na calçada,Domicílios,3556503005,V05025,Não,503.0,6.437164064499616,6.566579634464752,NÃO,7814.0,7660.0,Domínio aplicável = Sim + Não; Não declarado coincide com ausência/não aplicação de calçada.
E08,Obstáculo na calçada,Domicílios,3556503005,V05026,Não declarado,154.0,1.9708216022523675,,SIM,7814.0,7660.0,Domínio aplicável = Sim + Não; Não declarado coincide com ausência/não aplicação de calçada.
E08,Obstáculo na calçada,Moradores,3556503005,V05224,Sim,19302.0,91.47433770911331,93.4857364265995,NÃO,21101.0,20647.0,Domínio aplicável = Sim + Não; Não declarado coincide com ausência/não aplicação de calçada.
E08,Obstáculo na calçada,Moradores,3556503005,V05225,Não,1345.0,6.374105492630681,6.514263573400495,NÃO,21101.0,20647.0,Domínio aplicável = Sim + Não; Não declarado coincide com ausência/não aplicação de calçada.
E08,Obstáculo na calçada,Moradores,3556503005,V05226,Não declarado,454.0,2.151556798256007,,SIM,21101.0,20647.0,Domínio aplicável = Sim + Não; Não declarado coincide com ausência/não aplicação de calçada.
E08,Obstáculo na calçada,Faces,3556503005,V05424,Sim,669.0,77.52027809965237,88.4920634920635,NÃO,863.0,756.0,Domínio aplicável = Sim + Não; Não declarado coincide com ausência/não aplicação de calçada.
E08,Obstáculo na calçada,Faces,3556503005,V05425,Não,87.0,10.081112398609502,11.507936507936508,NÃO,863.0,756.0,Domínio aplicável = Sim + Não; Não declarado coincide com ausência/não aplicação de calçada.
E08,Obstáculo na calçada,Faces,3556503005,V05426,Não declarado,107.0,12.398609501738122,,SIM,863.0,756.0,Domínio aplicável = Sim + Não; Não declarado coincide com ausência/não aplicação de calçada.
E09,Rampa para cadeirante,Domicílios,3556503005,V05027,Sim,254.0,3.2505758894292294,3.3159268929503916,NÃO,7814.0,7660.0,Domínio aplicável = Sim + Não; Não declarado coincide com ausência/não aplicação de calçada.
E09,Rampa para cadeirante,Domicílios,3556503005,V05028,Não,7406.0,94.7786025083184,96.68407310704961,NÃO,7814.0,7660.0,Domínio aplicável = Sim + Não; Não declarado coincide com ausência/não aplicação de calçada.
E09,Rampa para cadeirante,Domicílios,3556503005,V05029,Não declarado,154.0,1.9708216022523675,,SIM,7814.0,7660.0,Domínio aplicável = Sim + Não; Não declarado coincide com ausência/não aplicação de calçada.
E09,Rampa para cadeirante,Moradores,3556503005,V05227,Sim,669.0,3.170465854698829,3.24018017145348,NÃO,21101.0,20647.0,Domínio aplicável = Sim + Não; Não declarado coincide com ausência/não aplicação de calçada.
E09,Rampa para cadeirante,Moradores,3556503005,V05228,Não,19978.0,94.67797734704516,96.75981982854653,NÃO,21101.0,20647.0,Domínio aplicável = Sim + Não; Não declarado coincide com ausência/não aplicação de calçada.
E09,Rampa para cadeirante,Moradores,3556503005,V05229,Não declarado,454.0,2.151556798256007,,SIM,21101.0,20647.0,Domínio aplicável = Sim + Não; Não declarado coincide com ausência/não aplicação de calçada.
E09,Rampa para cadeirante,Faces,3556503005,V05427,Sim,56.0,6.488991888760139,7.4074074074074066,NÃO,863.0,756.0,Domínio aplicável = Sim + Não; Não declarado coincide com ausência/não aplicação de calçada.
E09,Rampa para cadeirante,Faces,3556503005,V05428,Não,700.0,81.11239860950174,92.5925925925926,NÃO,863.0,756.0,Domínio aplicável = Sim + Não; Não declarado coincide com ausência/não aplicação de calçada.
E09,Rampa para cadeirante,Faces,3556503005,V05429,Não declarado,107.0,12.398609501738122,,SIM,863.0,756.0,Domínio aplicável = Sim + Não; Não declarado coincide com ausência/não aplicação de calçada.
E10,Arborização,Domicílios,3556503005,V05030,Sem árvores,2264.0,28.973637061684155,28.973637061684155,NÃO,7814.0,7814.0,Domínio aplicável = classes substantivas de arborização; Saltado fica fora.
E10,Arborização,Domicílios,3556503005,V05031,1 a 2 árvores,2731.0,34.9500895828001,34.9500895828001,NÃO,7814.0,7814.0,Domínio aplicável = classes substantivas de arborização; Saltado fica fora.
E10,Arborização,Domicílios,3556503005,V05032,3 a 4 árvores,1551.0,19.84898899411313,19.84898899411313,NÃO,7814.0,7814.0,Domínio aplicável = classes substantivas de arborização; Saltado fica fora.
E10,Arborização,Domicílios,3556503005,V05033,5 ou mais árvores,1268.0,16.22728436140261,16.22728436140261,NÃO,7814.0,7814.0,Domínio aplicável = classes substantivas de arborização; Saltado fica fora.
E10,Arborização,Domicílios,3556503005,V05034,Saltado,0.0,0.0,,SIM,7814.0,7814.0,Domínio aplicável = classes substantivas de arborização; Saltado fica fora.
E10,Arborização,Moradores,3556503005,V05230,Sem árvores,6114.0,28.974930098099616,28.974930098099616,NÃO,21101.0,21101.0,Domínio aplicável = classes substantivas de arborização; Saltado fica fora.
E10,Arborização,Moradores,3556503005,V05231,1 a 2 árvores,7274.0,34.472299891000425,34.472299891000425,NÃO,21101.0,21101.0,Domínio aplicável = classes substantivas de arborização; Saltado fica fora.
E10,Arborização,Moradores,3556503005,V05232,3 a 4 árvores,4202.0,19.913748163594143,19.913748163594143,NÃO,21101.0,21101.0,Domínio aplicável = classes substantivas de arborização; Saltado fica fora.
E10,Arborização,Moradores,3556503005,V05233,5 ou mais árvores,3511.0,16.639021847305816,16.639021847305816,NÃO,21101.0,21101.0,Domínio aplicável = classes substantivas de arborização; Saltado fica fora.
E10,Arborização,Moradores,3556503005,V05234,Saltado,0.0,0.0,,SIM,21101.0,21101.0,Domínio aplicável = classes substantivas de arborização; Saltado fica fora.
E10,Arborização,Faces,3556503005,V05430,Sem árvores,382.0,44.26419466975666,44.26419466975666,NÃO,863.0,863.0,Domínio aplicável = classes substantivas de arborização; Saltado fica fora.
E10,Arborização,Faces,3556503005,V05431,1 a 2 árvores,244.0,28.27346465816918,28.27346465816918,NÃO,863.0,863.0,Domínio aplicável = classes substantivas de arborização; Saltado fica fora.
E10,Arborização,Faces,3556503005,V05432,3 a 4 árvores,117.0,13.557358053302435,13.557358053302435,NÃO,863.0,863.0,Domínio aplicável = classes substantivas de arborização; Saltado fica fora.
E10,Arborização,Faces,3556503005,V05433,5 ou mais árvores,120.0,13.904982618771728,13.904982618771728,NÃO,863.0,863.0,Domínio aplicável = classes substantivas de arborização; Saltado fica fora.
E10,Arborização,Faces,3556503005,V05434,Saltado,0.0,0.0,,SIM,863.0,863.0,Domínio aplicável = classes substantivas de arborização; Saltado fica fora.
E01,Circulação da via,Domicílios,3556503006,V05001,"Caminhão, ônibus",4690.0,99.34335945774201,99.34335945774201,NÃO,4721.0,4721.0,Domínio aplicável = categorias substantivas de circulação; Saltado fica fora.
E01,Circulação da via,Domicílios,3556503006,V05002,Carros de passeio ou van,28.0,0.593094683329803,0.593094683329803,NÃO,4721.0,4721.0,Domínio aplicável = categorias substantivas de circulação; Saltado fica fora.
E01,Circulação da via,Domicílios,3556503006,V05003,"Pedestres, bicicletas e motocicletas",3.0,0.06354585892819319,0.06354585892819319,NÃO,4721.0,4721.0,Domínio aplicável = categorias substantivas de circulação; Saltado fica fora.
E01,Circulação da via,Domicílios,3556503006,V05004,Aquavia,0.0,0.0,0.0,NÃO,4721.0,4721.0,Domínio aplicável = categorias substantivas de circulação; Saltado fica fora.
E01,Circulação da via,Domicílios,3556503006,V05005,Saltado,0.0,0.0,,SIM,4721.0,4721.0,Domínio aplicável = categorias substantivas de circulação; Saltado fica fora.
E01,Circulação da via,Moradores,3556503006,V05201,"Caminhão, ônibus",12893.0,99.3527009324189,99.3527009324189,NÃO,12977.0,12977.0,Domínio aplicável = categorias substantivas de circulação; Saltado fica fora.
E01,Circulação da via,Moradores,3556503006,V05202,Carros de passeio ou van,79.0,0.6087693611774678,0.6087693611774678,NÃO,12977.0,12977.0,Domínio aplicável = categorias substantivas de circulação; Saltado fica fora.
E01,Circulação da via,Moradores,3556503006,V05203,"Pedestres, bicicletas e motocicletas",5.0,0.038529706403637204,0.038529706403637204,NÃO,12977.0,12977.0,Domínio aplicável = categorias substantivas de circulação; Saltado fica fora.
E01,Circulação da via,Moradores,3556503006,V05204,Aquavia,0.0,0.0,0.0,NÃO,12977.0,12977.0,Domínio aplicável = categorias substantivas de circulação; Saltado fica fora.
E01,Circulação da via,Moradores,3556503006,V05205,Saltado,0.0,0.0,,SIM,12977.0,12977.0,Domínio aplicável = categorias substantivas de circulação; Saltado fica fora.
E01,Circulação da via,Faces,3556503006,V05401,"Caminhão, ônibus",434.0,91.56118143459916,93.53448275862068,NÃO,474.0,464.0,Domínio aplicável = categorias substantivas de circulação; Saltado fica fora.
E01,Circulação da via,Faces,3556503006,V05402,Carros de passeio ou van,22.0,4.641350210970464,4.741379310344827,NÃO,474.0,464.0,Domínio aplicável = categorias substantivas de circulação; Saltado fica fora.
E01,Circulação da via,Faces,3556503006,V05403,"Pedestres, bicicletas e motocicletas",8.0,1.6877637130801686,1.7241379310344827,NÃO,474.0,464.0,Domínio aplicável = categorias substantivas de circulação; Saltado fica fora.
E01,Circulação da via,Faces,3556503006,V05404,Aquavia,0.0,0.0,0.0,NÃO,474.0,464.0,Domínio aplicável = categorias substantivas de circulação; Saltado fica fora.
E01,Circulação da via,Faces,3556503006,V05405,Saltado,10.0,2.109704641350211,,SIM,474.0,464.0,Domínio aplicável = categorias substantivas de circulação; Saltado fica fora.
E02,Pavimentação,Domicílios,3556503006,V05006,Sim,4188.0,88.71001906375768,88.71001906375768,NÃO,4721.0,4721.0,Domínio aplicável = Sim + Não; Não declarado coincide com circulação Aquavia + Saltado.
E02,Pavimentação,Domicílios,3556503006,V05007,Não,533.0,11.289980936242323,11.289980936242323,NÃO,4721.0,4721.0,Domínio aplicável = Sim + Não; Não declarado coincide com circulação Aquavia + Saltado.
E02,Pavimentação,Domicílios,3556503006,V05008,Não declarado,0.0,0.0,,SIM,4721.0,4721.0,Domínio aplicável = Sim + Não; Não declarado coincide com circulação Aquavia + Saltado.
E02,Pavimentação,Moradores,3556503006,V05206,Sim,11456.0,88.27926331201357,88.27926331201357,NÃO,12977.0,12977.0,Domínio aplicável = Sim + Não; Não declarado coincide com circulação Aquavia + Saltado.
E02,Pavimentação,Moradores,3556503006,V05207,Não,1521.0,11.720736687986436,11.720736687986436,NÃO,12977.0,12977.0,Domínio aplicável = Sim + Não; Não declarado coincide com circulação Aquavia + Saltado.
E02,Pavimentação,Moradores,3556503006,V05208,Não declarado,0.0,0.0,,SIM,12977.0,12977.0,Domínio aplicável = Sim + Não; Não declarado coincide com circulação Aquavia + Saltado.
E02,Pavimentação,Faces,3556503006,V05406,Sim,324.0,68.35443037974683,69.82758620689656,NÃO,474.0,464.0,Domínio aplicável = Sim + Não; Não declarado coincide com circulação Aquavia + Saltado.
E02,Pavimentação,Faces,3556503006,V05407,Não,140.0,29.535864978902953,30.17241379310345,NÃO,474.0,464.0,Domínio aplicável = Sim + Não; Não declarado coincide com circulação Aquavia + Saltado.
E02,Pavimentação,Faces,3556503006,V05408,Não declarado,10.0,2.109704641350211,,SIM,474.0,464.0,Domínio aplicável = Sim + Não; Não declarado coincide com circulação Aquavia + Saltado.
E03,Bueiro / boca de lobo,Domicílios,3556503006,V05009,Sim,2882.0,61.04638847701758,61.04638847701758,NÃO,4721.0,4721.0,Domínio aplicável = Sim + Não; Não declarado coincide com circulação Aquavia + Saltado.
E03,Bueiro / boca de lobo,Domicílios,3556503006,V05010,Não,1839.0,38.95361152298242,38.95361152298242,NÃO,4721.0,4721.0,Domínio aplicável = Sim + Não; Não declarado coincide com circulação Aquavia + Saltado.
E03,Bueiro / boca de lobo,Domicílios,3556503006,V05011,Não declarado,0.0,0.0,,SIM,4721.0,4721.0,Domínio aplicável = Sim + Não; Não declarado coincide com circulação Aquavia + Saltado.
E03,Bueiro / boca de lobo,Moradores,3556503006,V05209,Sim,7930.0,61.108114356168606,61.108114356168606,NÃO,12977.0,12977.0,Domínio aplicável = Sim + Não; Não declarado coincide com circulação Aquavia + Saltado.
E03,Bueiro / boca de lobo,Moradores,3556503006,V05210,Não,5047.0,38.891885643831394,38.891885643831394,NÃO,12977.0,12977.0,Domínio aplicável = Sim + Não; Não declarado coincide com circulação Aquavia + Saltado.
E03,Bueiro / boca de lobo,Moradores,3556503006,V05211,Não declarado,0.0,0.0,,SIM,12977.0,12977.0,Domínio aplicável = Sim + Não; Não declarado coincide com circulação Aquavia + Saltado.
E03,Bueiro / boca de lobo,Faces,3556503006,V05409,Sim,229.0,48.31223628691983,49.353448275862064,NÃO,474.0,464.0,Domínio aplicável = Sim + Não; Não declarado coincide com circulação Aquavia + Saltado.
E03,Bueiro / boca de lobo,Faces,3556503006,V05410,Não,235.0,49.57805907172996,50.646551724137936,NÃO,474.0,464.0,Domínio aplicável = Sim + Não; Não declarado coincide com circulação Aquavia + Saltado.
E03,Bueiro / boca de lobo,Faces,3556503006,V05411,Não declarado,10.0,2.109704641350211,,SIM,474.0,464.0,Domínio aplicável = Sim + Não; Não declarado coincide com circulação Aquavia + Saltado.
E04,Iluminação pública,Domicílios,3556503006,V05012,Sim,4676.0,99.04681211607709,99.04681211607709,NÃO,4721.0,4721.0,Domínio aplicável = Sim + Não; Não declarado coincide com circulação Aquavia + Saltado.
E04,Iluminação pública,Domicílios,3556503006,V05013,Não,45.0,0.9531878839228977,0.9531878839228977,NÃO,4721.0,4721.0,Domínio aplicável = Sim + Não; Não declarado coincide com circulação Aquavia + Saltado.
E04,Iluminação pública,Domicílios,3556503006,V05014,Não declarado,0.0,0.0,,SIM,4721.0,4721.0,Domínio aplicável = Sim + Não; Não declarado coincide com circulação Aquavia + Saltado.
E04,Iluminação pública,Moradores,3556503006,V05212,Sim,12859.0,99.09069892887416,99.09069892887416,NÃO,12977.0,12977.0,Domínio aplicável = Sim + Não; Não declarado coincide com circulação Aquavia + Saltado.
E04,Iluminação pública,Moradores,3556503006,V05213,Não,118.0,0.909301071125838,0.909301071125838,NÃO,12977.0,12977.0,Domínio aplicável = Sim + Não; Não declarado coincide com circulação Aquavia + Saltado.
E04,Iluminação pública,Moradores,3556503006,V05214,Não declarado,0.0,0.0,,SIM,12977.0,12977.0,Domínio aplicável = Sim + Não; Não declarado coincide com circulação Aquavia + Saltado.
E04,Iluminação pública,Faces,3556503006,V05412,Sim,431.0,90.92827004219409,92.88793103448276,NÃO,474.0,464.0,Domínio aplicável = Sim + Não; Não declarado coincide com circulação Aquavia + Saltado.
E04,Iluminação pública,Faces,3556503006,V05413,Não,33.0,6.962025316455696,7.112068965517242,NÃO,474.0,464.0,Domínio aplicável = Sim + Não; Não declarado coincide com circulação Aquavia + Saltado.
E04,Iluminação pública,Faces,3556503006,V05414,Não declarado,10.0,2.109704641350211,,SIM,474.0,464.0,Domínio aplicável = Sim + Não; Não declarado coincide com circulação Aquavia + Saltado.
E05,Ponto de ônibus,Domicílios,3556503006,V05015,Sim,459.0,9.722516416013557,9.722516416013557,NÃO,4721.0,4721.0,Domínio aplicável = Sim + Não; Não declarado coincide com circulação Aquavia + Saltado.
E05,Ponto de ônibus,Domicílios,3556503006,V05016,Não,4262.0,90.27748358398644,90.27748358398644,NÃO,4721.0,4721.0,Domínio aplicável = Sim + Não; Não declarado coincide com circulação Aquavia + Saltado.
E05,Ponto de ônibus,Domicílios,3556503006,V05017,Não declarado,0.0,0.0,,SIM,4721.0,4721.0,Domínio aplicável = Sim + Não; Não declarado coincide com circulação Aquavia + Saltado.
E05,Ponto de ônibus,Moradores,3556503006,V05215,Sim,1226.0,9.447484010171843,9.447484010171843,NÃO,12977.0,12977.0,Domínio aplicável = Sim + Não; Não declarado coincide com circulação Aquavia + Saltado.
E05,Ponto de ônibus,Moradores,3556503006,V05216,Não,11751.0,90.55251598982815,90.55251598982815,NÃO,12977.0,12977.0,Domínio aplicável = Sim + Não; Não declarado coincide com circulação Aquavia + Saltado.
E05,Ponto de ônibus,Moradores,3556503006,V05217,Não declarado,0.0,0.0,,SIM,12977.0,12977.0,Domínio aplicável = Sim + Não; Não declarado coincide com circulação Aquavia + Saltado.
E05,Ponto de ônibus,Faces,3556503006,V05415,Sim,44.0,9.282700421940929,9.482758620689655,NÃO,474.0,464.0,Domínio aplicável = Sim + Não; Não declarado coincide com circulação Aquavia + Saltado.
E05,Ponto de ônibus,Faces,3556503006,V05416,Não,420.0,88.60759493670885,90.51724137931035,NÃO,474.0,464.0,Domínio aplicável = Sim + Não; Não declarado coincide com circulação Aquavia + Saltado.
E05,Ponto de ônibus,Faces,3556503006,V05417,Não declarado,10.0,2.109704641350211,,SIM,474.0,464.0,Domínio aplicável = Sim + Não; Não declarado coincide com circulação Aquavia + Saltado.
E06,Via sinalizada para bicicleta,Domicílios,3556503006,V05018,Sim,138.0,2.9231095106968863,2.9231095106968863,NÃO,4721.0,4721.0,Domínio aplicável = Sim + Não; Não declarado coincide com circulação Aquavia + Saltado.
E06,Via sinalizada para bicicleta,Domicílios,3556503006,V05019,Não,4583.0,97.07689048930311,97.07689048930311,NÃO,4721.0,4721.0,Domínio aplicável = Sim + Não; Não declarado coincide com circulação Aquavia + Saltado.
E06,Via sinalizada para bicicleta,Domicílios,3556503006,V05020,Não declarado,0.0,0.0,,SIM,4721.0,4721.0,Domínio aplicável = Sim + Não; Não declarado coincide com circulação Aquavia + Saltado.
E06,Via sinalizada para bicicleta,Moradores,3556503006,V05218,Sim,365.0,2.812668567465516,2.812668567465516,NÃO,12977.0,12977.0,Domínio aplicável = Sim + Não; Não declarado coincide com circulação Aquavia + Saltado.
E06,Via sinalizada para bicicleta,Moradores,3556503006,V05219,Não,12612.0,97.18733143253448,97.18733143253448,NÃO,12977.0,12977.0,Domínio aplicável = Sim + Não; Não declarado coincide com circulação Aquavia + Saltado.
E06,Via sinalizada para bicicleta,Moradores,3556503006,V05220,Não declarado,0.0,0.0,,SIM,12977.0,12977.0,Domínio aplicável = Sim + Não; Não declarado coincide com circulação Aquavia + Saltado.
E06,Via sinalizada para bicicleta,Faces,3556503006,V05418,Sim,3.0,0.6329113924050633,0.646551724137931,NÃO,474.0,464.0,Domínio aplicável = Sim + Não; Não declarado coincide com circulação Aquavia + Saltado.
E06,Via sinalizada para bicicleta,Faces,3556503006,V05419,Não,461.0,97.25738396624473,99.35344827586206,NÃO,474.0,464.0,Domínio aplicável = Sim + Não; Não declarado coincide com circulação Aquavia + Saltado.
E06,Via sinalizada para bicicleta,Faces,3556503006,V05420,Não declarado,10.0,2.109704641350211,,SIM,474.0,464.0,Domínio aplicável = Sim + Não; Não declarado coincide com circulação Aquavia + Saltado.
E07,Calçada,Domicílios,3556503006,V05021,Sim,3569.0,75.59839017157381,75.59839017157381,NÃO,4721.0,4721.0,Domínio aplicável = Sim + Não; Não declarado coincide com circulação Aquavia + Saltado.
E07,Calçada,Domicílios,3556503006,V05022,Não,1152.0,24.401609828426178,24.401609828426178,NÃO,4721.0,4721.0,Domínio aplicável = Sim + Não; Não declarado coincide com circulação Aquavia + Saltado.
E07,Calçada,Domicílios,3556503006,V05023,Não declarado,0.0,0.0,,SIM,4721.0,4721.0,Domínio aplicável = Sim + Não; Não declarado coincide com circulação Aquavia + Saltado.
E07,Calçada,Moradores,3556503006,V05221,Sim,9629.0,74.20050859212452,74.20050859212452,NÃO,12977.0,12977.0,Domínio aplicável = Sim + Não; Não declarado coincide com circulação Aquavia + Saltado.
E07,Calçada,Moradores,3556503006,V05222,Não,3348.0,25.799491407875475,25.799491407875475,NÃO,12977.0,12977.0,Domínio aplicável = Sim + Não; Não declarado coincide com circulação Aquavia + Saltado.
E07,Calçada,Moradores,3556503006,V05223,Não declarado,0.0,0.0,,SIM,12977.0,12977.0,Domínio aplicável = Sim + Não; Não declarado coincide com circulação Aquavia + Saltado.
E07,Calçada,Faces,3556503006,V05421,Sim,234.0,49.36708860759494,50.43103448275862,NÃO,474.0,464.0,Domínio aplicável = Sim + Não; Não declarado coincide com circulação Aquavia + Saltado.
E07,Calçada,Faces,3556503006,V05422,Não,230.0,48.52320675105485,49.56896551724138,NÃO,474.0,464.0,Domínio aplicável = Sim + Não; Não declarado coincide com circulação Aquavia + Saltado.
E07,Calçada,Faces,3556503006,V05423,Não declarado,10.0,2.109704641350211,,SIM,474.0,464.0,Domínio aplicável = Sim + Não; Não declarado coincide com circulação Aquavia + Saltado.
E08,Obstáculo na calçada,Domicílios,3556503006,V05024,Sim,2864.0,60.66511332344843,80.2465676660129,NÃO,4721.0,3569.0,Domínio aplicável = Sim + Não; Não declarado coincide com ausência/não aplicação de calçada.
E08,Obstáculo na calçada,Domicílios,3556503006,V05025,Não,705.0,14.933276848125395,19.75343233398711,NÃO,4721.0,3569.0,Domínio aplicável = Sim + Não; Não declarado coincide com ausência/não aplicação de calçada.
E08,Obstáculo na calçada,Domicílios,3556503006,V05026,Não declarado,1152.0,24.401609828426178,,SIM,4721.0,3569.0,Domínio aplicável = Sim + Não; Não declarado coincide com ausência/não aplicação de calçada.
E08,Obstáculo na calçada,Moradores,3556503006,V05224,Sim,7740.0,59.64398551283039,80.38217883476997,NÃO,12977.0,9629.0,Domínio aplicável = Sim + Não; Não declarado coincide com ausência/não aplicação de calçada.
E08,Obstáculo na calçada,Moradores,3556503006,V05225,Não,1889.0,14.556523079294138,19.617821165230033,NÃO,12977.0,9629.0,Domínio aplicável = Sim + Não; Não declarado coincide com ausência/não aplicação de calçada.
E08,Obstáculo na calçada,Moradores,3556503006,V05226,Não declarado,3348.0,25.799491407875475,,SIM,12977.0,9629.0,Domínio aplicável = Sim + Não; Não declarado coincide com ausência/não aplicação de calçada.
E08,Obstáculo na calçada,Faces,3556503006,V05424,Sim,178.0,37.552742616033754,76.06837606837607,NÃO,474.0,234.0,Domínio aplicável = Sim + Não; Não declarado coincide com ausência/não aplicação de calçada.
E08,Obstáculo na calçada,Faces,3556503006,V05425,Não,56.0,11.814345991561181,23.931623931623932,NÃO,474.0,234.0,Domínio aplicável = Sim + Não; Não declarado coincide com ausência/não aplicação de calçada.
E08,Obstáculo na calçada,Faces,3556503006,V05426,Não declarado,240.0,50.63291139240506,,SIM,474.0,234.0,Domínio aplicável = Sim + Não; Não declarado coincide com ausência/não aplicação de calçada.
E09,Rampa para cadeirante,Domicílios,3556503006,V05027,Sim,199.0,4.2152086422368145,5.5757915382460075,NÃO,4721.0,3569.0,Domínio aplicável = Sim + Não; Não declarado coincide com ausência/não aplicação de calçada.
E09,Rampa para cadeirante,Domicílios,3556503006,V05028,Não,3370.0,71.38318152933701,94.42420846175399,NÃO,4721.0,3569.0,Domínio aplicável = Sim + Não; Não declarado coincide com ausência/não aplicação de calçada.
E09,Rampa para cadeirante,Domicílios,3556503006,V05029,Não declarado,1152.0,24.401609828426178,,SIM,4721.0,3569.0,Domínio aplicável = Sim + Não; Não declarado coincide com ausência/não aplicação de calçada.
E09,Rampa para cadeirante,Moradores,3556503006,V05227,Sim,512.0,3.9454419357324495,5.31727074462561,NÃO,12977.0,9629.0,Domínio aplicável = Sim + Não; Não declarado coincide com ausência/não aplicação de calçada.
E09,Rampa para cadeirante,Moradores,3556503006,V05228,Não,9117.0,70.25506665639207,94.68272925537438,NÃO,12977.0,9629.0,Domínio aplicável = Sim + Não; Não declarado coincide com ausência/não aplicação de calçada.
E09,Rampa para cadeirante,Moradores,3556503006,V05229,Não declarado,3348.0,25.799491407875475,,SIM,12977.0,9629.0,Domínio aplicável = Sim + Não; Não declarado coincide com ausência/não aplicação de calçada.
E09,Rampa para cadeirante,Faces,3556503006,V05427,Sim,15.0,3.1645569620253164,6.41025641025641,NÃO,474.0,234.0,Domínio aplicável = Sim + Não; Não declarado coincide com ausência/não aplicação de calçada.
E09,Rampa para cadeirante,Faces,3556503006,V05428,Não,219.0,46.20253164556962,93.58974358974359,NÃO,474.0,234.0,Domínio aplicável = Sim + Não; Não declarado coincide com ausência/não aplicação de calçada.
E09,Rampa para cadeirante,Faces,3556503006,V05429,Não declarado,240.0,50.63291139240506,,SIM,474.0,234.0,Domínio aplicável = Sim + Não; Não declarado coincide com ausência/não aplicação de calçada.
E10,Arborização,Domicílios,3556503006,V05030,Sem árvores,2340.0,49.56576996399068,49.56576996399068,NÃO,4721.0,4721.0,Domínio aplicável = classes substantivas de arborização; Saltado fica fora.
E10,Arborização,Domicílios,3556503006,V05031,1 a 2 árvores,1095.0,23.19423850879051,23.19423850879051,NÃO,4721.0,4721.0,Domínio aplicável = classes substantivas de arborização; Saltado fica fora.
E10,Arborização,Domicílios,3556503006,V05032,3 a 4 árvores,352.0,7.456047447574667,7.456047447574667,NÃO,4721.0,4721.0,Domínio aplicável = classes substantivas de arborização; Saltado fica fora.
E10,Arborização,Domicílios,3556503006,V05033,5 ou mais árvores,934.0,19.78394407964414,19.78394407964414,NÃO,4721.0,4721.0,Domínio aplicável = classes substantivas de arborização; Saltado fica fora.
E10,Arborização,Domicílios,3556503006,V05034,Saltado,0.0,0.0,,SIM,4721.0,4721.0,Domínio aplicável = classes substantivas de arborização; Saltado fica fora.
E10,Arborização,Moradores,3556503006,V05230,Sem árvores,6354.0,48.96355089774216,48.96355089774216,NÃO,12977.0,12977.0,Domínio aplicável = classes substantivas de arborização; Saltado fica fora.
E10,Arborização,Moradores,3556503006,V05231,1 a 2 árvores,2981.0,22.9714109578485,22.9714109578485,NÃO,12977.0,12977.0,Domínio aplicável = classes substantivas de arborização; Saltado fica fora.
E10,Arborização,Moradores,3556503006,V05232,3 a 4 árvores,982.0,7.567234337674347,7.567234337674347,NÃO,12977.0,12977.0,Domínio aplicável = classes substantivas de arborização; Saltado fica fora.
E10,Arborização,Moradores,3556503006,V05233,5 ou mais árvores,2660.0,20.497803806734993,20.497803806734993,NÃO,12977.0,12977.0,Domínio aplicável = classes substantivas de arborização; Saltado fica fora.
E10,Arborização,Moradores,3556503006,V05234,Saltado,0.0,0.0,,SIM,12977.0,12977.0,Domínio aplicável = classes substantivas de arborização; Saltado fica fora.
E10,Arborização,Faces,3556503006,V05430,Sem árvores,216.0,45.56962025316456,46.55172413793103,NÃO,474.0,464.0,Domínio aplicável = classes substantivas de arborização; Saltado fica fora.
E10,Arborização,Faces,3556503006,V05431,1 a 2 árvores,94.0,19.831223628691983,20.25862068965517,NÃO,474.0,464.0,Domínio aplicável = classes substantivas de arborização; Saltado fica fora.
E10,Arborização,Faces,3556503006,V05432,3 a 4 árvores,39.0,8.227848101265822,8.405172413793103,NÃO,474.0,464.0,Domínio aplicável = classes substantivas de arborização; Saltado fica fora.
E10,Arborização,Faces,3556503006,V05433,5 ou mais árvores,115.0,24.261603375527425,24.78448275862069,NÃO,474.0,464.0,Domínio aplicável = classes substantivas de arborização; Saltado fica fora.
E10,Arborização,Faces,3556503006,V05434,Saltado,10.0,2.109704641350211,,SIM,474.0,464.0,Domínio aplicável = classes substantivas de arborização; Saltado fica fora.
E01,Circulação da via,Domicílios,3556503007,V05001,"Caminhão, ônibus",4165.0,90.40590405904058,90.40590405904058,NÃO,4607.0,4607.0,Domínio aplicável = categorias substantivas de circulação; Saltado fica fora.
E01,Circulação da via,Domicílios,3556503007,V05002,Carros de passeio ou van,265.0,5.752116344692858,5.752116344692858,NÃO,4607.0,4607.0,Domínio aplicável = categorias substantivas de circulação; Saltado fica fora.
E01,Circulação da via,Domicílios,3556503007,V05003,"Pedestres, bicicletas e motocicletas",177.0,3.841979596266551,3.841979596266551,NÃO,4607.0,4607.0,Domínio aplicável = categorias substantivas de circulação; Saltado fica fora.
E01,Circulação da via,Domicílios,3556503007,V05004,Aquavia,0.0,0.0,0.0,NÃO,4607.0,4607.0,Domínio aplicável = categorias substantivas de circulação; Saltado fica fora.
E01,Circulação da via,Domicílios,3556503007,V05005,Saltado,0.0,0.0,,SIM,4607.0,4607.0,Domínio aplicável = categorias substantivas de circulação; Saltado fica fora.
E01,Circulação da via,Moradores,3556503007,V05201,"Caminhão, ônibus",12268.0,89.94794339760979,89.94794339760979,NÃO,13639.0,13639.0,Domínio aplicável = categorias substantivas de circulação; Saltado fica fora.
E01,Circulação da via,Moradores,3556503007,V05202,Carros de passeio ou van,791.0,5.799545421218564,5.799545421218564,NÃO,13639.0,13639.0,Domínio aplicável = categorias substantivas de circulação; Saltado fica fora.
E01,Circulação da via,Moradores,3556503007,V05203,"Pedestres, bicicletas e motocicletas",580.0,4.25251118117164,4.25251118117164,NÃO,13639.0,13639.0,Domínio aplicável = categorias substantivas de circulação; Saltado fica fora.
E01,Circulação da via,Moradores,3556503007,V05204,Aquavia,0.0,0.0,0.0,NÃO,13639.0,13639.0,Domínio aplicável = categorias substantivas de circulação; Saltado fica fora.
E01,Circulação da via,Moradores,3556503007,V05205,Saltado,0.0,0.0,,SIM,13639.0,13639.0,Domínio aplicável = categorias substantivas de circulação; Saltado fica fora.
E01,Circulação da via,Faces,3556503007,V05401,"Caminhão, ônibus",402.0,85.35031847133759,85.35031847133759,NÃO,471.0,471.0,Domínio aplicável = categorias substantivas de circulação; Saltado fica fora.
E01,Circulação da via,Faces,3556503007,V05402,Carros de passeio ou van,20.0,4.246284501061571,4.246284501061571,NÃO,471.0,471.0,Domínio aplicável = categorias substantivas de circulação; Saltado fica fora.
E01,Circulação da via,Faces,3556503007,V05403,"Pedestres, bicicletas e motocicletas",49.0,10.40339702760085,10.40339702760085,NÃO,471.0,471.0,Domínio aplicável = categorias substantivas de circulação; Saltado fica fora.
E01,Circulação da via,Faces,3556503007,V05404,Aquavia,0.0,0.0,0.0,NÃO,471.0,471.0,Domínio aplicável = categorias substantivas de circulação; Saltado fica fora.
E01,Circulação da via,Faces,3556503007,V05405,Saltado,0.0,0.0,,SIM,471.0,471.0,Domínio aplicável = categorias substantivas de circulação; Saltado fica fora.
E02,Pavimentação,Domicílios,3556503007,V05006,Sim,4448.0,96.54873019318428,96.54873019318428,NÃO,4607.0,4607.0,Domínio aplicável = Sim + Não; Não declarado coincide com circulação Aquavia + Saltado.
E02,Pavimentação,Domicílios,3556503007,V05007,Não,159.0,3.4512698068157155,3.4512698068157155,NÃO,4607.0,4607.0,Domínio aplicável = Sim + Não; Não declarado coincide com circulação Aquavia + Saltado.
E02,Pavimentação,Domicílios,3556503007,V05008,Não declarado,0.0,0.0,,SIM,4607.0,4607.0,Domínio aplicável = Sim + Não; Não declarado coincide com circulação Aquavia + Saltado.
E02,Pavimentação,Moradores,3556503007,V05206,Sim,13116.0,96.16540802111592,96.16540802111592,NÃO,13639.0,13639.0,Domínio aplicável = Sim + Não; Não declarado coincide com circulação Aquavia + Saltado.
E02,Pavimentação,Moradores,3556503007,V05207,Não,523.0,3.8345919788840823,3.8345919788840823,NÃO,13639.0,13639.0,Domínio aplicável = Sim + Não; Não declarado coincide com circulação Aquavia + Saltado.
E02,Pavimentação,Moradores,3556503007,V05208,Não declarado,0.0,0.0,,SIM,13639.0,13639.0,Domínio aplicável = Sim + Não; Não declarado coincide com circulação Aquavia + Saltado.
E02,Pavimentação,Faces,3556503007,V05406,Sim,452.0,95.96602972399151,95.96602972399151,NÃO,471.0,471.0,Domínio aplicável = Sim + Não; Não declarado coincide com circulação Aquavia + Saltado.
E02,Pavimentação,Faces,3556503007,V05407,Não,19.0,4.033970276008493,4.033970276008493,NÃO,471.0,471.0,Domínio aplicável = Sim + Não; Não declarado coincide com circulação Aquavia + Saltado.
E02,Pavimentação,Faces,3556503007,V05408,Não declarado,0.0,0.0,,SIM,471.0,471.0,Domínio aplicável = Sim + Não; Não declarado coincide com circulação Aquavia + Saltado.
E03,Bueiro / boca de lobo,Domicílios,3556503007,V05009,Sim,3703.0,80.37768612980247,80.37768612980247,NÃO,4607.0,4607.0,Domínio aplicável = Sim + Não; Não declarado coincide com circulação Aquavia + Saltado.
E03,Bueiro / boca de lobo,Domicílios,3556503007,V05010,Não,904.0,19.622313870197523,19.622313870197523,NÃO,4607.0,4607.0,Domínio aplicável = Sim + Não; Não declarado coincide com circulação Aquavia + Saltado.
E03,Bueiro / boca de lobo,Domicílios,3556503007,V05011,Não declarado,0.0,0.0,,SIM,4607.0,4607.0,Domínio aplicável = Sim + Não; Não declarado coincide com circulação Aquavia + Saltado.
E03,Bueiro / boca de lobo,Moradores,3556503007,V05209,Sim,10914.0,80.0205293643229,80.0205293643229,NÃO,13639.0,13639.0,Domínio aplicável = Sim + Não; Não declarado coincide com circulação Aquavia + Saltado.
E03,Bueiro / boca de lobo,Moradores,3556503007,V05210,Não,2725.0,19.979470635677103,19.979470635677103,NÃO,13639.0,13639.0,Domínio aplicável = Sim + Não; Não declarado coincide com circulação Aquavia + Saltado.
E03,Bueiro / boca de lobo,Moradores,3556503007,V05211,Não declarado,0.0,0.0,,SIM,13639.0,13639.0,Domínio aplicável = Sim + Não; Não declarado coincide com circulação Aquavia + Saltado.
E03,Bueiro / boca de lobo,Faces,3556503007,V05409,Sim,348.0,73.88535031847134,73.88535031847134,NÃO,471.0,471.0,Domínio aplicável = Sim + Não; Não declarado coincide com circulação Aquavia + Saltado.
E03,Bueiro / boca de lobo,Faces,3556503007,V05410,Não,123.0,26.11464968152866,26.11464968152866,NÃO,471.0,471.0,Domínio aplicável = Sim + Não; Não declarado coincide com circulação Aquavia + Saltado.
E03,Bueiro / boca de lobo,Faces,3556503007,V05411,Não declarado,0.0,0.0,,SIM,471.0,471.0,Domínio aplicável = Sim + Não; Não declarado coincide com circulação Aquavia + Saltado.
E04,Iluminação pública,Domicílios,3556503007,V05012,Sim,4561.0,99.00151942695898,99.00151942695898,NÃO,4607.0,4607.0,Domínio aplicável = Sim + Não; Não declarado coincide com circulação Aquavia + Saltado.
E04,Iluminação pública,Domicílios,3556503007,V05013,Não,46.0,0.9984805730410246,0.9984805730410246,NÃO,4607.0,4607.0,Domínio aplicável = Sim + Não; Não declarado coincide com circulação Aquavia + Saltado.
E04,Iluminação pública,Domicílios,3556503007,V05014,Não declarado,0.0,0.0,,SIM,4607.0,4607.0,Domínio aplicável = Sim + Não; Não declarado coincide com circulação Aquavia + Saltado.
E04,Iluminação pública,Moradores,3556503007,V05212,Sim,13501.0,98.98819561551433,98.98819561551433,NÃO,13639.0,13639.0,Domínio aplicável = Sim + Não; Não declarado coincide com circulação Aquavia + Saltado.
E04,Iluminação pública,Moradores,3556503007,V05213,Não,138.0,1.0118043844856661,1.0118043844856661,NÃO,13639.0,13639.0,Domínio aplicável = Sim + Não; Não declarado coincide com circulação Aquavia + Saltado.
E04,Iluminação pública,Moradores,3556503007,V05214,Não declarado,0.0,0.0,,SIM,13639.0,13639.0,Domínio aplicável = Sim + Não; Não declarado coincide com circulação Aquavia + Saltado.
E04,Iluminação pública,Faces,3556503007,V05412,Sim,451.0,95.75371549893843,95.75371549893843,NÃO,471.0,471.0,Domínio aplicável = Sim + Não; Não declarado coincide com circulação Aquavia + Saltado.
E04,Iluminação pública,Faces,3556503007,V05413,Não,20.0,4.246284501061571,4.246284501061571,NÃO,471.0,471.0,Domínio aplicável = Sim + Não; Não declarado coincide com circulação Aquavia + Saltado.
E04,Iluminação pública,Faces,3556503007,V05414,Não declarado,0.0,0.0,,SIM,471.0,471.0,Domínio aplicável = Sim + Não; Não declarado coincide com circulação Aquavia + Saltado.
E05,Ponto de ônibus,Domicílios,3556503007,V05015,Sim,225.0,4.883872368135446,4.883872368135446,NÃO,4607.0,4607.0,Domínio aplicável = Sim + Não; Não declarado coincide com circulação Aquavia + Saltado.
E05,Ponto de ônibus,Domicílios,3556503007,V05016,Não,4382.0,95.11612763186456,95.11612763186456,NÃO,4607.0,4607.0,Domínio aplicável = Sim + Não; Não declarado coincide com circulação Aquavia + Saltado.
E05,Ponto de ônibus,Domicílios,3556503007,V05017,Não declarado,0.0,0.0,,SIM,4607.0,4607.0,Domínio aplicável = Sim + Não; Não declarado coincide com circulação Aquavia + Saltado.
E05,Ponto de ônibus,Moradores,3556503007,V05215,Sim,668.0,4.897719774176992,4.897719774176992,NÃO,13639.0,13639.0,Domínio aplicável = Sim + Não; Não declarado coincide com circulação Aquavia + Saltado.
E05,Ponto de ônibus,Moradores,3556503007,V05216,Não,12971.0,95.10228022582301,95.10228022582301,NÃO,13639.0,13639.0,Domínio aplicável = Sim + Não; Não declarado coincide com circulação Aquavia + Saltado.
E05,Ponto de ônibus,Moradores,3556503007,V05217,Não declarado,0.0,0.0,,SIM,13639.0,13639.0,Domínio aplicável = Sim + Não; Não declarado coincide com circulação Aquavia + Saltado.
E05,Ponto de ônibus,Faces,3556503007,V05415,Sim,40.0,8.492569002123142,8.492569002123142,NÃO,471.0,471.0,Domínio aplicável = Sim + Não; Não declarado coincide com circulação Aquavia + Saltado.
E05,Ponto de ônibus,Faces,3556503007,V05416,Não,431.0,91.50743099787687,91.50743099787687,NÃO,471.0,471.0,Domínio aplicável = Sim + Não; Não declarado coincide com circulação Aquavia + Saltado.
E05,Ponto de ônibus,Faces,3556503007,V05417,Não declarado,0.0,0.0,,SIM,471.0,471.0,Domínio aplicável = Sim + Não; Não declarado coincide com circulação Aquavia + Saltado.
E06,Via sinalizada para bicicleta,Domicílios,3556503007,V05018,Sim,20.0,0.43412198827870635,0.43412198827870635,NÃO,4607.0,4607.0,Domínio aplicável = Sim + Não; Não declarado coincide com circulação Aquavia + Saltado.
E06,Via sinalizada para bicicleta,Domicílios,3556503007,V05019,Não,4587.0,99.5658780117213,99.5658780117213,NÃO,4607.0,4607.0,Domínio aplicável = Sim + Não; Não declarado coincide com circulação Aquavia + Saltado.
E06,Via sinalizada para bicicleta,Domicílios,3556503007,V05020,Não declarado,0.0,0.0,,SIM,4607.0,4607.0,Domínio aplicável = Sim + Não; Não declarado coincide com circulação Aquavia + Saltado.
E06,Via sinalizada para bicicleta,Moradores,3556503007,V05218,Sim,64.0,0.4692426130948017,0.4692426130948017,NÃO,13639.0,13639.0,Domínio aplicável = Sim + Não; Não declarado coincide com circulação Aquavia + Saltado.
E06,Via sinalizada para bicicleta,Moradores,3556503007,V05219,Não,13575.0,99.5307573869052,99.5307573869052,NÃO,13639.0,13639.0,Domínio aplicável = Sim + Não; Não declarado coincide com circulação Aquavia + Saltado.
E06,Via sinalizada para bicicleta,Moradores,3556503007,V05220,Não declarado,0.0,0.0,,SIM,13639.0,13639.0,Domínio aplicável = Sim + Não; Não declarado coincide com circulação Aquavia + Saltado.
E06,Via sinalizada para bicicleta,Faces,3556503007,V05418,Sim,4.0,0.8492569002123143,0.8492569002123143,NÃO,471.0,471.0,Domínio aplicável = Sim + Não; Não declarado coincide com circulação Aquavia + Saltado.
E06,Via sinalizada para bicicleta,Faces,3556503007,V05419,Não,467.0,99.15074309978769,99.15074309978769,NÃO,471.0,471.0,Domínio aplicável = Sim + Não; Não declarado coincide com circulação Aquavia + Saltado.
E06,Via sinalizada para bicicleta,Faces,3556503007,V05420,Não declarado,0.0,0.0,,SIM,471.0,471.0,Domínio aplicável = Sim + Não; Não declarado coincide com circulação Aquavia + Saltado.
E07,Calçada,Domicílios,3556503007,V05021,Sim,4044.0,87.77946602995442,87.77946602995442,NÃO,4607.0,4607.0,Domínio aplicável = Sim + Não; Não declarado coincide com circulação Aquavia + Saltado.
E07,Calçada,Domicílios,3556503007,V05022,Não,563.0,12.220533970045583,12.220533970045583,NÃO,4607.0,4607.0,Domínio aplicável = Sim + Não; Não declarado coincide com circulação Aquavia + Saltado.
E07,Calçada,Domicílios,3556503007,V05023,Não declarado,0.0,0.0,,SIM,4607.0,4607.0,Domínio aplicável = Sim + Não; Não declarado coincide com circulação Aquavia + Saltado.
E07,Calçada,Moradores,3556503007,V05221,Sim,11904.0,87.27912603563311,87.27912603563311,NÃO,13639.0,13639.0,Domínio aplicável = Sim + Não; Não declarado coincide com circulação Aquavia + Saltado.
E07,Calçada,Moradores,3556503007,V05222,Não,1735.0,12.720873964366888,12.720873964366888,NÃO,13639.0,13639.0,Domínio aplicável = Sim + Não; Não declarado coincide com circulação Aquavia + Saltado.
E07,Calçada,Moradores,3556503007,V05223,Não declarado,0.0,0.0,,SIM,13639.0,13639.0,Domínio aplicável = Sim + Não; Não declarado coincide com circulação Aquavia + Saltado.
E07,Calçada,Faces,3556503007,V05421,Sim,363.0,77.07006369426752,77.07006369426752,NÃO,471.0,471.0,Domínio aplicável = Sim + Não; Não declarado coincide com circulação Aquavia + Saltado.
E07,Calçada,Faces,3556503007,V05422,Não,108.0,22.929936305732486,22.929936305732486,NÃO,471.0,471.0,Domínio aplicável = Sim + Não; Não declarado coincide com circulação Aquavia + Saltado.
E07,Calçada,Faces,3556503007,V05423,Não declarado,0.0,0.0,,SIM,471.0,471.0,Domínio aplicável = Sim + Não; Não declarado coincide com circulação Aquavia + Saltado.
E08,Obstáculo na calçada,Domicílios,3556503007,V05024,Sim,3960.0,85.95615367918386,97.92284866468842,NÃO,4607.0,4044.0,Domínio aplicável = Sim + Não; Não declarado coincide com ausência/não aplicação de calçada.
E08,Obstáculo na calçada,Domicílios,3556503007,V05025,Não,84.0,1.8233123507705666,2.0771513353115725,NÃO,4607.0,4044.0,Domínio aplicável = Sim + Não; Não declarado coincide com ausência/não aplicação de calçada.
E08,Obstáculo na calçada,Domicílios,3556503007,V05026,Não declarado,563.0,12.220533970045583,,SIM,4607.0,4044.0,Domínio aplicável = Sim + Não; Não declarado coincide com ausência/não aplicação de calçada.
E08,Obstáculo na calçada,Moradores,3556503007,V05224,Sim,11656.0,85.46081090989075,97.91666666666666,NÃO,13639.0,11904.0,Domínio aplicável = Sim + Não; Não declarado coincide com ausência/não aplicação de calçada.
E08,Obstáculo na calçada,Moradores,3556503007,V05225,Não,248.0,1.8183151257423562,2.083333333333333,NÃO,13639.0,11904.0,Domínio aplicável = Sim + Não; Não declarado coincide com ausência/não aplicação de calçada.
E08,Obstáculo na calçada,Moradores,3556503007,V05226,Não declarado,1735.0,12.720873964366888,,SIM,13639.0,11904.0,Domínio aplicável = Sim + Não; Não declarado coincide com ausência/não aplicação de calçada.
E08,Obstáculo na calçada,Faces,3556503007,V05424,Sim,326.0,69.2144373673036,89.80716253443526,NÃO,471.0,363.0,Domínio aplicável = Sim + Não; Não declarado coincide com ausência/não aplicação de calçada.
E08,Obstáculo na calçada,Faces,3556503007,V05425,Não,37.0,7.855626326963907,10.192837465564738,NÃO,471.0,363.0,Domínio aplicável = Sim + Não; Não declarado coincide com ausência/não aplicação de calçada.
E08,Obstáculo na calçada,Faces,3556503007,V05426,Não declarado,108.0,22.929936305732486,,SIM,471.0,363.0,Domínio aplicável = Sim + Não; Não declarado coincide com ausência/não aplicação de calçada.
E09,Rampa para cadeirante,Domicílios,3556503007,V05027,Sim,18.0,0.39070978945083573,0.44510385756676557,NÃO,4607.0,4044.0,Domínio aplicável = Sim + Não; Não declarado coincide com ausência/não aplicação de calçada.
E09,Rampa para cadeirante,Domicílios,3556503007,V05028,Não,4026.0,87.38875624050358,99.55489614243324,NÃO,4607.0,4044.0,Domínio aplicável = Sim + Não; Não declarado coincide com ausência/não aplicação de calçada.
E09,Rampa para cadeirante,Domicílios,3556503007,V05029,Não declarado,563.0,12.220533970045583,,SIM,4607.0,4044.0,Domínio aplicável = Sim + Não; Não declarado coincide com ausência/não aplicação de calçada.
E09,Rampa para cadeirante,Moradores,3556503007,V05227,Sim,52.0,0.3812596231395264,0.43682795698924726,NÃO,13639.0,11904.0,Domínio aplicável = Sim + Não; Não declarado coincide com ausência/não aplicação de calçada.
E09,Rampa para cadeirante,Moradores,3556503007,V05228,Não,11852.0,86.89786641249358,99.56317204301075,NÃO,13639.0,11904.0,Domínio aplicável = Sim + Não; Não declarado coincide com ausência/não aplicação de calçada.
E09,Rampa para cadeirante,Moradores,3556503007,V05229,Não declarado,1735.0,12.720873964366888,,SIM,13639.0,11904.0,Domínio aplicável = Sim + Não; Não declarado coincide com ausência/não aplicação de calçada.
E09,Rampa para cadeirante,Faces,3556503007,V05427,Sim,11.0,2.335456475583864,3.0303030303030303,NÃO,471.0,363.0,Domínio aplicável = Sim + Não; Não declarado coincide com ausência/não aplicação de calçada.
E09,Rampa para cadeirante,Faces,3556503007,V05428,Não,352.0,74.73460721868365,96.96969696969697,NÃO,471.0,363.0,Domínio aplicável = Sim + Não; Não declarado coincide com ausência/não aplicação de calçada.
E09,Rampa para cadeirante,Faces,3556503007,V05429,Não declarado,108.0,22.929936305732486,,SIM,471.0,363.0,Domínio aplicável = Sim + Não; Não declarado coincide com ausência/não aplicação de calçada.
E10,Arborização,Domicílios,3556503007,V05030,Sem árvores,1666.0,36.162361623616235,36.162361623616235,NÃO,4607.0,4607.0,Domínio aplicável = classes substantivas de arborização; Saltado fica fora.
E10,Arborização,Domicílios,3556503007,V05031,1 a 2 árvores,1917.0,41.610592576514,41.610592576514,NÃO,4607.0,4607.0,Domínio aplicável = classes substantivas de arborização; Saltado fica fora.
E10,Arborização,Domicílios,3556503007,V05032,3 a 4 árvores,599.0,13.001953548947254,13.001953548947254,NÃO,4607.0,4607.0,Domínio aplicável = classes substantivas de arborização; Saltado fica fora.
E10,Arborização,Domicílios,3556503007,V05033,5 ou mais árvores,425.0,9.22509225092251,9.22509225092251,NÃO,4607.0,4607.0,Domínio aplicável = classes substantivas de arborização; Saltado fica fora.
E10,Arborização,Domicílios,3556503007,V05034,Saltado,0.0,0.0,,SIM,4607.0,4607.0,Domínio aplicável = classes substantivas de arborização; Saltado fica fora.
E10,Arborização,Moradores,3556503007,V05230,Sem árvores,4973.0,36.46161742063201,36.46161742063201,NÃO,13639.0,13639.0,Domínio aplicável = classes substantivas de arborização; Saltado fica fora.
E10,Arborização,Moradores,3556503007,V05231,1 a 2 árvores,5603.0,41.080724393283965,41.080724393283965,NÃO,13639.0,13639.0,Domínio aplicável = classes substantivas de arborização; Saltado fica fora.
E10,Arborização,Moradores,3556503007,V05232,3 a 4 árvores,1819.0,13.336754894053815,13.336754894053815,NÃO,13639.0,13639.0,Domínio aplicável = classes substantivas de arborização; Saltado fica fora.
E10,Arborização,Moradores,3556503007,V05233,5 ou mais árvores,1244.0,9.120903292030208,9.120903292030208,NÃO,13639.0,13639.0,Domínio aplicável = classes substantivas de arborização; Saltado fica fora.
E10,Arborização,Moradores,3556503007,V05234,Saltado,0.0,0.0,,SIM,13639.0,13639.0,Domínio aplicável = classes substantivas de arborização; Saltado fica fora.
E10,Arborização,Faces,3556503007,V05430,Sem árvores,252.0,53.503184713375795,53.503184713375795,NÃO,471.0,471.0,Domínio aplicável = classes substantivas de arborização; Saltado fica fora.
E10,Arborização,Faces,3556503007,V05431,1 a 2 árvores,129.0,27.388535031847134,27.388535031847134,NÃO,471.0,471.0,Domínio aplicável = classes substantivas de arborização; Saltado fica fora.
E10,Arborização,Faces,3556503007,V05432,3 a 4 árvores,39.0,8.280254777070063,8.280254777070063,NÃO,471.0,471.0,Domínio aplicável = classes substantivas de arborização; Saltado fica fora.
E10,Arborização,Faces,3556503007,V05433,5 ou mais árvores,51.0,10.828025477707007,10.828025477707007,NÃO,471.0,471.0,Domínio aplicável = classes substantivas de arborização; Saltado fica fora.
E10,Arborização,Faces,3556503007,V05434,Saltado,0.0,0.0,,SIM,471.0,471.0,Domínio aplicável = classes substantivas de arborização; Saltado fica fora.
E01,Circulação da via,Domicílios,MUNICIPIO,V05001,"Caminhão, ônibus",37599.0,95.0213551012156,95.05738989735552,NÃO,39569.0,39554.0,Domínio aplicável = categorias substantivas de circulação; Saltado fica fora.
E01,Circulação da via,Domicílios,MUNICIPIO,V05002,Carros de passeio ou van,1301.0,3.2879274179281763,3.2891742933710875,NÃO,39569.0,39554.0,Domínio aplicável = categorias substantivas de circulação; Saltado fica fora.
E01,Circulação da via,Domicílios,MUNICIPIO,V05003,"Pedestres, bicicletas e motocicletas",654.0,1.652809017159898,1.6534358092733983,NÃO,39569.0,39554.0,Domínio aplicável = categorias substantivas de circulação; Saltado fica fora.
E01,Circulação da via,Domicílios,MUNICIPIO,V05004,Aquavia,0.0,0.0,0.0,NÃO,39569.0,39554.0,Domínio aplicável = categorias substantivas de circulação; Saltado fica fora.
E01,Circulação da via,Domicílios,MUNICIPIO,V05005,Saltado,15.0,0.037908463696327936,,SIM,39569.0,39554.0,Domínio aplicável = categorias substantivas de circulação; Saltado fica fora.
E01,Circulação da via,Moradores,MUNICIPIO,V05201,"Caminhão, ônibus",106898.0,94.61255918927291,94.6510948388068,NÃO,112985.0,112939.0,Domínio aplicável = categorias substantivas de circulação; Saltado fica fora.
E01,Circulação da via,Moradores,MUNICIPIO,V05202,Carros de passeio ou van,3896.0,3.4482453423020756,3.449649810959899,NÃO,112985.0,112939.0,Domínio aplicável = categorias substantivas de circulação; Saltado fica fora.
E01,Circulação da via,Moradores,MUNICIPIO,V05203,"Pedestres, bicicletas e motocicletas",2145.0,1.8984820993937248,1.8992553502333118,NÃO,112985.0,112939.0,Domínio aplicável = categorias substantivas de circulação; Saltado fica fora.
E01,Circulação da via,Moradores,MUNICIPIO,V05204,Aquavia,0.0,0.0,0.0,NÃO,112985.0,112939.0,Domínio aplicável = categorias substantivas de circulação; Saltado fica fora.
E01,Circulação da via,Moradores,MUNICIPIO,V05205,Saltado,46.0,0.04071336903128734,,SIM,112985.0,112939.0,Domínio aplicável = categorias substantivas de circulação; Saltado fica fora.
E01,Circulação da via,Faces,MUNICIPIO,V05401,"Caminhão, ônibus",3116.0,85.27640941434045,86.02981778023192,NÃO,3654.0,3622.0,Domínio aplicável = categorias substantivas de circulação; Saltado fica fora.
E01,Circulação da via,Faces,MUNICIPIO,V05402,Carros de passeio ou van,180.0,4.926108374384237,4.969630038652678,NÃO,3654.0,3622.0,Domínio aplicável = categorias substantivas de circulação; Saltado fica fora.
E01,Circulação da via,Faces,MUNICIPIO,V05403,"Pedestres, bicicletas e motocicletas",326.0,8.921729611384784,9.000552181115404,NÃO,3654.0,3622.0,Domínio aplicável = categorias substantivas de circulação; Saltado fica fora.
E01,Circulação da via,Faces,MUNICIPIO,V05404,Aquavia,0.0,0.0,0.0,NÃO,3654.0,3622.0,Domínio aplicável = categorias substantivas de circulação; Saltado fica fora.
E01,Circulação da via,Faces,MUNICIPIO,V05405,Saltado,32.0,0.875752599890531,,SIM,3654.0,3622.0,Domínio aplicável = categorias substantivas de circulação; Saltado fica fora.
E02,Pavimentação,Domicílios,MUNICIPIO,V05006,Sim,38160.0,96.43913164345827,96.47570410072306,NÃO,39569.0,39554.0,Domínio aplicável = Sim + Não; Não declarado coincide com circulação Aquavia + Saltado.
E02,Pavimentação,Domicílios,MUNICIPIO,V05007,Não,1394.0,3.5229598928454093,3.5242958992769378,NÃO,39569.0,39554.0,Domínio aplicável = Sim + Não; Não declarado coincide com circulação Aquavia + Saltado.
E02,Pavimentação,Domicílios,MUNICIPIO,V05008,Não declarado,15.0,0.037908463696327936,,SIM,39569.0,39554.0,Domínio aplicável = Sim + Não; Não declarado coincide com circulação Aquavia + Saltado.
E02,Pavimentação,Moradores,MUNICIPIO,V05206,Sim,108758.0,96.25879541532062,96.29800157607204,NÃO,112985.0,112939.0,Domínio aplicável = Sim + Não; Não declarado coincide com circulação Aquavia + Saltado.
E02,Pavimentação,Moradores,MUNICIPIO,V05207,Não,4181.0,3.700491215648095,3.701998423927961,NÃO,112985.0,112939.0,Domínio aplicável = Sim + Não; Não declarado coincide com circulação Aquavia + Saltado.
E02,Pavimentação,Moradores,MUNICIPIO,V05208,Não declarado,46.0,0.04071336903128734,,SIM,112985.0,112939.0,Domínio aplicável = Sim + Não; Não declarado coincide com circulação Aquavia + Saltado.
E02,Pavimentação,Faces,MUNICIPIO,V05406,Sim,3291.0,90.06568144499178,90.86140254003313,NÃO,3654.0,3622.0,Domínio aplicável = Sim + Não; Não declarado coincide com circulação Aquavia + Saltado.
E02,Pavimentação,Faces,MUNICIPIO,V05407,Não,331.0,9.058565955117679,9.138597459966869,NÃO,3654.0,3622.0,Domínio aplicável = Sim + Não; Não declarado coincide com circulação Aquavia + Saltado.
E02,Pavimentação,Faces,MUNICIPIO,V05408,Não declarado,32.0,0.875752599890531,,SIM,3654.0,3622.0,Domínio aplicável = Sim + Não; Não declarado coincide com circulação Aquavia + Saltado.
E03,Bueiro / boca de lobo,Domicílios,MUNICIPIO,V05009,Sim,29519.0,74.60132932346029,74.62962026596551,NÃO,39569.0,39554.0,Domínio aplicável = Sim + Não; Não declarado coincide com circulação Aquavia + Saltado.
E03,Bueiro / boca de lobo,Domicílios,MUNICIPIO,V05010,Não,10035.0,25.360762212843387,25.370379734034486,NÃO,39569.0,39554.0,Domínio aplicável = Sim + Não; Não declarado coincide com circulação Aquavia + Saltado.
E03,Bueiro / boca de lobo,Domicílios,MUNICIPIO,V05011,Não declarado,15.0,0.037908463696327936,,SIM,39569.0,39554.0,Domínio aplicável = Sim + Não; Não declarado coincide com circulação Aquavia + Saltado.
E03,Bueiro / boca de lobo,Moradores,MUNICIPIO,V05209,Sim,84557.0,74.83913793866442,74.86961988329983,NÃO,112985.0,112939.0,Domínio aplicável = Sim + Não; Não declarado coincide com circulação Aquavia + Saltado.
E03,Bueiro / boca de lobo,Moradores,MUNICIPIO,V05210,Não,28382.0,25.12014869230429,25.130380116700163,NÃO,112985.0,112939.0,Domínio aplicável = Sim + Não; Não declarado coincide com circulação Aquavia + Saltado.
E03,Bueiro / boca de lobo,Moradores,MUNICIPIO,V05211,Não declarado,46.0,0.04071336903128734,,SIM,112985.0,112939.0,Domínio aplicável = Sim + Não; Não declarado coincide com circulação Aquavia + Saltado.
E03,Bueiro / boca de lobo,Faces,MUNICIPIO,V05409,Sim,2348.0,64.2583470169677,64.82606294864716,NÃO,3654.0,3622.0,Domínio aplicável = Sim + Não; Não declarado coincide com circulação Aquavia + Saltado.
E03,Bueiro / boca de lobo,Faces,MUNICIPIO,V05410,Não,1274.0,34.86590038314176,35.173937051352844,NÃO,3654.0,3622.0,Domínio aplicável = Sim + Não; Não declarado coincide com circulação Aquavia + Saltado.
E03,Bueiro / boca de lobo,Faces,MUNICIPIO,V05411,Não declarado,32.0,0.875752599890531,,SIM,3654.0,3622.0,Domínio aplicável = Sim + Não; Não declarado coincide com circulação Aquavia + Saltado.
E04,Iluminação pública,Domicílios,MUNICIPIO,V05012,Sim,38027.0,96.10300993201749,96.13945492238459,NÃO,39569.0,39554.0,Domínio aplicável = Sim + Não; Não declarado coincide com circulação Aquavia + Saltado.
E04,Iluminação pública,Domicílios,MUNICIPIO,V05013,Não,1527.0,3.859081604286184,3.860545077615412,NÃO,39569.0,39554.0,Domínio aplicável = Sim + Não; Não declarado coincide com circulação Aquavia + Saltado.
E04,Iluminação pública,Domicílios,MUNICIPIO,V05014,Não declarado,15.0,0.037908463696327936,,SIM,39569.0,39554.0,Domínio aplicável = Sim + Não; Não declarado coincide com circulação Aquavia + Saltado.
E04,Iluminação pública,Moradores,MUNICIPIO,V05212,Sim,108484.0,96.01628534761252,96.05539273413082,NÃO,112985.0,112939.0,Domínio aplicável = Sim + Não; Não declarado coincide com circulação Aquavia + Saltado.
E04,Iluminação pública,Moradores,MUNICIPIO,V05213,Não,4455.0,3.943001283356198,3.944607265869186,NÃO,112985.0,112939.0,Domínio aplicável = Sim + Não; Não declarado coincide com circulação Aquavia + Saltado.
E04,Iluminação pública,Moradores,MUNICIPIO,V05214,Não declarado,46.0,0.04071336903128734,,SIM,112985.0,112939.0,Domínio aplicável = Sim + Não; Não declarado coincide com circulação Aquavia + Saltado.
E04,Iluminação pública,Faces,MUNICIPIO,V05412,Sim,3374.0,92.33716475095785,93.15295416896741,NÃO,3654.0,3622.0,Domínio aplicável = Sim + Não; Não declarado coincide com circulação Aquavia + Saltado.
E04,Iluminação pública,Faces,MUNICIPIO,V05413,Não,248.0,6.787082649151614,6.847045831032579,NÃO,3654.0,3622.0,Domínio aplicável = Sim + Não; Não declarado coincide com circulação Aquavia + Saltado.
E04,Iluminação pública,Faces,MUNICIPIO,V05414,Não declarado,32.0,0.875752599890531,,SIM,3654.0,3622.0,Domínio aplicável = Sim + Não; Não declarado coincide com circulação Aquavia + Saltado.
E05,Ponto de ônibus,Domicílios,MUNICIPIO,V05015,Sim,3018.0,7.62718289570118,7.630075340041461,NÃO,39569.0,39554.0,Domínio aplicável = Sim + Não; Não declarado coincide com circulação Aquavia + Saltado.
E05,Ponto de ônibus,Domicílios,MUNICIPIO,V05016,Não,36536.0,92.33490864060249,92.36992465995854,NÃO,39569.0,39554.0,Domínio aplicável = Sim + Não; Não declarado coincide com circulação Aquavia + Saltado.
E05,Ponto de ônibus,Domicílios,MUNICIPIO,V05017,Não declarado,15.0,0.037908463696327936,,SIM,39569.0,39554.0,Domínio aplicável = Sim + Não; Não declarado coincide com circulação Aquavia + Saltado.
E05,Ponto de ônibus,Moradores,MUNICIPIO,V05215,Sim,8456.0,7.484179315838385,7.487227618448896,NÃO,112985.0,112939.0,Domínio aplicável = Sim + Não; Não declarado coincide com circulação Aquavia + Saltado.
E05,Ponto de ônibus,Moradores,MUNICIPIO,V05216,Não,104483.0,92.47510731513032,92.5127723815511,NÃO,112985.0,112939.0,Domínio aplicável = Sim + Não; Não declarado coincide com circulação Aquavia + Saltado.
E05,Ponto de ônibus,Moradores,MUNICIPIO,V05217,Não declarado,46.0,0.04071336903128734,,SIM,112985.0,112939.0,Domínio aplicável = Sim + Não; Não declarado coincide com circulação Aquavia + Saltado.
E05,Ponto de ônibus,Faces,MUNICIPIO,V05415,Sim,255.0,6.9786535303776684,7.040309221424628,NÃO,3654.0,3622.0,Domínio aplicável = Sim + Não; Não declarado coincide com circulação Aquavia + Saltado.
E05,Ponto de ônibus,Faces,MUNICIPIO,V05416,Não,3367.0,92.1455938697318,92.95969077857538,NÃO,3654.0,3622.0,Domínio aplicável = Sim + Não; Não declarado coincide com circulação Aquavia + Saltado.
E05,Ponto de ônibus,Faces,MUNICIPIO,V05417,Não declarado,32.0,0.875752599890531,,SIM,3654.0,3622.0,Domínio aplicável = Sim + Não; Não declarado coincide com circulação Aquavia + Saltado.
E06,Via sinalizada para bicicleta,Domicílios,MUNICIPIO,V05018,Sim,428.0,1.0816548308018905,1.0820650250290742,NÃO,39569.0,39554.0,Domínio aplicável = Sim + Não; Não declarado coincide com circulação Aquavia + Saltado.
E06,Via sinalizada para bicicleta,Domicílios,MUNICIPIO,V05019,Não,39126.0,98.88043670550178,98.91793497497092,NÃO,39569.0,39554.0,Domínio aplicável = Sim + Não; Não declarado coincide com circulação Aquavia + Saltado.
E06,Via sinalizada para bicicleta,Domicílios,MUNICIPIO,V05020,Não declarado,15.0,0.037908463696327936,,SIM,39569.0,39554.0,Domínio aplicável = Sim + Não; Não declarado coincide com circulação Aquavia + Saltado.
E06,Via sinalizada para bicicleta,Moradores,MUNICIPIO,V05218,Sim,1192.0,1.0550073018542283,1.0554370058172997,NÃO,112985.0,112939.0,Domínio aplicável = Sim + Não; Não declarado coincide com circulação Aquavia + Saltado.
E06,Via sinalizada para bicicleta,Moradores,MUNICIPIO,V05219,Não,111747.0,98.90427932911449,98.9445629941827,NÃO,112985.0,112939.0,Domínio aplicável = Sim + Não; Não declarado coincide com circulação Aquavia + Saltado.
E06,Via sinalizada para bicicleta,Moradores,MUNICIPIO,V05220,Não declarado,46.0,0.04071336903128734,,SIM,112985.0,112939.0,Domínio aplicável = Sim + Não; Não declarado coincide com circulação Aquavia + Saltado.
E06,Via sinalizada para bicicleta,Faces,MUNICIPIO,V05418,Sim,41.0,1.1220580186097429,1.1319712865819989,NÃO,3654.0,3622.0,Domínio aplicável = Sim + Não; Não declarado coincide com circulação Aquavia + Saltado.
E06,Via sinalizada para bicicleta,Faces,MUNICIPIO,V05419,Não,3581.0,98.00218938149973,98.868028713418,NÃO,3654.0,3622.0,Domínio aplicável = Sim + Não; Não declarado coincide com circulação Aquavia + Saltado.
E06,Via sinalizada para bicicleta,Faces,MUNICIPIO,V05420,Não declarado,32.0,0.875752599890531,,SIM,3654.0,3622.0,Domínio aplicável = Sim + Não; Não declarado coincide com circulação Aquavia + Saltado.
E07,Calçada,Domicílios,MUNICIPIO,V05021,Sim,35156.0,88.84732998054032,88.88102341103303,NÃO,39569.0,39554.0,Domínio aplicável = Sim + Não; Não declarado coincide com circulação Aquavia + Saltado.
E07,Calçada,Domicílios,MUNICIPIO,V05022,Não,4398.0,11.11476155576335,11.118976588966982,NÃO,39569.0,39554.0,Domínio aplicável = Sim + Não; Não declarado coincide com circulação Aquavia + Saltado.
E07,Calçada,Domicílios,MUNICIPIO,V05023,Não declarado,15.0,0.037908463696327936,,SIM,39569.0,39554.0,Domínio aplicável = Sim + Não; Não declarado coincide com circulação Aquavia + Saltado.
E07,Calçada,Moradores,MUNICIPIO,V05221,Sim,99646.0,88.19400805416649,88.22992943093175,NÃO,112985.0,112939.0,Domínio aplicável = Sim + Não; Não declarado coincide com circulação Aquavia + Saltado.
E07,Calçada,Moradores,MUNICIPIO,V05222,Não,13293.0,11.765278576802231,11.770070569068258,NÃO,112985.0,112939.0,Domínio aplicável = Sim + Não; Não declarado coincide com circulação Aquavia + Saltado.
E07,Calçada,Moradores,MUNICIPIO,V05223,Não declarado,46.0,0.04071336903128734,,SIM,112985.0,112939.0,Domínio aplicável = Sim + Não; Não declarado coincide com circulação Aquavia + Saltado.
E07,Calçada,Faces,MUNICIPIO,V05421,Sim,2626.0,71.86644772851669,72.50138045278851,NÃO,3654.0,3622.0,Domínio aplicável = Sim + Não; Não declarado coincide com circulação Aquavia + Saltado.
E07,Calçada,Faces,MUNICIPIO,V05422,Não,996.0,27.257799671592775,27.498619547211483,NÃO,3654.0,3622.0,Domínio aplicável = Sim + Não; Não declarado coincide com circulação Aquavia + Saltado.
E07,Calçada,Faces,MUNICIPIO,V05423,Não declarado,32.0,0.875752599890531,,SIM,3654.0,3622.0,Domínio aplicável = Sim + Não; Não declarado coincide com circulação Aquavia + Saltado.
E08,Obstáculo na calçada,Domicílios,MUNICIPIO,V05024,Sim,33513.0,84.69508959033587,95.32654454431676,NÃO,39569.0,35156.0,Domínio aplicável = Sim + Não; Não declarado coincide com ausência/não aplicação de calçada.
E08,Obstáculo na calçada,Domicílios,MUNICIPIO,V05025,Não,1643.0,4.152240390204453,4.67345545568324,NÃO,39569.0,35156.0,Domínio aplicável = Sim + Não; Não declarado coincide com ausência/não aplicação de calçada.
E08,Obstáculo na calçada,Domicílios,MUNICIPIO,V05026,Não declarado,4413.0,11.152670019459677,,SIM,39569.0,35156.0,Domínio aplicável = Sim + Não; Não declarado coincide com ausência/não aplicação de calçada.
E08,Obstáculo na calçada,Moradores,MUNICIPIO,V05224,Sim,95219.0,84.27578882152498,95.55727274551914,NÃO,112985.0,99646.0,Domínio aplicável = Sim + Não; Não declarado coincide com ausência/não aplicação de calçada.
E08,Obstáculo na calçada,Moradores,MUNICIPIO,V05225,Não,4427.0,3.9182192326415013,4.442727254480863,NÃO,112985.0,99646.0,Domínio aplicável = Sim + Não; Não declarado coincide com ausência/não aplicação de calçada.
E08,Obstáculo na calçada,Moradores,MUNICIPIO,V05226,Não declarado,13339.0,11.805991945833517,,SIM,112985.0,99646.0,Domínio aplicável = Sim + Não; Não declarado coincide com ausência/não aplicação de calçada.
E08,Obstáculo na calçada,Faces,MUNICIPIO,V05424,Sim,2350.0,64.31308155446087,89.48971820258949,NÃO,3654.0,2626.0,Domínio aplicável = Sim + Não; Não declarado coincide com ausência/não aplicação de calçada.
E08,Obstáculo na calçada,Faces,MUNICIPIO,V05425,Não,276.0,7.55336617405583,10.51028179741051,NÃO,3654.0,2626.0,Domínio aplicável = Sim + Não; Não declarado coincide com ausência/não aplicação de calçada.
E08,Obstáculo na calçada,Faces,MUNICIPIO,V05426,Não declarado,1028.0,28.13355227148331,,SIM,3654.0,2626.0,Domínio aplicável = Sim + Não; Não declarado coincide com ausência/não aplicação de calçada.
E09,Rampa para cadeirante,Domicílios,MUNICIPIO,V05027,Sim,672.0,1.6982991735954915,1.911480259415178,NÃO,39569.0,35156.0,Domínio aplicável = Sim + Não; Não declarado coincide com ausência/não aplicação de calçada.
E09,Rampa para cadeirante,Domicílios,MUNICIPIO,V05028,Não,34484.0,87.14903080694482,98.08851974058483,NÃO,39569.0,35156.0,Domínio aplicável = Sim + Não; Não declarado coincide com ausência/não aplicação de calçada.
E09,Rampa para cadeirante,Domicílios,MUNICIPIO,V05029,Não declarado,4413.0,11.152670019459677,,SIM,39569.0,35156.0,Domínio aplicável = Sim + Não; Não declarado coincide com ausência/não aplicação de calçada.
E09,Rampa para cadeirante,Moradores,MUNICIPIO,V05227,Sim,1778.0,1.5736602203832366,1.784316480340405,NÃO,112985.0,99646.0,Domínio aplicável = Sim + Não; Não declarado coincide com ausência/não aplicação de calçada.
E09,Rampa para cadeirante,Moradores,MUNICIPIO,V05228,Não,97868.0,86.62034783378326,98.21568351965959,NÃO,112985.0,99646.0,Domínio aplicável = Sim + Não; Não declarado coincide com ausência/não aplicação de calçada.
E09,Rampa para cadeirante,Moradores,MUNICIPIO,V05229,Não declarado,13339.0,11.805991945833517,,SIM,112985.0,99646.0,Domínio aplicável = Sim + Não; Não declarado coincide com ausência/não aplicação de calçada.
E09,Rampa para cadeirante,Faces,MUNICIPIO,V05427,Sim,106.0,2.9009304871373836,4.036557501904037,NÃO,3654.0,2626.0,Domínio aplicável = Sim + Não; Não declarado coincide com ausência/não aplicação de calçada.
E09,Rampa para cadeirante,Faces,MUNICIPIO,V05428,Não,2520.0,68.96551724137932,95.96344249809596,NÃO,3654.0,2626.0,Domínio aplicável = Sim + Não; Não declarado coincide com ausência/não aplicação de calçada.
E09,Rampa para cadeirante,Faces,MUNICIPIO,V05429,Não declarado,1028.0,28.13355227148331,,SIM,3654.0,2626.0,Domínio aplicável = Sim + Não; Não declarado coincide com ausência/não aplicação de calçada.
E10,Arborização,Domicílios,MUNICIPIO,V05030,Sem árvores,14387.0,36.35927114660467,36.37305961470395,NÃO,39569.0,39554.0,Domínio aplicável = classes substantivas de arborização; Saltado fica fora.
E10,Arborização,Domicílios,MUNICIPIO,V05031,1 a 2 árvores,12985.0,32.81609340645455,32.828538200940486,NÃO,39569.0,39554.0,Domínio aplicável = classes substantivas de arborização; Saltado fica fora.
E10,Arborização,Domicílios,MUNICIPIO,V05032,3 a 4 árvores,5436.0,13.738027243549242,13.743237093593569,NÃO,39569.0,39554.0,Domínio aplicável = classes substantivas de arborização; Saltado fica fora.
E10,Arborização,Domicílios,MUNICIPIO,V05033,5 ou mais árvores,6746.0,17.048699739695216,17.055165090761996,NÃO,39569.0,39554.0,Domínio aplicável = classes substantivas de arborização; Saltado fica fora.
E10,Arborização,Domicílios,MUNICIPIO,V05034,Saltado,15.0,0.037908463696327936,,SIM,39569.0,39554.0,Domínio aplicável = classes substantivas de arborização; Saltado fica fora.
E10,Arborização,Moradores,MUNICIPIO,V05230,Sem árvores,41535.0,36.76151701553304,36.77648996360867,NÃO,112985.0,112939.0,Domínio aplicável = classes substantivas de arborização; Saltado fica fora.
E10,Arborização,Moradores,MUNICIPIO,V05231,1 a 2 árvores,36649.0,32.43704916581847,32.4502607602334,NÃO,112985.0,112939.0,Domínio aplicável = classes substantivas de arborização; Saltado fica fora.
E10,Arborização,Moradores,MUNICIPIO,V05232,3 a 4 árvores,15288.0,13.530999690224366,13.536510859844695,NÃO,112985.0,112939.0,Domínio aplicável = classes substantivas de arborização; Saltado fica fora.
E10,Arborização,Moradores,MUNICIPIO,V05233,5 ou mais árvores,19467.0,17.229720759392837,17.23673841631323,NÃO,112985.0,112939.0,Domínio aplicável = classes substantivas de arborização; Saltado fica fora.
E10,Arborização,Moradores,MUNICIPIO,V05234,Saltado,46.0,0.04071336903128734,,SIM,112985.0,112939.0,Domínio aplicável = classes substantivas de arborização; Saltado fica fora.
E10,Arborização,Faces,MUNICIPIO,V05430,Sem árvores,1742.0,47.67378215654078,48.09497515184981,NÃO,3654.0,3622.0,Domínio aplicável = classes substantivas de arborização; Saltado fica fora.
E10,Arborização,Faces,MUNICIPIO,V05431,1 a 2 árvores,890.0,24.35686918445539,24.572059635560464,NÃO,3654.0,3622.0,Domínio aplicável = classes substantivas de arborização; Saltado fica fora.
E10,Arborização,Faces,MUNICIPIO,V05432,3 a 4 árvores,379.0,10.372194854953475,10.463832136940916,NÃO,3654.0,3622.0,Domínio aplicável = classes substantivas de arborização; Saltado fica fora.
E10,Arborização,Faces,MUNICIPIO,V05433,5 ou mais árvores,611.0,16.721401204159825,16.86913307564881,NÃO,3654.0,3622.0,Domínio aplicável = classes substantivas de arborização; Saltado fica fora.
E10,Arborização,Faces,MUNICIPIO,V05434,Saltado,32.0,0.875752599890531,,SIM,3654.0,3622.0,Domínio aplicável = classes substantivas de arborização; Saltado fica fora.
