Tabela,Característica,Universo,APOND,Código,Categoria,Contagem agregada,Percentual bruto (%),Percentual no domínio aplicável (%),Fora do domínio aplicável?,Denominador observado,Denominador no domínio aplicável,Regra do domínio aplicável
E01,Circulação da via,Domicílios,3509601001,V05001,"Caminhão, ônibus",3583.0,95.62316519882573,96.36901559978483,NÃO,3747.0,3718.0,Domínio aplicável = categorias substantivas de circulação; Saltado fica fora.
E01,Circulação da via,Domicílios,3509601001,V05002,Carros de passeio ou van,128.0,3.416066186282359,3.442711135018827,NÃO,3747.0,3718.0,Domínio aplicável = categorias substantivas de circulação; Saltado fica fora.
E01,Circulação da via,Domicílios,3509601001,V05003,"Pedestres, bicicletas e motocicletas",7.0,0.1868161195623165,0.18827326519634213,NÃO,3747.0,3718.0,Domínio aplicável = categorias substantivas de circulação; Saltado fica fora.
E01,Circulação da via,Domicílios,3509601001,V05004,Aquavia,0.0,0.0,0.0,NÃO,3747.0,3718.0,Domínio aplicável = categorias substantivas de circulação; Saltado fica fora.
E01,Circulação da via,Domicílios,3509601001,V05005,Saltado,29.0,0.773952495329597,,SIM,3747.0,3718.0,Domínio aplicável = categorias substantivas de circulação; Saltado fica fora.
E01,Circulação da via,Moradores,3509601001,V05201,"Caminhão, ônibus",10146.0,95.75311438278595,96.4999048887198,NÃO,10596.0,10514.0,Domínio aplicável = categorias substantivas de circulação; Saltado fica fora.
E01,Circulação da via,Moradores,3509601001,V05202,Carros de passeio ou van,347.0,3.2748206870517174,3.3003614228647518,NÃO,10596.0,10514.0,Domínio aplicável = categorias substantivas de circulação; Saltado fica fora.
E01,Circulação da via,Moradores,3509601001,V05203,"Pedestres, bicicletas e motocicletas",21.0,0.19818799546998866,0.1997336884154461,NÃO,10596.0,10514.0,Domínio aplicável = categorias substantivas de circulação; Saltado fica fora.
E01,Circulação da via,Moradores,3509601001,V05204,Aquavia,0.0,0.0,0.0,NÃO,10596.0,10514.0,Domínio aplicável = categorias substantivas de circulação; Saltado fica fora.
E01,Circulação da via,Moradores,3509601001,V05205,Saltado,82.0,0.7738769346923368,,SIM,10596.0,10514.0,Domínio aplicável = categorias substantivas de circulação; Saltado fica fora.
E01,Circulação da via,Faces,3509601001,V05401,"Caminhão, ônibus",412.0,87.10359408033827,93.63636363636364,NÃO,473.0,440.0,Domínio aplicável = categorias substantivas de circulação; Saltado fica fora.
E01,Circulação da via,Faces,3509601001,V05402,Carros de passeio ou van,15.0,3.171247357293869,3.4090909090909087,NÃO,473.0,440.0,Domínio aplicável = categorias substantivas de circulação; Saltado fica fora.
E01,Circulação da via,Faces,3509601001,V05403,"Pedestres, bicicletas e motocicletas",13.0,2.748414376321353,2.9545454545454546,NÃO,473.0,440.0,Domínio aplicável = categorias substantivas de circulação; Saltado fica fora.
E01,Circulação da via,Faces,3509601001,V05404,Aquavia,0.0,0.0,0.0,NÃO,473.0,440.0,Domínio aplicável = categorias substantivas de circulação; Saltado fica fora.
E01,Circulação da via,Faces,3509601001,V05405,Saltado,33.0,6.976744186046512,,SIM,473.0,440.0,Domínio aplicável = categorias substantivas de circulação; Saltado fica fora.
E02,Pavimentação,Domicílios,3509601001,V05006,Sim,3641.0,97.17107018948492,97.92899408284023,NÃO,3747.0,3718.0,Domínio aplicável = Sim + Não; Não declarado coincide com circulação Aquavia + Saltado.
E02,Pavimentação,Domicílios,3509601001,V05007,Não,77.0,2.0549773151854818,2.0710059171597637,NÃO,3747.0,3718.0,Domínio aplicável = Sim + Não; Não declarado coincide com circulação Aquavia + Saltado.
E02,Pavimentação,Domicílios,3509601001,V05008,Não declarado,29.0,0.773952495329597,,SIM,3747.0,3718.0,Domínio aplicável = Sim + Não; Não declarado coincide com circulação Aquavia + Saltado.
E02,Pavimentação,Moradores,3509601001,V05206,Sim,10298.0,97.18761796904492,97.94559634772683,NÃO,10596.0,10514.0,Domínio aplicável = Sim + Não; Não declarado coincide com circulação Aquavia + Saltado.
E02,Pavimentação,Moradores,3509601001,V05207,Não,216.0,2.0385050962627407,2.0544036522731597,NÃO,10596.0,10514.0,Domínio aplicável = Sim + Não; Não declarado coincide com circulação Aquavia + Saltado.
E02,Pavimentação,Moradores,3509601001,V05208,Não declarado,82.0,0.7738769346923368,,SIM,10596.0,10514.0,Domínio aplicável = Sim + Não; Não declarado coincide com circulação Aquavia + Saltado.
E02,Pavimentação,Faces,3509601001,V05406,Sim,381.0,80.54968287526427,86.5909090909091,NÃO,473.0,440.0,Domínio aplicável = Sim + Não; Não declarado coincide com circulação Aquavia + Saltado.
E02,Pavimentação,Faces,3509601001,V05407,Não,59.0,12.473572938689218,13.40909090909091,NÃO,473.0,440.0,Domínio aplicável = Sim + Não; Não declarado coincide com circulação Aquavia + Saltado.
E02,Pavimentação,Faces,3509601001,V05408,Não declarado,33.0,6.976744186046512,,SIM,473.0,440.0,Domínio aplicável = Sim + Não; Não declarado coincide com circulação Aquavia + Saltado.
E03,Bueiro / boca de lobo,Domicílios,3509601001,V05009,Sim,2573.0,68.66826794769149,69.2038730500269,NÃO,3747.0,3718.0,Domínio aplicável = Sim + Não; Não declarado coincide com circulação Aquavia + Saltado.
E03,Bueiro / boca de lobo,Domicílios,3509601001,V05010,Não,1145.0,30.557779556978915,30.7961269499731,NÃO,3747.0,3718.0,Domínio aplicável = Sim + Não; Não declarado coincide com circulação Aquavia + Saltado.
E03,Bueiro / boca de lobo,Domicílios,3509601001,V05011,Não declarado,29.0,0.773952495329597,,SIM,3747.0,3718.0,Domínio aplicável = Sim + Não; Não declarado coincide com circulação Aquavia + Saltado.
E03,Bueiro / boca de lobo,Moradores,3509601001,V05209,Sim,7388.0,69.72442431106077,70.26821381015789,NÃO,10596.0,10514.0,Domínio aplicável = Sim + Não; Não declarado coincide com circulação Aquavia + Saltado.
E03,Bueiro / boca de lobo,Moradores,3509601001,V05210,Não,3126.0,29.501698754246885,29.73178618984211,NÃO,10596.0,10514.0,Domínio aplicável = Sim + Não; Não declarado coincide com circulação Aquavia + Saltado.
E03,Bueiro / boca de lobo,Moradores,3509601001,V05211,Não declarado,82.0,0.7738769346923368,,SIM,10596.0,10514.0,Domínio aplicável = Sim + Não; Não declarado coincide com circulação Aquavia + Saltado.
E03,Bueiro / boca de lobo,Faces,3509601001,V05409,Sim,251.0,53.06553911205074,57.04545454545455,NÃO,473.0,440.0,Domínio aplicável = Sim + Não; Não declarado coincide com circulação Aquavia + Saltado.
E03,Bueiro / boca de lobo,Faces,3509601001,V05410,Não,189.0,39.95771670190275,42.95454545454545,NÃO,473.0,440.0,Domínio aplicável = Sim + Não; Não declarado coincide com circulação Aquavia + Saltado.
E03,Bueiro / boca de lobo,Faces,3509601001,V05411,Não declarado,33.0,6.976744186046512,,SIM,473.0,440.0,Domínio aplicável = Sim + Não; Não declarado coincide com circulação Aquavia + Saltado.
E04,Iluminação pública,Domicílios,3509601001,V05012,Sim,3658.0,97.62476647985055,98.38622915545993,NÃO,3747.0,3718.0,Domínio aplicável = Sim + Não; Não declarado coincide com circulação Aquavia + Saltado.
E04,Iluminação pública,Domicílios,3509601001,V05013,Não,60.0,1.6012810248198557,1.6137708445400751,NÃO,3747.0,3718.0,Domínio aplicável = Sim + Não; Não declarado coincide com circulação Aquavia + Saltado.
E04,Iluminação pública,Domicílios,3509601001,V05014,Não declarado,29.0,0.773952495329597,,SIM,3747.0,3718.0,Domínio aplicável = Sim + Não; Não declarado coincide com circulação Aquavia + Saltado.
E04,Iluminação pública,Moradores,3509601001,V05212,Sim,10353.0,97.70668176670442,98.46870838881492,NÃO,10596.0,10514.0,Domínio aplicável = Sim + Não; Não declarado coincide com circulação Aquavia + Saltado.
E04,Iluminação pública,Moradores,3509601001,V05213,Não,161.0,1.5194412986032464,1.5312916111850865,NÃO,10596.0,10514.0,Domínio aplicável = Sim + Não; Não declarado coincide com circulação Aquavia + Saltado.
E04,Iluminação pública,Moradores,3509601001,V05214,Não declarado,82.0,0.7738769346923368,,SIM,10596.0,10514.0,Domínio aplicável = Sim + Não; Não declarado coincide com circulação Aquavia + Saltado.
E04,Iluminação pública,Faces,3509601001,V05412,Sim,386.0,81.60676532769557,87.72727272727273,NÃO,473.0,440.0,Domínio aplicável = Sim + Não; Não declarado coincide com circulação Aquavia + Saltado.
E04,Iluminação pública,Faces,3509601001,V05413,Não,54.0,11.416490486257928,12.272727272727273,NÃO,473.0,440.0,Domínio aplicável = Sim + Não; Não declarado coincide com circulação Aquavia + Saltado.
E04,Iluminação pública,Faces,3509601001,V05414,Não declarado,33.0,6.976744186046512,,SIM,473.0,440.0,Domínio aplicável = Sim + Não; Não declarado coincide com circulação Aquavia + Saltado.
E05,Ponto de ônibus,Domicílios,3509601001,V05015,Sim,659.0,17.587403255938085,17.724583109198495,NÃO,3747.0,3718.0,Domínio aplicável = Sim + Não; Não declarado coincide com circulação Aquavia + Saltado.
E05,Ponto de ônibus,Domicílios,3509601001,V05016,Não,3059.0,81.63864424873232,82.27541689080151,NÃO,3747.0,3718.0,Domínio aplicável = Sim + Não; Não declarado coincide com circulação Aquavia + Saltado.
E05,Ponto de ônibus,Domicílios,3509601001,V05017,Não declarado,29.0,0.773952495329597,,SIM,3747.0,3718.0,Domínio aplicável = Sim + Não; Não declarado coincide com circulação Aquavia + Saltado.
E05,Ponto de ônibus,Moradores,3509601001,V05215,Sim,1802.0,17.00641751604379,17.13905269164923,NÃO,10596.0,10514.0,Domínio aplicável = Sim + Não; Não declarado coincide com circulação Aquavia + Saltado.
E05,Ponto de ônibus,Moradores,3509601001,V05216,Não,8712.0,82.21970554926388,82.86094730835077,NÃO,10596.0,10514.0,Domínio aplicável = Sim + Não; Não declarado coincide com circulação Aquavia + Saltado.
E05,Ponto de ônibus,Moradores,3509601001,V05217,Não declarado,82.0,0.7738769346923368,,SIM,10596.0,10514.0,Domínio aplicável = Sim + Não; Não declarado coincide com circulação Aquavia + Saltado.
E05,Ponto de ônibus,Faces,3509601001,V05415,Sim,56.0,11.839323467230443,12.727272727272727,NÃO,473.0,440.0,Domínio aplicável = Sim + Não; Não declarado coincide com circulação Aquavia + Saltado.
E05,Ponto de ônibus,Faces,3509601001,V05416,Não,384.0,81.18393234672304,87.27272727272727,NÃO,473.0,440.0,Domínio aplicável = Sim + Não; Não declarado coincide com circulação Aquavia + Saltado.
E05,Ponto de ônibus,Faces,3509601001,V05417,Não declarado,33.0,6.976744186046512,,SIM,473.0,440.0,Domínio aplicável = Sim + Não; Não declarado coincide com circulação Aquavia + Saltado.
E06,Via sinalizada para bicicleta,Domicílios,3509601001,V05018,Sim,79.0,2.1083533493461437,2.1247982786444326,NÃO,3747.0,3718.0,Domínio aplicável = Sim + Não; Não declarado coincide com circulação Aquavia + Saltado.
E06,Via sinalizada para bicicleta,Domicílios,3509601001,V05019,Não,3639.0,97.11769415532426,97.87520172135557,NÃO,3747.0,3718.0,Domínio aplicável = Sim + Não; Não declarado coincide com circulação Aquavia + Saltado.
E06,Via sinalizada para bicicleta,Domicílios,3509601001,V05020,Não declarado,29.0,0.773952495329597,,SIM,3747.0,3718.0,Domínio aplicável = Sim + Não; Não declarado coincide com circulação Aquavia + Saltado.
E06,Via sinalizada para bicicleta,Moradores,3509601001,V05218,Sim,209.0,1.972442431106078,1.9878257561346775,NÃO,10596.0,10514.0,Domínio aplicável = Sim + Não; Não declarado coincide com circulação Aquavia + Saltado.
E06,Via sinalizada para bicicleta,Moradores,3509601001,V05219,Não,10305.0,97.25368063420159,98.01217424386533,NÃO,10596.0,10514.0,Domínio aplicável = Sim + Não; Não declarado coincide com circulação Aquavia + Saltado.
E06,Via sinalizada para bicicleta,Moradores,3509601001,V05220,Não declarado,82.0,0.7738769346923368,,SIM,10596.0,10514.0,Domínio aplicável = Sim + Não; Não declarado coincide com circulação Aquavia + Saltado.
E06,Via sinalizada para bicicleta,Faces,3509601001,V05418,Sim,9.0,1.9027484143763214,2.0454545454545454,NÃO,473.0,440.0,Domínio aplicável = Sim + Não; Não declarado coincide com circulação Aquavia + Saltado.
E06,Via sinalizada para bicicleta,Faces,3509601001,V05419,Não,431.0,91.12050739957716,97.95454545454545,NÃO,473.0,440.0,Domínio aplicável = Sim + Não; Não declarado coincide com circulação Aquavia + Saltado.
E06,Via sinalizada para bicicleta,Faces,3509601001,V05420,Não declarado,33.0,6.976744186046512,,SIM,473.0,440.0,Domínio aplicável = Sim + Não; Não declarado coincide com circulação Aquavia + Saltado.
E07,Calçada,Domicílios,3509601001,V05021,Sim,3559.0,94.98265278889778,95.7235072619688,NÃO,3747.0,3718.0,Domínio aplicável = Sim + Não; Não declarado coincide com circulação Aquavia + Saltado.
E07,Calçada,Domicílios,3509601001,V05022,Não,159.0,4.2433947157726175,4.2764927380312,NÃO,3747.0,3718.0,Domínio aplicável = Sim + Não; Não declarado coincide com circulação Aquavia + Saltado.
E07,Calçada,Domicílios,3509601001,V05023,Não declarado,29.0,0.773952495329597,,SIM,3747.0,3718.0,Domínio aplicável = Sim + Não; Não declarado coincide com circulação Aquavia + Saltado.
E07,Calçada,Moradores,3509601001,V05221,Sim,10062.0,94.960362400906,95.70097013505801,NÃO,10596.0,10514.0,Domínio aplicável = Sim + Não; Não declarado coincide com circulação Aquavia + Saltado.
E07,Calçada,Moradores,3509601001,V05222,Não,452.0,4.265760664401661,4.299029864941982,NÃO,10596.0,10514.0,Domínio aplicável = Sim + Não; Não declarado coincide com circulação Aquavia + Saltado.
E07,Calçada,Moradores,3509601001,V05223,Não declarado,82.0,0.7738769346923368,,SIM,10596.0,10514.0,Domínio aplicável = Sim + Não; Não declarado coincide com circulação Aquavia + Saltado.
E07,Calçada,Faces,3509601001,V05421,Sim,334.0,70.61310782241014,75.9090909090909,NÃO,473.0,440.0,Domínio aplicável = Sim + Não; Não declarado coincide com circulação Aquavia + Saltado.
E07,Calçada,Faces,3509601001,V05422,Não,106.0,22.41014799154334,24.09090909090909,NÃO,473.0,440.0,Domínio aplicável = Sim + Não; Não declarado coincide com circulação Aquavia + Saltado.
E07,Calçada,Faces,3509601001,V05423,Não declarado,33.0,6.976744186046512,,SIM,473.0,440.0,Domínio aplicável = Sim + Não; Não declarado coincide com circulação Aquavia + Saltado.
E08,Obstáculo na calçada,Domicílios,3509601001,V05024,Sim,3457.0,92.26047504670403,97.13402641191345,NÃO,3747.0,3559.0,Domínio aplicável = Sim + Não; Não declarado coincide com ausência/não aplicação de calçada.
E08,Obstáculo na calçada,Domicílios,3509601001,V05025,Não,102.0,2.722177742193755,2.865973588086541,NÃO,3747.0,3559.0,Domínio aplicável = Sim + Não; Não declarado coincide com ausência/não aplicação de calçada.
E08,Obstáculo na calçada,Domicílios,3509601001,V05026,Não declarado,188.0,5.017347211102216,,SIM,3747.0,3559.0,Domínio aplicável = Sim + Não; Não declarado coincide com ausência/não aplicação de calçada.
E08,Obstáculo na calçada,Moradores,3509601001,V05224,Sim,9754.0,92.05360513401284,96.93897833432717,NÃO,10596.0,10062.0,Domínio aplicável = Sim + Não; Não declarado coincide com ausência/não aplicação de calçada.
E08,Obstáculo na calçada,Moradores,3509601001,V05225,Não,308.0,2.9067572668931674,3.0610216656728286,NÃO,10596.0,10062.0,Domínio aplicável = Sim + Não; Não declarado coincide com ausência/não aplicação de calçada.
E08,Obstáculo na calçada,Moradores,3509601001,V05226,Não declarado,534.0,5.0396375990939974,,SIM,10596.0,10062.0,Domínio aplicável = Sim + Não; Não declarado coincide com ausência/não aplicação de calçada.
E08,Obstáculo na calçada,Faces,3509601001,V05424,Sim,308.0,65.11627906976744,92.21556886227546,NÃO,473.0,334.0,Domínio aplicável = Sim + Não; Não declarado coincide com ausência/não aplicação de calçada.
E08,Obstáculo na calçada,Faces,3509601001,V05425,Não,26.0,5.496828752642706,7.784431137724551,NÃO,473.0,334.0,Domínio aplicável = Sim + Não; Não declarado coincide com ausência/não aplicação de calçada.
E08,Obstáculo na calçada,Faces,3509601001,V05426,Não declarado,139.0,29.38689217758985,,SIM,473.0,334.0,Domínio aplicável = Sim + Não; Não declarado coincide com ausência/não aplicação de calçada.
E09,Rampa para cadeirante,Domicílios,3509601001,V05027,Sim,18.0,0.4803843074459567,0.5057600449564484,NÃO,3747.0,3559.0,Domínio aplicável = Sim + Não; Não declarado coincide com ausência/não aplicação de calçada.
E09,Rampa para cadeirante,Domicílios,3509601001,V05028,Não,3541.0,94.50226848145182,99.49423995504355,NÃO,3747.0,3559.0,Domínio aplicável = Sim + Não; Não declarado coincide com ausência/não aplicação de calçada.
E09,Rampa para cadeirante,Domicílios,3509601001,V05029,Não declarado,188.0,5.017347211102216,,SIM,3747.0,3559.0,Domínio aplicável = Sim + Não; Não declarado coincide com ausência/não aplicação de calçada.
E09,Rampa para cadeirante,Moradores,3509601001,V05227,Sim,48.0,0.4530011325028313,0.4770423375074538,NÃO,10596.0,10062.0,Domínio aplicável = Sim + Não; Não declarado coincide com ausência/não aplicação de calçada.
E09,Rampa para cadeirante,Moradores,3509601001,V05228,Não,10014.0,94.50736126840317,99.52295766249254,NÃO,10596.0,10062.0,Domínio aplicável = Sim + Não; Não declarado coincide com ausência/não aplicação de calçada.
E09,Rampa para cadeirante,Moradores,3509601001,V05229,Não declarado,534.0,5.0396375990939974,,SIM,10596.0,10062.0,Domínio aplicável = Sim + Não; Não declarado coincide com ausência/não aplicação de calçada.
E09,Rampa para cadeirante,Faces,3509601001,V05427,Sim,2.0,0.42283298097251587,0.5988023952095809,NÃO,473.0,334.0,Domínio aplicável = Sim + Não; Não declarado coincide com ausência/não aplicação de calçada.
E09,Rampa para cadeirante,Faces,3509601001,V05428,Não,332.0,70.19027484143763,99.40119760479041,NÃO,473.0,334.0,Domínio aplicável = Sim + Não; Não declarado coincide com ausência/não aplicação de calçada.
E09,Rampa para cadeirante,Faces,3509601001,V05429,Não declarado,139.0,29.38689217758985,,SIM,473.0,334.0,Domínio aplicável = Sim + Não; Não declarado coincide com ausência/não aplicação de calçada.
E10,Arborização,Domicílios,3509601001,V05030,Sem árvores,985.0,26.287696824125966,26.49273803119957,NÃO,3747.0,3718.0,Domínio aplicável = classes substantivas de arborização; Saltado fica fora.
E10,Arborização,Domicílios,3509601001,V05031,1 a 2 árvores,1132.0,30.210835334934615,30.446476600322754,NÃO,3747.0,3718.0,Domínio aplicável = classes substantivas de arborização; Saltado fica fora.
E10,Arborização,Domicílios,3509601001,V05032,3 a 4 árvores,775.0,20.683213237256474,20.844540075309308,NÃO,3747.0,3718.0,Domínio aplicável = classes substantivas de arborização; Saltado fica fora.
E10,Arborização,Domicílios,3509601001,V05033,5 ou mais árvores,826.0,22.04430210835335,22.21624529316837,NÃO,3747.0,3718.0,Domínio aplicável = classes substantivas de arborização; Saltado fica fora.
E10,Arborização,Domicílios,3509601001,V05034,Saltado,29.0,0.773952495329597,,SIM,3747.0,3718.0,Domínio aplicável = classes substantivas de arborização; Saltado fica fora.
E10,Arborização,Moradores,3509601001,V05230,Sem árvores,2723.0,25.698376745941864,25.898801597869507,NÃO,10596.0,10514.0,Domínio aplicável = classes substantivas de arborização; Saltado fica fora.
E10,Arborização,Moradores,3509601001,V05231,1 a 2 árvores,3228.0,30.464326160815403,30.70192124786,NÃO,10596.0,10514.0,Domínio aplicável = classes substantivas de arborização; Saltado fica fora.
E10,Arborização,Moradores,3509601001,V05232,3 a 4 árvores,2267.0,21.39486598716497,21.561727220848393,NÃO,10596.0,10514.0,Domínio aplicável = classes substantivas de arborização; Saltado fica fora.
E10,Arborização,Moradores,3509601001,V05233,5 ou mais árvores,2296.0,21.66855417138543,21.837549933422103,NÃO,10596.0,10514.0,Domínio aplicável = classes substantivas de arborização; Saltado fica fora.
E10,Arborização,Moradores,3509601001,V05234,Saltado,82.0,0.7738769346923368,,SIM,10596.0,10514.0,Domínio aplicável = classes substantivas de arborização; Saltado fica fora.
E10,Arborização,Faces,3509601001,V05430,Sem árvores,164.0,34.6723044397463,37.27272727272727,NÃO,473.0,440.0,Domínio aplicável = classes substantivas de arborização; Saltado fica fora.
E10,Arborização,Faces,3509601001,V05431,1 a 2 árvores,102.0,21.56448202959831,23.18181818181818,NÃO,473.0,440.0,Domínio aplicável = classes substantivas de arborização; Saltado fica fora.
E10,Arborização,Faces,3509601001,V05432,3 a 4 árvores,68.0,14.376321353065538,15.454545454545453,NÃO,473.0,440.0,Domínio aplicável = classes substantivas de arborização; Saltado fica fora.
E10,Arborização,Faces,3509601001,V05433,5 ou mais árvores,106.0,22.41014799154334,24.09090909090909,NÃO,473.0,440.0,Domínio aplicável = classes substantivas de arborização; Saltado fica fora.
E10,Arborização,Faces,3509601001,V05434,Saltado,33.0,6.976744186046512,,SIM,473.0,440.0,Domínio aplicável = classes substantivas de arborização; Saltado fica fora.
E01,Circulação da via,Domicílios,3509601002,V05001,"Caminhão, ônibus",3378.0,94.04231625835189,95.80260918888258,NÃO,3592.0,3526.0,Domínio aplicável = categorias substantivas de circulação; Saltado fica fora.
E01,Circulação da via,Domicílios,3509601002,V05002,Carros de passeio ou van,135.0,3.7583518930957682,3.828701077708452,NÃO,3592.0,3526.0,Domínio aplicável = categorias substantivas de circulação; Saltado fica fora.
E01,Circulação da via,Domicílios,3509601002,V05003,"Pedestres, bicicletas e motocicletas",13.0,0.3619153674832962,0.368689733408962,NÃO,3592.0,3526.0,Domínio aplicável = categorias substantivas de circulação; Saltado fica fora.
E01,Circulação da via,Domicílios,3509601002,V05004,Aquavia,0.0,0.0,0.0,NÃO,3592.0,3526.0,Domínio aplicável = categorias substantivas de circulação; Saltado fica fora.
E01,Circulação da via,Domicílios,3509601002,V05005,Saltado,66.0,1.8374164810690423,,SIM,3592.0,3526.0,Domínio aplicável = categorias substantivas de circulação; Saltado fica fora.
E01,Circulação da via,Moradores,3509601002,V05201,"Caminhão, ônibus",9765.0,93.57930043124102,95.4172366621067,NÃO,10435.0,10234.0,Domínio aplicável = categorias substantivas de circulação; Saltado fica fora.
E01,Circulação da via,Moradores,3509601002,V05202,Carros de passeio ou van,435.0,4.168663152850982,4.250537424272034,NÃO,10435.0,10234.0,Domínio aplicável = categorias substantivas de circulação; Saltado fica fora.
E01,Circulação da via,Moradores,3509601002,V05203,"Pedestres, bicicletas e motocicletas",34.0,0.32582654528030663,0.33222591362126247,NÃO,10435.0,10234.0,Domínio aplicável = categorias substantivas de circulação; Saltado fica fora.
E01,Circulação da via,Moradores,3509601002,V05204,Aquavia,0.0,0.0,0.0,NÃO,10435.0,10234.0,Domínio aplicável = categorias substantivas de circulação; Saltado fica fora.
E01,Circulação da via,Moradores,3509601002,V05205,Saltado,201.0,1.926209870627695,,SIM,10435.0,10234.0,Domínio aplicável = categorias substantivas de circulação; Saltado fica fora.
E01,Circulação da via,Faces,3509601002,V05401,"Caminhão, ônibus",589.0,84.87031700288185,88.04185351270553,NÃO,694.0,669.0,Domínio aplicável = categorias substantivas de circulação; Saltado fica fora.
E01,Circulação da via,Faces,3509601002,V05402,Carros de passeio ou van,61.0,8.789625360230549,9.118086696562033,NÃO,694.0,669.0,Domínio aplicável = categorias substantivas de circulação; Saltado fica fora.
E01,Circulação da via,Faces,3509601002,V05403,"Pedestres, bicicletas e motocicletas",19.0,2.7377521613832854,2.8400597907324365,NÃO,694.0,669.0,Domínio aplicável = categorias substantivas de circulação; Saltado fica fora.
E01,Circulação da via,Faces,3509601002,V05404,Aquavia,0.0,0.0,0.0,NÃO,694.0,669.0,Domínio aplicável = categorias substantivas de circulação; Saltado fica fora.
E01,Circulação da via,Faces,3509601002,V05405,Saltado,25.0,3.602305475504323,,SIM,694.0,669.0,Domínio aplicável = categorias substantivas de circulação; Saltado fica fora.
E02,Pavimentação,Domicílios,3509601002,V05006,Sim,2870.0,79.89977728285078,81.3953488372093,NÃO,3592.0,3526.0,Domínio aplicável = Sim + Não; Não declarado coincide com circulação Aquavia + Saltado.
E02,Pavimentação,Domicílios,3509601002,V05007,Não,656.0,18.262806236080177,18.6046511627907,NÃO,3592.0,3526.0,Domínio aplicável = Sim + Não; Não declarado coincide com circulação Aquavia + Saltado.
E02,Pavimentação,Domicílios,3509601002,V05008,Não declarado,66.0,1.8374164810690423,,SIM,3592.0,3526.0,Domínio aplicável = Sim + Não; Não declarado coincide com circulação Aquavia + Saltado.
E02,Pavimentação,Moradores,3509601002,V05206,Sim,8246.0,79.02252036415908,80.57455540355677,NÃO,10435.0,10234.0,Domínio aplicável = Sim + Não; Não declarado coincide com circulação Aquavia + Saltado.
E02,Pavimentação,Moradores,3509601002,V05207,Não,1988.0,19.051269765213224,19.425444596443228,NÃO,10435.0,10234.0,Domínio aplicável = Sim + Não; Não declarado coincide com circulação Aquavia + Saltado.
E02,Pavimentação,Moradores,3509601002,V05208,Não declarado,201.0,1.926209870627695,,SIM,10435.0,10234.0,Domínio aplicável = Sim + Não; Não declarado coincide com circulação Aquavia + Saltado.
E02,Pavimentação,Faces,3509601002,V05406,Sim,399.0,57.49279538904899,59.64125560538116,NÃO,694.0,669.0,Domínio aplicável = Sim + Não; Não declarado coincide com circulação Aquavia + Saltado.
E02,Pavimentação,Faces,3509601002,V05407,Não,270.0,38.90489913544668,40.35874439461883,NÃO,694.0,669.0,Domínio aplicável = Sim + Não; Não declarado coincide com circulação Aquavia + Saltado.
E02,Pavimentação,Faces,3509601002,V05408,Não declarado,25.0,3.602305475504323,,SIM,694.0,669.0,Domínio aplicável = Sim + Não; Não declarado coincide com circulação Aquavia + Saltado.
E03,Bueiro / boca de lobo,Domicílios,3509601002,V05009,Sim,2363.0,65.78507795100222,67.0164492342598,NÃO,3592.0,3526.0,Domínio aplicável = Sim + Não; Não declarado coincide com circulação Aquavia + Saltado.
E03,Bueiro / boca de lobo,Domicílios,3509601002,V05010,Não,1163.0,32.377505567928736,32.98355076574022,NÃO,3592.0,3526.0,Domínio aplicável = Sim + Não; Não declarado coincide com circulação Aquavia + Saltado.
E03,Bueiro / boca de lobo,Domicílios,3509601002,V05011,Não declarado,66.0,1.8374164810690423,,SIM,3592.0,3526.0,Domínio aplicável = Sim + Não; Não declarado coincide com circulação Aquavia + Saltado.
E03,Bueiro / boca de lobo,Moradores,3509601002,V05209,Sim,6765.0,64.82989937709631,66.1031854602306,NÃO,10435.0,10234.0,Domínio aplicável = Sim + Não; Não declarado coincide com circulação Aquavia + Saltado.
E03,Bueiro / boca de lobo,Moradores,3509601002,V05210,Não,3469.0,33.243890752275995,33.8968145397694,NÃO,10435.0,10234.0,Domínio aplicável = Sim + Não; Não declarado coincide com circulação Aquavia + Saltado.
E03,Bueiro / boca de lobo,Moradores,3509601002,V05211,Não declarado,201.0,1.926209870627695,,SIM,10435.0,10234.0,Domínio aplicável = Sim + Não; Não declarado coincide com circulação Aquavia + Saltado.
E03,Bueiro / boca de lobo,Faces,3509601002,V05409,Sim,283.0,40.778097982708935,42.30194319880419,NÃO,694.0,669.0,Domínio aplicável = Sim + Não; Não declarado coincide com circulação Aquavia + Saltado.
E03,Bueiro / boca de lobo,Faces,3509601002,V05410,Não,386.0,55.61959654178674,57.69805680119582,NÃO,694.0,669.0,Domínio aplicável = Sim + Não; Não declarado coincide com circulação Aquavia + Saltado.
E03,Bueiro / boca de lobo,Faces,3509601002,V05411,Não declarado,25.0,3.602305475504323,,SIM,694.0,669.0,Domínio aplicável = Sim + Não; Não declarado coincide com circulação Aquavia + Saltado.
E04,Iluminação pública,Domicílios,3509601002,V05012,Sim,3284.0,91.42538975501114,93.13669880884855,NÃO,3592.0,3526.0,Domínio aplicável = Sim + Não; Não declarado coincide com circulação Aquavia + Saltado.
E04,Iluminação pública,Domicílios,3509601002,V05013,Não,242.0,6.737193763919821,6.8633011911514465,NÃO,3592.0,3526.0,Domínio aplicável = Sim + Não; Não declarado coincide com circulação Aquavia + Saltado.
E04,Iluminação pública,Domicílios,3509601002,V05014,Não declarado,66.0,1.8374164810690423,,SIM,3592.0,3526.0,Domínio aplicável = Sim + Não; Não declarado coincide com circulação Aquavia + Saltado.
E04,Iluminação pública,Moradores,3509601002,V05212,Sim,9530.0,91.32726401533301,93.12096931795975,NÃO,10435.0,10234.0,Domínio aplicável = Sim + Não; Não declarado coincide com circulação Aquavia + Saltado.
E04,Iluminação pública,Moradores,3509601002,V05213,Não,704.0,6.74652611403929,6.879030682040257,NÃO,10435.0,10234.0,Domínio aplicável = Sim + Não; Não declarado coincide com circulação Aquavia + Saltado.
E04,Iluminação pública,Moradores,3509601002,V05214,Não declarado,201.0,1.926209870627695,,SIM,10435.0,10234.0,Domínio aplicável = Sim + Não; Não declarado coincide com circulação Aquavia + Saltado.
E04,Iluminação pública,Faces,3509601002,V05412,Sim,559.0,80.54755043227667,83.5575485799701,NÃO,694.0,669.0,Domínio aplicável = Sim + Não; Não declarado coincide com circulação Aquavia + Saltado.
E04,Iluminação pública,Faces,3509601002,V05413,Não,110.0,15.85014409221902,16.442451420029897,NÃO,694.0,669.0,Domínio aplicável = Sim + Não; Não declarado coincide com circulação Aquavia + Saltado.
E04,Iluminação pública,Faces,3509601002,V05414,Não declarado,25.0,3.602305475504323,,SIM,694.0,669.0,Domínio aplicável = Sim + Não; Não declarado coincide com circulação Aquavia + Saltado.
E05,Ponto de ônibus,Domicílios,3509601002,V05015,Sim,687.0,19.125835189309576,19.483834373227456,NÃO,3592.0,3526.0,Domínio aplicável = Sim + Não; Não declarado coincide com circulação Aquavia + Saltado.
E05,Ponto de ônibus,Domicílios,3509601002,V05016,Não,2839.0,79.03674832962137,80.51616562677255,NÃO,3592.0,3526.0,Domínio aplicável = Sim + Não; Não declarado coincide com circulação Aquavia + Saltado.
E05,Ponto de ônibus,Domicílios,3509601002,V05017,Não declarado,66.0,1.8374164810690423,,SIM,3592.0,3526.0,Domínio aplicável = Sim + Não; Não declarado coincide com circulação Aquavia + Saltado.
E05,Ponto de ônibus,Moradores,3509601002,V05215,Sim,1855.0,17.776712985146144,18.125854993160054,NÃO,10435.0,10234.0,Domínio aplicável = Sim + Não; Não declarado coincide com circulação Aquavia + Saltado.
E05,Ponto de ônibus,Moradores,3509601002,V05216,Não,8379.0,80.29707714422617,81.87414500683995,NÃO,10435.0,10234.0,Domínio aplicável = Sim + Não; Não declarado coincide com circulação Aquavia + Saltado.
E05,Ponto de ônibus,Moradores,3509601002,V05217,Não declarado,201.0,1.926209870627695,,SIM,10435.0,10234.0,Domínio aplicável = Sim + Não; Não declarado coincide com circulação Aquavia + Saltado.
E05,Ponto de ônibus,Faces,3509601002,V05415,Sim,64.0,9.221902017291066,9.566517189835576,NÃO,694.0,669.0,Domínio aplicável = Sim + Não; Não declarado coincide com circulação Aquavia + Saltado.
E05,Ponto de ônibus,Faces,3509601002,V05416,Não,605.0,87.1757925072046,90.43348281016442,NÃO,694.0,669.0,Domínio aplicável = Sim + Não; Não declarado coincide com circulação Aquavia + Saltado.
E05,Ponto de ônibus,Faces,3509601002,V05417,Não declarado,25.0,3.602305475504323,,SIM,694.0,669.0,Domínio aplicável = Sim + Não; Não declarado coincide com circulação Aquavia + Saltado.
E06,Via sinalizada para bicicleta,Domicílios,3509601002,V05018,Sim,70.0,1.9487750556792873,1.9852524106636416,NÃO,3592.0,3526.0,Domínio aplicável = Sim + Não; Não declarado coincide com circulação Aquavia + Saltado.
E06,Via sinalizada para bicicleta,Domicílios,3509601002,V05019,Não,3456.0,96.21380846325167,98.01474758933637,NÃO,3592.0,3526.0,Domínio aplicável = Sim + Não; Não declarado coincide com circulação Aquavia + Saltado.
E06,Via sinalizada para bicicleta,Domicílios,3509601002,V05020,Não declarado,66.0,1.8374164810690423,,SIM,3592.0,3526.0,Domínio aplicável = Sim + Não; Não declarado coincide com circulação Aquavia + Saltado.
E06,Via sinalizada para bicicleta,Moradores,3509601002,V05218,Sim,184.0,1.7632965979875421,1.7979284737150676,NÃO,10435.0,10234.0,Domínio aplicável = Sim + Não; Não declarado coincide com circulação Aquavia + Saltado.
E06,Via sinalizada para bicicleta,Moradores,3509601002,V05219,Não,10050.0,96.31049353138476,98.20207152628493,NÃO,10435.0,10234.0,Domínio aplicável = Sim + Não; Não declarado coincide com circulação Aquavia + Saltado.
E06,Via sinalizada para bicicleta,Moradores,3509601002,V05220,Não declarado,201.0,1.926209870627695,,SIM,10435.0,10234.0,Domínio aplicável = Sim + Não; Não declarado coincide com circulação Aquavia + Saltado.
E06,Via sinalizada para bicicleta,Faces,3509601002,V05418,Sim,2.0,0.2881844380403458,0.29895366218236175,NÃO,694.0,669.0,Domínio aplicável = Sim + Não; Não declarado coincide com circulação Aquavia + Saltado.
E06,Via sinalizada para bicicleta,Faces,3509601002,V05419,Não,667.0,96.10951008645533,99.70104633781763,NÃO,694.0,669.0,Domínio aplicável = Sim + Não; Não declarado coincide com circulação Aquavia + Saltado.
E06,Via sinalizada para bicicleta,Faces,3509601002,V05420,Não declarado,25.0,3.602305475504323,,SIM,694.0,669.0,Domínio aplicável = Sim + Não; Não declarado coincide com circulação Aquavia + Saltado.
E07,Calçada,Domicílios,3509601002,V05021,Sim,2699.0,75.1391982182628,76.54566080544527,NÃO,3592.0,3526.0,Domínio aplicável = Sim + Não; Não declarado coincide com circulação Aquavia + Saltado.
E07,Calçada,Domicílios,3509601002,V05022,Não,827.0,23.02338530066815,23.454339194554734,NÃO,3592.0,3526.0,Domínio aplicável = Sim + Não; Não declarado coincide com circulação Aquavia + Saltado.
E07,Calçada,Domicílios,3509601002,V05023,Não declarado,66.0,1.8374164810690423,,SIM,3592.0,3526.0,Domínio aplicável = Sim + Não; Não declarado coincide com circulação Aquavia + Saltado.
E07,Calçada,Moradores,3509601002,V05221,Sim,7694.0,73.73263057019645,75.18076998241156,NÃO,10435.0,10234.0,Domínio aplicável = Sim + Não; Não declarado coincide com circulação Aquavia + Saltado.
E07,Calçada,Moradores,3509601002,V05222,Não,2540.0,24.34115955917585,24.81923001758843,NÃO,10435.0,10234.0,Domínio aplicável = Sim + Não; Não declarado coincide com circulação Aquavia + Saltado.
E07,Calçada,Moradores,3509601002,V05223,Não declarado,201.0,1.926209870627695,,SIM,10435.0,10234.0,Domínio aplicável = Sim + Não; Não declarado coincide com circulação Aquavia + Saltado.
E07,Calçada,Faces,3509601002,V05421,Sim,330.0,47.55043227665706,49.327354260089685,NÃO,694.0,669.0,Domínio aplicável = Sim + Não; Não declarado coincide com circulação Aquavia + Saltado.
E07,Calçada,Faces,3509601002,V05422,Não,339.0,48.84726224783862,50.672645739910315,NÃO,694.0,669.0,Domínio aplicável = Sim + Não; Não declarado coincide com circulação Aquavia + Saltado.
E07,Calçada,Faces,3509601002,V05423,Não declarado,25.0,3.602305475504323,,SIM,694.0,669.0,Domínio aplicável = Sim + Não; Não declarado coincide com circulação Aquavia + Saltado.
E08,Obstáculo na calçada,Domicílios,3509601002,V05024,Sim,2665.0,74.19265033407572,98.7402741756206,NÃO,3592.0,2699.0,Domínio aplicável = Sim + Não; Não declarado coincide com ausência/não aplicação de calçada.
E08,Obstáculo na calçada,Domicílios,3509601002,V05025,Não,34.0,0.9465478841870825,1.2597258243793996,NÃO,3592.0,2699.0,Domínio aplicável = Sim + Não; Não declarado coincide com ausência/não aplicação de calçada.
E08,Obstáculo na calçada,Domicílios,3509601002,V05026,Não declarado,893.0,24.860801781737194,,SIM,3592.0,2699.0,Domínio aplicável = Sim + Não; Não declarado coincide com ausência/não aplicação de calçada.
E08,Obstáculo na calçada,Moradores,3509601002,V05224,Sim,7608.0,72.90848107331097,98.8822459059007,NÃO,10435.0,7694.0,Domínio aplicável = Sim + Não; Não declarado coincide com ausência/não aplicação de calçada.
E08,Obstáculo na calçada,Moradores,3509601002,V05225,Não,86.0,0.8241494968854816,1.117754094099298,NÃO,10435.0,7694.0,Domínio aplicável = Sim + Não; Não declarado coincide com ausência/não aplicação de calçada.
E08,Obstáculo na calçada,Moradores,3509601002,V05226,Não declarado,2741.0,26.267369429803544,,SIM,10435.0,7694.0,Domínio aplicável = Sim + Não; Não declarado coincide com ausência/não aplicação de calçada.
E08,Obstáculo na calçada,Faces,3509601002,V05424,Sim,304.0,43.804034582132566,92.12121212121212,NÃO,694.0,330.0,Domínio aplicável = Sim + Não; Não declarado coincide com ausência/não aplicação de calçada.
E08,Obstáculo na calçada,Faces,3509601002,V05425,Não,26.0,3.7463976945244957,7.878787878787878,NÃO,694.0,330.0,Domínio aplicável = Sim + Não; Não declarado coincide com ausência/não aplicação de calçada.
E08,Obstáculo na calçada,Faces,3509601002,V05426,Não declarado,364.0,52.44956772334294,,SIM,694.0,330.0,Domínio aplicável = Sim + Não; Não declarado coincide com ausência/não aplicação de calçada.
E09,Rampa para cadeirante,Domicílios,3509601002,V05027,Sim,0.0,0.0,0.0,NÃO,3592.0,2699.0,Domínio aplicável = Sim + Não; Não declarado coincide com ausência/não aplicação de calçada.
E09,Rampa para cadeirante,Domicílios,3509601002,V05028,Não,2699.0,75.1391982182628,100.0,NÃO,3592.0,2699.0,Domínio aplicável = Sim + Não; Não declarado coincide com ausência/não aplicação de calçada.
E09,Rampa para cadeirante,Domicílios,3509601002,V05029,Não declarado,893.0,24.860801781737194,,SIM,3592.0,2699.0,Domínio aplicável = Sim + Não; Não declarado coincide com ausência/não aplicação de calçada.
E09,Rampa para cadeirante,Moradores,3509601002,V05227,Sim,0.0,0.0,0.0,NÃO,10435.0,7694.0,Domínio aplicável = Sim + Não; Não declarado coincide com ausência/não aplicação de calçada.
E09,Rampa para cadeirante,Moradores,3509601002,V05228,Não,7694.0,73.73263057019645,100.0,NÃO,10435.0,7694.0,Domínio aplicável = Sim + Não; Não declarado coincide com ausência/não aplicação de calçada.
E09,Rampa para cadeirante,Moradores,3509601002,V05229,Não declarado,2741.0,26.267369429803544,,SIM,10435.0,7694.0,Domínio aplicável = Sim + Não; Não declarado coincide com ausência/não aplicação de calçada.
E09,Rampa para cadeirante,Faces,3509601002,V05427,Sim,0.0,0.0,0.0,NÃO,694.0,330.0,Domínio aplicável = Sim + Não; Não declarado coincide com ausência/não aplicação de calçada.
E09,Rampa para cadeirante,Faces,3509601002,V05428,Não,330.0,47.55043227665706,100.0,NÃO,694.0,330.0,Domínio aplicável = Sim + Não; Não declarado coincide com ausência/não aplicação de calçada.
E09,Rampa para cadeirante,Faces,3509601002,V05429,Não declarado,364.0,52.44956772334294,,SIM,694.0,330.0,Domínio aplicável = Sim + Não; Não declarado coincide com ausência/não aplicação de calçada.
E10,Arborização,Domicílios,3509601002,V05030,Sem árvores,1037.0,28.86971046770601,29.410096426545664,NÃO,3592.0,3526.0,Domínio aplicável = classes substantivas de arborização; Saltado fica fora.
E10,Arborização,Domicílios,3509601002,V05031,1 a 2 árvores,946.0,26.336302895322937,26.82926829268293,NÃO,3592.0,3526.0,Domínio aplicável = classes substantivas de arborização; Saltado fica fora.
E10,Arborização,Domicílios,3509601002,V05032,3 a 4 árvores,582.0,16.202672605790646,16.50595575723199,NÃO,3592.0,3526.0,Domínio aplicável = classes substantivas de arborização; Saltado fica fora.
E10,Arborização,Domicílios,3509601002,V05033,5 ou mais árvores,961.0,26.75389755011136,27.254679523539423,NÃO,3592.0,3526.0,Domínio aplicável = classes substantivas de arborização; Saltado fica fora.
E10,Arborização,Domicílios,3509601002,V05034,Saltado,66.0,1.8374164810690423,,SIM,3592.0,3526.0,Domínio aplicável = classes substantivas de arborização; Saltado fica fora.
E10,Arborização,Moradores,3509601002,V05230,Sem árvores,3029.0,29.02731193100144,29.597420363494237,NÃO,10435.0,10234.0,Domínio aplicável = classes substantivas de arborização; Saltado fica fora.
E10,Arborização,Moradores,3509601002,V05231,1 a 2 árvores,2771.0,26.554863440344995,27.07641196013289,NÃO,10435.0,10234.0,Domínio aplicável = classes substantivas de arborização; Saltado fica fora.
E10,Arborização,Moradores,3509601002,V05232,3 a 4 árvores,1692.0,16.214662194537613,16.53312487785812,NÃO,10435.0,10234.0,Domínio aplicável = classes substantivas de arborização; Saltado fica fora.
E10,Arborização,Moradores,3509601002,V05233,5 ou mais árvores,2742.0,26.27695256348826,26.793042798514755,NÃO,10435.0,10234.0,Domínio aplicável = classes substantivas de arborização; Saltado fica fora.
E10,Arborização,Moradores,3509601002,V05234,Saltado,201.0,1.926209870627695,,SIM,10435.0,10234.0,Domínio aplicável = classes substantivas de arborização; Saltado fica fora.
E10,Arborização,Faces,3509601002,V05430,Sem árvores,201.0,28.962536023054753,30.04484304932735,NÃO,694.0,669.0,Domínio aplicável = classes substantivas de arborização; Saltado fica fora.
E10,Arborização,Faces,3509601002,V05431,1 a 2 árvores,168.0,24.207492795389047,25.112107623318387,NÃO,694.0,669.0,Domínio aplicável = classes substantivas de arborização; Saltado fica fora.
E10,Arborização,Faces,3509601002,V05432,3 a 4 árvores,80.0,11.527377521613833,11.958146487294469,NÃO,694.0,669.0,Domínio aplicável = classes substantivas de arborização; Saltado fica fora.
E10,Arborização,Faces,3509601002,V05433,5 ou mais árvores,220.0,31.70028818443804,32.884902840059794,NÃO,694.0,669.0,Domínio aplicável = classes substantivas de arborização; Saltado fica fora.
E10,Arborização,Faces,3509601002,V05434,Saltado,25.0,3.602305475504323,,SIM,694.0,669.0,Domínio aplicável = classes substantivas de arborização; Saltado fica fora.
E01,Circulação da via,Domicílios,3509601003,V05001,"Caminhão, ônibus",3965.0,95.54216867469879,95.72670207629164,NÃO,4150.0,4142.0,Domínio aplicável = categorias substantivas de circulação; Saltado fica fora.
E01,Circulação da via,Domicílios,3509601003,V05002,Carros de passeio ou van,52.0,1.253012048192771,1.2554321583775954,NÃO,4150.0,4142.0,Domínio aplicável = categorias substantivas de circulação; Saltado fica fora.
E01,Circulação da via,Domicílios,3509601003,V05003,"Pedestres, bicicletas e motocicletas",125.0,3.0120481927710845,3.017865765330758,NÃO,4150.0,4142.0,Domínio aplicável = categorias substantivas de circulação; Saltado fica fora.
E01,Circulação da via,Domicílios,3509601003,V05004,Aquavia,0.0,0.0,0.0,NÃO,4150.0,4142.0,Domínio aplicável = categorias substantivas de circulação; Saltado fica fora.
E01,Circulação da via,Domicílios,3509601003,V05005,Saltado,8.0,0.19277108433734938,,SIM,4150.0,4142.0,Domínio aplicável = categorias substantivas de circulação; Saltado fica fora.
E01,Circulação da via,Moradores,3509601003,V05201,"Caminhão, ônibus",11798.0,95.33737373737374,95.5690562980964,NÃO,12375.0,12345.0,Domínio aplicável = categorias substantivas de circulação; Saltado fica fora.
E01,Circulação da via,Moradores,3509601003,V05202,Carros de passeio ou van,170.0,1.3737373737373737,1.377075739165654,NÃO,12375.0,12345.0,Domínio aplicável = categorias substantivas de circulação; Saltado fica fora.
E01,Circulação da via,Moradores,3509601003,V05203,"Pedestres, bicicletas e motocicletas",377.0,3.0464646464646465,3.0538679627379506,NÃO,12375.0,12345.0,Domínio aplicável = categorias substantivas de circulação; Saltado fica fora.
E01,Circulação da via,Moradores,3509601003,V05204,Aquavia,0.0,0.0,0.0,NÃO,12375.0,12345.0,Domínio aplicável = categorias substantivas de circulação; Saltado fica fora.
E01,Circulação da via,Moradores,3509601003,V05205,Saltado,30.0,0.24242424242424243,,SIM,12375.0,12345.0,Domínio aplicável = categorias substantivas de circulação; Saltado fica fora.
E01,Circulação da via,Faces,3509601003,V05401,"Caminhão, ônibus",310.0,76.5432098765432,78.28282828282829,NÃO,405.0,396.0,Domínio aplicável = categorias substantivas de circulação; Saltado fica fora.
E01,Circulação da via,Faces,3509601003,V05402,Carros de passeio ou van,17.0,4.197530864197531,4.292929292929292,NÃO,405.0,396.0,Domínio aplicável = categorias substantivas de circulação; Saltado fica fora.
E01,Circulação da via,Faces,3509601003,V05403,"Pedestres, bicicletas e motocicletas",69.0,17.037037037037038,17.424242424242426,NÃO,405.0,396.0,Domínio aplicável = categorias substantivas de circulação; Saltado fica fora.
E01,Circulação da via,Faces,3509601003,V05404,Aquavia,0.0,0.0,0.0,NÃO,405.0,396.0,Domínio aplicável = categorias substantivas de circulação; Saltado fica fora.
E01,Circulação da via,Faces,3509601003,V05405,Saltado,9.0,2.2222222222222223,,SIM,405.0,396.0,Domínio aplicável = categorias substantivas de circulação; Saltado fica fora.
E02,Pavimentação,Domicílios,3509601003,V05006,Sim,3898.0,93.92771084337349,94.10912602607436,NÃO,4150.0,4142.0,Domínio aplicável = Sim + Não; Não declarado coincide com circulação Aquavia + Saltado.
E02,Pavimentação,Domicílios,3509601003,V05007,Não,244.0,5.879518072289157,5.89087397392564,NÃO,4150.0,4142.0,Domínio aplicável = Sim + Não; Não declarado coincide com circulação Aquavia + Saltado.
E02,Pavimentação,Domicílios,3509601003,V05008,Não declarado,8.0,0.19277108433734938,,SIM,4150.0,4142.0,Domínio aplicável = Sim + Não; Não declarado coincide com circulação Aquavia + Saltado.
E02,Pavimentação,Moradores,3509601003,V05206,Sim,11599.0,93.72929292929292,93.95706763872013,NÃO,12375.0,12345.0,Domínio aplicável = Sim + Não; Não declarado coincide com circulação Aquavia + Saltado.
E02,Pavimentação,Moradores,3509601003,V05207,Não,746.0,6.028282828282829,6.04293236127987,NÃO,12375.0,12345.0,Domínio aplicável = Sim + Não; Não declarado coincide com circulação Aquavia + Saltado.
E02,Pavimentação,Moradores,3509601003,V05208,Não declarado,30.0,0.24242424242424243,,SIM,12375.0,12345.0,Domínio aplicável = Sim + Não; Não declarado coincide com circulação Aquavia + Saltado.
E02,Pavimentação,Faces,3509601003,V05406,Sim,298.0,73.58024691358025,75.25252525252525,NÃO,405.0,396.0,Domínio aplicável = Sim + Não; Não declarado coincide com circulação Aquavia + Saltado.
E02,Pavimentação,Faces,3509601003,V05407,Não,98.0,24.19753086419753,24.747474747474747,NÃO,405.0,396.0,Domínio aplicável = Sim + Não; Não declarado coincide com circulação Aquavia + Saltado.
E02,Pavimentação,Faces,3509601003,V05408,Não declarado,9.0,2.2222222222222223,,SIM,405.0,396.0,Domínio aplicável = Sim + Não; Não declarado coincide com circulação Aquavia + Saltado.
E03,Bueiro / boca de lobo,Domicílios,3509601003,V05009,Sim,3338.0,80.43373493975903,80.58908739739256,NÃO,4150.0,4142.0,Domínio aplicável = Sim + Não; Não declarado coincide com circulação Aquavia + Saltado.
E03,Bueiro / boca de lobo,Domicílios,3509601003,V05010,Não,804.0,19.373493975903614,19.410912602607436,NÃO,4150.0,4142.0,Domínio aplicável = Sim + Não; Não declarado coincide com circulação Aquavia + Saltado.
E03,Bueiro / boca de lobo,Domicílios,3509601003,V05011,Não declarado,8.0,0.19277108433734938,,SIM,4150.0,4142.0,Domínio aplicável = Sim + Não; Não declarado coincide com circulação Aquavia + Saltado.
E03,Bueiro / boca de lobo,Moradores,3509601003,V05209,Sim,9913.0,80.1050505050505,80.29971648440664,NÃO,12375.0,12345.0,Domínio aplicável = Sim + Não; Não declarado coincide com circulação Aquavia + Saltado.
E03,Bueiro / boca de lobo,Moradores,3509601003,V05210,Não,2432.0,19.65252525252525,19.70028351559336,NÃO,12375.0,12345.0,Domínio aplicável = Sim + Não; Não declarado coincide com circulação Aquavia + Saltado.
E03,Bueiro / boca de lobo,Moradores,3509601003,V05211,Não declarado,30.0,0.24242424242424243,,SIM,12375.0,12345.0,Domínio aplicável = Sim + Não; Não declarado coincide com circulação Aquavia + Saltado.
E03,Bueiro / boca de lobo,Faces,3509601003,V05409,Sim,238.0,58.76543209876544,60.1010101010101,NÃO,405.0,396.0,Domínio aplicável = Sim + Não; Não declarado coincide com circulação Aquavia + Saltado.
E03,Bueiro / boca de lobo,Faces,3509601003,V05410,Não,158.0,39.01234567901234,39.8989898989899,NÃO,405.0,396.0,Domínio aplicável = Sim + Não; Não declarado coincide com circulação Aquavia + Saltado.
E03,Bueiro / boca de lobo,Faces,3509601003,V05411,Não declarado,9.0,2.2222222222222223,,SIM,405.0,396.0,Domínio aplicável = Sim + Não; Não declarado coincide com circulação Aquavia + Saltado.
E04,Iluminação pública,Domicílios,3509601003,V05012,Sim,3971.0,95.6867469879518,95.87155963302753,NÃO,4150.0,4142.0,Domínio aplicável = Sim + Não; Não declarado coincide com circulação Aquavia + Saltado.
E04,Iluminação pública,Domicílios,3509601003,V05013,Não,171.0,4.120481927710844,4.128440366972478,NÃO,4150.0,4142.0,Domínio aplicável = Sim + Não; Não declarado coincide com circulação Aquavia + Saltado.
E04,Iluminação pública,Domicílios,3509601003,V05014,Não declarado,8.0,0.19277108433734938,,SIM,4150.0,4142.0,Domínio aplicável = Sim + Não; Não declarado coincide com circulação Aquavia + Saltado.
E04,Iluminação pública,Moradores,3509601003,V05212,Sim,11820.0,95.51515151515152,95.74726609963548,NÃO,12375.0,12345.0,Domínio aplicável = Sim + Não; Não declarado coincide com circulação Aquavia + Saltado.
E04,Iluminação pública,Moradores,3509601003,V05213,Não,525.0,4.242424242424243,4.25273390036452,NÃO,12375.0,12345.0,Domínio aplicável = Sim + Não; Não declarado coincide com circulação Aquavia + Saltado.
E04,Iluminação pública,Moradores,3509601003,V05214,Não declarado,30.0,0.24242424242424243,,SIM,12375.0,12345.0,Domínio aplicável = Sim + Não; Não declarado coincide com circulação Aquavia + Saltado.
E04,Iluminação pública,Faces,3509601003,V05412,Sim,325.0,80.24691358024691,82.07070707070707,NÃO,405.0,396.0,Domínio aplicável = Sim + Não; Não declarado coincide com circulação Aquavia + Saltado.
E04,Iluminação pública,Faces,3509601003,V05413,Não,71.0,17.530864197530864,17.929292929292927,NÃO,405.0,396.0,Domínio aplicável = Sim + Não; Não declarado coincide com circulação Aquavia + Saltado.
E04,Iluminação pública,Faces,3509601003,V05414,Não declarado,9.0,2.2222222222222223,,SIM,405.0,396.0,Domínio aplicável = Sim + Não; Não declarado coincide com circulação Aquavia + Saltado.
E05,Ponto de ônibus,Domicílios,3509601003,V05015,Sim,365.0,8.795180722891565,8.812168034765813,NÃO,4150.0,4142.0,Domínio aplicável = Sim + Não; Não declarado coincide com circulação Aquavia + Saltado.
E05,Ponto de ônibus,Domicílios,3509601003,V05016,Não,3777.0,91.01204819277109,91.1878319652342,NÃO,4150.0,4142.0,Domínio aplicável = Sim + Não; Não declarado coincide com circulação Aquavia + Saltado.
E05,Ponto de ônibus,Domicílios,3509601003,V05017,Não declarado,8.0,0.19277108433734938,,SIM,4150.0,4142.0,Domínio aplicável = Sim + Não; Não declarado coincide com circulação Aquavia + Saltado.
E05,Ponto de ônibus,Moradores,3509601003,V05215,Sim,1101.0,8.896969696969698,8.918590522478736,NÃO,12375.0,12345.0,Domínio aplicável = Sim + Não; Não declarado coincide com circulação Aquavia + Saltado.
E05,Ponto de ônibus,Moradores,3509601003,V05216,Não,11244.0,90.86060606060606,91.08140947752126,NÃO,12375.0,12345.0,Domínio aplicável = Sim + Não; Não declarado coincide com circulação Aquavia + Saltado.
E05,Ponto de ônibus,Moradores,3509601003,V05217,Não declarado,30.0,0.24242424242424243,,SIM,12375.0,12345.0,Domínio aplicável = Sim + Não; Não declarado coincide com circulação Aquavia + Saltado.
E05,Ponto de ônibus,Faces,3509601003,V05415,Sim,35.0,8.641975308641975,8.83838383838384,NÃO,405.0,396.0,Domínio aplicável = Sim + Não; Não declarado coincide com circulação Aquavia + Saltado.
E05,Ponto de ônibus,Faces,3509601003,V05416,Não,361.0,89.13580246913581,91.16161616161617,NÃO,405.0,396.0,Domínio aplicável = Sim + Não; Não declarado coincide com circulação Aquavia + Saltado.
E05,Ponto de ônibus,Faces,3509601003,V05417,Não declarado,9.0,2.2222222222222223,,SIM,405.0,396.0,Domínio aplicável = Sim + Não; Não declarado coincide com circulação Aquavia + Saltado.
E06,Via sinalizada para bicicleta,Domicílios,3509601003,V05018,Sim,51.0,1.2289156626506026,1.2312892322549494,NÃO,4150.0,4142.0,Domínio aplicável = Sim + Não; Não declarado coincide com circulação Aquavia + Saltado.
E06,Via sinalizada para bicicleta,Domicílios,3509601003,V05019,Não,4091.0,98.57831325301206,98.76871076774505,NÃO,4150.0,4142.0,Domínio aplicável = Sim + Não; Não declarado coincide com circulação Aquavia + Saltado.
E06,Via sinalizada para bicicleta,Domicílios,3509601003,V05020,Não declarado,8.0,0.19277108433734938,,SIM,4150.0,4142.0,Domínio aplicável = Sim + Não; Não declarado coincide com circulação Aquavia + Saltado.
E06,Via sinalizada para bicicleta,Moradores,3509601003,V05218,Sim,176.0,1.4222222222222223,1.4256784123126773,NÃO,12375.0,12345.0,Domínio aplicável = Sim + Não; Não declarado coincide com circulação Aquavia + Saltado.
E06,Via sinalizada para bicicleta,Moradores,3509601003,V05219,Não,12169.0,98.33535353535353,98.57432158768732,NÃO,12375.0,12345.0,Domínio aplicável = Sim + Não; Não declarado coincide com circulação Aquavia + Saltado.
E06,Via sinalizada para bicicleta,Moradores,3509601003,V05220,Não declarado,30.0,0.24242424242424243,,SIM,12375.0,12345.0,Domínio aplicável = Sim + Não; Não declarado coincide com circulação Aquavia + Saltado.
E06,Via sinalizada para bicicleta,Faces,3509601003,V05418,Sim,12.0,2.9629629629629632,3.0303030303030303,NÃO,405.0,396.0,Domínio aplicável = Sim + Não; Não declarado coincide com circulação Aquavia + Saltado.
E06,Via sinalizada para bicicleta,Faces,3509601003,V05419,Não,384.0,94.81481481481482,96.96969696969697,NÃO,405.0,396.0,Domínio aplicável = Sim + Não; Não declarado coincide com circulação Aquavia + Saltado.
E06,Via sinalizada para bicicleta,Faces,3509601003,V05420,Não declarado,9.0,2.2222222222222223,,SIM,405.0,396.0,Domínio aplicável = Sim + Não; Não declarado coincide com circulação Aquavia + Saltado.
E07,Calçada,Domicílios,3509601003,V05021,Sim,3757.0,90.53012048192771,90.70497344278127,NÃO,4150.0,4142.0,Domínio aplicável = Sim + Não; Não declarado coincide com circulação Aquavia + Saltado.
E07,Calçada,Domicílios,3509601003,V05022,Não,385.0,9.27710843373494,9.295026557218735,NÃO,4150.0,4142.0,Domínio aplicável = Sim + Não; Não declarado coincide com circulação Aquavia + Saltado.
E07,Calçada,Domicílios,3509601003,V05023,Não declarado,8.0,0.19277108433734938,,SIM,4150.0,4142.0,Domínio aplicável = Sim + Não; Não declarado coincide com circulação Aquavia + Saltado.
E07,Calçada,Moradores,3509601003,V05221,Sim,11199.0,90.4969696969697,90.71688942891859,NÃO,12375.0,12345.0,Domínio aplicável = Sim + Não; Não declarado coincide com circulação Aquavia + Saltado.
E07,Calçada,Moradores,3509601003,V05222,Não,1146.0,9.260606060606062,9.28311057108141,NÃO,12375.0,12345.0,Domínio aplicável = Sim + Não; Não declarado coincide com circulação Aquavia + Saltado.
E07,Calçada,Moradores,3509601003,V05223,Não declarado,30.0,0.24242424242424243,,SIM,12375.0,12345.0,Domínio aplicável = Sim + Não; Não declarado coincide com circulação Aquavia + Saltado.
E07,Calçada,Faces,3509601003,V05421,Sim,272.0,67.1604938271605,68.68686868686868,NÃO,405.0,396.0,Domínio aplicável = Sim + Não; Não declarado coincide com circulação Aquavia + Saltado.
E07,Calçada,Faces,3509601003,V05422,Não,124.0,30.617283950617285,31.313131313131315,NÃO,405.0,396.0,Domínio aplicável = Sim + Não; Não declarado coincide com circulação Aquavia + Saltado.
E07,Calçada,Faces,3509601003,V05423,Não declarado,9.0,2.2222222222222223,,SIM,405.0,396.0,Domínio aplicável = Sim + Não; Não declarado coincide com circulação Aquavia + Saltado.
E08,Obstáculo na calçada,Domicílios,3509601003,V05024,Sim,3583.0,86.33734939759036,95.36864519563481,NÃO,4150.0,3757.0,Domínio aplicável = Sim + Não; Não declarado coincide com ausência/não aplicação de calçada.
E08,Obstáculo na calçada,Domicílios,3509601003,V05025,Não,174.0,4.19277108433735,4.631354804365185,NÃO,4150.0,3757.0,Domínio aplicável = Sim + Não; Não declarado coincide com ausência/não aplicação de calçada.
E08,Obstáculo na calçada,Domicílios,3509601003,V05026,Não declarado,393.0,9.46987951807229,,SIM,4150.0,3757.0,Domínio aplicável = Sim + Não; Não declarado coincide com ausência/não aplicação de calçada.
E08,Obstáculo na calçada,Moradores,3509601003,V05224,Sim,10682.0,86.31919191919192,95.38351638539156,NÃO,12375.0,11199.0,Domínio aplicável = Sim + Não; Não declarado coincide com ausência/não aplicação de calçada.
E08,Obstáculo na calçada,Moradores,3509601003,V05225,Não,517.0,4.177777777777777,4.616483614608447,NÃO,12375.0,11199.0,Domínio aplicável = Sim + Não; Não declarado coincide com ausência/não aplicação de calçada.
E08,Obstáculo na calçada,Moradores,3509601003,V05226,Não declarado,1176.0,9.503030303030304,,SIM,12375.0,11199.0,Domínio aplicável = Sim + Não; Não declarado coincide com ausência/não aplicação de calçada.
E08,Obstáculo na calçada,Faces,3509601003,V05424,Sim,237.0,58.51851851851851,87.13235294117648,NÃO,405.0,272.0,Domínio aplicável = Sim + Não; Não declarado coincide com ausência/não aplicação de calçada.
E08,Obstáculo na calçada,Faces,3509601003,V05425,Não,35.0,8.641975308641975,12.867647058823529,NÃO,405.0,272.0,Domínio aplicável = Sim + Não; Não declarado coincide com ausência/não aplicação de calçada.
E08,Obstáculo na calçada,Faces,3509601003,V05426,Não declarado,133.0,32.839506172839506,,SIM,405.0,272.0,Domínio aplicável = Sim + Não; Não declarado coincide com ausência/não aplicação de calçada.
E09,Rampa para cadeirante,Domicílios,3509601003,V05027,Sim,7.0,0.1686746987951807,0.18631887143997872,NÃO,4150.0,3757.0,Domínio aplicável = Sim + Não; Não declarado coincide com ausência/não aplicação de calçada.
E09,Rampa para cadeirante,Domicílios,3509601003,V05028,Não,3750.0,90.36144578313254,99.81368112856002,NÃO,4150.0,3757.0,Domínio aplicável = Sim + Não; Não declarado coincide com ausência/não aplicação de calçada.
E09,Rampa para cadeirante,Domicílios,3509601003,V05029,Não declarado,393.0,9.46987951807229,,SIM,4150.0,3757.0,Domínio aplicável = Sim + Não; Não declarado coincide com ausência/não aplicação de calçada.
E09,Rampa para cadeirante,Moradores,3509601003,V05227,Sim,21.0,0.1696969696969697,0.18751674256630055,NÃO,12375.0,11199.0,Domínio aplicável = Sim + Não; Não declarado coincide com ausência/não aplicação de calçada.
E09,Rampa para cadeirante,Moradores,3509601003,V05228,Não,11178.0,90.32727272727273,99.8124832574337,NÃO,12375.0,11199.0,Domínio aplicável = Sim + Não; Não declarado coincide com ausência/não aplicação de calçada.
E09,Rampa para cadeirante,Moradores,3509601003,V05229,Não declarado,1176.0,9.503030303030304,,SIM,12375.0,11199.0,Domínio aplicável = Sim + Não; Não declarado coincide com ausência/não aplicação de calçada.
E09,Rampa para cadeirante,Faces,3509601003,V05427,Sim,5.0,1.2345679012345678,1.8382352941176472,NÃO,405.0,272.0,Domínio aplicável = Sim + Não; Não declarado coincide com ausência/não aplicação de calçada.
E09,Rampa para cadeirante,Faces,3509601003,V05428,Não,267.0,65.92592592592592,98.16176470588235,NÃO,405.0,272.0,Domínio aplicável = Sim + Não; Não declarado coincide com ausência/não aplicação de calçada.
E09,Rampa para cadeirante,Faces,3509601003,V05429,Não declarado,133.0,32.839506172839506,,SIM,405.0,272.0,Domínio aplicável = Sim + Não; Não declarado coincide com ausência/não aplicação de calçada.
E10,Arborização,Domicílios,3509601003,V05030,Sem árvores,2128.0,51.27710843373494,51.37614678899083,NÃO,4150.0,4142.0,Domínio aplicável = classes substantivas de arborização; Saltado fica fora.
E10,Arborização,Domicílios,3509601003,V05031,1 a 2 árvores,1294.0,31.180722891566266,31.240946402704004,NÃO,4150.0,4142.0,Domínio aplicável = classes substantivas de arborização; Saltado fica fora.
E10,Arborização,Domicílios,3509601003,V05032,3 a 4 árvores,525.0,12.650602409638553,12.675036214389184,NÃO,4150.0,4142.0,Domínio aplicável = classes substantivas de arborização; Saltado fica fora.
E10,Arborização,Domicílios,3509601003,V05033,5 ou mais árvores,195.0,4.698795180722891,4.707870593915983,NÃO,4150.0,4142.0,Domínio aplicável = classes substantivas de arborização; Saltado fica fora.
E10,Arborização,Domicílios,3509601003,V05034,Saltado,8.0,0.19277108433734938,,SIM,4150.0,4142.0,Domínio aplicável = classes substantivas de arborização; Saltado fica fora.
E10,Arborização,Moradores,3509601003,V05230,Sem árvores,6338.0,51.216161616161614,51.34062373430539,NÃO,12375.0,12345.0,Domínio aplicável = classes substantivas de arborização; Saltado fica fora.
E10,Arborização,Moradores,3509601003,V05231,1 a 2 árvores,3844.0,31.062626262626264,31.13811259619279,NÃO,12375.0,12345.0,Domínio aplicável = classes substantivas de arborização; Saltado fica fora.
E10,Arborização,Moradores,3509601003,V05232,3 a 4 árvores,1587.0,12.824242424242424,12.855407047387606,NÃO,12375.0,12345.0,Domínio aplicável = classes substantivas de arborização; Saltado fica fora.
E10,Arborização,Moradores,3509601003,V05233,5 ou mais árvores,576.0,4.654545454545454,4.665856622114217,NÃO,12375.0,12345.0,Domínio aplicável = classes substantivas de arborização; Saltado fica fora.
E10,Arborização,Moradores,3509601003,V05234,Saltado,30.0,0.24242424242424243,,SIM,12375.0,12345.0,Domínio aplicável = classes substantivas de arborização; Saltado fica fora.
E10,Arborização,Faces,3509601003,V05430,Sem árvores,227.0,56.04938271604938,57.32323232323232,NÃO,405.0,396.0,Domínio aplicável = classes substantivas de arborização; Saltado fica fora.
E10,Arborização,Faces,3509601003,V05431,1 a 2 árvores,82.0,20.246913580246915,20.707070707070706,NÃO,405.0,396.0,Domínio aplicável = classes substantivas de arborização; Saltado fica fora.
E10,Arborização,Faces,3509601003,V05432,3 a 4 árvores,38.0,9.382716049382717,9.595959595959595,NÃO,405.0,396.0,Domínio aplicável = classes substantivas de arborização; Saltado fica fora.
E10,Arborização,Faces,3509601003,V05433,5 ou mais árvores,49.0,12.098765432098766,12.373737373737374,NÃO,405.0,396.0,Domínio aplicável = classes substantivas de arborização; Saltado fica fora.
E10,Arborização,Faces,3509601003,V05434,Saltado,9.0,2.2222222222222223,,SIM,405.0,396.0,Domínio aplicável = classes substantivas de arborização; Saltado fica fora.
E01,Circulação da via,Domicílios,3509601004,V05001,"Caminhão, ônibus",4002.0,99.13301956898687,99.13301956898687,NÃO,4037.0,4037.0,Domínio aplicável = categorias substantivas de circulação; Saltado fica fora.
E01,Circulação da via,Domicílios,3509601004,V05002,Carros de passeio ou van,29.0,0.7183552142680208,0.7183552142680208,NÃO,4037.0,4037.0,Domínio aplicável = categorias substantivas de circulação; Saltado fica fora.
E01,Circulação da via,Domicílios,3509601004,V05003,"Pedestres, bicicletas e motocicletas",6.0,0.14862521674510776,0.14862521674510776,NÃO,4037.0,4037.0,Domínio aplicável = categorias substantivas de circulação; Saltado fica fora.
E01,Circulação da via,Domicílios,3509601004,V05004,Aquavia,0.0,0.0,0.0,NÃO,4037.0,4037.0,Domínio aplicável = categorias substantivas de circulação; Saltado fica fora.
E01,Circulação da via,Domicílios,3509601004,V05005,Saltado,0.0,0.0,,SIM,4037.0,4037.0,Domínio aplicável = categorias substantivas de circulação; Saltado fica fora.
E01,Circulação da via,Moradores,3509601004,V05201,"Caminhão, ônibus",10931.0,99.03959409259762,99.03959409259762,NÃO,11037.0,11037.0,Domínio aplicável = categorias substantivas de circulação; Saltado fica fora.
E01,Circulação da via,Moradores,3509601004,V05202,Carros de passeio ou van,90.0,0.8154389779831475,0.8154389779831475,NÃO,11037.0,11037.0,Domínio aplicável = categorias substantivas de circulação; Saltado fica fora.
E01,Circulação da via,Moradores,3509601004,V05203,"Pedestres, bicicletas e motocicletas",16.0,0.14496692941922623,0.14496692941922623,NÃO,11037.0,11037.0,Domínio aplicável = categorias substantivas de circulação; Saltado fica fora.
E01,Circulação da via,Moradores,3509601004,V05204,Aquavia,0.0,0.0,0.0,NÃO,11037.0,11037.0,Domínio aplicável = categorias substantivas de circulação; Saltado fica fora.
E01,Circulação da via,Moradores,3509601004,V05205,Saltado,0.0,0.0,,SIM,11037.0,11037.0,Domínio aplicável = categorias substantivas de circulação; Saltado fica fora.
E01,Circulação da via,Faces,3509601004,V05401,"Caminhão, ônibus",536.0,91.78082191780823,92.573402417962,NÃO,584.0,579.0,Domínio aplicável = categorias substantivas de circulação; Saltado fica fora.
E01,Circulação da via,Faces,3509601004,V05402,Carros de passeio ou van,25.0,4.280821917808219,4.317789291882556,NÃO,584.0,579.0,Domínio aplicável = categorias substantivas de circulação; Saltado fica fora.
E01,Circulação da via,Faces,3509601004,V05403,"Pedestres, bicicletas e motocicletas",18.0,3.0821917808219177,3.1088082901554404,NÃO,584.0,579.0,Domínio aplicável = categorias substantivas de circulação; Saltado fica fora.
E01,Circulação da via,Faces,3509601004,V05404,Aquavia,0.0,0.0,0.0,NÃO,584.0,579.0,Domínio aplicável = categorias substantivas de circulação; Saltado fica fora.
E01,Circulação da via,Faces,3509601004,V05405,Saltado,5.0,0.8561643835616438,,SIM,584.0,579.0,Domínio aplicável = categorias substantivas de circulação; Saltado fica fora.
E02,Pavimentação,Domicílios,3509601004,V05006,Sim,3980.0,98.58806044092148,98.58806044092148,NÃO,4037.0,4037.0,Domínio aplicável = Sim + Não; Não declarado coincide com circulação Aquavia + Saltado.
E02,Pavimentação,Domicílios,3509601004,V05007,Não,57.0,1.4119395590785238,1.4119395590785238,NÃO,4037.0,4037.0,Domínio aplicável = Sim + Não; Não declarado coincide com circulação Aquavia + Saltado.
E02,Pavimentação,Domicílios,3509601004,V05008,Não declarado,0.0,0.0,,SIM,4037.0,4037.0,Domínio aplicável = Sim + Não; Não declarado coincide com circulação Aquavia + Saltado.
E02,Pavimentação,Moradores,3509601004,V05206,Sim,10885.0,98.62281417051734,98.62281417051734,NÃO,11037.0,11037.0,Domínio aplicável = Sim + Não; Não declarado coincide com circulação Aquavia + Saltado.
E02,Pavimentação,Moradores,3509601004,V05207,Não,152.0,1.3771858294826493,1.3771858294826493,NÃO,11037.0,11037.0,Domínio aplicável = Sim + Não; Não declarado coincide com circulação Aquavia + Saltado.
E02,Pavimentação,Moradores,3509601004,V05208,Não declarado,0.0,0.0,,SIM,11037.0,11037.0,Domínio aplicável = Sim + Não; Não declarado coincide com circulação Aquavia + Saltado.
E02,Pavimentação,Faces,3509601004,V05406,Sim,530.0,90.75342465753424,91.53713298791018,NÃO,584.0,579.0,Domínio aplicável = Sim + Não; Não declarado coincide com circulação Aquavia + Saltado.
E02,Pavimentação,Faces,3509601004,V05407,Não,49.0,8.39041095890411,8.46286701208981,NÃO,584.0,579.0,Domínio aplicável = Sim + Não; Não declarado coincide com circulação Aquavia + Saltado.
E02,Pavimentação,Faces,3509601004,V05408,Não declarado,5.0,0.8561643835616438,,SIM,584.0,579.0,Domínio aplicável = Sim + Não; Não declarado coincide com circulação Aquavia + Saltado.
E03,Bueiro / boca de lobo,Domicílios,3509601004,V05009,Sim,2729.0,67.59970274956652,67.59970274956652,NÃO,4037.0,4037.0,Domínio aplicável = Sim + Não; Não declarado coincide com circulação Aquavia + Saltado.
E03,Bueiro / boca de lobo,Domicílios,3509601004,V05010,Não,1308.0,32.40029725043349,32.40029725043349,NÃO,4037.0,4037.0,Domínio aplicável = Sim + Não; Não declarado coincide com circulação Aquavia + Saltado.
E03,Bueiro / boca de lobo,Domicílios,3509601004,V05011,Não declarado,0.0,0.0,,SIM,4037.0,4037.0,Domínio aplicável = Sim + Não; Não declarado coincide com circulação Aquavia + Saltado.
E03,Bueiro / boca de lobo,Moradores,3509601004,V05209,Sim,7465.0,67.63613300715774,67.63613300715774,NÃO,11037.0,11037.0,Domínio aplicável = Sim + Não; Não declarado coincide com circulação Aquavia + Saltado.
E03,Bueiro / boca de lobo,Moradores,3509601004,V05210,Não,3572.0,32.363866992842254,32.363866992842254,NÃO,11037.0,11037.0,Domínio aplicável = Sim + Não; Não declarado coincide com circulação Aquavia + Saltado.
E03,Bueiro / boca de lobo,Moradores,3509601004,V05211,Não declarado,0.0,0.0,,SIM,11037.0,11037.0,Domínio aplicável = Sim + Não; Não declarado coincide com circulação Aquavia + Saltado.
E03,Bueiro / boca de lobo,Faces,3509601004,V05409,Sim,374.0,64.04109589041096,64.59412780656304,NÃO,584.0,579.0,Domínio aplicável = Sim + Não; Não declarado coincide com circulação Aquavia + Saltado.
E03,Bueiro / boca de lobo,Faces,3509601004,V05410,Não,205.0,35.1027397260274,35.40587219343696,NÃO,584.0,579.0,Domínio aplicável = Sim + Não; Não declarado coincide com circulação Aquavia + Saltado.
E03,Bueiro / boca de lobo,Faces,3509601004,V05411,Não declarado,5.0,0.8561643835616438,,SIM,584.0,579.0,Domínio aplicável = Sim + Não; Não declarado coincide com circulação Aquavia + Saltado.
E04,Iluminação pública,Domicílios,3509601004,V05012,Sim,3984.0,98.68714391875156,98.68714391875156,NÃO,4037.0,4037.0,Domínio aplicável = Sim + Não; Não declarado coincide com circulação Aquavia + Saltado.
E04,Iluminação pública,Domicílios,3509601004,V05013,Não,53.0,1.3128560812484518,1.3128560812484518,NÃO,4037.0,4037.0,Domínio aplicável = Sim + Não; Não declarado coincide com circulação Aquavia + Saltado.
E04,Iluminação pública,Domicílios,3509601004,V05014,Não declarado,0.0,0.0,,SIM,4037.0,4037.0,Domínio aplicável = Sim + Não; Não declarado coincide com circulação Aquavia + Saltado.
E04,Iluminação pública,Moradores,3509601004,V05212,Sim,10892.0,98.68623720213826,98.68623720213826,NÃO,11037.0,11037.0,Domínio aplicável = Sim + Não; Não declarado coincide com circulação Aquavia + Saltado.
E04,Iluminação pública,Moradores,3509601004,V05213,Não,145.0,1.3137627978617377,1.3137627978617377,NÃO,11037.0,11037.0,Domínio aplicável = Sim + Não; Não declarado coincide com circulação Aquavia + Saltado.
E04,Iluminação pública,Moradores,3509601004,V05214,Não declarado,0.0,0.0,,SIM,11037.0,11037.0,Domínio aplicável = Sim + Não; Não declarado coincide com circulação Aquavia + Saltado.
E04,Iluminação pública,Faces,3509601004,V05412,Sim,533.0,91.26712328767124,92.05526770293609,NÃO,584.0,579.0,Domínio aplicável = Sim + Não; Não declarado coincide com circulação Aquavia + Saltado.
E04,Iluminação pública,Faces,3509601004,V05413,Não,46.0,7.876712328767123,7.9447322970639025,NÃO,584.0,579.0,Domínio aplicável = Sim + Não; Não declarado coincide com circulação Aquavia + Saltado.
E04,Iluminação pública,Faces,3509601004,V05414,Não declarado,5.0,0.8561643835616438,,SIM,584.0,579.0,Domínio aplicável = Sim + Não; Não declarado coincide com circulação Aquavia + Saltado.
E05,Ponto de ônibus,Domicílios,3509601004,V05015,Sim,447.0,11.072578647510529,11.072578647510529,NÃO,4037.0,4037.0,Domínio aplicável = Sim + Não; Não declarado coincide com circulação Aquavia + Saltado.
E05,Ponto de ônibus,Domicílios,3509601004,V05016,Não,3590.0,88.92742135248947,88.92742135248947,NÃO,4037.0,4037.0,Domínio aplicável = Sim + Não; Não declarado coincide com circulação Aquavia + Saltado.
E05,Ponto de ônibus,Domicílios,3509601004,V05017,Não declarado,0.0,0.0,,SIM,4037.0,4037.0,Domínio aplicável = Sim + Não; Não declarado coincide com circulação Aquavia + Saltado.
E05,Ponto de ônibus,Moradores,3509601004,V05215,Sim,1194.0,10.818157107909759,10.818157107909759,NÃO,11037.0,11037.0,Domínio aplicável = Sim + Não; Não declarado coincide com circulação Aquavia + Saltado.
E05,Ponto de ônibus,Moradores,3509601004,V05216,Não,9843.0,89.18184289209024,89.18184289209024,NÃO,11037.0,11037.0,Domínio aplicável = Sim + Não; Não declarado coincide com circulação Aquavia + Saltado.
E05,Ponto de ônibus,Moradores,3509601004,V05217,Não declarado,0.0,0.0,,SIM,11037.0,11037.0,Domínio aplicável = Sim + Não; Não declarado coincide com circulação Aquavia + Saltado.
E05,Ponto de ônibus,Faces,3509601004,V05415,Sim,82.0,14.04109589041096,14.162348877374784,NÃO,584.0,579.0,Domínio aplicável = Sim + Não; Não declarado coincide com circulação Aquavia + Saltado.
E05,Ponto de ônibus,Faces,3509601004,V05416,Não,497.0,85.1027397260274,85.83765112262522,NÃO,584.0,579.0,Domínio aplicável = Sim + Não; Não declarado coincide com circulação Aquavia + Saltado.
E05,Ponto de ônibus,Faces,3509601004,V05417,Não declarado,5.0,0.8561643835616438,,SIM,584.0,579.0,Domínio aplicável = Sim + Não; Não declarado coincide com circulação Aquavia + Saltado.
E06,Via sinalizada para bicicleta,Domicílios,3509601004,V05018,Sim,3.0,0.07431260837255388,0.07431260837255388,NÃO,4037.0,4037.0,Domínio aplicável = Sim + Não; Não declarado coincide com circulação Aquavia + Saltado.
E06,Via sinalizada para bicicleta,Domicílios,3509601004,V05019,Não,4034.0,99.92568739162745,99.92568739162745,NÃO,4037.0,4037.0,Domínio aplicável = Sim + Não; Não declarado coincide com circulação Aquavia + Saltado.
E06,Via sinalizada para bicicleta,Domicílios,3509601004,V05020,Não declarado,0.0,0.0,,SIM,4037.0,4037.0,Domínio aplicável = Sim + Não; Não declarado coincide com circulação Aquavia + Saltado.
E06,Via sinalizada para bicicleta,Moradores,3509601004,V05218,Sim,5.0,0.0453021654435082,0.0453021654435082,NÃO,11037.0,11037.0,Domínio aplicável = Sim + Não; Não declarado coincide com circulação Aquavia + Saltado.
E06,Via sinalizada para bicicleta,Moradores,3509601004,V05219,Não,11032.0,99.9546978345565,99.9546978345565,NÃO,11037.0,11037.0,Domínio aplicável = Sim + Não; Não declarado coincide com circulação Aquavia + Saltado.
E06,Via sinalizada para bicicleta,Moradores,3509601004,V05220,Não declarado,0.0,0.0,,SIM,11037.0,11037.0,Domínio aplicável = Sim + Não; Não declarado coincide com circulação Aquavia + Saltado.
E06,Via sinalizada para bicicleta,Faces,3509601004,V05418,Sim,4.0,0.684931506849315,0.690846286701209,NÃO,584.0,579.0,Domínio aplicável = Sim + Não; Não declarado coincide com circulação Aquavia + Saltado.
E06,Via sinalizada para bicicleta,Faces,3509601004,V05419,Não,575.0,98.45890410958904,99.3091537132988,NÃO,584.0,579.0,Domínio aplicável = Sim + Não; Não declarado coincide com circulação Aquavia + Saltado.
E06,Via sinalizada para bicicleta,Faces,3509601004,V05420,Não declarado,5.0,0.8561643835616438,,SIM,584.0,579.0,Domínio aplicável = Sim + Não; Não declarado coincide com circulação Aquavia + Saltado.
E07,Calçada,Domicílios,3509601004,V05021,Sim,3929.0,97.32474609858805,97.32474609858805,NÃO,4037.0,4037.0,Domínio aplicável = Sim + Não; Não declarado coincide com circulação Aquavia + Saltado.
E07,Calçada,Domicílios,3509601004,V05022,Não,108.0,2.6752539014119394,2.6752539014119394,NÃO,4037.0,4037.0,Domínio aplicável = Sim + Não; Não declarado coincide com circulação Aquavia + Saltado.
E07,Calçada,Domicílios,3509601004,V05023,Não declarado,0.0,0.0,,SIM,4037.0,4037.0,Domínio aplicável = Sim + Não; Não declarado coincide com circulação Aquavia + Saltado.
E07,Calçada,Moradores,3509601004,V05221,Sim,10747.0,97.37247440427652,97.37247440427652,NÃO,11037.0,11037.0,Domínio aplicável = Sim + Não; Não declarado coincide com circulação Aquavia + Saltado.
E07,Calçada,Moradores,3509601004,V05222,Não,290.0,2.6275255957234753,2.6275255957234753,NÃO,11037.0,11037.0,Domínio aplicável = Sim + Não; Não declarado coincide com circulação Aquavia + Saltado.
E07,Calçada,Moradores,3509601004,V05223,Não declarado,0.0,0.0,,SIM,11037.0,11037.0,Domínio aplicável = Sim + Não; Não declarado coincide com circulação Aquavia + Saltado.
E07,Calçada,Faces,3509601004,V05421,Sim,497.0,85.1027397260274,85.83765112262522,NÃO,584.0,579.0,Domínio aplicável = Sim + Não; Não declarado coincide com circulação Aquavia + Saltado.
E07,Calçada,Faces,3509601004,V05422,Não,82.0,14.04109589041096,14.162348877374784,NÃO,584.0,579.0,Domínio aplicável = Sim + Não; Não declarado coincide com circulação Aquavia + Saltado.
E07,Calçada,Faces,3509601004,V05423,Não declarado,5.0,0.8561643835616438,,SIM,584.0,579.0,Domínio aplicável = Sim + Não; Não declarado coincide com circulação Aquavia + Saltado.
E08,Obstáculo na calçada,Domicílios,3509601004,V05024,Sim,3924.0,97.20089175130046,99.8727411555103,NÃO,4037.0,3929.0,Domínio aplicável = Sim + Não; Não declarado coincide com ausência/não aplicação de calçada.
E08,Obstáculo na calçada,Domicílios,3509601004,V05025,Não,5.0,0.12385434728758979,0.12725884448969205,NÃO,4037.0,3929.0,Domínio aplicável = Sim + Não; Não declarado coincide com ausência/não aplicação de calçada.
E08,Obstáculo na calçada,Domicílios,3509601004,V05026,Não declarado,108.0,2.6752539014119394,,SIM,4037.0,3929.0,Domínio aplicável = Sim + Não; Não declarado coincide com ausência/não aplicação de calçada.
E08,Obstáculo na calçada,Moradores,3509601004,V05224,Sim,10737.0,97.28187007338951,99.90695077696101,NÃO,11037.0,10747.0,Domínio aplicável = Sim + Não; Não declarado coincide com ausência/não aplicação de calçada.
E08,Obstáculo na calçada,Moradores,3509601004,V05225,Não,10.0,0.0906043308870164,0.09304922303898762,NÃO,11037.0,10747.0,Domínio aplicável = Sim + Não; Não declarado coincide com ausência/não aplicação de calçada.
E08,Obstáculo na calçada,Moradores,3509601004,V05226,Não declarado,290.0,2.6275255957234753,,SIM,11037.0,10747.0,Domínio aplicável = Sim + Não; Não declarado coincide com ausência/não aplicação de calçada.
E08,Obstáculo na calçada,Faces,3509601004,V05424,Sim,467.0,79.96575342465754,93.96378269617706,NÃO,584.0,497.0,Domínio aplicável = Sim + Não; Não declarado coincide com ausência/não aplicação de calçada.
E08,Obstáculo na calçada,Faces,3509601004,V05425,Não,30.0,5.136986301369863,6.036217303822937,NÃO,584.0,497.0,Domínio aplicável = Sim + Não; Não declarado coincide com ausência/não aplicação de calçada.
E08,Obstáculo na calçada,Faces,3509601004,V05426,Não declarado,87.0,14.897260273972604,,SIM,584.0,497.0,Domínio aplicável = Sim + Não; Não declarado coincide com ausência/não aplicação de calçada.
E09,Rampa para cadeirante,Domicílios,3509601004,V05027,Sim,195.0,4.830319544216001,4.963094935097989,NÃO,4037.0,3929.0,Domínio aplicável = Sim + Não; Não declarado coincide com ausência/não aplicação de calçada.
E09,Rampa para cadeirante,Domicílios,3509601004,V05028,Não,3734.0,92.49442655437205,95.03690506490202,NÃO,4037.0,3929.0,Domínio aplicável = Sim + Não; Não declarado coincide com ausência/não aplicação de calçada.
E09,Rampa para cadeirante,Domicílios,3509601004,V05029,Não declarado,108.0,2.6752539014119394,,SIM,4037.0,3929.0,Domínio aplicável = Sim + Não; Não declarado coincide com ausência/não aplicação de calçada.
E09,Rampa para cadeirante,Moradores,3509601004,V05227,Sim,510.0,4.620820875237836,4.745510374988369,NÃO,11037.0,10747.0,Domínio aplicável = Sim + Não; Não declarado coincide com ausência/não aplicação de calçada.
E09,Rampa para cadeirante,Moradores,3509601004,V05228,Não,10237.0,92.75165352903869,95.25448962501163,NÃO,11037.0,10747.0,Domínio aplicável = Sim + Não; Não declarado coincide com ausência/não aplicação de calçada.
E09,Rampa para cadeirante,Moradores,3509601004,V05229,Não declarado,290.0,2.6275255957234753,,SIM,11037.0,10747.0,Domínio aplicável = Sim + Não; Não declarado coincide com ausência/não aplicação de calçada.
E09,Rampa para cadeirante,Faces,3509601004,V05427,Sim,46.0,7.876712328767123,9.25553319919517,NÃO,584.0,497.0,Domínio aplicável = Sim + Não; Não declarado coincide com ausência/não aplicação de calçada.
E09,Rampa para cadeirante,Faces,3509601004,V05428,Não,451.0,77.22602739726028,90.74446680080483,NÃO,584.0,497.0,Domínio aplicável = Sim + Não; Não declarado coincide com ausência/não aplicação de calçada.
E09,Rampa para cadeirante,Faces,3509601004,V05429,Não declarado,87.0,14.897260273972604,,SIM,584.0,497.0,Domínio aplicável = Sim + Não; Não declarado coincide com ausência/não aplicação de calçada.
E10,Arborização,Domicílios,3509601004,V05030,Sem árvores,1033.0,25.58830814961605,25.58830814961605,NÃO,4037.0,4037.0,Domínio aplicável = classes substantivas de arborização; Saltado fica fora.
E10,Arborização,Domicílios,3509601004,V05031,1 a 2 árvores,1514.0,37.50309635868219,37.50309635868219,NÃO,4037.0,4037.0,Domínio aplicável = classes substantivas de arborização; Saltado fica fora.
E10,Arborização,Domicílios,3509601004,V05032,3 a 4 árvores,783.0,19.39559078523656,19.39559078523656,NÃO,4037.0,4037.0,Domínio aplicável = classes substantivas de arborização; Saltado fica fora.
E10,Arborização,Domicílios,3509601004,V05033,5 ou mais árvores,707.0,17.513004706465196,17.513004706465196,NÃO,4037.0,4037.0,Domínio aplicável = classes substantivas de arborização; Saltado fica fora.
E10,Arborização,Domicílios,3509601004,V05034,Saltado,0.0,0.0,,SIM,4037.0,4037.0,Domínio aplicável = classes substantivas de arborização; Saltado fica fora.
E10,Arborização,Moradores,3509601004,V05230,Sem árvores,2795.0,25.323910482921086,25.323910482921086,NÃO,11037.0,11037.0,Domínio aplicável = classes substantivas de arborização; Saltado fica fora.
E10,Arborização,Moradores,3509601004,V05231,1 a 2 árvores,4219.0,38.22596720123222,38.22596720123222,NÃO,11037.0,11037.0,Domínio aplicável = classes substantivas de arborização; Saltado fica fora.
E10,Arborização,Moradores,3509601004,V05232,3 a 4 árvores,2113.0,19.144695116426565,19.144695116426565,NÃO,11037.0,11037.0,Domínio aplicável = classes substantivas de arborização; Saltado fica fora.
E10,Arborização,Moradores,3509601004,V05233,5 ou mais árvores,1910.0,17.30542719942013,17.30542719942013,NÃO,11037.0,11037.0,Domínio aplicável = classes substantivas de arborização; Saltado fica fora.
E10,Arborização,Moradores,3509601004,V05234,Saltado,0.0,0.0,,SIM,11037.0,11037.0,Domínio aplicável = classes substantivas de arborização; Saltado fica fora.
E10,Arborização,Faces,3509601004,V05430,Sem árvores,231.0,39.55479452054795,39.89637305699482,NÃO,584.0,579.0,Domínio aplicável = classes substantivas de arborização; Saltado fica fora.
E10,Arborização,Faces,3509601004,V05431,1 a 2 árvores,144.0,24.65753424657534,24.870466321243523,NÃO,584.0,579.0,Domínio aplicável = classes substantivas de arborização; Saltado fica fora.
E10,Arborização,Faces,3509601004,V05432,3 a 4 árvores,78.0,13.356164383561644,13.471502590673575,NÃO,584.0,579.0,Domínio aplicável = classes substantivas de arborização; Saltado fica fora.
E10,Arborização,Faces,3509601004,V05433,5 ou mais árvores,126.0,21.575342465753426,21.761658031088082,NÃO,584.0,579.0,Domínio aplicável = classes substantivas de arborização; Saltado fica fora.
E10,Arborização,Faces,3509601004,V05434,Saltado,5.0,0.8561643835616438,,SIM,584.0,579.0,Domínio aplicável = classes substantivas de arborização; Saltado fica fora.
E01,Circulação da via,Domicílios,3509601005,V05001,"Caminhão, ônibus",4361.0,93.66408934707904,94.45527398743772,NÃO,4656.0,4617.0,Domínio aplicável = categorias substantivas de circulação; Saltado fica fora.
E01,Circulação da via,Domicílios,3509601005,V05002,Carros de passeio ou van,256.0,5.498281786941581,5.54472601256227,NÃO,4656.0,4617.0,Domínio aplicável = categorias substantivas de circulação; Saltado fica fora.
E01,Circulação da via,Domicílios,3509601005,V05003,"Pedestres, bicicletas e motocicletas",0.0,0.0,0.0,NÃO,4656.0,4617.0,Domínio aplicável = categorias substantivas de circulação; Saltado fica fora.
E01,Circulação da via,Domicílios,3509601005,V05004,Aquavia,0.0,0.0,0.0,NÃO,4656.0,4617.0,Domínio aplicável = categorias substantivas de circulação; Saltado fica fora.
E01,Circulação da via,Domicílios,3509601005,V05005,Saltado,39.0,0.8376288659793815,,SIM,4656.0,4617.0,Domínio aplicável = categorias substantivas de circulação; Saltado fica fora.
E01,Circulação da via,Moradores,3509601005,V05201,"Caminhão, ônibus",12463.0,93.5590421139554,94.32377204268523,NÃO,13321.0,13213.0,Domínio aplicável = categorias substantivas de circulação; Saltado fica fora.
E01,Circulação da via,Moradores,3509601005,V05202,Carros de passeio ou van,750.0,5.63020794234667,5.676227957314766,NÃO,13321.0,13213.0,Domínio aplicável = categorias substantivas de circulação; Saltado fica fora.
E01,Circulação da via,Moradores,3509601005,V05203,"Pedestres, bicicletas e motocicletas",0.0,0.0,0.0,NÃO,13321.0,13213.0,Domínio aplicável = categorias substantivas de circulação; Saltado fica fora.
E01,Circulação da via,Moradores,3509601005,V05204,Aquavia,0.0,0.0,0.0,NÃO,13321.0,13213.0,Domínio aplicável = categorias substantivas de circulação; Saltado fica fora.
E01,Circulação da via,Moradores,3509601005,V05205,Saltado,108.0,0.8107499436979205,,SIM,13321.0,13213.0,Domínio aplicável = categorias substantivas de circulação; Saltado fica fora.
E01,Circulação da via,Faces,3509601005,V05401,"Caminhão, ônibus",786.0,89.419795221843,92.1453692848769,NÃO,879.0,853.0,Domínio aplicável = categorias substantivas de circulação; Saltado fica fora.
E01,Circulação da via,Faces,3509601005,V05402,Carros de passeio ou van,45.0,5.1194539249146755,5.275498241500586,NÃO,879.0,853.0,Domínio aplicável = categorias substantivas de circulação; Saltado fica fora.
E01,Circulação da via,Faces,3509601005,V05403,"Pedestres, bicicletas e motocicletas",22.0,2.502844141069397,2.5791324736225087,NÃO,879.0,853.0,Domínio aplicável = categorias substantivas de circulação; Saltado fica fora.
E01,Circulação da via,Faces,3509601005,V05404,Aquavia,0.0,0.0,0.0,NÃO,879.0,853.0,Domínio aplicável = categorias substantivas de circulação; Saltado fica fora.
E01,Circulação da via,Faces,3509601005,V05405,Saltado,26.0,2.9579067121729237,,SIM,879.0,853.0,Domínio aplicável = categorias substantivas de circulação; Saltado fica fora.
E02,Pavimentação,Domicílios,3509601005,V05006,Sim,3481.0,74.76374570446735,75.39527831925493,NÃO,4656.0,4617.0,Domínio aplicável = Sim + Não; Não declarado coincide com circulação Aquavia + Saltado.
E02,Pavimentação,Domicílios,3509601005,V05007,Não,1136.0,24.398625429553263,24.604721680745072,NÃO,4656.0,4617.0,Domínio aplicável = Sim + Não; Não declarado coincide com circulação Aquavia + Saltado.
E02,Pavimentação,Domicílios,3509601005,V05008,Não declarado,39.0,0.8376288659793815,,SIM,4656.0,4617.0,Domínio aplicável = Sim + Não; Não declarado coincide com circulação Aquavia + Saltado.
E02,Pavimentação,Moradores,3509601005,V05206,Sim,9942.0,74.63403648374747,75.24407780216453,NÃO,13321.0,13213.0,Domínio aplicável = Sim + Não; Não declarado coincide com circulação Aquavia + Saltado.
E02,Pavimentação,Moradores,3509601005,V05207,Não,3271.0,24.555213572554614,24.755922197835464,NÃO,13321.0,13213.0,Domínio aplicável = Sim + Não; Não declarado coincide com circulação Aquavia + Saltado.
E02,Pavimentação,Moradores,3509601005,V05208,Não declarado,108.0,0.8107499436979205,,SIM,13321.0,13213.0,Domínio aplicável = Sim + Não; Não declarado coincide com circulação Aquavia + Saltado.
E02,Pavimentação,Faces,3509601005,V05406,Sim,490.0,55.745164960182024,57.444314185228606,NÃO,879.0,853.0,Domínio aplicável = Sim + Não; Não declarado coincide com circulação Aquavia + Saltado.
E02,Pavimentação,Faces,3509601005,V05407,Não,363.0,41.29692832764505,42.555685814771394,NÃO,879.0,853.0,Domínio aplicável = Sim + Não; Não declarado coincide com circulação Aquavia + Saltado.
E02,Pavimentação,Faces,3509601005,V05408,Não declarado,26.0,2.9579067121729237,,SIM,879.0,853.0,Domínio aplicável = Sim + Não; Não declarado coincide com circulação Aquavia + Saltado.
E03,Bueiro / boca de lobo,Domicílios,3509601005,V05009,Sim,2742.0,58.891752577319586,59.38921377517868,NÃO,4656.0,4617.0,Domínio aplicável = Sim + Não; Não declarado coincide com circulação Aquavia + Saltado.
E03,Bueiro / boca de lobo,Domicílios,3509601005,V05010,Não,1875.0,40.27061855670103,40.61078622482131,NÃO,4656.0,4617.0,Domínio aplicável = Sim + Não; Não declarado coincide com circulação Aquavia + Saltado.
E03,Bueiro / boca de lobo,Domicílios,3509601005,V05011,Não declarado,39.0,0.8376288659793815,,SIM,4656.0,4617.0,Domínio aplicável = Sim + Não; Não declarado coincide com circulação Aquavia + Saltado.
E03,Bueiro / boca de lobo,Moradores,3509601005,V05209,Sim,7904.0,59.33488476841078,59.819874366154544,NÃO,13321.0,13213.0,Domínio aplicável = Sim + Não; Não declarado coincide com circulação Aquavia + Saltado.
E03,Bueiro / boca de lobo,Moradores,3509601005,V05210,Não,5309.0,39.8543652878913,40.180125633845456,NÃO,13321.0,13213.0,Domínio aplicável = Sim + Não; Não declarado coincide com circulação Aquavia + Saltado.
E03,Bueiro / boca de lobo,Moradores,3509601005,V05211,Não declarado,108.0,0.8107499436979205,,SIM,13321.0,13213.0,Domínio aplicável = Sim + Não; Não declarado coincide com circulação Aquavia + Saltado.
E03,Bueiro / boca de lobo,Faces,3509601005,V05409,Sim,339.0,38.56655290102389,39.74208675263775,NÃO,879.0,853.0,Domínio aplicável = Sim + Não; Não declarado coincide com circulação Aquavia + Saltado.
E03,Bueiro / boca de lobo,Faces,3509601005,V05410,Não,514.0,58.47554038680318,60.25791324736225,NÃO,879.0,853.0,Domínio aplicável = Sim + Não; Não declarado coincide com circulação Aquavia + Saltado.
E03,Bueiro / boca de lobo,Faces,3509601005,V05411,Não declarado,26.0,2.9579067121729237,,SIM,879.0,853.0,Domínio aplicável = Sim + Não; Não declarado coincide com circulação Aquavia + Saltado.
E04,Iluminação pública,Domicílios,3509601005,V05012,Sim,4551.0,97.74484536082474,98.5705003248863,NÃO,4656.0,4617.0,Domínio aplicável = Sim + Não; Não declarado coincide com circulação Aquavia + Saltado.
E04,Iluminação pública,Domicílios,3509601005,V05013,Não,66.0,1.4175257731958764,1.4294996751137101,NÃO,4656.0,4617.0,Domínio aplicável = Sim + Não; Não declarado coincide com circulação Aquavia + Saltado.
E04,Iluminação pública,Domicílios,3509601005,V05014,Não declarado,39.0,0.8376288659793815,,SIM,4656.0,4617.0,Domínio aplicável = Sim + Não; Não declarado coincide com circulação Aquavia + Saltado.
E04,Iluminação pública,Moradores,3509601005,V05212,Sim,13014.0,97.69536821559943,98.49390751532582,NÃO,13321.0,13213.0,Domínio aplicável = Sim + Não; Não declarado coincide com circulação Aquavia + Saltado.
E04,Iluminação pública,Moradores,3509601005,V05213,Não,199.0,1.49388184070265,1.5060924846741846,NÃO,13321.0,13213.0,Domínio aplicável = Sim + Não; Não declarado coincide com circulação Aquavia + Saltado.
E04,Iluminação pública,Moradores,3509601005,V05214,Não declarado,108.0,0.8107499436979205,,SIM,13321.0,13213.0,Domínio aplicável = Sim + Não; Não declarado coincide com circulação Aquavia + Saltado.
E04,Iluminação pública,Faces,3509601005,V05412,Sim,817.0,92.94653014789533,95.77960140679953,NÃO,879.0,853.0,Domínio aplicável = Sim + Não; Não declarado coincide com circulação Aquavia + Saltado.
E04,Iluminação pública,Faces,3509601005,V05413,Não,36.0,4.09556313993174,4.220398593200469,NÃO,879.0,853.0,Domínio aplicável = Sim + Não; Não declarado coincide com circulação Aquavia + Saltado.
E04,Iluminação pública,Faces,3509601005,V05414,Não declarado,26.0,2.9579067121729237,,SIM,879.0,853.0,Domínio aplicável = Sim + Não; Não declarado coincide com circulação Aquavia + Saltado.
E05,Ponto de ônibus,Domicílios,3509601005,V05015,Sim,477.0,10.244845360824742,10.33138401559454,NÃO,4656.0,4617.0,Domínio aplicável = Sim + Não; Não declarado coincide com circulação Aquavia + Saltado.
E05,Ponto de ônibus,Domicílios,3509601005,V05016,Não,4140.0,88.91752577319588,89.66861598440545,NÃO,4656.0,4617.0,Domínio aplicável = Sim + Não; Não declarado coincide com circulação Aquavia + Saltado.
E05,Ponto de ônibus,Domicílios,3509601005,V05017,Não declarado,39.0,0.8376288659793815,,SIM,4656.0,4617.0,Domínio aplicável = Sim + Não; Não declarado coincide com circulação Aquavia + Saltado.
E05,Ponto de ônibus,Moradores,3509601005,V05215,Sim,1406.0,10.554763155919225,10.641035343979414,NÃO,13321.0,13213.0,Domínio aplicável = Sim + Não; Não declarado coincide com circulação Aquavia + Saltado.
E05,Ponto de ônibus,Moradores,3509601005,V05216,Não,11807.0,88.63448690038285,89.35896465602059,NÃO,13321.0,13213.0,Domínio aplicável = Sim + Não; Não declarado coincide com circulação Aquavia + Saltado.
E05,Ponto de ônibus,Moradores,3509601005,V05217,Não declarado,108.0,0.8107499436979205,,SIM,13321.0,13213.0,Domínio aplicável = Sim + Não; Não declarado coincide com circulação Aquavia + Saltado.
E05,Ponto de ônibus,Faces,3509601005,V05415,Sim,89.0,10.12514220705347,10.433763188745605,NÃO,879.0,853.0,Domínio aplicável = Sim + Não; Não declarado coincide com circulação Aquavia + Saltado.
E05,Ponto de ônibus,Faces,3509601005,V05416,Não,764.0,86.91695108077361,89.5662368112544,NÃO,879.0,853.0,Domínio aplicável = Sim + Não; Não declarado coincide com circulação Aquavia + Saltado.
E05,Ponto de ônibus,Faces,3509601005,V05417,Não declarado,26.0,2.9579067121729237,,SIM,879.0,853.0,Domínio aplicável = Sim + Não; Não declarado coincide com circulação Aquavia + Saltado.
E06,Via sinalizada para bicicleta,Domicílios,3509601005,V05018,Sim,20.0,0.429553264604811,0.43318171973142733,NÃO,4656.0,4617.0,Domínio aplicável = Sim + Não; Não declarado coincide com circulação Aquavia + Saltado.
E06,Via sinalizada para bicicleta,Domicílios,3509601005,V05019,Não,4597.0,98.73281786941581,99.56681828026858,NÃO,4656.0,4617.0,Domínio aplicável = Sim + Não; Não declarado coincide com circulação Aquavia + Saltado.
E06,Via sinalizada para bicicleta,Domicílios,3509601005,V05020,Não declarado,39.0,0.8376288659793815,,SIM,4656.0,4617.0,Domínio aplicável = Sim + Não; Não declarado coincide com circulação Aquavia + Saltado.
E06,Via sinalizada para bicicleta,Moradores,3509601005,V05218,Sim,62.0,0.4654305232339915,0.46923484447135394,NÃO,13321.0,13213.0,Domínio aplicável = Sim + Não; Não declarado coincide com circulação Aquavia + Saltado.
E06,Via sinalizada para bicicleta,Moradores,3509601005,V05219,Não,13151.0,98.7238195330681,99.53076515552864,NÃO,13321.0,13213.0,Domínio aplicável = Sim + Não; Não declarado coincide com circulação Aquavia + Saltado.
E06,Via sinalizada para bicicleta,Moradores,3509601005,V05220,Não declarado,108.0,0.8107499436979205,,SIM,13321.0,13213.0,Domínio aplicável = Sim + Não; Não declarado coincide com circulação Aquavia + Saltado.
E06,Via sinalizada para bicicleta,Faces,3509601005,V05418,Sim,2.0,0.22753128555176336,0.23446658851113714,NÃO,879.0,853.0,Domínio aplicável = Sim + Não; Não declarado coincide com circulação Aquavia + Saltado.
E06,Via sinalizada para bicicleta,Faces,3509601005,V05419,Não,851.0,96.81456200227532,99.76553341148886,NÃO,879.0,853.0,Domínio aplicável = Sim + Não; Não declarado coincide com circulação Aquavia + Saltado.
E06,Via sinalizada para bicicleta,Faces,3509601005,V05420,Não declarado,26.0,2.9579067121729237,,SIM,879.0,853.0,Domínio aplicável = Sim + Não; Não declarado coincide com circulação Aquavia + Saltado.
E07,Calçada,Domicílios,3509601005,V05021,Sim,3355.0,72.05756013745705,72.66623348494694,NÃO,4656.0,4617.0,Domínio aplicável = Sim + Não; Não declarado coincide com circulação Aquavia + Saltado.
E07,Calçada,Domicílios,3509601005,V05022,Não,1262.0,27.10481099656357,27.333766515053064,NÃO,4656.0,4617.0,Domínio aplicável = Sim + Não; Não declarado coincide com circulação Aquavia + Saltado.
E07,Calçada,Domicílios,3509601005,V05023,Não declarado,39.0,0.8376288659793815,,SIM,4656.0,4617.0,Domínio aplicável = Sim + Não; Não declarado coincide com circulação Aquavia + Saltado.
E07,Calçada,Moradores,3509601005,V05221,Sim,9592.0,72.00660611065234,72.59517142208432,NÃO,13321.0,13213.0,Domínio aplicável = Sim + Não; Não declarado coincide com circulação Aquavia + Saltado.
E07,Calçada,Moradores,3509601005,V05222,Não,3621.0,27.182643945649726,27.40482857791569,NÃO,13321.0,13213.0,Domínio aplicável = Sim + Não; Não declarado coincide com circulação Aquavia + Saltado.
E07,Calçada,Moradores,3509601005,V05223,Não declarado,108.0,0.8107499436979205,,SIM,13321.0,13213.0,Domínio aplicável = Sim + Não; Não declarado coincide com circulação Aquavia + Saltado.
E07,Calçada,Faces,3509601005,V05421,Sim,412.0,46.87144482366325,48.30011723329425,NÃO,879.0,853.0,Domínio aplicável = Sim + Não; Não declarado coincide com circulação Aquavia + Saltado.
E07,Calçada,Faces,3509601005,V05422,Não,441.0,50.170648464163826,51.69988276670574,NÃO,879.0,853.0,Domínio aplicável = Sim + Não; Não declarado coincide com circulação Aquavia + Saltado.
E07,Calçada,Faces,3509601005,V05423,Não declarado,26.0,2.9579067121729237,,SIM,879.0,853.0,Domínio aplicável = Sim + Não; Não declarado coincide com circulação Aquavia + Saltado.
E08,Obstáculo na calçada,Domicílios,3509601005,V05024,Sim,3291.0,70.68298969072166,98.09239940387481,NÃO,4656.0,3355.0,Domínio aplicável = Sim + Não; Não declarado coincide com ausência/não aplicação de calçada.
E08,Obstáculo na calçada,Domicílios,3509601005,V05025,Não,64.0,1.3745704467353952,1.9076005961251863,NÃO,4656.0,3355.0,Domínio aplicável = Sim + Não; Não declarado coincide com ausência/não aplicação de calçada.
E08,Obstáculo na calçada,Domicílios,3509601005,V05026,Não declarado,1301.0,27.942439862542955,,SIM,4656.0,3355.0,Domínio aplicável = Sim + Não; Não declarado coincide com ausência/não aplicação de calçada.
E08,Obstáculo na calçada,Moradores,3509601005,V05224,Sim,9410.0,70.64034231664289,98.1025854879066,NÃO,13321.0,9592.0,Domínio aplicável = Sim + Não; Não declarado coincide com ausência/não aplicação de calçada.
E08,Obstáculo na calçada,Moradores,3509601005,V05225,Não,182.0,1.3662637940094586,1.8974145120934112,NÃO,13321.0,9592.0,Domínio aplicável = Sim + Não; Não declarado coincide com ausência/não aplicação de calçada.
E08,Obstáculo na calçada,Moradores,3509601005,V05226,Não declarado,3729.0,27.993393889347644,,SIM,13321.0,9592.0,Domínio aplicável = Sim + Não; Não declarado coincide com ausência/não aplicação de calçada.
E08,Obstáculo na calçada,Faces,3509601005,V05424,Sim,363.0,41.29692832764505,88.10679611650485,NÃO,879.0,412.0,Domínio aplicável = Sim + Não; Não declarado coincide com ausência/não aplicação de calçada.
E08,Obstáculo na calçada,Faces,3509601005,V05425,Não,49.0,5.5745164960182025,11.893203883495145,NÃO,879.0,412.0,Domínio aplicável = Sim + Não; Não declarado coincide com ausência/não aplicação de calçada.
E08,Obstáculo na calçada,Faces,3509601005,V05426,Não declarado,467.0,53.12855517633675,,SIM,879.0,412.0,Domínio aplicável = Sim + Não; Não declarado coincide com ausência/não aplicação de calçada.
E09,Rampa para cadeirante,Domicílios,3509601005,V05027,Sim,29.0,0.622852233676976,0.8643815201192251,NÃO,4656.0,3355.0,Domínio aplicável = Sim + Não; Não declarado coincide com ausência/não aplicação de calçada.
E09,Rampa para cadeirante,Domicílios,3509601005,V05028,Não,3326.0,71.43470790378007,99.13561847988078,NÃO,4656.0,3355.0,Domínio aplicável = Sim + Não; Não declarado coincide com ausência/não aplicação de calçada.
E09,Rampa para cadeirante,Domicílios,3509601005,V05029,Não declarado,1301.0,27.942439862542955,,SIM,4656.0,3355.0,Domínio aplicável = Sim + Não; Não declarado coincide com ausência/não aplicação de calçada.
E09,Rampa para cadeirante,Moradores,3509601005,V05227,Sim,79.0,0.5930485699271826,0.823603002502085,NÃO,13321.0,9592.0,Domínio aplicável = Sim + Não; Não declarado coincide com ausência/não aplicação de calçada.
E09,Rampa para cadeirante,Moradores,3509601005,V05228,Não,9513.0,71.41355754072517,99.17639699749792,NÃO,13321.0,9592.0,Domínio aplicável = Sim + Não; Não declarado coincide com ausência/não aplicação de calçada.
E09,Rampa para cadeirante,Moradores,3509601005,V05229,Não declarado,3729.0,27.993393889347644,,SIM,13321.0,9592.0,Domínio aplicável = Sim + Não; Não declarado coincide com ausência/não aplicação de calçada.
E09,Rampa para cadeirante,Faces,3509601005,V05427,Sim,24.0,2.7303754266211606,5.825242718446602,NÃO,879.0,412.0,Domínio aplicável = Sim + Não; Não declarado coincide com ausência/não aplicação de calçada.
E09,Rampa para cadeirante,Faces,3509601005,V05428,Não,388.0,44.141069397042095,94.1747572815534,NÃO,879.0,412.0,Domínio aplicável = Sim + Não; Não declarado coincide com ausência/não aplicação de calçada.
E09,Rampa para cadeirante,Faces,3509601005,V05429,Não declarado,467.0,53.12855517633675,,SIM,879.0,412.0,Domínio aplicável = Sim + Não; Não declarado coincide com ausência/não aplicação de calçada.
E10,Arborização,Domicílios,3509601005,V05030,Sem árvores,735.0,15.786082474226804,15.919428200129953,NÃO,4656.0,4617.0,Domínio aplicável = classes substantivas de arborização; Saltado fica fora.
E10,Arborização,Domicílios,3509601005,V05031,1 a 2 árvores,1216.0,26.11683848797251,26.337448559670783,NÃO,4656.0,4617.0,Domínio aplicável = classes substantivas de arborização; Saltado fica fora.
E10,Arborização,Domicílios,3509601005,V05032,3 a 4 árvores,776.0,16.666666666666664,16.807450725579383,NÃO,4656.0,4617.0,Domínio aplicável = classes substantivas de arborização; Saltado fica fora.
E10,Arborização,Domicílios,3509601005,V05033,5 ou mais árvores,1890.0,40.59278350515464,40.93567251461988,NÃO,4656.0,4617.0,Domínio aplicável = classes substantivas de arborização; Saltado fica fora.
E10,Arborização,Domicílios,3509601005,V05034,Saltado,39.0,0.8376288659793815,,SIM,4656.0,4617.0,Domínio aplicável = classes substantivas de arborização; Saltado fica fora.
E10,Arborização,Moradores,3509601005,V05230,Sem árvores,2120.0,15.914721117033256,16.044804359343072,NÃO,13321.0,13213.0,Domínio aplicável = classes substantivas de arborização; Saltado fica fora.
E10,Arborização,Moradores,3509601005,V05231,1 a 2 árvores,3460.0,25.97402597402597,26.186331643078788,NÃO,13321.0,13213.0,Domínio aplicável = classes substantivas de arborização; Saltado fica fora.
E10,Arborização,Moradores,3509601005,V05232,3 a 4 árvores,2206.0,16.56031829442234,16.695678498448498,NÃO,13321.0,13213.0,Domínio aplicável = classes substantivas de arborização; Saltado fica fora.
E10,Arborização,Moradores,3509601005,V05233,5 ou mais árvores,5427.0,40.740184670820504,41.07318549912964,NÃO,13321.0,13213.0,Domínio aplicável = classes substantivas de arborização; Saltado fica fora.
E10,Arborização,Moradores,3509601005,V05234,Saltado,108.0,0.8107499436979205,,SIM,13321.0,13213.0,Domínio aplicável = classes substantivas de arborização; Saltado fica fora.
E10,Arborização,Faces,3509601005,V05430,Sem árvores,205.0,23.321956769055745,24.03282532239156,NÃO,879.0,853.0,Domínio aplicável = classes substantivas de arborização; Saltado fica fora.
E10,Arborização,Faces,3509601005,V05431,1 a 2 árvores,173.0,19.681456200227533,20.281359906213364,NÃO,879.0,853.0,Domínio aplicável = classes substantivas de arborização; Saltado fica fora.
E10,Arborização,Faces,3509601005,V05432,3 a 4 árvores,97.0,11.035267349260524,11.371629542790153,NÃO,879.0,853.0,Domínio aplicável = classes substantivas de arborização; Saltado fica fora.
E10,Arborização,Faces,3509601005,V05433,5 ou mais árvores,378.0,43.003412969283275,44.31418522860493,NÃO,879.0,853.0,Domínio aplicável = classes substantivas de arborização; Saltado fica fora.
E10,Arborização,Faces,3509601005,V05434,Saltado,26.0,2.9579067121729237,,SIM,879.0,853.0,Domínio aplicável = classes substantivas de arborização; Saltado fica fora.
E01,Circulação da via,Domicílios,3509601006,V05001,"Caminhão, ônibus",4059.0,86.14176570458405,96.07100591715977,NÃO,4712.0,4225.0,Domínio aplicável = categorias substantivas de circulação; Saltado fica fora.
E01,Circulação da via,Domicílios,3509601006,V05002,Carros de passeio ou van,116.0,2.461799660441426,2.745562130177515,NÃO,4712.0,4225.0,Domínio aplicável = categorias substantivas de circulação; Saltado fica fora.
E01,Circulação da via,Domicílios,3509601006,V05003,"Pedestres, bicicletas e motocicletas",50.0,1.061120543293718,1.183431952662722,NÃO,4712.0,4225.0,Domínio aplicável = categorias substantivas de circulação; Saltado fica fora.
E01,Circulação da via,Domicílios,3509601006,V05004,Aquavia,0.0,0.0,0.0,NÃO,4712.0,4225.0,Domínio aplicável = categorias substantivas de circulação; Saltado fica fora.
E01,Circulação da via,Domicílios,3509601006,V05005,Saltado,487.0,10.335314091680816,,SIM,4712.0,4225.0,Domínio aplicável = categorias substantivas de circulação; Saltado fica fora.
E01,Circulação da via,Moradores,3509601006,V05201,"Caminhão, ônibus",12027.0,85.46759522455942,96.03161929096136,NÃO,14072.0,12524.0,Domínio aplicável = categorias substantivas de circulação; Saltado fica fora.
E01,Circulação da via,Moradores,3509601006,V05202,Carros de passeio ou van,342.0,2.4303581580443434,2.7307569466624084,NÃO,14072.0,12524.0,Domínio aplicável = categorias substantivas de circulação; Saltado fica fora.
E01,Circulação da via,Moradores,3509601006,V05203,"Pedestres, bicicletas e motocicletas",155.0,1.1014781125639568,1.2376237623762376,NÃO,14072.0,12524.0,Domínio aplicável = categorias substantivas de circulação; Saltado fica fora.
E01,Circulação da via,Moradores,3509601006,V05204,Aquavia,0.0,0.0,0.0,NÃO,14072.0,12524.0,Domínio aplicável = categorias substantivas de circulação; Saltado fica fora.
E01,Circulação da via,Moradores,3509601006,V05205,Saltado,1548.0,11.000568504832291,,SIM,14072.0,12524.0,Domínio aplicável = categorias substantivas de circulação; Saltado fica fora.
E01,Circulação da via,Faces,3509601006,V05401,"Caminhão, ônibus",458.0,79.65217391304348,87.5717017208413,NÃO,575.0,523.0,Domínio aplicável = categorias substantivas de circulação; Saltado fica fora.
E01,Circulação da via,Faces,3509601006,V05402,Carros de passeio ou van,46.0,8.0,8.795411089866157,NÃO,575.0,523.0,Domínio aplicável = categorias substantivas de circulação; Saltado fica fora.
E01,Circulação da via,Faces,3509601006,V05403,"Pedestres, bicicletas e motocicletas",19.0,3.304347826086956,3.632887189292543,NÃO,575.0,523.0,Domínio aplicável = categorias substantivas de circulação; Saltado fica fora.
E01,Circulação da via,Faces,3509601006,V05404,Aquavia,0.0,0.0,0.0,NÃO,575.0,523.0,Domínio aplicável = categorias substantivas de circulação; Saltado fica fora.
E01,Circulação da via,Faces,3509601006,V05405,Saltado,52.0,9.043478260869566,,SIM,575.0,523.0,Domínio aplicável = categorias substantivas de circulação; Saltado fica fora.
E02,Pavimentação,Domicílios,3509601006,V05006,Sim,3816.0,80.98471986417657,90.31952662721893,NÃO,4712.0,4225.0,Domínio aplicável = Sim + Não; Não declarado coincide com circulação Aquavia + Saltado.
E02,Pavimentação,Domicílios,3509601006,V05007,Não,409.0,8.679966044142615,9.680473372781066,NÃO,4712.0,4225.0,Domínio aplicável = Sim + Não; Não declarado coincide com circulação Aquavia + Saltado.
E02,Pavimentação,Domicílios,3509601006,V05008,Não declarado,487.0,10.335314091680816,,SIM,4712.0,4225.0,Domínio aplicável = Sim + Não; Não declarado coincide com circulação Aquavia + Saltado.
E02,Pavimentação,Moradores,3509601006,V05206,Sim,11281.0,80.16628766344513,90.07505589268604,NÃO,14072.0,12524.0,Domínio aplicável = Sim + Não; Não declarado coincide com circulação Aquavia + Saltado.
E02,Pavimentação,Moradores,3509601006,V05207,Não,1243.0,8.83314383172257,9.924944107313957,NÃO,14072.0,12524.0,Domínio aplicável = Sim + Não; Não declarado coincide com circulação Aquavia + Saltado.
E02,Pavimentação,Moradores,3509601006,V05208,Não declarado,1548.0,11.000568504832291,,SIM,14072.0,12524.0,Domínio aplicável = Sim + Não; Não declarado coincide com circulação Aquavia + Saltado.
E02,Pavimentação,Faces,3509601006,V05406,Sim,349.0,60.69565217391304,66.73040152963671,NÃO,575.0,523.0,Domínio aplicável = Sim + Não; Não declarado coincide com circulação Aquavia + Saltado.
E02,Pavimentação,Faces,3509601006,V05407,Não,174.0,30.26086956521739,33.269598470363285,NÃO,575.0,523.0,Domínio aplicável = Sim + Não; Não declarado coincide com circulação Aquavia + Saltado.
E02,Pavimentação,Faces,3509601006,V05408,Não declarado,52.0,9.043478260869566,,SIM,575.0,523.0,Domínio aplicável = Sim + Não; Não declarado coincide com circulação Aquavia + Saltado.
E03,Bueiro / boca de lobo,Domicílios,3509601006,V05009,Sim,3446.0,73.13242784380306,81.56213017751479,NÃO,4712.0,4225.0,Domínio aplicável = Sim + Não; Não declarado coincide com circulação Aquavia + Saltado.
E03,Bueiro / boca de lobo,Domicílios,3509601006,V05010,Não,779.0,16.532258064516128,18.437869822485204,NÃO,4712.0,4225.0,Domínio aplicável = Sim + Não; Não declarado coincide com circulação Aquavia + Saltado.
E03,Bueiro / boca de lobo,Domicílios,3509601006,V05011,Não declarado,487.0,10.335314091680816,,SIM,4712.0,4225.0,Domínio aplicável = Sim + Não; Não declarado coincide com circulação Aquavia + Saltado.
E03,Bueiro / boca de lobo,Moradores,3509601006,V05209,Sim,10189.0,72.40619670267198,81.35579687000958,NÃO,14072.0,12524.0,Domínio aplicável = Sim + Não; Não declarado coincide com circulação Aquavia + Saltado.
E03,Bueiro / boca de lobo,Moradores,3509601006,V05210,Não,2335.0,16.593234792495736,18.64420312999042,NÃO,14072.0,12524.0,Domínio aplicável = Sim + Não; Não declarado coincide com circulação Aquavia + Saltado.
E03,Bueiro / boca de lobo,Moradores,3509601006,V05211,Não declarado,1548.0,11.000568504832291,,SIM,14072.0,12524.0,Domínio aplicável = Sim + Não; Não declarado coincide com circulação Aquavia + Saltado.
E03,Bueiro / boca de lobo,Faces,3509601006,V05409,Sim,297.0,51.65217391304348,56.787762906309744,NÃO,575.0,523.0,Domínio aplicável = Sim + Não; Não declarado coincide com circulação Aquavia + Saltado.
E03,Bueiro / boca de lobo,Faces,3509601006,V05410,Não,226.0,39.30434782608695,43.21223709369025,NÃO,575.0,523.0,Domínio aplicável = Sim + Não; Não declarado coincide com circulação Aquavia + Saltado.
E03,Bueiro / boca de lobo,Faces,3509601006,V05411,Não declarado,52.0,9.043478260869566,,SIM,575.0,523.0,Domínio aplicável = Sim + Não; Não declarado coincide com circulação Aquavia + Saltado.
E04,Iluminação pública,Domicílios,3509601006,V05012,Sim,4019.0,85.29286926994907,95.12426035502959,NÃO,4712.0,4225.0,Domínio aplicável = Sim + Não; Não declarado coincide com circulação Aquavia + Saltado.
E04,Iluminação pública,Domicílios,3509601006,V05013,Não,206.0,4.371816638370119,4.875739644970414,NÃO,4712.0,4225.0,Domínio aplicável = Sim + Não; Não declarado coincide com circulação Aquavia + Saltado.
E04,Iluminação pública,Domicílios,3509601006,V05014,Não declarado,487.0,10.335314091680816,,SIM,4712.0,4225.0,Domínio aplicável = Sim + Não; Não declarado coincide com circulação Aquavia + Saltado.
E04,Iluminação pública,Moradores,3509601006,V05212,Sim,11883.0,84.44428652643548,94.88182689236666,NÃO,14072.0,12524.0,Domínio aplicável = Sim + Não; Não declarado coincide com circulação Aquavia + Saltado.
E04,Iluminação pública,Moradores,3509601006,V05213,Não,641.0,4.555144968732234,5.118173107633344,NÃO,14072.0,12524.0,Domínio aplicável = Sim + Não; Não declarado coincide com circulação Aquavia + Saltado.
E04,Iluminação pública,Moradores,3509601006,V05214,Não declarado,1548.0,11.000568504832291,,SIM,14072.0,12524.0,Domínio aplicável = Sim + Não; Não declarado coincide com circulação Aquavia + Saltado.
E04,Iluminação pública,Faces,3509601006,V05412,Sim,400.0,69.56521739130434,76.48183556405354,NÃO,575.0,523.0,Domínio aplicável = Sim + Não; Não declarado coincide com circulação Aquavia + Saltado.
E04,Iluminação pública,Faces,3509601006,V05413,Não,123.0,21.391304347826086,23.518164435946463,NÃO,575.0,523.0,Domínio aplicável = Sim + Não; Não declarado coincide com circulação Aquavia + Saltado.
E04,Iluminação pública,Faces,3509601006,V05414,Não declarado,52.0,9.043478260869566,,SIM,575.0,523.0,Domínio aplicável = Sim + Não; Não declarado coincide com circulação Aquavia + Saltado.
E05,Ponto de ônibus,Domicílios,3509601006,V05015,Sim,672.0,14.261460101867574,15.905325443786984,NÃO,4712.0,4225.0,Domínio aplicável = Sim + Não; Não declarado coincide com circulação Aquavia + Saltado.
E05,Ponto de ônibus,Domicílios,3509601006,V05016,Não,3553.0,75.40322580645162,84.09467455621302,NÃO,4712.0,4225.0,Domínio aplicável = Sim + Não; Não declarado coincide com circulação Aquavia + Saltado.
E05,Ponto de ônibus,Domicílios,3509601006,V05017,Não declarado,487.0,10.335314091680816,,SIM,4712.0,4225.0,Domínio aplicável = Sim + Não; Não declarado coincide com circulação Aquavia + Saltado.
E05,Ponto de ônibus,Moradores,3509601006,V05215,Sim,1908.0,13.558840250142126,15.23474928137975,NÃO,14072.0,12524.0,Domínio aplicável = Sim + Não; Não declarado coincide com circulação Aquavia + Saltado.
E05,Ponto de ônibus,Moradores,3509601006,V05216,Não,10616.0,75.44059124502557,84.76525071862025,NÃO,14072.0,12524.0,Domínio aplicável = Sim + Não; Não declarado coincide com circulação Aquavia + Saltado.
E05,Ponto de ônibus,Moradores,3509601006,V05217,Não declarado,1548.0,11.000568504832291,,SIM,14072.0,12524.0,Domínio aplicável = Sim + Não; Não declarado coincide com circulação Aquavia + Saltado.
E05,Ponto de ônibus,Faces,3509601006,V05415,Sim,55.0,9.565217391304348,10.51625239005736,NÃO,575.0,523.0,Domínio aplicável = Sim + Não; Não declarado coincide com circulação Aquavia + Saltado.
E05,Ponto de ônibus,Faces,3509601006,V05416,Não,468.0,81.3913043478261,89.48374760994264,NÃO,575.0,523.0,Domínio aplicável = Sim + Não; Não declarado coincide com circulação Aquavia + Saltado.
E05,Ponto de ônibus,Faces,3509601006,V05417,Não declarado,52.0,9.043478260869566,,SIM,575.0,523.0,Domínio aplicável = Sim + Não; Não declarado coincide com circulação Aquavia + Saltado.
E06,Via sinalizada para bicicleta,Domicílios,3509601006,V05018,Sim,247.0,5.241935483870968,5.846153846153846,NÃO,4712.0,4225.0,Domínio aplicável = Sim + Não; Não declarado coincide com circulação Aquavia + Saltado.
E06,Via sinalizada para bicicleta,Domicílios,3509601006,V05019,Não,3978.0,84.42275042444821,94.15384615384616,NÃO,4712.0,4225.0,Domínio aplicável = Sim + Não; Não declarado coincide com circulação Aquavia + Saltado.
E06,Via sinalizada para bicicleta,Domicílios,3509601006,V05020,Não declarado,487.0,10.335314091680816,,SIM,4712.0,4225.0,Domínio aplicável = Sim + Não; Não declarado coincide com circulação Aquavia + Saltado.
E06,Via sinalizada para bicicleta,Moradores,3509601006,V05218,Sim,745.0,5.294201250710631,5.948578728840626,NÃO,14072.0,12524.0,Domínio aplicável = Sim + Não; Não declarado coincide com circulação Aquavia + Saltado.
E06,Via sinalizada para bicicleta,Moradores,3509601006,V05219,Não,11779.0,83.70523024445707,94.05142127115937,NÃO,14072.0,12524.0,Domínio aplicável = Sim + Não; Não declarado coincide com circulação Aquavia + Saltado.
E06,Via sinalizada para bicicleta,Moradores,3509601006,V05220,Não declarado,1548.0,11.000568504832291,,SIM,14072.0,12524.0,Domínio aplicável = Sim + Não; Não declarado coincide com circulação Aquavia + Saltado.
E06,Via sinalizada para bicicleta,Faces,3509601006,V05418,Sim,18.0,3.130434782608696,3.4416826003824093,NÃO,575.0,523.0,Domínio aplicável = Sim + Não; Não declarado coincide com circulação Aquavia + Saltado.
E06,Via sinalizada para bicicleta,Faces,3509601006,V05419,Não,505.0,87.82608695652175,96.5583173996176,NÃO,575.0,523.0,Domínio aplicável = Sim + Não; Não declarado coincide com circulação Aquavia + Saltado.
E06,Via sinalizada para bicicleta,Faces,3509601006,V05420,Não declarado,52.0,9.043478260869566,,SIM,575.0,523.0,Domínio aplicável = Sim + Não; Não declarado coincide com circulação Aquavia + Saltado.
E07,Calçada,Domicílios,3509601006,V05021,Sim,3369.0,71.49830220713072,79.7396449704142,NÃO,4712.0,4225.0,Domínio aplicável = Sim + Não; Não declarado coincide com circulação Aquavia + Saltado.
E07,Calçada,Domicílios,3509601006,V05022,Não,856.0,18.166383701188455,20.2603550295858,NÃO,4712.0,4225.0,Domínio aplicável = Sim + Não; Não declarado coincide com circulação Aquavia + Saltado.
E07,Calçada,Domicílios,3509601006,V05023,Não declarado,487.0,10.335314091680816,,SIM,4712.0,4225.0,Domínio aplicável = Sim + Não; Não declarado coincide com circulação Aquavia + Saltado.
E07,Calçada,Moradores,3509601006,V05221,Sim,9937.0,70.61540648095509,79.34366017246886,NÃO,14072.0,12524.0,Domínio aplicável = Sim + Não; Não declarado coincide com circulação Aquavia + Saltado.
E07,Calçada,Moradores,3509601006,V05222,Não,2587.0,18.38402501421262,20.656339827531138,NÃO,14072.0,12524.0,Domínio aplicável = Sim + Não; Não declarado coincide com circulação Aquavia + Saltado.
E07,Calçada,Moradores,3509601006,V05223,Não declarado,1548.0,11.000568504832291,,SIM,14072.0,12524.0,Domínio aplicável = Sim + Não; Não declarado coincide com circulação Aquavia + Saltado.
E07,Calçada,Faces,3509601006,V05421,Sim,268.0,46.608695652173914,51.24282982791587,NÃO,575.0,523.0,Domínio aplicável = Sim + Não; Não declarado coincide com circulação Aquavia + Saltado.
E07,Calçada,Faces,3509601006,V05422,Não,255.0,44.34782608695652,48.75717017208413,NÃO,575.0,523.0,Domínio aplicável = Sim + Não; Não declarado coincide com circulação Aquavia + Saltado.
E07,Calçada,Faces,3509601006,V05423,Não declarado,52.0,9.043478260869566,,SIM,575.0,523.0,Domínio aplicável = Sim + Não; Não declarado coincide com circulação Aquavia + Saltado.
E08,Obstáculo na calçada,Domicílios,3509601006,V05024,Sim,3225.0,68.44227504244482,95.72573463935886,NÃO,4712.0,3369.0,Domínio aplicável = Sim + Não; Não declarado coincide com ausência/não aplicação de calçada.
E08,Obstáculo na calçada,Domicílios,3509601006,V05025,Não,144.0,3.0560271646859083,4.27426536064114,NÃO,4712.0,3369.0,Domínio aplicável = Sim + Não; Não declarado coincide com ausência/não aplicação de calçada.
E08,Obstáculo na calçada,Domicílios,3509601006,V05026,Não declarado,1343.0,28.50169779286927,,SIM,4712.0,3369.0,Domínio aplicável = Sim + Não; Não declarado coincide com ausência/não aplicação de calçada.
E08,Obstáculo na calçada,Moradores,3509601006,V05224,Sim,9485.0,67.40335417851053,95.45134346382208,NÃO,14072.0,9937.0,Domínio aplicável = Sim + Não; Não declarado coincide com ausência/não aplicação de calçada.
E08,Obstáculo na calçada,Moradores,3509601006,V05225,Não,452.0,3.2120523024445706,4.548656536177921,NÃO,14072.0,9937.0,Domínio aplicável = Sim + Não; Não declarado coincide com ausência/não aplicação de calçada.
E08,Obstáculo na calçada,Moradores,3509601006,V05226,Não declarado,4135.0,29.38459351904491,,SIM,14072.0,9937.0,Domínio aplicável = Sim + Não; Não declarado coincide com ausência/não aplicação de calçada.
E08,Obstáculo na calçada,Faces,3509601006,V05424,Sim,250.0,43.47826086956522,93.28358208955224,NÃO,575.0,268.0,Domínio aplicável = Sim + Não; Não declarado coincide com ausência/não aplicação de calçada.
E08,Obstáculo na calçada,Faces,3509601006,V05425,Não,18.0,3.130434782608696,6.7164179104477615,NÃO,575.0,268.0,Domínio aplicável = Sim + Não; Não declarado coincide com ausência/não aplicação de calçada.
E08,Obstáculo na calçada,Faces,3509601006,V05426,Não declarado,307.0,53.391304347826086,,SIM,575.0,268.0,Domínio aplicável = Sim + Não; Não declarado coincide com ausência/não aplicação de calçada.
E09,Rampa para cadeirante,Domicílios,3509601006,V05027,Sim,34.0,0.7215619694397283,1.0092015434847135,NÃO,4712.0,3369.0,Domínio aplicável = Sim + Não; Não declarado coincide com ausência/não aplicação de calçada.
E09,Rampa para cadeirante,Domicílios,3509601006,V05028,Não,3335.0,70.776740237691,98.99079845651528,NÃO,4712.0,3369.0,Domínio aplicável = Sim + Não; Não declarado coincide com ausência/não aplicação de calçada.
E09,Rampa para cadeirante,Domicílios,3509601006,V05029,Não declarado,1343.0,28.50169779286927,,SIM,4712.0,3369.0,Domínio aplicável = Sim + Não; Não declarado coincide com ausência/não aplicação de calçada.
E09,Rampa para cadeirante,Moradores,3509601006,V05227,Sim,91.0,0.6466742467310972,0.9157693468853778,NÃO,14072.0,9937.0,Domínio aplicável = Sim + Não; Não declarado coincide com ausência/não aplicação de calçada.
E09,Rampa para cadeirante,Moradores,3509601006,V05228,Não,9846.0,69.96873223422399,99.08423065311463,NÃO,14072.0,9937.0,Domínio aplicável = Sim + Não; Não declarado coincide com ausência/não aplicação de calçada.
E09,Rampa para cadeirante,Moradores,3509601006,V05229,Não declarado,4135.0,29.38459351904491,,SIM,14072.0,9937.0,Domínio aplicável = Sim + Não; Não declarado coincide com ausência/não aplicação de calçada.
E09,Rampa para cadeirante,Faces,3509601006,V05427,Sim,4.0,0.6956521739130435,1.4925373134328357,NÃO,575.0,268.0,Domínio aplicável = Sim + Não; Não declarado coincide com ausência/não aplicação de calçada.
E09,Rampa para cadeirante,Faces,3509601006,V05428,Não,264.0,45.91304347826087,98.50746268656717,NÃO,575.0,268.0,Domínio aplicável = Sim + Não; Não declarado coincide com ausência/não aplicação de calçada.
E09,Rampa para cadeirante,Faces,3509601006,V05429,Não declarado,307.0,53.391304347826086,,SIM,575.0,268.0,Domínio aplicável = Sim + Não; Não declarado coincide com ausência/não aplicação de calçada.
E10,Arborização,Domicílios,3509601006,V05030,Sem árvores,1376.0,29.20203735144312,32.5680473372781,NÃO,4712.0,4225.0,Domínio aplicável = classes substantivas de arborização; Saltado fica fora.
E10,Arborização,Domicílios,3509601006,V05031,1 a 2 árvores,1619.0,34.359083191850594,38.319526627218934,NÃO,4712.0,4225.0,Domínio aplicável = classes substantivas de arborização; Saltado fica fora.
E10,Arborização,Domicílios,3509601006,V05032,3 a 4 árvores,674.0,14.303904923599319,15.95266272189349,NÃO,4712.0,4225.0,Domínio aplicável = classes substantivas de arborização; Saltado fica fora.
E10,Arborização,Domicílios,3509601006,V05033,5 ou mais árvores,556.0,11.799660441426147,13.159763313609469,NÃO,4712.0,4225.0,Domínio aplicável = classes substantivas de arborização; Saltado fica fora.
E10,Arborização,Domicílios,3509601006,V05034,Saltado,487.0,10.335314091680816,,SIM,4712.0,4225.0,Domínio aplicável = classes substantivas de arborização; Saltado fica fora.
E10,Arborização,Moradores,3509601006,V05230,Sem árvores,4079.0,28.98664013644116,32.56946662408176,NÃO,14072.0,12524.0,Domínio aplicável = classes substantivas de arborização; Saltado fica fora.
E10,Arborização,Moradores,3509601006,V05231,1 a 2 árvores,4740.0,33.68391131324616,37.84733312040881,NÃO,14072.0,12524.0,Domínio aplicável = classes substantivas de arborização; Saltado fica fora.
E10,Arborização,Moradores,3509601006,V05232,3 a 4 árvores,2020.0,14.35474701534963,16.129032258064516,NÃO,14072.0,12524.0,Domínio aplicável = classes substantivas de arborização; Saltado fica fora.
E10,Arborização,Moradores,3509601006,V05233,5 ou mais árvores,1685.0,11.974133030130755,13.454167997444905,NÃO,14072.0,12524.0,Domínio aplicável = classes substantivas de arborização; Saltado fica fora.
E10,Arborização,Moradores,3509601006,V05234,Saltado,1548.0,11.000568504832291,,SIM,14072.0,12524.0,Domínio aplicável = classes substantivas de arborização; Saltado fica fora.
E10,Arborização,Faces,3509601006,V05430,Sem árvores,282.0,49.04347826086956,53.91969407265774,NÃO,575.0,523.0,Domínio aplicável = classes substantivas de arborização; Saltado fica fora.
E10,Arborização,Faces,3509601006,V05431,1 a 2 árvores,165.0,28.695652173913043,31.54875717017208,NÃO,575.0,523.0,Domínio aplicável = classes substantivas de arborização; Saltado fica fora.
E10,Arborização,Faces,3509601006,V05432,3 a 4 árvores,47.0,8.17391304347826,8.98661567877629,NÃO,575.0,523.0,Domínio aplicável = classes substantivas de arborização; Saltado fica fora.
E10,Arborização,Faces,3509601006,V05433,5 ou mais árvores,29.0,5.043478260869565,5.544933078393881,NÃO,575.0,523.0,Domínio aplicável = classes substantivas de arborização; Saltado fica fora.
E10,Arborização,Faces,3509601006,V05434,Saltado,52.0,9.043478260869566,,SIM,575.0,523.0,Domínio aplicável = classes substantivas de arborização; Saltado fica fora.
E01,Circulação da via,Domicílios,MUNICIPIO,V05001,"Caminhão, ônibus",23348.0,93.78966819313891,96.2208942921904,NÃO,24894.0,24265.0,Domínio aplicável = categorias substantivas de circulação; Saltado fica fora.
E01,Circulação da via,Domicílios,MUNICIPIO,V05002,Carros de passeio ou van,716.0,2.876195067084438,2.9507521120956106,NÃO,24894.0,24265.0,Domínio aplicável = categorias substantivas de circulação; Saltado fica fora.
E01,Circulação da via,Domicílios,MUNICIPIO,V05003,"Pedestres, bicicletas e motocicletas",201.0,0.8074234755362737,0.8283535957139914,NÃO,24894.0,24265.0,Domínio aplicável = categorias substantivas de circulação; Saltado fica fora.
E01,Circulação da via,Domicílios,MUNICIPIO,V05004,Aquavia,0.0,0.0,0.0,NÃO,24894.0,24265.0,Domínio aplicável = categorias substantivas de circulação; Saltado fica fora.
E01,Circulação da via,Domicílios,MUNICIPIO,V05005,Saltado,629.0,2.526713264240379,,SIM,24894.0,24265.0,Domínio aplicável = categorias substantivas de circulação; Saltado fica fora.
E01,Circulação da via,Moradores,MUNICIPIO,V05201,"Caminhão, ônibus",67130.0,93.4489670917089,96.08255685803026,NÃO,71836.0,69867.0,Domínio aplicável = categorias substantivas de circulação; Saltado fica fora.
E01,Circulação da via,Moradores,MUNICIPIO,V05202,Carros de passeio ou van,2134.0,2.9706553817027674,3.0543747405785275,NÃO,71836.0,69867.0,Domínio aplicável = categorias substantivas de circulação; Saltado fica fora.
E01,Circulação da via,Moradores,MUNICIPIO,V05203,"Pedestres, bicicletas e motocicletas",603.0,0.8394119939863021,0.8630684013912147,NÃO,71836.0,69867.0,Domínio aplicável = categorias substantivas de circulação; Saltado fica fora.
E01,Circulação da via,Moradores,MUNICIPIO,V05204,Aquavia,0.0,0.0,0.0,NÃO,71836.0,69867.0,Domínio aplicável = categorias substantivas de circulação; Saltado fica fora.
E01,Circulação da via,Moradores,MUNICIPIO,V05205,Saltado,1969.0,2.7409655326020377,,SIM,71836.0,69867.0,Domínio aplicável = categorias substantivas de circulação; Saltado fica fora.
E01,Circulação da via,Faces,MUNICIPIO,V05401,"Caminhão, ônibus",3091.0,85.62326869806094,89.33526011560694,NÃO,3610.0,3460.0,Domínio aplicável = categorias substantivas de circulação; Saltado fica fora.
E01,Circulação da via,Faces,MUNICIPIO,V05402,Carros de passeio ou van,209.0,5.7894736842105265,6.040462427745664,NÃO,3610.0,3460.0,Domínio aplicável = categorias substantivas de circulação; Saltado fica fora.
E01,Circulação da via,Faces,MUNICIPIO,V05403,"Pedestres, bicicletas e motocicletas",160.0,4.43213296398892,4.624277456647398,NÃO,3610.0,3460.0,Domínio aplicável = categorias substantivas de circulação; Saltado fica fora.
E01,Circulação da via,Faces,MUNICIPIO,V05404,Aquavia,0.0,0.0,0.0,NÃO,3610.0,3460.0,Domínio aplicável = categorias substantivas de circulação; Saltado fica fora.
E01,Circulação da via,Faces,MUNICIPIO,V05405,Saltado,150.0,4.1551246537396125,,SIM,3610.0,3460.0,Domínio aplicável = categorias substantivas de circulação; Saltado fica fora.
E02,Pavimentação,Domicílios,MUNICIPIO,V05006,Sim,21686.0,87.11336064915241,89.37152276942098,NÃO,24894.0,24265.0,Domínio aplicável = Sim + Não; Não declarado coincide com circulação Aquavia + Saltado.
E02,Pavimentação,Domicílios,MUNICIPIO,V05007,Não,2579.0,10.359926086607214,10.628477230579023,NÃO,24894.0,24265.0,Domínio aplicável = Sim + Não; Não declarado coincide com circulação Aquavia + Saltado.
E02,Pavimentação,Domicílios,MUNICIPIO,V05008,Não declarado,629.0,2.526713264240379,,SIM,24894.0,24265.0,Domínio aplicável = Sim + Não; Não declarado coincide com circulação Aquavia + Saltado.
E02,Pavimentação,Moradores,MUNICIPIO,V05206,Sim,62251.0,86.6571078567849,89.09928864843202,NÃO,71836.0,69867.0,Domínio aplicável = Sim + Não; Não declarado coincide com circulação Aquavia + Saltado.
E02,Pavimentação,Moradores,MUNICIPIO,V05207,Não,7616.0,10.601926610613063,10.90071135156798,NÃO,71836.0,69867.0,Domínio aplicável = Sim + Não; Não declarado coincide com circulação Aquavia + Saltado.
E02,Pavimentação,Moradores,MUNICIPIO,V05208,Não declarado,1969.0,2.7409655326020377,,SIM,71836.0,69867.0,Domínio aplicável = Sim + Não; Não declarado coincide com circulação Aquavia + Saltado.
E02,Pavimentação,Faces,MUNICIPIO,V05406,Sim,2447.0,67.78393351800554,70.72254335260115,NÃO,3610.0,3460.0,Domínio aplicável = Sim + Não; Não declarado coincide com circulação Aquavia + Saltado.
E02,Pavimentação,Faces,MUNICIPIO,V05407,Não,1013.0,28.060941828254848,29.277456647398843,NÃO,3610.0,3460.0,Domínio aplicável = Sim + Não; Não declarado coincide com circulação Aquavia + Saltado.
E02,Pavimentação,Faces,MUNICIPIO,V05408,Não declarado,150.0,4.1551246537396125,,SIM,3610.0,3460.0,Domínio aplicável = Sim + Não; Não declarado coincide com circulação Aquavia + Saltado.
E03,Bueiro / boca de lobo,Domicílios,MUNICIPIO,V05009,Sim,17191.0,69.0568008355427,70.84689882546878,NÃO,24894.0,24265.0,Domínio aplicável = Sim + Não; Não declarado coincide com circulação Aquavia + Saltado.
E03,Bueiro / boca de lobo,Domicílios,MUNICIPIO,V05010,Não,7074.0,28.41648590021692,29.153101174531216,NÃO,24894.0,24265.0,Domínio aplicável = Sim + Não; Não declarado coincide com circulação Aquavia + Saltado.
E03,Bueiro / boca de lobo,Domicílios,MUNICIPIO,V05011,Não declarado,629.0,2.526713264240379,,SIM,24894.0,24265.0,Domínio aplicável = Sim + Não; Não declarado coincide com circulação Aquavia + Saltado.
E03,Bueiro / boca de lobo,Moradores,MUNICIPIO,V05209,Sim,49624.0,69.07957013196726,71.02637869094136,NÃO,71836.0,69867.0,Domínio aplicável = Sim + Não; Não declarado coincide com circulação Aquavia + Saltado.
E03,Bueiro / boca de lobo,Moradores,MUNICIPIO,V05210,Não,20243.0,28.179464335430705,28.97362130905864,NÃO,71836.0,69867.0,Domínio aplicável = Sim + Não; Não declarado coincide com circulação Aquavia + Saltado.
E03,Bueiro / boca de lobo,Moradores,MUNICIPIO,V05211,Não declarado,1969.0,2.7409655326020377,,SIM,71836.0,69867.0,Domínio aplicável = Sim + Não; Não declarado coincide com circulação Aquavia + Saltado.
E03,Bueiro / boca de lobo,Faces,MUNICIPIO,V05409,Sim,1782.0,49.36288088642659,51.50289017341041,NÃO,3610.0,3460.0,Domínio aplicável = Sim + Não; Não declarado coincide com circulação Aquavia + Saltado.
E03,Bueiro / boca de lobo,Faces,MUNICIPIO,V05410,Não,1678.0,46.4819944598338,48.49710982658959,NÃO,3610.0,3460.0,Domínio aplicável = Sim + Não; Não declarado coincide com circulação Aquavia + Saltado.
E03,Bueiro / boca de lobo,Faces,MUNICIPIO,V05411,Não declarado,150.0,4.1551246537396125,,SIM,3610.0,3460.0,Domínio aplicável = Sim + Não; Não declarado coincide com circulação Aquavia + Saltado.
E04,Iluminação pública,Domicílios,MUNICIPIO,V05012,Sim,23467.0,94.26769502691411,96.71131259015043,NÃO,24894.0,24265.0,Domínio aplicável = Sim + Não; Não declarado coincide com circulação Aquavia + Saltado.
E04,Iluminação pública,Domicílios,MUNICIPIO,V05013,Não,798.0,3.205591708845505,3.2886874098495777,NÃO,24894.0,24265.0,Domínio aplicável = Sim + Não; Não declarado coincide com circulação Aquavia + Saltado.
E04,Iluminação pública,Domicílios,MUNICIPIO,V05014,Não declarado,629.0,2.526713264240379,,SIM,24894.0,24265.0,Domínio aplicável = Sim + Não; Não declarado coincide com circulação Aquavia + Saltado.
E04,Iluminação pública,Moradores,MUNICIPIO,V05212,Sim,67492.0,93.95289270003899,96.60068415704124,NÃO,71836.0,69867.0,Domínio aplicável = Sim + Não; Não declarado coincide com circulação Aquavia + Saltado.
E04,Iluminação pública,Moradores,MUNICIPIO,V05213,Não,2375.0,3.3061417673589846,3.3993158429587647,NÃO,71836.0,69867.0,Domínio aplicável = Sim + Não; Não declarado coincide com circulação Aquavia + Saltado.
E04,Iluminação pública,Moradores,MUNICIPIO,V05214,Não declarado,1969.0,2.7409655326020377,,SIM,71836.0,69867.0,Domínio aplicável = Sim + Não; Não declarado coincide com circulação Aquavia + Saltado.
E04,Iluminação pública,Faces,MUNICIPIO,V05412,Sim,3020.0,83.65650969529086,87.28323699421965,NÃO,3610.0,3460.0,Domínio aplicável = Sim + Não; Não declarado coincide com circulação Aquavia + Saltado.
E04,Iluminação pública,Faces,MUNICIPIO,V05413,Não,440.0,12.18836565096953,12.716763005780345,NÃO,3610.0,3460.0,Domínio aplicável = Sim + Não; Não declarado coincide com circulação Aquavia + Saltado.
E04,Iluminação pública,Faces,MUNICIPIO,V05414,Não declarado,150.0,4.1551246537396125,,SIM,3610.0,3460.0,Domínio aplicável = Sim + Não; Não declarado coincide com circulação Aquavia + Saltado.
E05,Ponto de ônibus,Domicílios,MUNICIPIO,V05015,Sim,3307.0,13.284325540290833,13.62868328868741,NÃO,24894.0,24265.0,Domínio aplicável = Sim + Não; Não declarado coincide com circulação Aquavia + Saltado.
E05,Ponto de ônibus,Domicílios,MUNICIPIO,V05016,Não,20958.0,84.18896119546879,86.3713167113126,NÃO,24894.0,24265.0,Domínio aplicável = Sim + Não; Não declarado coincide com circulação Aquavia + Saltado.
E05,Ponto de ônibus,Domicílios,MUNICIPIO,V05017,Não declarado,629.0,2.526713264240379,,SIM,24894.0,24265.0,Domínio aplicável = Sim + Não; Não declarado coincide com circulação Aquavia + Saltado.
E05,Ponto de ônibus,Moradores,MUNICIPIO,V05215,Sim,9266.0,12.898825101620357,13.262341305623544,NÃO,71836.0,69867.0,Domínio aplicável = Sim + Não; Não declarado coincide com circulação Aquavia + Saltado.
E05,Ponto de ônibus,Moradores,MUNICIPIO,V05216,Não,60601.0,84.3602093657776,86.73765869437646,NÃO,71836.0,69867.0,Domínio aplicável = Sim + Não; Não declarado coincide com circulação Aquavia + Saltado.
E05,Ponto de ônibus,Moradores,MUNICIPIO,V05217,Não declarado,1969.0,2.7409655326020377,,SIM,71836.0,69867.0,Domínio aplicável = Sim + Não; Não declarado coincide com circulação Aquavia + Saltado.
E05,Ponto de ônibus,Faces,MUNICIPIO,V05415,Sim,381.0,10.554016620498615,11.011560693641618,NÃO,3610.0,3460.0,Domínio aplicável = Sim + Não; Não declarado coincide com circulação Aquavia + Saltado.
E05,Ponto de ônibus,Faces,MUNICIPIO,V05416,Não,3079.0,85.29085872576178,88.98843930635837,NÃO,3610.0,3460.0,Domínio aplicável = Sim + Não; Não declarado coincide com circulação Aquavia + Saltado.
E05,Ponto de ônibus,Faces,MUNICIPIO,V05417,Não declarado,150.0,4.1551246537396125,,SIM,3610.0,3460.0,Domínio aplicável = Sim + Não; Não declarado coincide com circulação Aquavia + Saltado.
E06,Via sinalizada para bicicleta,Domicílios,MUNICIPIO,V05018,Sim,470.0,1.8880051418012374,1.936946218833711,NÃO,24894.0,24265.0,Domínio aplicável = Sim + Não; Não declarado coincide com circulação Aquavia + Saltado.
E06,Via sinalizada para bicicleta,Domicílios,MUNICIPIO,V05019,Não,23795.0,95.58528159395838,98.06305378116629,NÃO,24894.0,24265.0,Domínio aplicável = Sim + Não; Não declarado coincide com circulação Aquavia + Saltado.
E06,Via sinalizada para bicicleta,Domicílios,MUNICIPIO,V05020,Não declarado,629.0,2.526713264240379,,SIM,24894.0,24265.0,Domínio aplicável = Sim + Não; Não declarado coincide com circulação Aquavia + Saltado.
E06,Via sinalizada para bicicleta,Moradores,MUNICIPIO,V05218,Sim,1381.0,1.9224344339885295,1.9766127070004438,NÃO,71836.0,69867.0,Domínio aplicável = Sim + Não; Não declarado coincide com circulação Aquavia + Saltado.
E06,Via sinalizada para bicicleta,Moradores,MUNICIPIO,V05219,Não,68486.0,95.33660003340944,98.02338729299956,NÃO,71836.0,69867.0,Domínio aplicável = Sim + Não; Não declarado coincide com circulação Aquavia + Saltado.
E06,Via sinalizada para bicicleta,Moradores,MUNICIPIO,V05220,Não declarado,1969.0,2.7409655326020377,,SIM,71836.0,69867.0,Domínio aplicável = Sim + Não; Não declarado coincide com circulação Aquavia + Saltado.
E06,Via sinalizada para bicicleta,Faces,MUNICIPIO,V05418,Sim,47.0,1.3019390581717452,1.3583815028901733,NÃO,3610.0,3460.0,Domínio aplicável = Sim + Não; Não declarado coincide com circulação Aquavia + Saltado.
E06,Via sinalizada para bicicleta,Faces,MUNICIPIO,V05419,Não,3413.0,94.54293628808864,98.64161849710983,NÃO,3610.0,3460.0,Domínio aplicável = Sim + Não; Não declarado coincide com circulação Aquavia + Saltado.
E06,Via sinalizada para bicicleta,Faces,MUNICIPIO,V05420,Não declarado,150.0,4.1551246537396125,,SIM,3610.0,3460.0,Domínio aplicável = Sim + Não; Não declarado coincide com circulação Aquavia + Saltado.
E07,Calçada,Domicílios,MUNICIPIO,V05021,Sim,20668.0,83.02402185265527,85.17617968267052,NÃO,24894.0,24265.0,Domínio aplicável = Sim + Não; Não declarado coincide com circulação Aquavia + Saltado.
E07,Calçada,Domicílios,MUNICIPIO,V05022,Não,3597.0,14.449264883104362,14.823820317329487,NÃO,24894.0,24265.0,Domínio aplicável = Sim + Não; Não declarado coincide com circulação Aquavia + Saltado.
E07,Calçada,Domicílios,MUNICIPIO,V05023,Não declarado,629.0,2.526713264240379,,SIM,24894.0,24265.0,Domínio aplicável = Sim + Não; Não declarado coincide com circulação Aquavia + Saltado.
E07,Calçada,Moradores,MUNICIPIO,V05221,Sim,59231.0,82.45308758839579,84.77679018706972,NÃO,71836.0,69867.0,Domínio aplicável = Sim + Não; Não declarado coincide com circulação Aquavia + Saltado.
E07,Calçada,Moradores,MUNICIPIO,V05222,Não,10636.0,14.805946879002171,15.223209812930282,NÃO,71836.0,69867.0,Domínio aplicável = Sim + Não; Não declarado coincide com circulação Aquavia + Saltado.
E07,Calçada,Moradores,MUNICIPIO,V05223,Não declarado,1969.0,2.7409655326020377,,SIM,71836.0,69867.0,Domínio aplicável = Sim + Não; Não declarado coincide com circulação Aquavia + Saltado.
E07,Calçada,Faces,MUNICIPIO,V05421,Sim,2113.0,58.531855955678665,61.06936416184971,NÃO,3610.0,3460.0,Domínio aplicável = Sim + Não; Não declarado coincide com circulação Aquavia + Saltado.
E07,Calçada,Faces,MUNICIPIO,V05422,Não,1347.0,37.31301939058172,38.93063583815029,NÃO,3610.0,3460.0,Domínio aplicável = Sim + Não; Não declarado coincide com circulação Aquavia + Saltado.
E07,Calçada,Faces,MUNICIPIO,V05423,Não declarado,150.0,4.1551246537396125,,SIM,3610.0,3460.0,Domínio aplicável = Sim + Não; Não declarado coincide com circulação Aquavia + Saltado.
E08,Obstáculo na calçada,Domicílios,MUNICIPIO,V05024,Sim,20145.0,80.92311400337431,97.46951809560673,NÃO,24894.0,20668.0,Domínio aplicável = Sim + Não; Não declarado coincide com ausência/não aplicação de calçada.
E08,Obstáculo na calçada,Domicílios,MUNICIPIO,V05025,Não,523.0,2.100907849280951,2.5304819043932647,NÃO,24894.0,20668.0,Domínio aplicável = Sim + Não; Não declarado coincide com ausência/não aplicação de calçada.
E08,Obstáculo na calçada,Domicílios,MUNICIPIO,V05026,Não declarado,4226.0,16.97597814734474,,SIM,24894.0,20668.0,Domínio aplicável = Sim + Não; Não declarado coincide com ausência/não aplicação de calçada.
E08,Obstáculo na calçada,Moradores,MUNICIPIO,V05224,Sim,57676.0,80.28843476808285,97.37468555317317,NÃO,71836.0,59231.0,Domínio aplicável = Sim + Não; Não declarado coincide com ausência/não aplicação de calçada.
E08,Obstáculo na calçada,Moradores,MUNICIPIO,V05225,Não,1555.0,2.164652820312935,2.6253144468268306,NÃO,71836.0,59231.0,Domínio aplicável = Sim + Não; Não declarado coincide com ausência/não aplicação de calçada.
E08,Obstáculo na calçada,Moradores,MUNICIPIO,V05226,Não declarado,12605.0,17.54691241160421,,SIM,71836.0,59231.0,Domínio aplicável = Sim + Não; Não declarado coincide com ausência/não aplicação de calçada.
E08,Obstáculo na calçada,Faces,MUNICIPIO,V05424,Sim,1929.0,53.43490304709141,91.29200189304306,NÃO,3610.0,2113.0,Domínio aplicável = Sim + Não; Não declarado coincide com ausência/não aplicação de calçada.
E08,Obstáculo na calçada,Faces,MUNICIPIO,V05425,Não,184.0,5.096952908587258,8.707998106956934,NÃO,3610.0,2113.0,Domínio aplicável = Sim + Não; Não declarado coincide com ausência/não aplicação de calçada.
E08,Obstáculo na calçada,Faces,MUNICIPIO,V05426,Não declarado,1497.0,41.468144044321335,,SIM,3610.0,2113.0,Domínio aplicável = Sim + Não; Não declarado coincide com ausência/não aplicação de calçada.
E09,Rampa para cadeirante,Domicílios,MUNICIPIO,V05027,Sim,283.0,1.136820117297341,1.3692664989355525,NÃO,24894.0,20668.0,Domínio aplicável = Sim + Não; Não declarado coincide com ausência/não aplicação de calçada.
E09,Rampa para cadeirante,Domicílios,MUNICIPIO,V05028,Não,20385.0,81.88720173535792,98.63073350106446,NÃO,24894.0,20668.0,Domínio aplicável = Sim + Não; Não declarado coincide com ausência/não aplicação de calçada.
E09,Rampa para cadeirante,Domicílios,MUNICIPIO,V05029,Não declarado,4226.0,16.97597814734474,,SIM,24894.0,20668.0,Domínio aplicável = Sim + Não; Não declarado coincide com ausência/não aplicação de calçada.
E09,Rampa para cadeirante,Moradores,MUNICIPIO,V05227,Sim,749.0,1.0426527089481596,1.2645405277641777,NÃO,71836.0,59231.0,Domínio aplicável = Sim + Não; Não declarado coincide com ausência/não aplicação de calçada.
E09,Rampa para cadeirante,Moradores,MUNICIPIO,V05228,Não,58482.0,81.41043487944764,98.73545947223582,NÃO,71836.0,59231.0,Domínio aplicável = Sim + Não; Não declarado coincide com ausência/não aplicação de calçada.
E09,Rampa para cadeirante,Moradores,MUNICIPIO,V05229,Não declarado,12605.0,17.54691241160421,,SIM,71836.0,59231.0,Domínio aplicável = Sim + Não; Não declarado coincide com ausência/não aplicação de calçada.
E09,Rampa para cadeirante,Faces,MUNICIPIO,V05427,Sim,81.0,2.2437673130193905,3.8334122101277806,NÃO,3610.0,2113.0,Domínio aplicável = Sim + Não; Não declarado coincide com ausência/não aplicação de calçada.
E09,Rampa para cadeirante,Faces,MUNICIPIO,V05428,Não,2032.0,56.28808864265928,96.16658778987221,NÃO,3610.0,2113.0,Domínio aplicável = Sim + Não; Não declarado coincide com ausência/não aplicação de calçada.
E09,Rampa para cadeirante,Faces,MUNICIPIO,V05429,Não declarado,1497.0,41.468144044321335,,SIM,3610.0,2113.0,Domínio aplicável = Sim + Não; Não declarado coincide com ausência/não aplicação de calçada.
E10,Arborização,Domicílios,MUNICIPIO,V05030,Sem árvores,7294.0,29.30023298786856,30.059756851432102,NÃO,24894.0,24265.0,Domínio aplicável = classes substantivas de arborização; Saltado fica fora.
E10,Arborização,Domicílios,MUNICIPIO,V05031,1 a 2 árvores,7721.0,31.01550574435607,31.81949309705337,NÃO,24894.0,24265.0,Domínio aplicável = classes substantivas de arborização; Saltado fica fora.
E10,Arborização,Domicílios,MUNICIPIO,V05032,3 a 4 árvores,4115.0,16.53008757130232,16.958582320214298,NÃO,24894.0,24265.0,Domínio aplicável = classes substantivas de arborização; Saltado fica fora.
E10,Arborização,Domicílios,MUNICIPIO,V05033,5 ou mais árvores,5135.0,20.627460432232667,21.162167731300226,NÃO,24894.0,24265.0,Domínio aplicável = classes substantivas de arborização; Saltado fica fora.
E10,Arborização,Domicílios,MUNICIPIO,V05034,Saltado,629.0,2.526713264240379,,SIM,24894.0,24265.0,Domínio aplicável = classes substantivas de arborização; Saltado fica fora.
E10,Arborização,Moradores,MUNICIPIO,V05230,Sem árvores,21084.0,29.350186535998663,30.177336940186354,NÃO,71836.0,69867.0,Domínio aplicável = classes substantivas de arborização; Saltado fica fora.
E10,Arborização,Moradores,MUNICIPIO,V05231,1 a 2 árvores,22262.0,30.990032852608717,31.8633975982939,NÃO,71836.0,69867.0,Domínio aplicável = classes substantivas de arborização; Saltado fica fora.
E10,Arborização,Moradores,MUNICIPIO,V05232,3 a 4 árvores,11885.0,16.544629433710117,17.01089212360628,NÃO,71836.0,69867.0,Domínio aplicável = classes substantivas de arborização; Saltado fica fora.
E10,Arborização,Moradores,MUNICIPIO,V05233,5 ou mais árvores,14636.0,20.374185645080463,20.948373337913466,NÃO,71836.0,69867.0,Domínio aplicável = classes substantivas de arborização; Saltado fica fora.
E10,Arborização,Moradores,MUNICIPIO,V05234,Saltado,1969.0,2.7409655326020377,,SIM,71836.0,69867.0,Domínio aplicável = classes substantivas de arborização; Saltado fica fora.
E10,Arborização,Faces,MUNICIPIO,V05430,Sem árvores,1310.0,36.288088642659275,37.861271676300575,NÃO,3610.0,3460.0,Domínio aplicável = classes substantivas de arborização; Saltado fica fora.
E10,Arborização,Faces,MUNICIPIO,V05431,1 a 2 árvores,834.0,23.102493074792243,24.104046242774565,NÃO,3610.0,3460.0,Domínio aplicável = classes substantivas de arborização; Saltado fica fora.
E10,Arborização,Faces,MUNICIPIO,V05432,3 a 4 árvores,408.0,11.301939058171746,11.791907514450866,NÃO,3610.0,3460.0,Domínio aplicável = classes substantivas de arborização; Saltado fica fora.
E10,Arborização,Faces,MUNICIPIO,V05433,5 ou mais árvores,908.0,25.15235457063712,26.242774566473987,NÃO,3610.0,3460.0,Domínio aplicável = classes substantivas de arborização; Saltado fica fora.
E10,Arborização,Faces,MUNICIPIO,V05434,Saltado,150.0,4.1551246537396125,,SIM,3610.0,3460.0,Domínio aplicável = classes substantivas de arborização; Saltado fica fora.
