Tabela,Característica,Universo,APOND,Código,Categoria,Contagem agregada,Percentual bruto (%),Percentual no domínio aplicável (%),Fora do domínio aplicável?,Denominador observado,Denominador no domínio aplicável,Regra do domínio aplicável
E01,Circulação da via,Domicílios,3509007001,V05001,"Caminhão, ônibus",4029.0,83.90254060807997,84.16544808857321,NÃO,4802.0,4787.0,Domínio aplicável = categorias substantivas de circulação; Saltado fica fora.
E01,Circulação da via,Domicílios,3509007001,V05002,Carros de passeio ou van,586.0,12.203248646397334,12.241487361604344,NÃO,4802.0,4787.0,Domínio aplicável = categorias substantivas de circulação; Saltado fica fora.
E01,Circulação da via,Domicílios,3509007001,V05003,"Pedestres, bicicletas e motocicletas",172.0,3.5818408996251563,3.5930645498224356,NÃO,4802.0,4787.0,Domínio aplicável = categorias substantivas de circulação; Saltado fica fora.
E01,Circulação da via,Domicílios,3509007001,V05004,Aquavia,0.0,0.0,0.0,NÃO,4802.0,4787.0,Domínio aplicável = categorias substantivas de circulação; Saltado fica fora.
E01,Circulação da via,Domicílios,3509007001,V05005,Saltado,15.0,0.3123698458975427,,SIM,4802.0,4787.0,Domínio aplicável = categorias substantivas de circulação; Saltado fica fora.
E01,Circulação da via,Moradores,3509007001,V05201,"Caminhão, ônibus",11778.0,84.11054773977004,84.37567160971416,NÃO,14003.0,13959.0,Domínio aplicável = categorias substantivas de circulação; Saltado fica fora.
E01,Circulação da via,Moradores,3509007001,V05202,Carros de passeio ou van,1677.0,11.976005141755339,12.013754566946057,NÃO,14003.0,13959.0,Domínio aplicável = categorias substantivas de circulação; Saltado fica fora.
E01,Circulação da via,Moradores,3509007001,V05203,"Pedestres, bicicletas e motocicletas",504.0,3.599228736699279,3.610573823339781,NÃO,14003.0,13959.0,Domínio aplicável = categorias substantivas de circulação; Saltado fica fora.
E01,Circulação da via,Moradores,3509007001,V05204,Aquavia,0.0,0.0,0.0,NÃO,14003.0,13959.0,Domínio aplicável = categorias substantivas de circulação; Saltado fica fora.
E01,Circulação da via,Moradores,3509007001,V05205,Saltado,44.0,0.3142183817753339,,SIM,14003.0,13959.0,Domínio aplicável = categorias substantivas de circulação; Saltado fica fora.
E01,Circulação da via,Faces,3509007001,V05401,"Caminhão, ônibus",721.0,85.12396694214877,87.71289537712896,NÃO,847.0,822.0,Domínio aplicável = categorias substantivas de circulação; Saltado fica fora.
E01,Circulação da via,Faces,3509007001,V05402,Carros de passeio ou van,67.0,7.910271546635183,8.150851581508515,NÃO,847.0,822.0,Domínio aplicável = categorias substantivas de circulação; Saltado fica fora.
E01,Circulação da via,Faces,3509007001,V05403,"Pedestres, bicicletas e motocicletas",34.0,4.014167650531287,4.13625304136253,NÃO,847.0,822.0,Domínio aplicável = categorias substantivas de circulação; Saltado fica fora.
E01,Circulação da via,Faces,3509007001,V05404,Aquavia,0.0,0.0,0.0,NÃO,847.0,822.0,Domínio aplicável = categorias substantivas de circulação; Saltado fica fora.
E01,Circulação da via,Faces,3509007001,V05405,Saltado,25.0,2.95159386068477,,SIM,847.0,822.0,Domínio aplicável = categorias substantivas de circulação; Saltado fica fora.
E02,Pavimentação,Domicílios,3509007001,V05006,Sim,4693.0,97.73011245314453,98.0363484437017,NÃO,4802.0,4787.0,Domínio aplicável = Sim + Não; Não declarado coincide com circulação Aquavia + Saltado.
E02,Pavimentação,Domicílios,3509007001,V05007,Não,94.0,1.9575177009579343,1.9636515562983081,NÃO,4802.0,4787.0,Domínio aplicável = Sim + Não; Não declarado coincide com circulação Aquavia + Saltado.
E02,Pavimentação,Domicílios,3509007001,V05008,Não declarado,15.0,0.3123698458975427,,SIM,4802.0,4787.0,Domínio aplicável = Sim + Não; Não declarado coincide com circulação Aquavia + Saltado.
E02,Pavimentação,Moradores,3509007001,V05206,Sim,13692.0,97.77904734699707,98.08725553406404,NÃO,14003.0,13959.0,Domínio aplicável = Sim + Não; Não declarado coincide com circulação Aquavia + Saltado.
E02,Pavimentação,Moradores,3509007001,V05207,Não,267.0,1.906734271227594,1.9127444659359554,NÃO,14003.0,13959.0,Domínio aplicável = Sim + Não; Não declarado coincide com circulação Aquavia + Saltado.
E02,Pavimentação,Moradores,3509007001,V05208,Não declarado,44.0,0.3142183817753339,,SIM,14003.0,13959.0,Domínio aplicável = Sim + Não; Não declarado coincide com circulação Aquavia + Saltado.
E02,Pavimentação,Faces,3509007001,V05406,Sim,777.0,91.73553719008265,94.52554744525547,NÃO,847.0,822.0,Domínio aplicável = Sim + Não; Não declarado coincide com circulação Aquavia + Saltado.
E02,Pavimentação,Faces,3509007001,V05407,Não,45.0,5.312868949232586,5.474452554744526,NÃO,847.0,822.0,Domínio aplicável = Sim + Não; Não declarado coincide com circulação Aquavia + Saltado.
E02,Pavimentação,Faces,3509007001,V05408,Não declarado,25.0,2.95159386068477,,SIM,847.0,822.0,Domínio aplicável = Sim + Não; Não declarado coincide com circulação Aquavia + Saltado.
E03,Bueiro / boca de lobo,Domicílios,3509007001,V05009,Sim,2651.0,55.206164098292376,55.37915186964696,NÃO,4802.0,4787.0,Domínio aplicável = Sim + Não; Não declarado coincide com circulação Aquavia + Saltado.
E03,Bueiro / boca de lobo,Domicílios,3509007001,V05010,Não,2136.0,44.48146605581008,44.62084813035304,NÃO,4802.0,4787.0,Domínio aplicável = Sim + Não; Não declarado coincide com circulação Aquavia + Saltado.
E03,Bueiro / boca de lobo,Domicílios,3509007001,V05011,Não declarado,15.0,0.3123698458975427,,SIM,4802.0,4787.0,Domínio aplicável = Sim + Não; Não declarado coincide com circulação Aquavia + Saltado.
E03,Bueiro / boca de lobo,Moradores,3509007001,V05209,Sim,7902.0,56.43076483610655,56.608639587362994,NÃO,14003.0,13959.0,Domínio aplicável = Sim + Não; Não declarado coincide com circulação Aquavia + Saltado.
E03,Bueiro / boca de lobo,Moradores,3509007001,V05210,Não,6057.0,43.25501678211812,43.391360412637006,NÃO,14003.0,13959.0,Domínio aplicável = Sim + Não; Não declarado coincide com circulação Aquavia + Saltado.
E03,Bueiro / boca de lobo,Moradores,3509007001,V05211,Não declarado,44.0,0.3142183817753339,,SIM,14003.0,13959.0,Domínio aplicável = Sim + Não; Não declarado coincide com circulação Aquavia + Saltado.
E03,Bueiro / boca de lobo,Faces,3509007001,V05409,Sim,528.0,62.33766233766234,64.23357664233576,NÃO,847.0,822.0,Domínio aplicável = Sim + Não; Não declarado coincide com circulação Aquavia + Saltado.
E03,Bueiro / boca de lobo,Faces,3509007001,V05410,Não,294.0,34.710743801652896,35.76642335766424,NÃO,847.0,822.0,Domínio aplicável = Sim + Não; Não declarado coincide com circulação Aquavia + Saltado.
E03,Bueiro / boca de lobo,Faces,3509007001,V05411,Não declarado,25.0,2.95159386068477,,SIM,847.0,822.0,Domínio aplicável = Sim + Não; Não declarado coincide com circulação Aquavia + Saltado.
E04,Iluminação pública,Domicílios,3509007001,V05012,Sim,4459.0,92.85714285714286,93.14810946312932,NÃO,4802.0,4787.0,Domínio aplicável = Sim + Não; Não declarado coincide com circulação Aquavia + Saltado.
E04,Iluminação pública,Domicílios,3509007001,V05013,Não,328.0,6.830487296959601,6.851890536870692,NÃO,4802.0,4787.0,Domínio aplicável = Sim + Não; Não declarado coincide com circulação Aquavia + Saltado.
E04,Iluminação pública,Domicílios,3509007001,V05014,Não declarado,15.0,0.3123698458975427,,SIM,4802.0,4787.0,Domínio aplicável = Sim + Não; Não declarado coincide com circulação Aquavia + Saltado.
E04,Iluminação pública,Moradores,3509007001,V05212,Sim,13023.0,93.00149967864029,93.29464861379755,NÃO,14003.0,13959.0,Domínio aplicável = Sim + Não; Não declarado coincide com circulação Aquavia + Saltado.
E04,Iluminação pública,Moradores,3509007001,V05213,Não,936.0,6.684281939584374,6.70535138620245,NÃO,14003.0,13959.0,Domínio aplicável = Sim + Não; Não declarado coincide com circulação Aquavia + Saltado.
E04,Iluminação pública,Moradores,3509007001,V05214,Não declarado,44.0,0.3142183817753339,,SIM,14003.0,13959.0,Domínio aplicável = Sim + Não; Não declarado coincide com circulação Aquavia + Saltado.
E04,Iluminação pública,Faces,3509007001,V05412,Sim,744.0,87.83943329397876,90.51094890510949,NÃO,847.0,822.0,Domínio aplicável = Sim + Não; Não declarado coincide com circulação Aquavia + Saltado.
E04,Iluminação pública,Faces,3509007001,V05413,Não,78.0,9.208972845336481,9.48905109489051,NÃO,847.0,822.0,Domínio aplicável = Sim + Não; Não declarado coincide com circulação Aquavia + Saltado.
E04,Iluminação pública,Faces,3509007001,V05414,Não declarado,25.0,2.95159386068477,,SIM,847.0,822.0,Domínio aplicável = Sim + Não; Não declarado coincide com circulação Aquavia + Saltado.
E05,Ponto de ônibus,Domicílios,3509007001,V05015,Sim,647.0,13.473552686380675,13.515771882180907,NÃO,4802.0,4787.0,Domínio aplicável = Sim + Não; Não declarado coincide com circulação Aquavia + Saltado.
E05,Ponto de ônibus,Domicílios,3509007001,V05016,Não,4140.0,86.21407746772178,86.4842281178191,NÃO,4802.0,4787.0,Domínio aplicável = Sim + Não; Não declarado coincide com circulação Aquavia + Saltado.
E05,Ponto de ônibus,Domicílios,3509007001,V05017,Não declarado,15.0,0.3123698458975427,,SIM,4802.0,4787.0,Domínio aplicável = Sim + Não; Não declarado coincide com circulação Aquavia + Saltado.
E05,Ponto de ônibus,Moradores,3509007001,V05215,Sim,1779.0,12.704420481325428,12.744465935955299,NÃO,14003.0,13959.0,Domínio aplicável = Sim + Não; Não declarado coincide com circulação Aquavia + Saltado.
E05,Ponto de ônibus,Moradores,3509007001,V05216,Não,12180.0,86.98136113689924,87.25553406404471,NÃO,14003.0,13959.0,Domínio aplicável = Sim + Não; Não declarado coincide com circulação Aquavia + Saltado.
E05,Ponto de ônibus,Moradores,3509007001,V05217,Não declarado,44.0,0.3142183817753339,,SIM,14003.0,13959.0,Domínio aplicável = Sim + Não; Não declarado coincide com circulação Aquavia + Saltado.
E05,Ponto de ônibus,Faces,3509007001,V05415,Sim,74.0,8.736717827626919,9.002433090024331,NÃO,847.0,822.0,Domínio aplicável = Sim + Não; Não declarado coincide com circulação Aquavia + Saltado.
E05,Ponto de ônibus,Faces,3509007001,V05416,Não,748.0,88.31168831168831,90.99756690997567,NÃO,847.0,822.0,Domínio aplicável = Sim + Não; Não declarado coincide com circulação Aquavia + Saltado.
E05,Ponto de ônibus,Faces,3509007001,V05417,Não declarado,25.0,2.95159386068477,,SIM,847.0,822.0,Domínio aplicável = Sim + Não; Não declarado coincide com circulação Aquavia + Saltado.
E06,Via sinalizada para bicicleta,Domicílios,3509007001,V05018,Sim,26.0,0.5414410662224073,0.5431376645080427,NÃO,4802.0,4787.0,Domínio aplicável = Sim + Não; Não declarado coincide com circulação Aquavia + Saltado.
E06,Via sinalizada para bicicleta,Domicílios,3509007001,V05019,Não,4761.0,99.14618908788006,99.45686233549196,NÃO,4802.0,4787.0,Domínio aplicável = Sim + Não; Não declarado coincide com circulação Aquavia + Saltado.
E06,Via sinalizada para bicicleta,Domicílios,3509007001,V05020,Não declarado,15.0,0.3123698458975427,,SIM,4802.0,4787.0,Domínio aplicável = Sim + Não; Não declarado coincide com circulação Aquavia + Saltado.
E06,Via sinalizada para bicicleta,Moradores,3509007001,V05218,Sim,91.0,0.6498607441262586,0.6519091625474603,NÃO,14003.0,13959.0,Domínio aplicável = Sim + Não; Não declarado coincide com circulação Aquavia + Saltado.
E06,Via sinalizada para bicicleta,Moradores,3509007001,V05219,Não,13868.0,99.03592087409841,99.34809083745255,NÃO,14003.0,13959.0,Domínio aplicável = Sim + Não; Não declarado coincide com circulação Aquavia + Saltado.
E06,Via sinalizada para bicicleta,Moradores,3509007001,V05220,Não declarado,44.0,0.3142183817753339,,SIM,14003.0,13959.0,Domínio aplicável = Sim + Não; Não declarado coincide com circulação Aquavia + Saltado.
E06,Via sinalizada para bicicleta,Faces,3509007001,V05418,Sim,14.0,1.6528925619834711,1.70316301703163,NÃO,847.0,822.0,Domínio aplicável = Sim + Não; Não declarado coincide com circulação Aquavia + Saltado.
E06,Via sinalizada para bicicleta,Faces,3509007001,V05419,Não,808.0,95.39551357733176,98.29683698296837,NÃO,847.0,822.0,Domínio aplicável = Sim + Não; Não declarado coincide com circulação Aquavia + Saltado.
E06,Via sinalizada para bicicleta,Faces,3509007001,V05420,Não declarado,25.0,2.95159386068477,,SIM,847.0,822.0,Domínio aplicável = Sim + Não; Não declarado coincide com circulação Aquavia + Saltado.
E07,Calçada,Domicílios,3509007001,V05021,Sim,4349.0,90.56643065389422,90.85021934405681,NÃO,4802.0,4787.0,Domínio aplicável = Sim + Não; Não declarado coincide com circulação Aquavia + Saltado.
E07,Calçada,Domicílios,3509007001,V05022,Não,438.0,9.121199500208247,9.149780655943179,NÃO,4802.0,4787.0,Domínio aplicável = Sim + Não; Não declarado coincide com circulação Aquavia + Saltado.
E07,Calçada,Domicílios,3509007001,V05023,Não declarado,15.0,0.3123698458975427,,SIM,4802.0,4787.0,Domínio aplicável = Sim + Não; Não declarado coincide com circulação Aquavia + Saltado.
E07,Calçada,Moradores,3509007001,V05221,Sim,12668.0,90.46632864386203,90.75148649616735,NÃO,14003.0,13959.0,Domínio aplicável = Sim + Não; Não declarado coincide com circulação Aquavia + Saltado.
E07,Calçada,Moradores,3509007001,V05222,Não,1291.0,9.219452974362637,9.248513503832653,NÃO,14003.0,13959.0,Domínio aplicável = Sim + Não; Não declarado coincide com circulação Aquavia + Saltado.
E07,Calçada,Moradores,3509007001,V05223,Não declarado,44.0,0.3142183817753339,,SIM,14003.0,13959.0,Domínio aplicável = Sim + Não; Não declarado coincide com circulação Aquavia + Saltado.
E07,Calçada,Faces,3509007001,V05421,Sim,645.0,76.15112160566706,78.46715328467153,NÃO,847.0,822.0,Domínio aplicável = Sim + Não; Não declarado coincide com circulação Aquavia + Saltado.
E07,Calçada,Faces,3509007001,V05422,Não,177.0,20.89728453364817,21.532846715328464,NÃO,847.0,822.0,Domínio aplicável = Sim + Não; Não declarado coincide com circulação Aquavia + Saltado.
E07,Calçada,Faces,3509007001,V05423,Não declarado,25.0,2.95159386068477,,SIM,847.0,822.0,Domínio aplicável = Sim + Não; Não declarado coincide com circulação Aquavia + Saltado.
E08,Obstáculo na calçada,Domicílios,3509007001,V05024,Sim,3856.0,80.29987505206164,88.66406070361002,NÃO,4802.0,4349.0,Domínio aplicável = Sim + Não; Não declarado coincide com ausência/não aplicação de calçada.
E08,Obstáculo na calçada,Domicílios,3509007001,V05025,Não,493.0,10.26655560183257,11.335939296389974,NÃO,4802.0,4349.0,Domínio aplicável = Sim + Não; Não declarado coincide com ausência/não aplicação de calçada.
E08,Obstáculo na calçada,Domicílios,3509007001,V05026,Não declarado,453.0,9.43356934610579,,SIM,4802.0,4349.0,Domínio aplicável = Sim + Não; Não declarado coincide com ausência/não aplicação de calçada.
E08,Obstáculo na calçada,Moradores,3509007001,V05224,Sim,11244.0,80.29707919731486,88.75907799179033,NÃO,14003.0,12668.0,Domínio aplicável = Sim + Não; Não declarado coincide com ausência/não aplicação de calçada.
E08,Obstáculo na calçada,Moradores,3509007001,V05225,Não,1424.0,10.169249446547168,11.240922008209662,NÃO,14003.0,12668.0,Domínio aplicável = Sim + Não; Não declarado coincide com ausência/não aplicação de calçada.
E08,Obstáculo na calçada,Moradores,3509007001,V05226,Não declarado,1335.0,9.53367135613797,,SIM,14003.0,12668.0,Domínio aplicável = Sim + Não; Não declarado coincide com ausência/não aplicação de calçada.
E08,Obstáculo na calçada,Faces,3509007001,V05424,Sim,521.0,61.511216056670605,80.7751937984496,NÃO,847.0,645.0,Domínio aplicável = Sim + Não; Não declarado coincide com ausência/não aplicação de calçada.
E08,Obstáculo na calçada,Faces,3509007001,V05425,Não,124.0,14.639905548996456,19.224806201550386,NÃO,847.0,645.0,Domínio aplicável = Sim + Não; Não declarado coincide com ausência/não aplicação de calçada.
E08,Obstáculo na calçada,Faces,3509007001,V05426,Não declarado,202.0,23.84887839433294,,SIM,847.0,645.0,Domínio aplicável = Sim + Não; Não declarado coincide com ausência/não aplicação de calçada.
E09,Rampa para cadeirante,Domicílios,3509007001,V05027,Sim,154.0,3.206997084548105,3.541043918142102,NÃO,4802.0,4349.0,Domínio aplicável = Sim + Não; Não declarado coincide com ausência/não aplicação de calçada.
E09,Rampa para cadeirante,Domicílios,3509007001,V05028,Não,4195.0,87.3594335693461,96.45895608185789,NÃO,4802.0,4349.0,Domínio aplicável = Sim + Não; Não declarado coincide com ausência/não aplicação de calçada.
E09,Rampa para cadeirante,Domicílios,3509007001,V05029,Não declarado,453.0,9.43356934610579,,SIM,4802.0,4349.0,Domínio aplicável = Sim + Não; Não declarado coincide com ausência/não aplicação de calçada.
E09,Rampa para cadeirante,Moradores,3509007001,V05227,Sim,425.0,3.035063914875384,3.354910009472687,NÃO,14003.0,12668.0,Domínio aplicável = Sim + Não; Não declarado coincide com ausência/não aplicação de calçada.
E09,Rampa para cadeirante,Moradores,3509007001,V05228,Não,12243.0,87.43126472898665,96.64508999052731,NÃO,14003.0,12668.0,Domínio aplicável = Sim + Não; Não declarado coincide com ausência/não aplicação de calçada.
E09,Rampa para cadeirante,Moradores,3509007001,V05229,Não declarado,1335.0,9.53367135613797,,SIM,14003.0,12668.0,Domínio aplicável = Sim + Não; Não declarado coincide com ausência/não aplicação de calçada.
E09,Rampa para cadeirante,Faces,3509007001,V05427,Sim,13.0,1.5348288075560803,2.0155038759689923,NÃO,847.0,645.0,Domínio aplicável = Sim + Não; Não declarado coincide com ausência/não aplicação de calçada.
E09,Rampa para cadeirante,Faces,3509007001,V05428,Não,632.0,74.61629279811099,97.98449612403101,NÃO,847.0,645.0,Domínio aplicável = Sim + Não; Não declarado coincide com ausência/não aplicação de calçada.
E09,Rampa para cadeirante,Faces,3509007001,V05429,Não declarado,202.0,23.84887839433294,,SIM,847.0,645.0,Domínio aplicável = Sim + Não; Não declarado coincide com ausência/não aplicação de calçada.
E10,Arborização,Domicílios,3509007001,V05030,Sem árvores,1822.0,37.942523948354854,38.061416335909755,NÃO,4802.0,4787.0,Domínio aplicável = classes substantivas de arborização; Saltado fica fora.
E10,Arborização,Domicílios,3509007001,V05031,1 a 2 árvores,974.0,20.283215326947104,20.34677250887821,NÃO,4802.0,4787.0,Domínio aplicável = classes substantivas de arborização; Saltado fica fora.
E10,Arborização,Domicílios,3509007001,V05032,3 a 4 árvores,678.0,14.119117034568928,14.16335909755588,NÃO,4802.0,4787.0,Domínio aplicável = classes substantivas de arborização; Saltado fica fora.
E10,Arborização,Domicílios,3509007001,V05033,5 ou mais árvores,1313.0,27.342773844231573,27.42845205765615,NÃO,4802.0,4787.0,Domínio aplicável = classes substantivas de arborização; Saltado fica fora.
E10,Arborização,Domicílios,3509007001,V05034,Saltado,15.0,0.3123698458975427,,SIM,4802.0,4787.0,Domínio aplicável = classes substantivas de arborização; Saltado fica fora.
E10,Arborização,Moradores,3509007001,V05230,Sem árvores,5232.0,37.36342212383061,37.48119492800343,NÃO,14003.0,13959.0,Domínio aplicável = classes substantivas de arborização; Saltado fica fora.
E10,Arborização,Moradores,3509007001,V05231,1 a 2 árvores,2889.0,20.63129329429408,20.6963249516441,NÃO,14003.0,13959.0,Domínio aplicável = classes substantivas de arborização; Saltado fica fora.
E10,Arborização,Moradores,3509007001,V05232,3 a 4 árvores,1926.0,13.754195529529387,13.797549967762734,NÃO,14003.0,13959.0,Domínio aplicável = classes substantivas de arborização; Saltado fica fora.
E10,Arborização,Moradores,3509007001,V05233,5 ou mais árvores,3912.0,27.936870670570592,28.02493015258973,NÃO,14003.0,13959.0,Domínio aplicável = classes substantivas de arborização; Saltado fica fora.
E10,Arborização,Moradores,3509007001,V05234,Saltado,44.0,0.3142183817753339,,SIM,14003.0,13959.0,Domínio aplicável = classes substantivas de arborização; Saltado fica fora.
E10,Arborização,Faces,3509007001,V05430,Sem árvores,320.0,37.78040141676505,38.929440389294406,NÃO,847.0,822.0,Domínio aplicável = classes substantivas de arborização; Saltado fica fora.
E10,Arborização,Faces,3509007001,V05431,1 a 2 árvores,155.0,18.299881936245573,18.856447688564476,NÃO,847.0,822.0,Domínio aplicável = classes substantivas de arborização; Saltado fica fora.
E10,Arborização,Faces,3509007001,V05432,3 a 4 árvores,71.0,8.382526564344746,8.637469586374696,NÃO,847.0,822.0,Domínio aplicável = classes substantivas de arborização; Saltado fica fora.
E10,Arborização,Faces,3509007001,V05433,5 ou mais árvores,276.0,32.585596221959854,33.57664233576642,NÃO,847.0,822.0,Domínio aplicável = classes substantivas de arborização; Saltado fica fora.
E10,Arborização,Faces,3509007001,V05434,Saltado,25.0,2.95159386068477,,SIM,847.0,822.0,Domínio aplicável = classes substantivas de arborização; Saltado fica fora.
E01,Circulação da via,Domicílios,3509007002,V05001,"Caminhão, ônibus",2862.0,92.0257234726688,92.05532325506593,NÃO,3110.0,3109.0,Domínio aplicável = categorias substantivas de circulação; Saltado fica fora.
E01,Circulação da via,Domicílios,3509007002,V05002,Carros de passeio ou van,44.0,1.414790996784566,1.4152460598263108,NÃO,3110.0,3109.0,Domínio aplicável = categorias substantivas de circulação; Saltado fica fora.
E01,Circulação da via,Domicílios,3509007002,V05003,"Pedestres, bicicletas e motocicletas",203.0,6.527331189710611,6.5294306851077515,NÃO,3110.0,3109.0,Domínio aplicável = categorias substantivas de circulação; Saltado fica fora.
E01,Circulação da via,Domicílios,3509007002,V05004,Aquavia,0.0,0.0,0.0,NÃO,3110.0,3109.0,Domínio aplicável = categorias substantivas de circulação; Saltado fica fora.
E01,Circulação da via,Domicílios,3509007002,V05005,Saltado,1.0,0.03215434083601286,,SIM,3110.0,3109.0,Domínio aplicável = categorias substantivas de circulação; Saltado fica fora.
E01,Circulação da via,Moradores,3509007002,V05201,"Caminhão, ônibus",8331.0,91.60985265009897,91.65016501650165,NÃO,9094.0,9090.0,Domínio aplicável = categorias substantivas de circulação; Saltado fica fora.
E01,Circulação da via,Moradores,3509007002,V05202,Carros de passeio ou van,141.0,1.5504728392346603,1.551155115511551,NÃO,9094.0,9090.0,Domínio aplicável = categorias substantivas de circulação; Saltado fica fora.
E01,Circulação da via,Moradores,3509007002,V05203,"Pedestres, bicicletas e motocicletas",618.0,6.7956894655817015,6.798679867986798,NÃO,9094.0,9090.0,Domínio aplicável = categorias substantivas de circulação; Saltado fica fora.
E01,Circulação da via,Moradores,3509007002,V05204,Aquavia,0.0,0.0,0.0,NÃO,9094.0,9090.0,Domínio aplicável = categorias substantivas de circulação; Saltado fica fora.
E01,Circulação da via,Moradores,3509007002,V05205,Saltado,4.0,0.04398504508467121,,SIM,9094.0,9090.0,Domínio aplicável = categorias substantivas de circulação; Saltado fica fora.
E01,Circulação da via,Faces,3509007002,V05401,"Caminhão, ônibus",405.0,87.85249457700651,88.81578947368422,NÃO,461.0,456.0,Domínio aplicável = categorias substantivas de circulação; Saltado fica fora.
E01,Circulação da via,Faces,3509007002,V05402,Carros de passeio ou van,10.0,2.1691973969631237,2.1929824561403506,NÃO,461.0,456.0,Domínio aplicável = categorias substantivas de circulação; Saltado fica fora.
E01,Circulação da via,Faces,3509007002,V05403,"Pedestres, bicicletas e motocicletas",41.0,8.893709327548807,8.991228070175438,NÃO,461.0,456.0,Domínio aplicável = categorias substantivas de circulação; Saltado fica fora.
E01,Circulação da via,Faces,3509007002,V05404,Aquavia,0.0,0.0,0.0,NÃO,461.0,456.0,Domínio aplicável = categorias substantivas de circulação; Saltado fica fora.
E01,Circulação da via,Faces,3509007002,V05405,Saltado,5.0,1.0845986984815619,,SIM,461.0,456.0,Domínio aplicável = categorias substantivas de circulação; Saltado fica fora.
E02,Pavimentação,Domicílios,3509007002,V05006,Sim,3101.0,99.71061093247589,99.74268253457703,NÃO,3110.0,3109.0,Domínio aplicável = Sim + Não; Não declarado coincide com circulação Aquavia + Saltado.
E02,Pavimentação,Domicílios,3509007002,V05007,Não,8.0,0.2572347266881029,0.2573174654229656,NÃO,3110.0,3109.0,Domínio aplicável = Sim + Não; Não declarado coincide com circulação Aquavia + Saltado.
E02,Pavimentação,Domicílios,3509007002,V05008,Não declarado,1.0,0.03215434083601286,,SIM,3110.0,3109.0,Domínio aplicável = Sim + Não; Não declarado coincide com circulação Aquavia + Saltado.
E02,Pavimentação,Moradores,3509007002,V05206,Sim,9065.0,99.68110842313614,99.72497249724972,NÃO,9094.0,9090.0,Domínio aplicável = Sim + Não; Não declarado coincide com circulação Aquavia + Saltado.
E02,Pavimentação,Moradores,3509007002,V05207,Não,25.0,0.2749065317791951,0.27502750275027504,NÃO,9094.0,9090.0,Domínio aplicável = Sim + Não; Não declarado coincide com circulação Aquavia + Saltado.
E02,Pavimentação,Moradores,3509007002,V05208,Não declarado,4.0,0.04398504508467121,,SIM,9094.0,9090.0,Domínio aplicável = Sim + Não; Não declarado coincide com circulação Aquavia + Saltado.
E02,Pavimentação,Faces,3509007002,V05406,Sim,455.0,98.69848156182212,99.78070175438597,NÃO,461.0,456.0,Domínio aplicável = Sim + Não; Não declarado coincide com circulação Aquavia + Saltado.
E02,Pavimentação,Faces,3509007002,V05407,Não,1.0,0.21691973969631237,0.21929824561403508,NÃO,461.0,456.0,Domínio aplicável = Sim + Não; Não declarado coincide com circulação Aquavia + Saltado.
E02,Pavimentação,Faces,3509007002,V05408,Não declarado,5.0,1.0845986984815619,,SIM,461.0,456.0,Domínio aplicável = Sim + Não; Não declarado coincide com circulação Aquavia + Saltado.
E03,Bueiro / boca de lobo,Domicílios,3509007002,V05009,Sim,1620.0,52.09003215434084,52.10678674815053,NÃO,3110.0,3109.0,Domínio aplicável = Sim + Não; Não declarado coincide com circulação Aquavia + Saltado.
E03,Bueiro / boca de lobo,Domicílios,3509007002,V05010,Não,1489.0,47.87781350482315,47.89321325184947,NÃO,3110.0,3109.0,Domínio aplicável = Sim + Não; Não declarado coincide com circulação Aquavia + Saltado.
E03,Bueiro / boca de lobo,Domicílios,3509007002,V05011,Não declarado,1.0,0.03215434083601286,,SIM,3110.0,3109.0,Domínio aplicável = Sim + Não; Não declarado coincide com circulação Aquavia + Saltado.
E03,Bueiro / boca de lobo,Moradores,3509007002,V05209,Sim,4755.0,52.287222344402906,52.310231023102304,NÃO,9094.0,9090.0,Domínio aplicável = Sim + Não; Não declarado coincide com circulação Aquavia + Saltado.
E03,Bueiro / boca de lobo,Moradores,3509007002,V05210,Não,4335.0,47.668792610512426,47.68976897689769,NÃO,9094.0,9090.0,Domínio aplicável = Sim + Não; Não declarado coincide com circulação Aquavia + Saltado.
E03,Bueiro / boca de lobo,Moradores,3509007002,V05211,Não declarado,4.0,0.04398504508467121,,SIM,9094.0,9090.0,Domínio aplicável = Sim + Não; Não declarado coincide com circulação Aquavia + Saltado.
E03,Bueiro / boca de lobo,Faces,3509007002,V05409,Sim,209.0,45.33622559652928,45.83333333333333,NÃO,461.0,456.0,Domínio aplicável = Sim + Não; Não declarado coincide com circulação Aquavia + Saltado.
E03,Bueiro / boca de lobo,Faces,3509007002,V05410,Não,247.0,53.579175704989154,54.166666666666664,NÃO,461.0,456.0,Domínio aplicável = Sim + Não; Não declarado coincide com circulação Aquavia + Saltado.
E03,Bueiro / boca de lobo,Faces,3509007002,V05411,Não declarado,5.0,1.0845986984815619,,SIM,461.0,456.0,Domínio aplicável = Sim + Não; Não declarado coincide com circulação Aquavia + Saltado.
E04,Iluminação pública,Domicílios,3509007002,V05012,Sim,2987.0,96.04501607717042,96.07590865229977,NÃO,3110.0,3109.0,Domínio aplicável = Sim + Não; Não declarado coincide com circulação Aquavia + Saltado.
E04,Iluminação pública,Domicílios,3509007002,V05013,Não,122.0,3.922829581993569,3.9240913477002253,NÃO,3110.0,3109.0,Domínio aplicável = Sim + Não; Não declarado coincide com circulação Aquavia + Saltado.
E04,Iluminação pública,Domicílios,3509007002,V05014,Não declarado,1.0,0.03215434083601286,,SIM,3110.0,3109.0,Domínio aplicável = Sim + Não; Não declarado coincide com circulação Aquavia + Saltado.
E04,Iluminação pública,Moradores,3509007002,V05212,Sim,8693.0,95.59049923026171,95.63256325632562,NÃO,9094.0,9090.0,Domínio aplicável = Sim + Não; Não declarado coincide com circulação Aquavia + Saltado.
E04,Iluminação pública,Moradores,3509007002,V05213,Não,397.0,4.365515724653618,4.367436743674367,NÃO,9094.0,9090.0,Domínio aplicável = Sim + Não; Não declarado coincide com circulação Aquavia + Saltado.
E04,Iluminação pública,Moradores,3509007002,V05214,Não declarado,4.0,0.04398504508467121,,SIM,9094.0,9090.0,Domínio aplicável = Sim + Não; Não declarado coincide com circulação Aquavia + Saltado.
E04,Iluminação pública,Faces,3509007002,V05412,Sim,441.0,95.66160520607376,96.71052631578947,NÃO,461.0,456.0,Domínio aplicável = Sim + Não; Não declarado coincide com circulação Aquavia + Saltado.
E04,Iluminação pública,Faces,3509007002,V05413,Não,15.0,3.2537960954446854,3.289473684210526,NÃO,461.0,456.0,Domínio aplicável = Sim + Não; Não declarado coincide com circulação Aquavia + Saltado.
E04,Iluminação pública,Faces,3509007002,V05414,Não declarado,5.0,1.0845986984815619,,SIM,461.0,456.0,Domínio aplicável = Sim + Não; Não declarado coincide com circulação Aquavia + Saltado.
E05,Ponto de ônibus,Domicílios,3509007002,V05015,Sim,745.0,23.95498392282958,23.96268896751367,NÃO,3110.0,3109.0,Domínio aplicável = Sim + Não; Não declarado coincide com circulação Aquavia + Saltado.
E05,Ponto de ônibus,Domicílios,3509007002,V05016,Não,2364.0,76.0128617363344,76.03731103248633,NÃO,3110.0,3109.0,Domínio aplicável = Sim + Não; Não declarado coincide com circulação Aquavia + Saltado.
E05,Ponto de ônibus,Domicílios,3509007002,V05017,Não declarado,1.0,0.03215434083601286,,SIM,3110.0,3109.0,Domínio aplicável = Sim + Não; Não declarado coincide com circulação Aquavia + Saltado.
E05,Ponto de ônibus,Moradores,3509007002,V05215,Sim,2074.0,22.806245876402023,22.816281628162816,NÃO,9094.0,9090.0,Domínio aplicável = Sim + Não; Não declarado coincide com circulação Aquavia + Saltado.
E05,Ponto de ônibus,Moradores,3509007002,V05216,Não,7016.0,77.1497690785133,77.18371837183719,NÃO,9094.0,9090.0,Domínio aplicável = Sim + Não; Não declarado coincide com circulação Aquavia + Saltado.
E05,Ponto de ônibus,Moradores,3509007002,V05217,Não declarado,4.0,0.04398504508467121,,SIM,9094.0,9090.0,Domínio aplicável = Sim + Não; Não declarado coincide com circulação Aquavia + Saltado.
E05,Ponto de ônibus,Faces,3509007002,V05415,Sim,57.0,12.364425162689804,12.5,NÃO,461.0,456.0,Domínio aplicável = Sim + Não; Não declarado coincide com circulação Aquavia + Saltado.
E05,Ponto de ônibus,Faces,3509007002,V05416,Não,399.0,86.55097613882863,87.5,NÃO,461.0,456.0,Domínio aplicável = Sim + Não; Não declarado coincide com circulação Aquavia + Saltado.
E05,Ponto de ônibus,Faces,3509007002,V05417,Não declarado,5.0,1.0845986984815619,,SIM,461.0,456.0,Domínio aplicável = Sim + Não; Não declarado coincide com circulação Aquavia + Saltado.
E06,Via sinalizada para bicicleta,Domicílios,3509007002,V05018,Sim,118.0,3.7942122186495175,3.7954326149887425,NÃO,3110.0,3109.0,Domínio aplicável = Sim + Não; Não declarado coincide com circulação Aquavia + Saltado.
E06,Via sinalizada para bicicleta,Domicílios,3509007002,V05019,Não,2991.0,96.17363344051448,96.20456738501126,NÃO,3110.0,3109.0,Domínio aplicável = Sim + Não; Não declarado coincide com circulação Aquavia + Saltado.
E06,Via sinalizada para bicicleta,Domicílios,3509007002,V05020,Não declarado,1.0,0.03215434083601286,,SIM,3110.0,3109.0,Domínio aplicável = Sim + Não; Não declarado coincide com circulação Aquavia + Saltado.
E06,Via sinalizada para bicicleta,Moradores,3509007002,V05218,Sim,359.0,3.947657796349241,3.949394939493949,NÃO,9094.0,9090.0,Domínio aplicável = Sim + Não; Não declarado coincide com circulação Aquavia + Saltado.
E06,Via sinalizada para bicicleta,Moradores,3509007002,V05219,Não,8731.0,96.00835715856608,96.05060506050606,NÃO,9094.0,9090.0,Domínio aplicável = Sim + Não; Não declarado coincide com circulação Aquavia + Saltado.
E06,Via sinalizada para bicicleta,Moradores,3509007002,V05220,Não declarado,4.0,0.04398504508467121,,SIM,9094.0,9090.0,Domínio aplicável = Sim + Não; Não declarado coincide com circulação Aquavia + Saltado.
E06,Via sinalizada para bicicleta,Faces,3509007002,V05418,Sim,27.0,5.856832971800434,5.921052631578947,NÃO,461.0,456.0,Domínio aplicável = Sim + Não; Não declarado coincide com circulação Aquavia + Saltado.
E06,Via sinalizada para bicicleta,Faces,3509007002,V05419,Não,429.0,93.058568329718,94.07894736842105,NÃO,461.0,456.0,Domínio aplicável = Sim + Não; Não declarado coincide com circulação Aquavia + Saltado.
E06,Via sinalizada para bicicleta,Faces,3509007002,V05420,Não declarado,5.0,1.0845986984815619,,SIM,461.0,456.0,Domínio aplicável = Sim + Não; Não declarado coincide com circulação Aquavia + Saltado.
E07,Calçada,Domicílios,3509007002,V05021,Sim,2786.0,89.58199356913184,89.61080733354775,NÃO,3110.0,3109.0,Domínio aplicável = Sim + Não; Não declarado coincide com circulação Aquavia + Saltado.
E07,Calçada,Domicílios,3509007002,V05022,Não,323.0,10.385852090032156,10.389192666452235,NÃO,3110.0,3109.0,Domínio aplicável = Sim + Não; Não declarado coincide com circulação Aquavia + Saltado.
E07,Calçada,Domicílios,3509007002,V05023,Não declarado,1.0,0.03215434083601286,,SIM,3110.0,3109.0,Domínio aplicável = Sim + Não; Não declarado coincide com circulação Aquavia + Saltado.
E07,Calçada,Moradores,3509007002,V05221,Sim,8150.0,89.6195293600176,89.65896589658966,NÃO,9094.0,9090.0,Domínio aplicável = Sim + Não; Não declarado coincide com circulação Aquavia + Saltado.
E07,Calçada,Moradores,3509007002,V05222,Não,940.0,10.336485594897734,10.34103410341034,NÃO,9094.0,9090.0,Domínio aplicável = Sim + Não; Não declarado coincide com circulação Aquavia + Saltado.
E07,Calçada,Moradores,3509007002,V05223,Não declarado,4.0,0.04398504508467121,,SIM,9094.0,9090.0,Domínio aplicável = Sim + Não; Não declarado coincide com circulação Aquavia + Saltado.
E07,Calçada,Faces,3509007002,V05421,Sim,400.0,86.76789587852495,87.71929824561403,NÃO,461.0,456.0,Domínio aplicável = Sim + Não; Não declarado coincide com circulação Aquavia + Saltado.
E07,Calçada,Faces,3509007002,V05422,Não,56.0,12.147505422993492,12.280701754385964,NÃO,461.0,456.0,Domínio aplicável = Sim + Não; Não declarado coincide com circulação Aquavia + Saltado.
E07,Calçada,Faces,3509007002,V05423,Não declarado,5.0,1.0845986984815619,,SIM,461.0,456.0,Domínio aplicável = Sim + Não; Não declarado coincide com circulação Aquavia + Saltado.
E08,Obstáculo na calçada,Domicílios,3509007002,V05024,Sim,2574.0,82.7652733118971,92.39052404881551,NÃO,3110.0,2786.0,Domínio aplicável = Sim + Não; Não declarado coincide com ausência/não aplicação de calçada.
E08,Obstáculo na calçada,Domicílios,3509007002,V05025,Não,212.0,6.816720257234726,7.609475951184494,NÃO,3110.0,2786.0,Domínio aplicável = Sim + Não; Não declarado coincide com ausência/não aplicação de calçada.
E08,Obstáculo na calçada,Domicílios,3509007002,V05026,Não declarado,324.0,10.418006430868166,,SIM,3110.0,2786.0,Domínio aplicável = Sim + Não; Não declarado coincide com ausência/não aplicação de calçada.
E08,Obstáculo na calçada,Moradores,3509007002,V05224,Sim,7521.0,82.70288102045305,92.28220858895706,NÃO,9094.0,8150.0,Domínio aplicável = Sim + Não; Não declarado coincide com ausência/não aplicação de calçada.
E08,Obstáculo na calçada,Moradores,3509007002,V05225,Não,629.0,6.9166483395645475,7.717791411042945,NÃO,9094.0,8150.0,Domínio aplicável = Sim + Não; Não declarado coincide com ausência/não aplicação de calçada.
E08,Obstáculo na calçada,Moradores,3509007002,V05226,Não declarado,944.0,10.380470639982406,,SIM,9094.0,8150.0,Domínio aplicável = Sim + Não; Não declarado coincide com ausência/não aplicação de calçada.
E08,Obstáculo na calçada,Faces,3509007002,V05424,Sim,312.0,67.67895878524945,78.0,NÃO,461.0,400.0,Domínio aplicável = Sim + Não; Não declarado coincide com ausência/não aplicação de calçada.
E08,Obstáculo na calçada,Faces,3509007002,V05425,Não,88.0,19.088937093275486,22.0,NÃO,461.0,400.0,Domínio aplicável = Sim + Não; Não declarado coincide com ausência/não aplicação de calçada.
E08,Obstáculo na calçada,Faces,3509007002,V05426,Não declarado,61.0,13.232104121475055,,SIM,461.0,400.0,Domínio aplicável = Sim + Não; Não declarado coincide com ausência/não aplicação de calçada.
E09,Rampa para cadeirante,Domicílios,3509007002,V05027,Sim,49.0,1.5755627009646302,1.7587939698492463,NÃO,3110.0,2786.0,Domínio aplicável = Sim + Não; Não declarado coincide com ausência/não aplicação de calçada.
E09,Rampa para cadeirante,Domicílios,3509007002,V05028,Não,2737.0,88.0064308681672,98.24120603015075,NÃO,3110.0,2786.0,Domínio aplicável = Sim + Não; Não declarado coincide com ausência/não aplicação de calçada.
E09,Rampa para cadeirante,Domicílios,3509007002,V05029,Não declarado,324.0,10.418006430868166,,SIM,3110.0,2786.0,Domínio aplicável = Sim + Não; Não declarado coincide com ausência/não aplicação de calçada.
E09,Rampa para cadeirante,Moradores,3509007002,V05227,Sim,144.0,1.5834616230481637,1.7668711656441718,NÃO,9094.0,8150.0,Domínio aplicável = Sim + Não; Não declarado coincide com ausência/não aplicação de calçada.
E09,Rampa para cadeirante,Moradores,3509007002,V05228,Não,8006.0,88.03606773696943,98.23312883435584,NÃO,9094.0,8150.0,Domínio aplicável = Sim + Não; Não declarado coincide com ausência/não aplicação de calçada.
E09,Rampa para cadeirante,Moradores,3509007002,V05229,Não declarado,944.0,10.380470639982406,,SIM,9094.0,8150.0,Domínio aplicável = Sim + Não; Não declarado coincide com ausência/não aplicação de calçada.
E09,Rampa para cadeirante,Faces,3509007002,V05427,Sim,33.0,7.158351409978309,8.25,NÃO,461.0,400.0,Domínio aplicável = Sim + Não; Não declarado coincide com ausência/não aplicação de calçada.
E09,Rampa para cadeirante,Faces,3509007002,V05428,Não,367.0,79.60954446854663,91.75,NÃO,461.0,400.0,Domínio aplicável = Sim + Não; Não declarado coincide com ausência/não aplicação de calçada.
E09,Rampa para cadeirante,Faces,3509007002,V05429,Não declarado,61.0,13.232104121475055,,SIM,461.0,400.0,Domínio aplicável = Sim + Não; Não declarado coincide com ausência/não aplicação de calçada.
E10,Arborização,Domicílios,3509007002,V05030,Sem árvores,958.0,30.803858520900324,30.81376648440013,NÃO,3110.0,3109.0,Domínio aplicável = classes substantivas de arborização; Saltado fica fora.
E10,Arborização,Domicílios,3509007002,V05031,1 a 2 árvores,525.0,16.881028938906752,16.88645866838212,NÃO,3110.0,3109.0,Domínio aplicável = classes substantivas de arborização; Saltado fica fora.
E10,Arborização,Domicílios,3509007002,V05032,3 a 4 árvores,289.0,9.292604501607716,9.295593438404632,NÃO,3110.0,3109.0,Domínio aplicável = classes substantivas de arborização; Saltado fica fora.
E10,Arborização,Domicílios,3509007002,V05033,5 ou mais árvores,1337.0,42.99035369774919,43.004181408813125,NÃO,3110.0,3109.0,Domínio aplicável = classes substantivas de arborização; Saltado fica fora.
E10,Arborização,Domicílios,3509007002,V05034,Saltado,1.0,0.03215434083601286,,SIM,3110.0,3109.0,Domínio aplicável = classes substantivas de arborização; Saltado fica fora.
E10,Arborização,Moradores,3509007002,V05230,Sem árvores,2801.0,30.800527820541017,30.814081408140815,NÃO,9094.0,9090.0,Domínio aplicável = classes substantivas de arborização; Saltado fica fora.
E10,Arborização,Moradores,3509007002,V05231,1 a 2 árvores,1463.0,16.087530239718497,16.094609460946092,NÃO,9094.0,9090.0,Domínio aplicável = classes substantivas de arborização; Saltado fica fora.
E10,Arborização,Moradores,3509007002,V05232,3 a 4 árvores,808.0,8.884979107103584,8.88888888888889,NÃO,9094.0,9090.0,Domínio aplicável = classes substantivas de arborização; Saltado fica fora.
E10,Arborização,Moradores,3509007002,V05233,5 ou mais árvores,4018.0,44.18297778755223,44.2024202420242,NÃO,9094.0,9090.0,Domínio aplicável = classes substantivas de arborização; Saltado fica fora.
E10,Arborização,Moradores,3509007002,V05234,Saltado,4.0,0.04398504508467121,,SIM,9094.0,9090.0,Domínio aplicável = classes substantivas de arborização; Saltado fica fora.
E10,Arborização,Faces,3509007002,V05430,Sem árvores,127.0,27.54880694143167,27.850877192982455,NÃO,461.0,456.0,Domínio aplicável = classes substantivas de arborização; Saltado fica fora.
E10,Arborização,Faces,3509007002,V05431,1 a 2 árvores,43.0,9.327548806941431,9.429824561403509,NÃO,461.0,456.0,Domínio aplicável = classes substantivas de arborização; Saltado fica fora.
E10,Arborização,Faces,3509007002,V05432,3 a 4 árvores,22.0,4.772234273318872,4.824561403508771,NÃO,461.0,456.0,Domínio aplicável = classes substantivas de arborização; Saltado fica fora.
E10,Arborização,Faces,3509007002,V05433,5 ou mais árvores,264.0,57.26681127982647,57.89473684210527,NÃO,461.0,456.0,Domínio aplicável = classes substantivas de arborização; Saltado fica fora.
E10,Arborização,Faces,3509007002,V05434,Saltado,5.0,1.0845986984815619,,SIM,461.0,456.0,Domínio aplicável = classes substantivas de arborização; Saltado fica fora.
E01,Circulação da via,Domicílios,3509007003,V05001,"Caminhão, ônibus",5392.0,98.68228404099561,98.7364951474089,NÃO,5464.0,5461.0,Domínio aplicável = categorias substantivas de circulação; Saltado fica fora.
E01,Circulação da via,Domicílios,3509007003,V05002,Carros de passeio ou van,48.0,0.8784773060029283,0.8789598974546786,NÃO,5464.0,5461.0,Domínio aplicável = categorias substantivas de circulação; Saltado fica fora.
E01,Circulação da via,Domicílios,3509007003,V05003,"Pedestres, bicicletas e motocicletas",21.0,0.38433382137628114,0.3845449551364219,NÃO,5464.0,5461.0,Domínio aplicável = categorias substantivas de circulação; Saltado fica fora.
E01,Circulação da via,Domicílios,3509007003,V05004,Aquavia,0.0,0.0,0.0,NÃO,5464.0,5461.0,Domínio aplicável = categorias substantivas de circulação; Saltado fica fora.
E01,Circulação da via,Domicílios,3509007003,V05005,Saltado,3.0,0.05490483162518302,,SIM,5464.0,5461.0,Domínio aplicável = categorias substantivas de circulação; Saltado fica fora.
E01,Circulação da via,Moradores,3509007003,V05201,"Caminhão, ônibus",15248.0,98.60320744956027,98.67339675143984,NÃO,15464.0,15453.0,Domínio aplicável = categorias substantivas de circulação; Saltado fica fora.
E01,Circulação da via,Moradores,3509007003,V05202,Carros de passeio ou van,149.0,0.9635281945162959,0.9642140684656701,NÃO,15464.0,15453.0,Domínio aplicável = categorias substantivas de circulação; Saltado fica fora.
E01,Circulação da via,Moradores,3509007003,V05203,"Pedestres, bicicletas e motocicletas",56.0,0.3621314019658562,0.36238918009448,NÃO,15464.0,15453.0,Domínio aplicável = categorias substantivas de circulação; Saltado fica fora.
E01,Circulação da via,Moradores,3509007003,V05204,Aquavia,0.0,0.0,0.0,NÃO,15464.0,15453.0,Domínio aplicável = categorias substantivas de circulação; Saltado fica fora.
E01,Circulação da via,Moradores,3509007003,V05205,Saltado,11.0,0.07113295395757889,,SIM,15464.0,15453.0,Domínio aplicável = categorias substantivas de circulação; Saltado fica fora.
E01,Circulação da via,Faces,3509007003,V05401,"Caminhão, ônibus",361.0,82.23234624145786,83.95348837209302,NÃO,439.0,430.0,Domínio aplicável = categorias substantivas de circulação; Saltado fica fora.
E01,Circulação da via,Faces,3509007003,V05402,Carros de passeio ou van,15.0,3.416856492027335,3.488372093023256,NÃO,439.0,430.0,Domínio aplicável = categorias substantivas de circulação; Saltado fica fora.
E01,Circulação da via,Faces,3509007003,V05403,"Pedestres, bicicletas e motocicletas",54.0,12.300683371298406,12.558139534883722,NÃO,439.0,430.0,Domínio aplicável = categorias substantivas de circulação; Saltado fica fora.
E01,Circulação da via,Faces,3509007003,V05404,Aquavia,0.0,0.0,0.0,NÃO,439.0,430.0,Domínio aplicável = categorias substantivas de circulação; Saltado fica fora.
E01,Circulação da via,Faces,3509007003,V05405,Saltado,9.0,2.050113895216401,,SIM,439.0,430.0,Domínio aplicável = categorias substantivas de circulação; Saltado fica fora.
E02,Pavimentação,Domicílios,3509007003,V05006,Sim,5384.0,98.5358711566618,98.59000183116645,NÃO,5464.0,5461.0,Domínio aplicável = Sim + Não; Não declarado coincide com circulação Aquavia + Saltado.
E02,Pavimentação,Domicílios,3509007003,V05007,Não,77.0,1.4092240117130308,1.409998168833547,NÃO,5464.0,5461.0,Domínio aplicável = Sim + Não; Não declarado coincide com circulação Aquavia + Saltado.
E02,Pavimentação,Domicílios,3509007003,V05008,Não declarado,3.0,0.05490483162518302,,SIM,5464.0,5461.0,Domínio aplicável = Sim + Não; Não declarado coincide com circulação Aquavia + Saltado.
E02,Pavimentação,Moradores,3509007003,V05206,Sim,15220.0,98.42214174857735,98.49220216139261,NÃO,15464.0,15453.0,Domínio aplicável = Sim + Não; Não declarado coincide com circulação Aquavia + Saltado.
E02,Pavimentação,Moradores,3509007003,V05207,Não,233.0,1.5067252974650802,1.50779783860739,NÃO,15464.0,15453.0,Domínio aplicável = Sim + Não; Não declarado coincide com circulação Aquavia + Saltado.
E02,Pavimentação,Moradores,3509007003,V05208,Não declarado,11.0,0.07113295395757889,,SIM,15464.0,15453.0,Domínio aplicável = Sim + Não; Não declarado coincide com circulação Aquavia + Saltado.
E02,Pavimentação,Faces,3509007003,V05406,Sim,408.0,92.9384965831435,94.88372093023256,NÃO,439.0,430.0,Domínio aplicável = Sim + Não; Não declarado coincide com circulação Aquavia + Saltado.
E02,Pavimentação,Faces,3509007003,V05407,Não,22.0,5.0113895216400905,5.116279069767442,NÃO,439.0,430.0,Domínio aplicável = Sim + Não; Não declarado coincide com circulação Aquavia + Saltado.
E02,Pavimentação,Faces,3509007003,V05408,Não declarado,9.0,2.050113895216401,,SIM,439.0,430.0,Domínio aplicável = Sim + Não; Não declarado coincide com circulação Aquavia + Saltado.
E03,Bueiro / boca de lobo,Domicílios,3509007003,V05009,Sim,3129.0,57.265739385065885,57.29719831532686,NÃO,5464.0,5461.0,Domínio aplicável = Sim + Não; Não declarado coincide com circulação Aquavia + Saltado.
E03,Bueiro / boca de lobo,Domicílios,3509007003,V05010,Não,2332.0,42.67935578330893,42.70280168467313,NÃO,5464.0,5461.0,Domínio aplicável = Sim + Não; Não declarado coincide com circulação Aquavia + Saltado.
E03,Bueiro / boca de lobo,Domicílios,3509007003,V05011,Não declarado,3.0,0.05490483162518302,,SIM,5464.0,5461.0,Domínio aplicável = Sim + Não; Não declarado coincide com circulação Aquavia + Saltado.
E03,Bueiro / boca de lobo,Moradores,3509007003,V05209,Sim,8950.0,57.87635799275738,57.917556461528505,NÃO,15464.0,15453.0,Domínio aplicável = Sim + Não; Não declarado coincide com circulação Aquavia + Saltado.
E03,Bueiro / boca de lobo,Moradores,3509007003,V05210,Não,6503.0,42.05250905328505,42.082443538471495,NÃO,15464.0,15453.0,Domínio aplicável = Sim + Não; Não declarado coincide com circulação Aquavia + Saltado.
E03,Bueiro / boca de lobo,Moradores,3509007003,V05211,Não declarado,11.0,0.07113295395757889,,SIM,15464.0,15453.0,Domínio aplicável = Sim + Não; Não declarado coincide com circulação Aquavia + Saltado.
E03,Bueiro / boca de lobo,Faces,3509007003,V05409,Sim,239.0,54.441913439635535,55.58139534883721,NÃO,439.0,430.0,Domínio aplicável = Sim + Não; Não declarado coincide com circulação Aquavia + Saltado.
E03,Bueiro / boca de lobo,Faces,3509007003,V05410,Não,191.0,43.50797266514807,44.41860465116279,NÃO,439.0,430.0,Domínio aplicável = Sim + Não; Não declarado coincide com circulação Aquavia + Saltado.
E03,Bueiro / boca de lobo,Faces,3509007003,V05411,Não declarado,9.0,2.050113895216401,,SIM,439.0,430.0,Domínio aplicável = Sim + Não; Não declarado coincide com circulação Aquavia + Saltado.
E04,Iluminação pública,Domicílios,3509007003,V05012,Sim,5428.0,99.34114202049781,99.39571507049992,NÃO,5464.0,5461.0,Domínio aplicável = Sim + Não; Não declarado coincide com circulação Aquavia + Saltado.
E04,Iluminação pública,Domicílios,3509007003,V05013,Não,33.0,0.6039531478770132,0.6042849295000916,NÃO,5464.0,5461.0,Domínio aplicável = Sim + Não; Não declarado coincide com circulação Aquavia + Saltado.
E04,Iluminação pública,Domicílios,3509007003,V05014,Não declarado,3.0,0.05490483162518302,,SIM,5464.0,5461.0,Domínio aplicável = Sim + Não; Não declarado coincide com circulação Aquavia + Saltado.
E04,Iluminação pública,Moradores,3509007003,V05212,Sim,15360.0,99.32747025349198,99.3981751116288,NÃO,15464.0,15453.0,Domínio aplicável = Sim + Não; Não declarado coincide com circulação Aquavia + Saltado.
E04,Iluminação pública,Moradores,3509007003,V05213,Não,93.0,0.6013967925504398,0.6018248883711901,NÃO,15464.0,15453.0,Domínio aplicável = Sim + Não; Não declarado coincide com circulação Aquavia + Saltado.
E04,Iluminação pública,Moradores,3509007003,V05214,Não declarado,11.0,0.07113295395757889,,SIM,15464.0,15453.0,Domínio aplicável = Sim + Não; Não declarado coincide com circulação Aquavia + Saltado.
E04,Iluminação pública,Faces,3509007003,V05412,Sim,425.0,96.81093394077449,98.83720930232558,NÃO,439.0,430.0,Domínio aplicável = Sim + Não; Não declarado coincide com circulação Aquavia + Saltado.
E04,Iluminação pública,Faces,3509007003,V05413,Não,5.0,1.1389521640091116,1.1627906976744187,NÃO,439.0,430.0,Domínio aplicável = Sim + Não; Não declarado coincide com circulação Aquavia + Saltado.
E04,Iluminação pública,Faces,3509007003,V05414,Não declarado,9.0,2.050113895216401,,SIM,439.0,430.0,Domínio aplicável = Sim + Não; Não declarado coincide com circulação Aquavia + Saltado.
E05,Ponto de ônibus,Domicílios,3509007003,V05015,Sim,1359.0,24.871888726207906,24.88555209668559,NÃO,5464.0,5461.0,Domínio aplicável = Sim + Não; Não declarado coincide com circulação Aquavia + Saltado.
E05,Ponto de ônibus,Domicílios,3509007003,V05016,Não,4102.0,75.0732064421669,75.11444790331441,NÃO,5464.0,5461.0,Domínio aplicável = Sim + Não; Não declarado coincide com circulação Aquavia + Saltado.
E05,Ponto de ônibus,Domicílios,3509007003,V05017,Não declarado,3.0,0.05490483162518302,,SIM,5464.0,5461.0,Domínio aplicável = Sim + Não; Não declarado coincide com circulação Aquavia + Saltado.
E05,Ponto de ônibus,Moradores,3509007003,V05215,Sim,3837.0,24.81246766683911,24.830130071830713,NÃO,15464.0,15453.0,Domínio aplicável = Sim + Não; Não declarado coincide com circulação Aquavia + Saltado.
E05,Ponto de ônibus,Moradores,3509007003,V05216,Não,11616.0,75.11639937920332,75.16986992816929,NÃO,15464.0,15453.0,Domínio aplicável = Sim + Não; Não declarado coincide com circulação Aquavia + Saltado.
E05,Ponto de ônibus,Moradores,3509007003,V05217,Não declarado,11.0,0.07113295395757889,,SIM,15464.0,15453.0,Domínio aplicável = Sim + Não; Não declarado coincide com circulação Aquavia + Saltado.
E05,Ponto de ônibus,Faces,3509007003,V05415,Sim,98.0,22.323462414578586,22.790697674418606,NÃO,439.0,430.0,Domínio aplicável = Sim + Não; Não declarado coincide com circulação Aquavia + Saltado.
E05,Ponto de ônibus,Faces,3509007003,V05416,Não,332.0,75.62642369020502,77.20930232558139,NÃO,439.0,430.0,Domínio aplicável = Sim + Não; Não declarado coincide com circulação Aquavia + Saltado.
E05,Ponto de ônibus,Faces,3509007003,V05417,Não declarado,9.0,2.050113895216401,,SIM,439.0,430.0,Domínio aplicável = Sim + Não; Não declarado coincide com circulação Aquavia + Saltado.
E06,Via sinalizada para bicicleta,Domicílios,3509007003,V05018,Sim,37.0,0.6771595900439239,0.6775315876213148,NÃO,5464.0,5461.0,Domínio aplicável = Sim + Não; Não declarado coincide com circulação Aquavia + Saltado.
E06,Via sinalizada para bicicleta,Domicílios,3509007003,V05019,Não,5424.0,99.26793557833089,99.32246841237868,NÃO,5464.0,5461.0,Domínio aplicável = Sim + Não; Não declarado coincide com circulação Aquavia + Saltado.
E06,Via sinalizada para bicicleta,Domicílios,3509007003,V05020,Não declarado,3.0,0.05490483162518302,,SIM,5464.0,5461.0,Domínio aplicável = Sim + Não; Não declarado coincide com circulação Aquavia + Saltado.
E06,Via sinalizada para bicicleta,Moradores,3509007003,V05218,Sim,107.0,0.6919296430419037,0.6924221833948101,NÃO,15464.0,15453.0,Domínio aplicável = Sim + Não; Não declarado coincide com circulação Aquavia + Saltado.
E06,Via sinalizada para bicicleta,Moradores,3509007003,V05219,Não,15346.0,99.23693740300051,99.30757781660519,NÃO,15464.0,15453.0,Domínio aplicável = Sim + Não; Não declarado coincide com circulação Aquavia + Saltado.
E06,Via sinalizada para bicicleta,Moradores,3509007003,V05220,Não declarado,11.0,0.07113295395757889,,SIM,15464.0,15453.0,Domínio aplicável = Sim + Não; Não declarado coincide com circulação Aquavia + Saltado.
E06,Via sinalizada para bicicleta,Faces,3509007003,V05418,Sim,5.0,1.1389521640091116,1.1627906976744187,NÃO,439.0,430.0,Domínio aplicável = Sim + Não; Não declarado coincide com circulação Aquavia + Saltado.
E06,Via sinalizada para bicicleta,Faces,3509007003,V05419,Não,425.0,96.81093394077449,98.83720930232558,NÃO,439.0,430.0,Domínio aplicável = Sim + Não; Não declarado coincide com circulação Aquavia + Saltado.
E06,Via sinalizada para bicicleta,Faces,3509007003,V05420,Não declarado,9.0,2.050113895216401,,SIM,439.0,430.0,Domínio aplicável = Sim + Não; Não declarado coincide com circulação Aquavia + Saltado.
E07,Calçada,Domicílios,3509007003,V05021,Sim,5355.0,98.00512445095168,98.05896355978759,NÃO,5464.0,5461.0,Domínio aplicável = Sim + Não; Não declarado coincide com circulação Aquavia + Saltado.
E07,Calçada,Domicílios,3509007003,V05022,Não,106.0,1.9399707174231333,1.9410364402124154,NÃO,5464.0,5461.0,Domínio aplicável = Sim + Não; Não declarado coincide com circulação Aquavia + Saltado.
E07,Calçada,Domicílios,3509007003,V05023,Não declarado,3.0,0.05490483162518302,,SIM,5464.0,5461.0,Domínio aplicável = Sim + Não; Não declarado coincide com circulação Aquavia + Saltado.
E07,Calçada,Moradores,3509007003,V05221,Sim,15151.0,97.97594412829798,98.04568692163333,NÃO,15464.0,15453.0,Domínio aplicável = Sim + Não; Não declarado coincide com circulação Aquavia + Saltado.
E07,Calçada,Moradores,3509007003,V05222,Não,302.0,1.9529229177444387,1.9543130783666602,NÃO,15464.0,15453.0,Domínio aplicável = Sim + Não; Não declarado coincide com circulação Aquavia + Saltado.
E07,Calçada,Moradores,3509007003,V05223,Não declarado,11.0,0.07113295395757889,,SIM,15464.0,15453.0,Domínio aplicável = Sim + Não; Não declarado coincide com circulação Aquavia + Saltado.
E07,Calçada,Faces,3509007003,V05421,Sim,341.0,77.67653758542141,79.30232558139535,NÃO,439.0,430.0,Domínio aplicável = Sim + Não; Não declarado coincide com circulação Aquavia + Saltado.
E07,Calçada,Faces,3509007003,V05422,Não,89.0,20.273348519362187,20.69767441860465,NÃO,439.0,430.0,Domínio aplicável = Sim + Não; Não declarado coincide com circulação Aquavia + Saltado.
E07,Calçada,Faces,3509007003,V05423,Não declarado,9.0,2.050113895216401,,SIM,439.0,430.0,Domínio aplicável = Sim + Não; Não declarado coincide com circulação Aquavia + Saltado.
E08,Obstáculo na calçada,Domicílios,3509007003,V05024,Sim,4658.0,85.2489019033675,86.98412698412699,NÃO,5464.0,5355.0,Domínio aplicável = Sim + Não; Não declarado coincide com ausência/não aplicação de calçada.
E08,Obstáculo na calçada,Domicílios,3509007003,V05025,Não,697.0,12.756222547584187,13.015873015873018,NÃO,5464.0,5355.0,Domínio aplicável = Sim + Não; Não declarado coincide com ausência/não aplicação de calçada.
E08,Obstáculo na calçada,Domicílios,3509007003,V05026,Não declarado,109.0,1.9948755490483163,,SIM,5464.0,5355.0,Domínio aplicável = Sim + Não; Não declarado coincide com ausência/não aplicação de calçada.
E08,Obstáculo na calçada,Moradores,3509007003,V05224,Sim,13253.0,85.70227625452664,87.47277407431852,NÃO,15464.0,15151.0,Domínio aplicável = Sim + Não; Não declarado coincide com ausência/não aplicação de calçada.
E08,Obstáculo na calçada,Moradores,3509007003,V05225,Não,1898.0,12.27366787377134,12.527225925681474,NÃO,15464.0,15151.0,Domínio aplicável = Sim + Não; Não declarado coincide com ausência/não aplicação de calçada.
E08,Obstáculo na calçada,Moradores,3509007003,V05226,Não declarado,313.0,2.0240558717020174,,SIM,15464.0,15151.0,Domínio aplicável = Sim + Não; Não declarado coincide com ausência/não aplicação de calçada.
E08,Obstáculo na calçada,Faces,3509007003,V05424,Sim,285.0,64.92027334851936,83.57771260997067,NÃO,439.0,341.0,Domínio aplicável = Sim + Não; Não declarado coincide com ausência/não aplicação de calçada.
E08,Obstáculo na calçada,Faces,3509007003,V05425,Não,56.0,12.756264236902052,16.422287390029325,NÃO,439.0,341.0,Domínio aplicável = Sim + Não; Não declarado coincide com ausência/não aplicação de calçada.
E08,Obstáculo na calçada,Faces,3509007003,V05426,Não declarado,98.0,22.323462414578586,,SIM,439.0,341.0,Domínio aplicável = Sim + Não; Não declarado coincide com ausência/não aplicação de calçada.
E09,Rampa para cadeirante,Domicílios,3509007003,V05027,Sim,210.0,3.843338213762811,3.9215686274509802,NÃO,5464.0,5355.0,Domínio aplicável = Sim + Não; Não declarado coincide com ausência/não aplicação de calçada.
E09,Rampa para cadeirante,Domicílios,3509007003,V05028,Não,5145.0,94.16178623718888,96.07843137254902,NÃO,5464.0,5355.0,Domínio aplicável = Sim + Não; Não declarado coincide com ausência/não aplicação de calçada.
E09,Rampa para cadeirante,Domicílios,3509007003,V05029,Não declarado,109.0,1.9948755490483163,,SIM,5464.0,5355.0,Domínio aplicável = Sim + Não; Não declarado coincide com ausência/não aplicação de calçada.
E09,Rampa para cadeirante,Moradores,3509007003,V05227,Sim,616.0,3.983445421624418,4.065738235099993,NÃO,15464.0,15151.0,Domínio aplicável = Sim + Não; Não declarado coincide com ausência/não aplicação de calçada.
E09,Rampa para cadeirante,Moradores,3509007003,V05228,Não,14535.0,93.99249870667357,95.93426176490001,NÃO,15464.0,15151.0,Domínio aplicável = Sim + Não; Não declarado coincide com ausência/não aplicação de calçada.
E09,Rampa para cadeirante,Moradores,3509007003,V05229,Não declarado,313.0,2.0240558717020174,,SIM,15464.0,15151.0,Domínio aplicável = Sim + Não; Não declarado coincide com ausência/não aplicação de calçada.
E09,Rampa para cadeirante,Faces,3509007003,V05427,Sim,11.0,2.5056947608200453,3.225806451612903,NÃO,439.0,341.0,Domínio aplicável = Sim + Não; Não declarado coincide com ausência/não aplicação de calçada.
E09,Rampa para cadeirante,Faces,3509007003,V05428,Não,330.0,75.17084282460137,96.7741935483871,NÃO,439.0,341.0,Domínio aplicável = Sim + Não; Não declarado coincide com ausência/não aplicação de calçada.
E09,Rampa para cadeirante,Faces,3509007003,V05429,Não declarado,98.0,22.323462414578586,,SIM,439.0,341.0,Domínio aplicável = Sim + Não; Não declarado coincide com ausência/não aplicação de calçada.
E10,Arborização,Domicílios,3509007003,V05030,Sem árvores,952.0,17.423133235724745,17.432704632851127,NÃO,5464.0,5461.0,Domínio aplicável = classes substantivas de arborização; Saltado fica fora.
E10,Arborização,Domicílios,3509007003,V05031,1 a 2 árvores,1530.0,28.001464128843338,28.016846731367885,NÃO,5464.0,5461.0,Domínio aplicável = classes substantivas de arborização; Saltado fica fora.
E10,Arborização,Domicílios,3509007003,V05032,3 a 4 árvores,1265.0,23.151537335285504,23.164255630836845,NÃO,5464.0,5461.0,Domínio aplicável = classes substantivas de arborização; Saltado fica fora.
E10,Arborização,Domicílios,3509007003,V05033,5 ou mais árvores,1714.0,31.36896046852123,31.38619300494415,NÃO,5464.0,5461.0,Domínio aplicável = classes substantivas de arborização; Saltado fica fora.
E10,Arborização,Domicílios,3509007003,V05034,Saltado,3.0,0.05490483162518302,,SIM,5464.0,5461.0,Domínio aplicável = classes substantivas de arborização; Saltado fica fora.
E10,Arborização,Moradores,3509007003,V05230,Sem árvores,2703.0,17.479306777030523,17.491749174917494,NÃO,15464.0,15453.0,Domínio aplicável = classes substantivas de arborização; Saltado fica fora.
E10,Arborização,Moradores,3509007003,V05231,1 a 2 árvores,4231.0,27.36032074495603,27.379796803209732,NÃO,15464.0,15453.0,Domínio aplicável = classes substantivas de arborização; Saltado fica fora.
E10,Arborização,Moradores,3509007003,V05232,3 a 4 árvores,3570.0,23.085876875323333,23.1023102310231,NÃO,15464.0,15453.0,Domínio aplicável = classes substantivas de arborização; Saltado fica fora.
E10,Arborização,Moradores,3509007003,V05233,5 ou mais árvores,4949.0,32.00336264873254,32.02614379084967,NÃO,15464.0,15453.0,Domínio aplicável = classes substantivas de arborização; Saltado fica fora.
E10,Arborização,Moradores,3509007003,V05234,Saltado,11.0,0.07113295395757889,,SIM,15464.0,15453.0,Domínio aplicável = classes substantivas de arborização; Saltado fica fora.
E10,Arborização,Faces,3509007003,V05430,Sem árvores,154.0,35.079726651480634,35.81395348837209,NÃO,439.0,430.0,Domínio aplicável = classes substantivas de arborização; Saltado fica fora.
E10,Arborização,Faces,3509007003,V05431,1 a 2 árvores,93.0,21.184510250569478,21.627906976744185,NÃO,439.0,430.0,Domínio aplicável = classes substantivas de arborização; Saltado fica fora.
E10,Arborização,Faces,3509007003,V05432,3 a 4 árvores,60.0,13.66742596810934,13.953488372093023,NÃO,439.0,430.0,Domínio aplicável = classes substantivas de arborização; Saltado fica fora.
E10,Arborização,Faces,3509007003,V05433,5 ou mais árvores,123.0,28.018223234624145,28.604651162790695,NÃO,439.0,430.0,Domínio aplicável = classes substantivas de arborização; Saltado fica fora.
E10,Arborização,Faces,3509007003,V05434,Saltado,9.0,2.050113895216401,,SIM,439.0,430.0,Domínio aplicável = classes substantivas de arborização; Saltado fica fora.
E01,Circulação da via,Domicílios,3509007004,V05001,"Caminhão, ônibus",3773.0,99.13294797687861,99.13294797687861,NÃO,3806.0,3806.0,Domínio aplicável = categorias substantivas de circulação; Saltado fica fora.
E01,Circulação da via,Domicílios,3509007004,V05002,Carros de passeio ou van,27.0,0.7094062007356805,0.7094062007356805,NÃO,3806.0,3806.0,Domínio aplicável = categorias substantivas de circulação; Saltado fica fora.
E01,Circulação da via,Domicílios,3509007004,V05003,"Pedestres, bicicletas e motocicletas",6.0,0.1576458223857068,0.1576458223857068,NÃO,3806.0,3806.0,Domínio aplicável = categorias substantivas de circulação; Saltado fica fora.
E01,Circulação da via,Domicílios,3509007004,V05004,Aquavia,0.0,0.0,0.0,NÃO,3806.0,3806.0,Domínio aplicável = categorias substantivas de circulação; Saltado fica fora.
E01,Circulação da via,Domicílios,3509007004,V05005,Saltado,0.0,0.0,,SIM,3806.0,3806.0,Domínio aplicável = categorias substantivas de circulação; Saltado fica fora.
E01,Circulação da via,Moradores,3509007004,V05201,"Caminhão, ônibus",10380.0,99.23518164435946,99.23518164435946,NÃO,10460.0,10460.0,Domínio aplicável = categorias substantivas de circulação; Saltado fica fora.
E01,Circulação da via,Moradores,3509007004,V05202,Carros de passeio ou van,70.0,0.6692160611854685,0.6692160611854685,NÃO,10460.0,10460.0,Domínio aplicável = categorias substantivas de circulação; Saltado fica fora.
E01,Circulação da via,Moradores,3509007004,V05203,"Pedestres, bicicletas e motocicletas",10.0,0.09560229445506692,0.09560229445506692,NÃO,10460.0,10460.0,Domínio aplicável = categorias substantivas de circulação; Saltado fica fora.
E01,Circulação da via,Moradores,3509007004,V05204,Aquavia,0.0,0.0,0.0,NÃO,10460.0,10460.0,Domínio aplicável = categorias substantivas de circulação; Saltado fica fora.
E01,Circulação da via,Moradores,3509007004,V05205,Saltado,0.0,0.0,,SIM,10460.0,10460.0,Domínio aplicável = categorias substantivas de circulação; Saltado fica fora.
E01,Circulação da via,Faces,3509007004,V05401,"Caminhão, ônibus",457.0,88.7378640776699,88.91050583657587,NÃO,515.0,514.0,Domínio aplicável = categorias substantivas de circulação; Saltado fica fora.
E01,Circulação da via,Faces,3509007004,V05402,Carros de passeio ou van,6.0,1.1650485436893203,1.1673151750972763,NÃO,515.0,514.0,Domínio aplicável = categorias substantivas de circulação; Saltado fica fora.
E01,Circulação da via,Faces,3509007004,V05403,"Pedestres, bicicletas e motocicletas",51.0,9.902912621359224,9.922178988326849,NÃO,515.0,514.0,Domínio aplicável = categorias substantivas de circulação; Saltado fica fora.
E01,Circulação da via,Faces,3509007004,V05404,Aquavia,0.0,0.0,0.0,NÃO,515.0,514.0,Domínio aplicável = categorias substantivas de circulação; Saltado fica fora.
E01,Circulação da via,Faces,3509007004,V05405,Saltado,1.0,0.1941747572815534,,SIM,515.0,514.0,Domínio aplicável = categorias substantivas de circulação; Saltado fica fora.
E02,Pavimentação,Domicílios,3509007004,V05006,Sim,3806.0,100.0,100.0,NÃO,3806.0,3806.0,Domínio aplicável = Sim + Não; Não declarado coincide com circulação Aquavia + Saltado.
E02,Pavimentação,Domicílios,3509007004,V05007,Não,0.0,0.0,0.0,NÃO,3806.0,3806.0,Domínio aplicável = Sim + Não; Não declarado coincide com circulação Aquavia + Saltado.
E02,Pavimentação,Domicílios,3509007004,V05008,Não declarado,0.0,0.0,,SIM,3806.0,3806.0,Domínio aplicável = Sim + Não; Não declarado coincide com circulação Aquavia + Saltado.
E02,Pavimentação,Moradores,3509007004,V05206,Sim,10460.0,100.0,100.0,NÃO,10460.0,10460.0,Domínio aplicável = Sim + Não; Não declarado coincide com circulação Aquavia + Saltado.
E02,Pavimentação,Moradores,3509007004,V05207,Não,0.0,0.0,0.0,NÃO,10460.0,10460.0,Domínio aplicável = Sim + Não; Não declarado coincide com circulação Aquavia + Saltado.
E02,Pavimentação,Moradores,3509007004,V05208,Não declarado,0.0,0.0,,SIM,10460.0,10460.0,Domínio aplicável = Sim + Não; Não declarado coincide com circulação Aquavia + Saltado.
E02,Pavimentação,Faces,3509007004,V05406,Sim,514.0,99.80582524271846,100.0,NÃO,515.0,514.0,Domínio aplicável = Sim + Não; Não declarado coincide com circulação Aquavia + Saltado.
E02,Pavimentação,Faces,3509007004,V05407,Não,0.0,0.0,0.0,NÃO,515.0,514.0,Domínio aplicável = Sim + Não; Não declarado coincide com circulação Aquavia + Saltado.
E02,Pavimentação,Faces,3509007004,V05408,Não declarado,1.0,0.1941747572815534,,SIM,515.0,514.0,Domínio aplicável = Sim + Não; Não declarado coincide com circulação Aquavia + Saltado.
E03,Bueiro / boca de lobo,Domicílios,3509007004,V05009,Sim,2130.0,55.96426694692591,55.96426694692591,NÃO,3806.0,3806.0,Domínio aplicável = Sim + Não; Não declarado coincide com circulação Aquavia + Saltado.
E03,Bueiro / boca de lobo,Domicílios,3509007004,V05010,Não,1676.0,44.0357330530741,44.0357330530741,NÃO,3806.0,3806.0,Domínio aplicável = Sim + Não; Não declarado coincide com circulação Aquavia + Saltado.
E03,Bueiro / boca de lobo,Domicílios,3509007004,V05011,Não declarado,0.0,0.0,,SIM,3806.0,3806.0,Domínio aplicável = Sim + Não; Não declarado coincide com circulação Aquavia + Saltado.
E03,Bueiro / boca de lobo,Moradores,3509007004,V05209,Sim,6095.0,58.26959847036329,58.26959847036329,NÃO,10460.0,10460.0,Domínio aplicável = Sim + Não; Não declarado coincide com circulação Aquavia + Saltado.
E03,Bueiro / boca de lobo,Moradores,3509007004,V05210,Não,4365.0,41.730401529636715,41.730401529636715,NÃO,10460.0,10460.0,Domínio aplicável = Sim + Não; Não declarado coincide com circulação Aquavia + Saltado.
E03,Bueiro / boca de lobo,Moradores,3509007004,V05211,Não declarado,0.0,0.0,,SIM,10460.0,10460.0,Domínio aplicável = Sim + Não; Não declarado coincide com circulação Aquavia + Saltado.
E03,Bueiro / boca de lobo,Faces,3509007004,V05409,Sim,238.0,46.213592233009706,46.30350194552529,NÃO,515.0,514.0,Domínio aplicável = Sim + Não; Não declarado coincide com circulação Aquavia + Saltado.
E03,Bueiro / boca de lobo,Faces,3509007004,V05410,Não,276.0,53.592233009708735,53.69649805447471,NÃO,515.0,514.0,Domínio aplicável = Sim + Não; Não declarado coincide com circulação Aquavia + Saltado.
E03,Bueiro / boca de lobo,Faces,3509007004,V05411,Não declarado,1.0,0.1941747572815534,,SIM,515.0,514.0,Domínio aplicável = Sim + Não; Não declarado coincide com circulação Aquavia + Saltado.
E04,Iluminação pública,Domicílios,3509007004,V05012,Sim,3806.0,100.0,100.0,NÃO,3806.0,3806.0,Domínio aplicável = Sim + Não; Não declarado coincide com circulação Aquavia + Saltado.
E04,Iluminação pública,Domicílios,3509007004,V05013,Não,0.0,0.0,0.0,NÃO,3806.0,3806.0,Domínio aplicável = Sim + Não; Não declarado coincide com circulação Aquavia + Saltado.
E04,Iluminação pública,Domicílios,3509007004,V05014,Não declarado,0.0,0.0,,SIM,3806.0,3806.0,Domínio aplicável = Sim + Não; Não declarado coincide com circulação Aquavia + Saltado.
E04,Iluminação pública,Moradores,3509007004,V05212,Sim,10460.0,100.0,100.0,NÃO,10460.0,10460.0,Domínio aplicável = Sim + Não; Não declarado coincide com circulação Aquavia + Saltado.
E04,Iluminação pública,Moradores,3509007004,V05213,Não,0.0,0.0,0.0,NÃO,10460.0,10460.0,Domínio aplicável = Sim + Não; Não declarado coincide com circulação Aquavia + Saltado.
E04,Iluminação pública,Moradores,3509007004,V05214,Não declarado,0.0,0.0,,SIM,10460.0,10460.0,Domínio aplicável = Sim + Não; Não declarado coincide com circulação Aquavia + Saltado.
E04,Iluminação pública,Faces,3509007004,V05412,Sim,514.0,99.80582524271846,100.0,NÃO,515.0,514.0,Domínio aplicável = Sim + Não; Não declarado coincide com circulação Aquavia + Saltado.
E04,Iluminação pública,Faces,3509007004,V05413,Não,0.0,0.0,0.0,NÃO,515.0,514.0,Domínio aplicável = Sim + Não; Não declarado coincide com circulação Aquavia + Saltado.
E04,Iluminação pública,Faces,3509007004,V05414,Não declarado,1.0,0.1941747572815534,,SIM,515.0,514.0,Domínio aplicável = Sim + Não; Não declarado coincide com circulação Aquavia + Saltado.
E05,Ponto de ônibus,Domicílios,3509007004,V05015,Sim,791.0,20.782974251182342,20.782974251182342,NÃO,3806.0,3806.0,Domínio aplicável = Sim + Não; Não declarado coincide com circulação Aquavia + Saltado.
E05,Ponto de ônibus,Domicílios,3509007004,V05016,Não,3015.0,79.21702574881766,79.21702574881766,NÃO,3806.0,3806.0,Domínio aplicável = Sim + Não; Não declarado coincide com circulação Aquavia + Saltado.
E05,Ponto de ônibus,Domicílios,3509007004,V05017,Não declarado,0.0,0.0,,SIM,3806.0,3806.0,Domínio aplicável = Sim + Não; Não declarado coincide com circulação Aquavia + Saltado.
E05,Ponto de ônibus,Moradores,3509007004,V05215,Sim,2090.0,19.980879541108987,19.980879541108987,NÃO,10460.0,10460.0,Domínio aplicável = Sim + Não; Não declarado coincide com circulação Aquavia + Saltado.
E05,Ponto de ônibus,Moradores,3509007004,V05216,Não,8370.0,80.01912045889101,80.01912045889101,NÃO,10460.0,10460.0,Domínio aplicável = Sim + Não; Não declarado coincide com circulação Aquavia + Saltado.
E05,Ponto de ônibus,Moradores,3509007004,V05217,Não declarado,0.0,0.0,,SIM,10460.0,10460.0,Domínio aplicável = Sim + Não; Não declarado coincide com circulação Aquavia + Saltado.
E05,Ponto de ônibus,Faces,3509007004,V05415,Sim,99.0,19.223300970873787,19.26070038910506,NÃO,515.0,514.0,Domínio aplicável = Sim + Não; Não declarado coincide com circulação Aquavia + Saltado.
E05,Ponto de ônibus,Faces,3509007004,V05416,Não,415.0,80.58252427184466,80.73929961089495,NÃO,515.0,514.0,Domínio aplicável = Sim + Não; Não declarado coincide com circulação Aquavia + Saltado.
E05,Ponto de ônibus,Faces,3509007004,V05417,Não declarado,1.0,0.1941747572815534,,SIM,515.0,514.0,Domínio aplicável = Sim + Não; Não declarado coincide com circulação Aquavia + Saltado.
E06,Via sinalizada para bicicleta,Domicílios,3509007004,V05018,Sim,26.0,0.6831318970047293,0.6831318970047293,NÃO,3806.0,3806.0,Domínio aplicável = Sim + Não; Não declarado coincide com circulação Aquavia + Saltado.
E06,Via sinalizada para bicicleta,Domicílios,3509007004,V05019,Não,3780.0,99.31686810299527,99.31686810299527,NÃO,3806.0,3806.0,Domínio aplicável = Sim + Não; Não declarado coincide com circulação Aquavia + Saltado.
E06,Via sinalizada para bicicleta,Domicílios,3509007004,V05020,Não declarado,0.0,0.0,,SIM,3806.0,3806.0,Domínio aplicável = Sim + Não; Não declarado coincide com circulação Aquavia + Saltado.
E06,Via sinalizada para bicicleta,Moradores,3509007004,V05218,Sim,57.0,0.5449330783938815,0.5449330783938815,NÃO,10460.0,10460.0,Domínio aplicável = Sim + Não; Não declarado coincide com circulação Aquavia + Saltado.
E06,Via sinalizada para bicicleta,Moradores,3509007004,V05219,Não,10403.0,99.45506692160612,99.45506692160612,NÃO,10460.0,10460.0,Domínio aplicável = Sim + Não; Não declarado coincide com circulação Aquavia + Saltado.
E06,Via sinalizada para bicicleta,Moradores,3509007004,V05220,Não declarado,0.0,0.0,,SIM,10460.0,10460.0,Domínio aplicável = Sim + Não; Não declarado coincide com circulação Aquavia + Saltado.
E06,Via sinalizada para bicicleta,Faces,3509007004,V05418,Sim,13.0,2.524271844660194,2.529182879377432,NÃO,515.0,514.0,Domínio aplicável = Sim + Não; Não declarado coincide com circulação Aquavia + Saltado.
E06,Via sinalizada para bicicleta,Faces,3509007004,V05419,Não,501.0,97.28155339805825,97.47081712062257,NÃO,515.0,514.0,Domínio aplicável = Sim + Não; Não declarado coincide com circulação Aquavia + Saltado.
E06,Via sinalizada para bicicleta,Faces,3509007004,V05420,Não declarado,1.0,0.1941747572815534,,SIM,515.0,514.0,Domínio aplicável = Sim + Não; Não declarado coincide com circulação Aquavia + Saltado.
E07,Calçada,Domicílios,3509007004,V05021,Sim,3775.0,99.18549658434051,99.18549658434051,NÃO,3806.0,3806.0,Domínio aplicável = Sim + Não; Não declarado coincide com circulação Aquavia + Saltado.
E07,Calçada,Domicílios,3509007004,V05022,Não,31.0,0.814503415659485,0.814503415659485,NÃO,3806.0,3806.0,Domínio aplicável = Sim + Não; Não declarado coincide com circulação Aquavia + Saltado.
E07,Calçada,Domicílios,3509007004,V05023,Não declarado,0.0,0.0,,SIM,3806.0,3806.0,Domínio aplicável = Sim + Não; Não declarado coincide com circulação Aquavia + Saltado.
E07,Calçada,Moradores,3509007004,V05221,Sim,10376.0,99.19694072657744,99.19694072657744,NÃO,10460.0,10460.0,Domínio aplicável = Sim + Não; Não declarado coincide com circulação Aquavia + Saltado.
E07,Calçada,Moradores,3509007004,V05222,Não,84.0,0.8030592734225621,0.8030592734225621,NÃO,10460.0,10460.0,Domínio aplicável = Sim + Não; Não declarado coincide com circulação Aquavia + Saltado.
E07,Calçada,Moradores,3509007004,V05223,Não declarado,0.0,0.0,,SIM,10460.0,10460.0,Domínio aplicável = Sim + Não; Não declarado coincide com circulação Aquavia + Saltado.
E07,Calçada,Faces,3509007004,V05421,Sim,486.0,94.36893203883496,94.55252918287937,NÃO,515.0,514.0,Domínio aplicável = Sim + Não; Não declarado coincide com circulação Aquavia + Saltado.
E07,Calçada,Faces,3509007004,V05422,Não,28.0,5.436893203883495,5.447470817120623,NÃO,515.0,514.0,Domínio aplicável = Sim + Não; Não declarado coincide com circulação Aquavia + Saltado.
E07,Calçada,Faces,3509007004,V05423,Não declarado,1.0,0.1941747572815534,,SIM,515.0,514.0,Domínio aplicável = Sim + Não; Não declarado coincide com circulação Aquavia + Saltado.
E08,Obstáculo na calçada,Domicílios,3509007004,V05024,Sim,1100.0,28.901734104046245,29.13907284768212,NÃO,3806.0,3775.0,Domínio aplicável = Sim + Não; Não declarado coincide com ausência/não aplicação de calçada.
E08,Obstáculo na calçada,Domicílios,3509007004,V05025,Não,2675.0,70.28376248029427,70.86092715231787,NÃO,3806.0,3775.0,Domínio aplicável = Sim + Não; Não declarado coincide com ausência/não aplicação de calçada.
E08,Obstáculo na calçada,Domicílios,3509007004,V05026,Não declarado,31.0,0.814503415659485,,SIM,3806.0,3775.0,Domínio aplicável = Sim + Não; Não declarado coincide com ausência/não aplicação de calçada.
E08,Obstáculo na calçada,Moradores,3509007004,V05224,Sim,2995.0,28.632887189292543,28.86468774094063,NÃO,10460.0,10376.0,Domínio aplicável = Sim + Não; Não declarado coincide com ausência/não aplicação de calçada.
E08,Obstáculo na calçada,Moradores,3509007004,V05225,Não,7381.0,70.5640535372849,71.13531225905938,NÃO,10460.0,10376.0,Domínio aplicável = Sim + Não; Não declarado coincide com ausência/não aplicação de calçada.
E08,Obstáculo na calçada,Moradores,3509007004,V05226,Não declarado,84.0,0.8030592734225621,,SIM,10460.0,10376.0,Domínio aplicável = Sim + Não; Não declarado coincide com ausência/não aplicação de calçada.
E08,Obstáculo na calçada,Faces,3509007004,V05424,Sim,148.0,28.7378640776699,30.45267489711934,NÃO,515.0,486.0,Domínio aplicável = Sim + Não; Não declarado coincide com ausência/não aplicação de calçada.
E08,Obstáculo na calçada,Faces,3509007004,V05425,Não,338.0,65.63106796116504,69.54732510288066,NÃO,515.0,486.0,Domínio aplicável = Sim + Não; Não declarado coincide com ausência/não aplicação de calçada.
E08,Obstáculo na calçada,Faces,3509007004,V05426,Não declarado,29.0,5.631067961165048,,SIM,515.0,486.0,Domínio aplicável = Sim + Não; Não declarado coincide com ausência/não aplicação de calçada.
E09,Rampa para cadeirante,Domicílios,3509007004,V05027,Sim,170.0,4.466631634261692,4.503311258278146,NÃO,3806.0,3775.0,Domínio aplicável = Sim + Não; Não declarado coincide com ausência/não aplicação de calçada.
E09,Rampa para cadeirante,Domicílios,3509007004,V05028,Não,3605.0,94.71886495007882,95.49668874172185,NÃO,3806.0,3775.0,Domínio aplicável = Sim + Não; Não declarado coincide com ausência/não aplicação de calçada.
E09,Rampa para cadeirante,Domicílios,3509007004,V05029,Não declarado,31.0,0.814503415659485,,SIM,3806.0,3775.0,Domínio aplicável = Sim + Não; Não declarado coincide com ausência/não aplicação de calçada.
E09,Rampa para cadeirante,Moradores,3509007004,V05227,Sim,399.0,3.8145315487571705,3.8454124903623743,NÃO,10460.0,10376.0,Domínio aplicável = Sim + Não; Não declarado coincide com ausência/não aplicação de calçada.
E09,Rampa para cadeirante,Moradores,3509007004,V05228,Não,9977.0,95.38240917782026,96.15458750963762,NÃO,10460.0,10376.0,Domínio aplicável = Sim + Não; Não declarado coincide com ausência/não aplicação de calçada.
E09,Rampa para cadeirante,Moradores,3509007004,V05229,Não declarado,84.0,0.8030592734225621,,SIM,10460.0,10376.0,Domínio aplicável = Sim + Não; Não declarado coincide com ausência/não aplicação de calçada.
E09,Rampa para cadeirante,Faces,3509007004,V05427,Sim,43.0,8.349514563106796,8.847736625514404,NÃO,515.0,486.0,Domínio aplicável = Sim + Não; Não declarado coincide com ausência/não aplicação de calçada.
E09,Rampa para cadeirante,Faces,3509007004,V05428,Não,443.0,86.01941747572816,91.1522633744856,NÃO,515.0,486.0,Domínio aplicável = Sim + Não; Não declarado coincide com ausência/não aplicação de calçada.
E09,Rampa para cadeirante,Faces,3509007004,V05429,Não declarado,29.0,5.631067961165048,,SIM,515.0,486.0,Domínio aplicável = Sim + Não; Não declarado coincide com ausência/não aplicação de calçada.
E10,Arborização,Domicílios,3509007004,V05030,Sem árvores,1537.0,40.38360483447189,40.38360483447189,NÃO,3806.0,3806.0,Domínio aplicável = classes substantivas de arborização; Saltado fica fora.
E10,Arborização,Domicílios,3509007004,V05031,1 a 2 árvores,554.0,14.555964266946924,14.555964266946924,NÃO,3806.0,3806.0,Domínio aplicável = classes substantivas de arborização; Saltado fica fora.
E10,Arborização,Domicílios,3509007004,V05032,3 a 4 árvores,590.0,15.501839201261166,15.501839201261166,NÃO,3806.0,3806.0,Domínio aplicável = classes substantivas de arborização; Saltado fica fora.
E10,Arborização,Domicílios,3509007004,V05033,5 ou mais árvores,1125.0,29.55859169732002,29.55859169732002,NÃO,3806.0,3806.0,Domínio aplicável = classes substantivas de arborização; Saltado fica fora.
E10,Arborização,Domicílios,3509007004,V05034,Saltado,0.0,0.0,,SIM,3806.0,3806.0,Domínio aplicável = classes substantivas de arborização; Saltado fica fora.
E10,Arborização,Moradores,3509007004,V05230,Sem árvores,4270.0,40.82217973231357,40.82217973231357,NÃO,10460.0,10460.0,Domínio aplicável = classes substantivas de arborização; Saltado fica fora.
E10,Arborização,Moradores,3509007004,V05231,1 a 2 árvores,1480.0,14.149139579349903,14.149139579349903,NÃO,10460.0,10460.0,Domínio aplicável = classes substantivas de arborização; Saltado fica fora.
E10,Arborização,Moradores,3509007004,V05232,3 a 4 árvores,1516.0,14.493307839388144,14.493307839388144,NÃO,10460.0,10460.0,Domínio aplicável = classes substantivas de arborização; Saltado fica fora.
E10,Arborização,Moradores,3509007004,V05233,5 ou mais árvores,3194.0,30.535372848948374,30.535372848948374,NÃO,10460.0,10460.0,Domínio aplicável = classes substantivas de arborização; Saltado fica fora.
E10,Arborização,Moradores,3509007004,V05234,Saltado,0.0,0.0,,SIM,10460.0,10460.0,Domínio aplicável = classes substantivas de arborização; Saltado fica fora.
E10,Arborização,Faces,3509007004,V05430,Sem árvores,250.0,48.54368932038835,48.63813229571984,NÃO,515.0,514.0,Domínio aplicável = classes substantivas de arborização; Saltado fica fora.
E10,Arborização,Faces,3509007004,V05431,1 a 2 árvores,76.0,14.757281553398057,14.785992217898833,NÃO,515.0,514.0,Domínio aplicável = classes substantivas de arborização; Saltado fica fora.
E10,Arborização,Faces,3509007004,V05432,3 a 4 árvores,52.0,10.097087378640776,10.116731517509727,NÃO,515.0,514.0,Domínio aplicável = classes substantivas de arborização; Saltado fica fora.
E10,Arborização,Faces,3509007004,V05433,5 ou mais árvores,136.0,26.407766990291265,26.459143968871597,NÃO,515.0,514.0,Domínio aplicável = classes substantivas de arborização; Saltado fica fora.
E10,Arborização,Faces,3509007004,V05434,Saltado,1.0,0.1941747572815534,,SIM,515.0,514.0,Domínio aplicável = classes substantivas de arborização; Saltado fica fora.
E01,Circulação da via,Domicílios,3509007005,V05001,"Caminhão, ônibus",7218.0,96.48442721561288,96.48442721561288,NÃO,7481.0,7481.0,Domínio aplicável = categorias substantivas de circulação; Saltado fica fora.
E01,Circulação da via,Domicílios,3509007005,V05002,Carros de passeio ou van,167.0,2.2323218821013233,2.2323218821013233,NÃO,7481.0,7481.0,Domínio aplicável = categorias substantivas de circulação; Saltado fica fora.
E01,Circulação da via,Domicílios,3509007005,V05003,"Pedestres, bicicletas e motocicletas",96.0,1.2832509022857908,1.2832509022857908,NÃO,7481.0,7481.0,Domínio aplicável = categorias substantivas de circulação; Saltado fica fora.
E01,Circulação da via,Domicílios,3509007005,V05004,Aquavia,0.0,0.0,0.0,NÃO,7481.0,7481.0,Domínio aplicável = categorias substantivas de circulação; Saltado fica fora.
E01,Circulação da via,Domicílios,3509007005,V05005,Saltado,0.0,0.0,,SIM,7481.0,7481.0,Domínio aplicável = categorias substantivas de circulação; Saltado fica fora.
E01,Circulação da via,Moradores,3509007005,V05201,"Caminhão, ônibus",21426.0,96.40494938132733,96.40494938132733,NÃO,22225.0,22225.0,Domínio aplicável = categorias substantivas de circulação; Saltado fica fora.
E01,Circulação da via,Moradores,3509007005,V05202,Carros de passeio ou van,500.0,2.249718785151856,2.249718785151856,NÃO,22225.0,22225.0,Domínio aplicável = categorias substantivas de circulação; Saltado fica fora.
E01,Circulação da via,Moradores,3509007005,V05203,"Pedestres, bicicletas e motocicletas",299.0,1.34533183352081,1.34533183352081,NÃO,22225.0,22225.0,Domínio aplicável = categorias substantivas de circulação; Saltado fica fora.
E01,Circulação da via,Moradores,3509007005,V05204,Aquavia,0.0,0.0,0.0,NÃO,22225.0,22225.0,Domínio aplicável = categorias substantivas de circulação; Saltado fica fora.
E01,Circulação da via,Moradores,3509007005,V05205,Saltado,0.0,0.0,,SIM,22225.0,22225.0,Domínio aplicável = categorias substantivas de circulação; Saltado fica fora.
E01,Circulação da via,Faces,3509007005,V05401,"Caminhão, ônibus",661.0,85.07078507078506,85.73281452658884,NÃO,777.0,771.0,Domínio aplicável = categorias substantivas de circulação; Saltado fica fora.
E01,Circulação da via,Faces,3509007005,V05402,Carros de passeio ou van,25.0,3.2175032175032174,3.24254215304799,NÃO,777.0,771.0,Domínio aplicável = categorias substantivas de circulação; Saltado fica fora.
E01,Circulação da via,Faces,3509007005,V05403,"Pedestres, bicicletas e motocicletas",85.0,10.939510939510939,11.024643320363165,NÃO,777.0,771.0,Domínio aplicável = categorias substantivas de circulação; Saltado fica fora.
E01,Circulação da via,Faces,3509007005,V05404,Aquavia,0.0,0.0,0.0,NÃO,777.0,771.0,Domínio aplicável = categorias substantivas de circulação; Saltado fica fora.
E01,Circulação da via,Faces,3509007005,V05405,Saltado,6.0,0.7722007722007722,,SIM,777.0,771.0,Domínio aplicável = categorias substantivas de circulação; Saltado fica fora.
E02,Pavimentação,Domicílios,3509007005,V05006,Sim,7382.0,98.67664750701778,98.67664750701778,NÃO,7481.0,7481.0,Domínio aplicável = Sim + Não; Não declarado coincide com circulação Aquavia + Saltado.
E02,Pavimentação,Domicílios,3509007005,V05007,Não,99.0,1.3233524929822216,1.3233524929822216,NÃO,7481.0,7481.0,Domínio aplicável = Sim + Não; Não declarado coincide com circulação Aquavia + Saltado.
E02,Pavimentação,Domicílios,3509007005,V05008,Não declarado,0.0,0.0,,SIM,7481.0,7481.0,Domínio aplicável = Sim + Não; Não declarado coincide com circulação Aquavia + Saltado.
E02,Pavimentação,Moradores,3509007005,V05206,Sim,21900.0,98.5376827896513,98.5376827896513,NÃO,22225.0,22225.0,Domínio aplicável = Sim + Não; Não declarado coincide com circulação Aquavia + Saltado.
E02,Pavimentação,Moradores,3509007005,V05207,Não,325.0,1.4623172103487065,1.4623172103487065,NÃO,22225.0,22225.0,Domínio aplicável = Sim + Não; Não declarado coincide com circulação Aquavia + Saltado.
E02,Pavimentação,Moradores,3509007005,V05208,Não declarado,0.0,0.0,,SIM,22225.0,22225.0,Domínio aplicável = Sim + Não; Não declarado coincide com circulação Aquavia + Saltado.
E02,Pavimentação,Faces,3509007005,V05406,Sim,762.0,98.06949806949807,98.83268482490273,NÃO,777.0,771.0,Domínio aplicável = Sim + Não; Não declarado coincide com circulação Aquavia + Saltado.
E02,Pavimentação,Faces,3509007005,V05407,Não,9.0,1.1583011583011582,1.1673151750972763,NÃO,777.0,771.0,Domínio aplicável = Sim + Não; Não declarado coincide com circulação Aquavia + Saltado.
E02,Pavimentação,Faces,3509007005,V05408,Não declarado,6.0,0.7722007722007722,,SIM,777.0,771.0,Domínio aplicável = Sim + Não; Não declarado coincide com circulação Aquavia + Saltado.
E03,Bueiro / boca de lobo,Domicílios,3509007005,V05009,Sim,5089.0,68.02566501804571,68.02566501804571,NÃO,7481.0,7481.0,Domínio aplicável = Sim + Não; Não declarado coincide com circulação Aquavia + Saltado.
E03,Bueiro / boca de lobo,Domicílios,3509007005,V05010,Não,2392.0,31.974334981954282,31.974334981954282,NÃO,7481.0,7481.0,Domínio aplicável = Sim + Não; Não declarado coincide com circulação Aquavia + Saltado.
E03,Bueiro / boca de lobo,Domicílios,3509007005,V05011,Não declarado,0.0,0.0,,SIM,7481.0,7481.0,Domínio aplicável = Sim + Não; Não declarado coincide com circulação Aquavia + Saltado.
E03,Bueiro / boca de lobo,Moradores,3509007005,V05209,Sim,15441.0,69.47581552305961,69.47581552305961,NÃO,22225.0,22225.0,Domínio aplicável = Sim + Não; Não declarado coincide com circulação Aquavia + Saltado.
E03,Bueiro / boca de lobo,Moradores,3509007005,V05210,Não,6784.0,30.52418447694038,30.52418447694038,NÃO,22225.0,22225.0,Domínio aplicável = Sim + Não; Não declarado coincide com circulação Aquavia + Saltado.
E03,Bueiro / boca de lobo,Moradores,3509007005,V05211,Não declarado,0.0,0.0,,SIM,22225.0,22225.0,Domínio aplicável = Sim + Não; Não declarado coincide com circulação Aquavia + Saltado.
E03,Bueiro / boca de lobo,Faces,3509007005,V05409,Sim,446.0,57.4002574002574,57.84695201037614,NÃO,777.0,771.0,Domínio aplicável = Sim + Não; Não declarado coincide com circulação Aquavia + Saltado.
E03,Bueiro / boca de lobo,Faces,3509007005,V05410,Não,325.0,41.82754182754182,42.153047989623865,NÃO,777.0,771.0,Domínio aplicável = Sim + Não; Não declarado coincide com circulação Aquavia + Saltado.
E03,Bueiro / boca de lobo,Faces,3509007005,V05411,Não declarado,6.0,0.7722007722007722,,SIM,777.0,771.0,Domínio aplicável = Sim + Não; Não declarado coincide com circulação Aquavia + Saltado.
E04,Iluminação pública,Domicílios,3509007005,V05012,Sim,7106.0,94.98730116294612,94.98730116294612,NÃO,7481.0,7481.0,Domínio aplicável = Sim + Não; Não declarado coincide com circulação Aquavia + Saltado.
E04,Iluminação pública,Domicílios,3509007005,V05013,Não,375.0,5.01269883705387,5.01269883705387,NÃO,7481.0,7481.0,Domínio aplicável = Sim + Não; Não declarado coincide com circulação Aquavia + Saltado.
E04,Iluminação pública,Domicílios,3509007005,V05014,Não declarado,0.0,0.0,,SIM,7481.0,7481.0,Domínio aplicável = Sim + Não; Não declarado coincide com circulação Aquavia + Saltado.
E04,Iluminação pública,Moradores,3509007005,V05212,Sim,21075.0,94.82564679415073,94.82564679415073,NÃO,22225.0,22225.0,Domínio aplicável = Sim + Não; Não declarado coincide com circulação Aquavia + Saltado.
E04,Iluminação pública,Moradores,3509007005,V05213,Não,1150.0,5.174353205849269,5.174353205849269,NÃO,22225.0,22225.0,Domínio aplicável = Sim + Não; Não declarado coincide com circulação Aquavia + Saltado.
E04,Iluminação pública,Moradores,3509007005,V05214,Não declarado,0.0,0.0,,SIM,22225.0,22225.0,Domínio aplicável = Sim + Não; Não declarado coincide com circulação Aquavia + Saltado.
E04,Iluminação pública,Faces,3509007005,V05412,Sim,722.0,92.92149292149293,93.64461738002593,NÃO,777.0,771.0,Domínio aplicável = Sim + Não; Não declarado coincide com circulação Aquavia + Saltado.
E04,Iluminação pública,Faces,3509007005,V05413,Não,49.0,6.306306306306306,6.355382619974059,NÃO,777.0,771.0,Domínio aplicável = Sim + Não; Não declarado coincide com circulação Aquavia + Saltado.
E04,Iluminação pública,Faces,3509007005,V05414,Não declarado,6.0,0.7722007722007722,,SIM,777.0,771.0,Domínio aplicável = Sim + Não; Não declarado coincide com circulação Aquavia + Saltado.
E05,Ponto de ônibus,Domicílios,3509007005,V05015,Sim,1387.0,18.540302098649914,18.540302098649914,NÃO,7481.0,7481.0,Domínio aplicável = Sim + Não; Não declarado coincide com circulação Aquavia + Saltado.
E05,Ponto de ônibus,Domicílios,3509007005,V05016,Não,6094.0,81.4596979013501,81.4596979013501,NÃO,7481.0,7481.0,Domínio aplicável = Sim + Não; Não declarado coincide com circulação Aquavia + Saltado.
E05,Ponto de ônibus,Domicílios,3509007005,V05017,Não declarado,0.0,0.0,,SIM,7481.0,7481.0,Domínio aplicável = Sim + Não; Não declarado coincide com circulação Aquavia + Saltado.
E05,Ponto de ônibus,Moradores,3509007005,V05215,Sim,4110.0,18.492688413948258,18.492688413948258,NÃO,22225.0,22225.0,Domínio aplicável = Sim + Não; Não declarado coincide com circulação Aquavia + Saltado.
E05,Ponto de ônibus,Moradores,3509007005,V05216,Não,18115.0,81.50731158605174,81.50731158605174,NÃO,22225.0,22225.0,Domínio aplicável = Sim + Não; Não declarado coincide com circulação Aquavia + Saltado.
E05,Ponto de ônibus,Moradores,3509007005,V05217,Não declarado,0.0,0.0,,SIM,22225.0,22225.0,Domínio aplicável = Sim + Não; Não declarado coincide com circulação Aquavia + Saltado.
E05,Ponto de ônibus,Faces,3509007005,V05415,Sim,129.0,16.602316602316602,16.731517509727624,NÃO,777.0,771.0,Domínio aplicável = Sim + Não; Não declarado coincide com circulação Aquavia + Saltado.
E05,Ponto de ônibus,Faces,3509007005,V05416,Não,642.0,82.62548262548263,83.26848249027238,NÃO,777.0,771.0,Domínio aplicável = Sim + Não; Não declarado coincide com circulação Aquavia + Saltado.
E05,Ponto de ônibus,Faces,3509007005,V05417,Não declarado,6.0,0.7722007722007722,,SIM,777.0,771.0,Domínio aplicável = Sim + Não; Não declarado coincide com circulação Aquavia + Saltado.
E06,Via sinalizada para bicicleta,Domicílios,3509007005,V05018,Sim,173.0,2.3125250634941854,2.3125250634941854,NÃO,7481.0,7481.0,Domínio aplicável = Sim + Não; Não declarado coincide com circulação Aquavia + Saltado.
E06,Via sinalizada para bicicleta,Domicílios,3509007005,V05019,Não,7308.0,97.68747493650581,97.68747493650581,NÃO,7481.0,7481.0,Domínio aplicável = Sim + Não; Não declarado coincide com circulação Aquavia + Saltado.
E06,Via sinalizada para bicicleta,Domicílios,3509007005,V05020,Não declarado,0.0,0.0,,SIM,7481.0,7481.0,Domínio aplicável = Sim + Não; Não declarado coincide com circulação Aquavia + Saltado.
E06,Via sinalizada para bicicleta,Moradores,3509007005,V05218,Sim,481.0,2.1642294713160855,2.1642294713160855,NÃO,22225.0,22225.0,Domínio aplicável = Sim + Não; Não declarado coincide com circulação Aquavia + Saltado.
E06,Via sinalizada para bicicleta,Moradores,3509007005,V05219,Não,21744.0,97.83577052868392,97.83577052868392,NÃO,22225.0,22225.0,Domínio aplicável = Sim + Não; Não declarado coincide com circulação Aquavia + Saltado.
E06,Via sinalizada para bicicleta,Moradores,3509007005,V05220,Não declarado,0.0,0.0,,SIM,22225.0,22225.0,Domínio aplicável = Sim + Não; Não declarado coincide com circulação Aquavia + Saltado.
E06,Via sinalizada para bicicleta,Faces,3509007005,V05418,Sim,32.0,4.1184041184041185,4.150453955901426,NÃO,777.0,771.0,Domínio aplicável = Sim + Não; Não declarado coincide com circulação Aquavia + Saltado.
E06,Via sinalizada para bicicleta,Faces,3509007005,V05419,Não,739.0,95.10939510939511,95.84954604409857,NÃO,777.0,771.0,Domínio aplicável = Sim + Não; Não declarado coincide com circulação Aquavia + Saltado.
E06,Via sinalizada para bicicleta,Faces,3509007005,V05420,Não declarado,6.0,0.7722007722007722,,SIM,777.0,771.0,Domínio aplicável = Sim + Não; Não declarado coincide com circulação Aquavia + Saltado.
E07,Calçada,Domicílios,3509007005,V05021,Sim,7231.0,96.65820077529742,96.65820077529742,NÃO,7481.0,7481.0,Domínio aplicável = Sim + Não; Não declarado coincide com circulação Aquavia + Saltado.
E07,Calçada,Domicílios,3509007005,V05022,Não,250.0,3.3417992247025796,3.3417992247025796,NÃO,7481.0,7481.0,Domínio aplicável = Sim + Não; Não declarado coincide com circulação Aquavia + Saltado.
E07,Calçada,Domicílios,3509007005,V05023,Não declarado,0.0,0.0,,SIM,7481.0,7481.0,Domínio aplicável = Sim + Não; Não declarado coincide com circulação Aquavia + Saltado.
E07,Calçada,Moradores,3509007005,V05221,Sim,21473.0,96.61642294713161,96.61642294713161,NÃO,22225.0,22225.0,Domínio aplicável = Sim + Não; Não declarado coincide com circulação Aquavia + Saltado.
E07,Calçada,Moradores,3509007005,V05222,Não,752.0,3.3835770528683917,3.3835770528683917,NÃO,22225.0,22225.0,Domínio aplicável = Sim + Não; Não declarado coincide com circulação Aquavia + Saltado.
E07,Calçada,Moradores,3509007005,V05223,Não declarado,0.0,0.0,,SIM,22225.0,22225.0,Domínio aplicável = Sim + Não; Não declarado coincide com circulação Aquavia + Saltado.
E07,Calçada,Faces,3509007005,V05421,Sim,651.0,83.78378378378379,84.43579766536965,NÃO,777.0,771.0,Domínio aplicável = Sim + Não; Não declarado coincide com circulação Aquavia + Saltado.
E07,Calçada,Faces,3509007005,V05422,Não,120.0,15.444015444015443,15.56420233463035,NÃO,777.0,771.0,Domínio aplicável = Sim + Não; Não declarado coincide com circulação Aquavia + Saltado.
E07,Calçada,Faces,3509007005,V05423,Não declarado,6.0,0.7722007722007722,,SIM,777.0,771.0,Domínio aplicável = Sim + Não; Não declarado coincide com circulação Aquavia + Saltado.
E08,Obstáculo na calçada,Domicílios,3509007005,V05024,Sim,6469.0,86.47239673840396,89.46203844558153,NÃO,7481.0,7231.0,Domínio aplicável = Sim + Não; Não declarado coincide com ausência/não aplicação de calçada.
E08,Obstáculo na calçada,Domicílios,3509007005,V05025,Não,762.0,10.185804036893463,10.537961554418477,NÃO,7481.0,7231.0,Domínio aplicável = Sim + Não; Não declarado coincide com ausência/não aplicação de calçada.
E08,Obstáculo na calçada,Domicílios,3509007005,V05026,Não declarado,250.0,3.3417992247025796,,SIM,7481.0,7231.0,Domínio aplicável = Sim + Não; Não declarado coincide com ausência/não aplicação de calçada.
E08,Obstáculo na calçada,Moradores,3509007005,V05224,Sim,19227.0,86.51068616422947,89.54035300144368,NÃO,22225.0,21473.0,Domínio aplicável = Sim + Não; Não declarado coincide com ausência/não aplicação de calçada.
E08,Obstáculo na calçada,Moradores,3509007005,V05225,Não,2246.0,10.105736782902138,10.459646998556327,NÃO,22225.0,21473.0,Domínio aplicável = Sim + Não; Não declarado coincide com ausência/não aplicação de calçada.
E08,Obstáculo na calçada,Moradores,3509007005,V05226,Não declarado,752.0,3.3835770528683917,,SIM,22225.0,21473.0,Domínio aplicável = Sim + Não; Não declarado coincide com ausência/não aplicação de calçada.
E08,Obstáculo na calçada,Faces,3509007005,V05424,Sim,540.0,69.4980694980695,82.94930875576037,NÃO,777.0,651.0,Domínio aplicável = Sim + Não; Não declarado coincide com ausência/não aplicação de calçada.
E08,Obstáculo na calçada,Faces,3509007005,V05425,Não,111.0,14.285714285714285,17.050691244239633,NÃO,777.0,651.0,Domínio aplicável = Sim + Não; Não declarado coincide com ausência/não aplicação de calçada.
E08,Obstáculo na calçada,Faces,3509007005,V05426,Não declarado,126.0,16.216216216216218,,SIM,777.0,651.0,Domínio aplicável = Sim + Não; Não declarado coincide com ausência/não aplicação de calçada.
E09,Rampa para cadeirante,Domicílios,3509007005,V05027,Sim,67.0,0.8956021922202915,0.9265661734199973,NÃO,7481.0,7231.0,Domínio aplicável = Sim + Não; Não declarado coincide com ausência/não aplicação de calçada.
E09,Rampa para cadeirante,Domicílios,3509007005,V05028,Não,7164.0,95.76259858307714,99.07343382658,NÃO,7481.0,7231.0,Domínio aplicável = Sim + Não; Não declarado coincide com ausência/não aplicação de calçada.
E09,Rampa para cadeirante,Domicílios,3509007005,V05029,Não declarado,250.0,3.3417992247025796,,SIM,7481.0,7231.0,Domínio aplicável = Sim + Não; Não declarado coincide com ausência/não aplicação de calçada.
E09,Rampa para cadeirante,Moradores,3509007005,V05227,Sim,189.0,0.8503937007874015,0.8801751036184977,NÃO,22225.0,21473.0,Domínio aplicável = Sim + Não; Não declarado coincide com ausência/não aplicação de calçada.
E09,Rampa para cadeirante,Moradores,3509007005,V05228,Não,21284.0,95.7660292463442,99.1198248963815,NÃO,22225.0,21473.0,Domínio aplicável = Sim + Não; Não declarado coincide com ausência/não aplicação de calçada.
E09,Rampa para cadeirante,Moradores,3509007005,V05229,Não declarado,752.0,3.3835770528683917,,SIM,22225.0,21473.0,Domínio aplicável = Sim + Não; Não declarado coincide com ausência/não aplicação de calçada.
E09,Rampa para cadeirante,Faces,3509007005,V05427,Sim,7.0,0.9009009009009009,1.0752688172043012,NÃO,777.0,651.0,Domínio aplicável = Sim + Não; Não declarado coincide com ausência/não aplicação de calçada.
E09,Rampa para cadeirante,Faces,3509007005,V05428,Não,644.0,82.88288288288288,98.9247311827957,NÃO,777.0,651.0,Domínio aplicável = Sim + Não; Não declarado coincide com ausência/não aplicação de calçada.
E09,Rampa para cadeirante,Faces,3509007005,V05429,Não declarado,126.0,16.216216216216218,,SIM,777.0,651.0,Domínio aplicável = Sim + Não; Não declarado coincide com ausência/não aplicação de calçada.
E10,Arborização,Domicílios,3509007005,V05030,Sem árvores,3428.0,45.82275096912177,45.82275096912177,NÃO,7481.0,7481.0,Domínio aplicável = classes substantivas de arborização; Saltado fica fora.
E10,Arborização,Domicílios,3509007005,V05031,1 a 2 árvores,1745.0,23.32575858842401,23.32575858842401,NÃO,7481.0,7481.0,Domínio aplicável = classes substantivas de arborização; Saltado fica fora.
E10,Arborização,Domicílios,3509007005,V05032,3 a 4 árvores,1175.0,15.706456356102125,15.706456356102125,NÃO,7481.0,7481.0,Domínio aplicável = classes substantivas de arborização; Saltado fica fora.
E10,Arborização,Domicílios,3509007005,V05033,5 ou mais árvores,1133.0,15.14503408635209,15.14503408635209,NÃO,7481.0,7481.0,Domínio aplicável = classes substantivas de arborização; Saltado fica fora.
E10,Arborização,Domicílios,3509007005,V05034,Saltado,0.0,0.0,,SIM,7481.0,7481.0,Domínio aplicável = classes substantivas de arborização; Saltado fica fora.
E10,Arborização,Moradores,3509007005,V05230,Sem árvores,9809.0,44.13498312710911,44.13498312710911,NÃO,22225.0,22225.0,Domínio aplicável = classes substantivas de arborização; Saltado fica fora.
E10,Arborização,Moradores,3509007005,V05231,1 a 2 árvores,5355.0,24.094488188976378,24.094488188976378,NÃO,22225.0,22225.0,Domínio aplicável = classes substantivas de arborização; Saltado fica fora.
E10,Arborização,Moradores,3509007005,V05232,3 a 4 árvores,3609.0,16.238470191226096,16.238470191226096,NÃO,22225.0,22225.0,Domínio aplicável = classes substantivas de arborização; Saltado fica fora.
E10,Arborização,Moradores,3509007005,V05233,5 ou mais árvores,3452.0,15.532058492688414,15.532058492688414,NÃO,22225.0,22225.0,Domínio aplicável = classes substantivas de arborização; Saltado fica fora.
E10,Arborização,Moradores,3509007005,V05234,Saltado,0.0,0.0,,SIM,22225.0,22225.0,Domínio aplicável = classes substantivas de arborização; Saltado fica fora.
E10,Arborização,Faces,3509007005,V05430,Sem árvores,500.0,64.35006435006436,64.85084306095979,NÃO,777.0,771.0,Domínio aplicável = classes substantivas de arborização; Saltado fica fora.
E10,Arborização,Faces,3509007005,V05431,1 a 2 árvores,123.0,15.83011583011583,15.953307392996107,NÃO,777.0,771.0,Domínio aplicável = classes substantivas de arborização; Saltado fica fora.
E10,Arborização,Faces,3509007005,V05432,3 a 4 árvores,65.0,8.365508365508365,8.430609597924773,NÃO,777.0,771.0,Domínio aplicável = classes substantivas de arborização; Saltado fica fora.
E10,Arborização,Faces,3509007005,V05433,5 ou mais árvores,83.0,10.682110682110682,10.765239948119326,NÃO,777.0,771.0,Domínio aplicável = classes substantivas de arborização; Saltado fica fora.
E10,Arborização,Faces,3509007005,V05434,Saltado,6.0,0.7722007722007722,,SIM,777.0,771.0,Domínio aplicável = classes substantivas de arborização; Saltado fica fora.
E01,Circulação da via,Domicílios,3509007006,V05001,"Caminhão, ônibus",5078.0,98.31558567279768,98.31558567279768,NÃO,5165.0,5165.0,Domínio aplicável = categorias substantivas de circulação; Saltado fica fora.
E01,Circulação da via,Domicílios,3509007006,V05002,Carros de passeio ou van,62.0,1.2003872216844145,1.2003872216844145,NÃO,5165.0,5165.0,Domínio aplicável = categorias substantivas de circulação; Saltado fica fora.
E01,Circulação da via,Domicílios,3509007006,V05003,"Pedestres, bicicletas e motocicletas",25.0,0.48402710551790895,0.48402710551790895,NÃO,5165.0,5165.0,Domínio aplicável = categorias substantivas de circulação; Saltado fica fora.
E01,Circulação da via,Domicílios,3509007006,V05004,Aquavia,0.0,0.0,0.0,NÃO,5165.0,5165.0,Domínio aplicável = categorias substantivas de circulação; Saltado fica fora.
E01,Circulação da via,Domicílios,3509007006,V05005,Saltado,0.0,0.0,,SIM,5165.0,5165.0,Domínio aplicável = categorias substantivas de circulação; Saltado fica fora.
E01,Circulação da via,Moradores,3509007006,V05201,"Caminhão, ônibus",14704.0,98.19687458260987,98.19687458260987,NÃO,14974.0,14974.0,Domínio aplicável = categorias substantivas de circulação; Saltado fica fora.
E01,Circulação da via,Moradores,3509007006,V05202,Carros de passeio ou van,184.0,1.2287965807399492,1.2287965807399492,NÃO,14974.0,14974.0,Domínio aplicável = categorias substantivas de circulação; Saltado fica fora.
E01,Circulação da via,Moradores,3509007006,V05203,"Pedestres, bicicletas e motocicletas",86.0,0.5743288366501936,0.5743288366501936,NÃO,14974.0,14974.0,Domínio aplicável = categorias substantivas de circulação; Saltado fica fora.
E01,Circulação da via,Moradores,3509007006,V05204,Aquavia,0.0,0.0,0.0,NÃO,14974.0,14974.0,Domínio aplicável = categorias substantivas de circulação; Saltado fica fora.
E01,Circulação da via,Moradores,3509007006,V05205,Saltado,0.0,0.0,,SIM,14974.0,14974.0,Domínio aplicável = categorias substantivas de circulação; Saltado fica fora.
E01,Circulação da via,Faces,3509007006,V05401,"Caminhão, ônibus",386.0,89.14549653579677,89.14549653579677,NÃO,433.0,433.0,Domínio aplicável = categorias substantivas de circulação; Saltado fica fora.
E01,Circulação da via,Faces,3509007006,V05402,Carros de passeio ou van,4.0,0.9237875288683602,0.9237875288683602,NÃO,433.0,433.0,Domínio aplicável = categorias substantivas de circulação; Saltado fica fora.
E01,Circulação da via,Faces,3509007006,V05403,"Pedestres, bicicletas e motocicletas",43.0,9.930715935334874,9.930715935334874,NÃO,433.0,433.0,Domínio aplicável = categorias substantivas de circulação; Saltado fica fora.
E01,Circulação da via,Faces,3509007006,V05404,Aquavia,0.0,0.0,0.0,NÃO,433.0,433.0,Domínio aplicável = categorias substantivas de circulação; Saltado fica fora.
E01,Circulação da via,Faces,3509007006,V05405,Saltado,0.0,0.0,,SIM,433.0,433.0,Domínio aplicável = categorias substantivas de circulação; Saltado fica fora.
E02,Pavimentação,Domicílios,3509007006,V05006,Sim,5156.0,99.82575024201356,99.82575024201356,NÃO,5165.0,5165.0,Domínio aplicável = Sim + Não; Não declarado coincide com circulação Aquavia + Saltado.
E02,Pavimentação,Domicílios,3509007006,V05007,Não,9.0,0.17424975798644723,0.17424975798644723,NÃO,5165.0,5165.0,Domínio aplicável = Sim + Não; Não declarado coincide com circulação Aquavia + Saltado.
E02,Pavimentação,Domicílios,3509007006,V05008,Não declarado,0.0,0.0,,SIM,5165.0,5165.0,Domínio aplicável = Sim + Não; Não declarado coincide com circulação Aquavia + Saltado.
E02,Pavimentação,Moradores,3509007006,V05206,Sim,14948.0,99.82636570054761,99.82636570054761,NÃO,14974.0,14974.0,Domínio aplicável = Sim + Não; Não declarado coincide com circulação Aquavia + Saltado.
E02,Pavimentação,Moradores,3509007006,V05207,Não,26.0,0.17363429945238415,0.17363429945238415,NÃO,14974.0,14974.0,Domínio aplicável = Sim + Não; Não declarado coincide com circulação Aquavia + Saltado.
E02,Pavimentação,Moradores,3509007006,V05208,Não declarado,0.0,0.0,,SIM,14974.0,14974.0,Domínio aplicável = Sim + Não; Não declarado coincide com circulação Aquavia + Saltado.
E02,Pavimentação,Faces,3509007006,V05406,Sim,427.0,98.61431870669746,98.61431870669746,NÃO,433.0,433.0,Domínio aplicável = Sim + Não; Não declarado coincide com circulação Aquavia + Saltado.
E02,Pavimentação,Faces,3509007006,V05407,Não,6.0,1.3856812933025404,1.3856812933025404,NÃO,433.0,433.0,Domínio aplicável = Sim + Não; Não declarado coincide com circulação Aquavia + Saltado.
E02,Pavimentação,Faces,3509007006,V05408,Não declarado,0.0,0.0,,SIM,433.0,433.0,Domínio aplicável = Sim + Não; Não declarado coincide com circulação Aquavia + Saltado.
E03,Bueiro / boca de lobo,Domicílios,3509007006,V05009,Sim,2836.0,54.90803484995159,54.90803484995159,NÃO,5165.0,5165.0,Domínio aplicável = Sim + Não; Não declarado coincide com circulação Aquavia + Saltado.
E03,Bueiro / boca de lobo,Domicílios,3509007006,V05010,Não,2329.0,45.0919651500484,45.0919651500484,NÃO,5165.0,5165.0,Domínio aplicável = Sim + Não; Não declarado coincide com circulação Aquavia + Saltado.
E03,Bueiro / boca de lobo,Domicílios,3509007006,V05011,Não declarado,0.0,0.0,,SIM,5165.0,5165.0,Domínio aplicável = Sim + Não; Não declarado coincide com circulação Aquavia + Saltado.
E03,Bueiro / boca de lobo,Moradores,3509007006,V05209,Sim,8148.0,54.41431815146254,54.41431815146254,NÃO,14974.0,14974.0,Domínio aplicável = Sim + Não; Não declarado coincide com circulação Aquavia + Saltado.
E03,Bueiro / boca de lobo,Moradores,3509007006,V05210,Não,6826.0,45.58568184853746,45.58568184853746,NÃO,14974.0,14974.0,Domínio aplicável = Sim + Não; Não declarado coincide com circulação Aquavia + Saltado.
E03,Bueiro / boca de lobo,Moradores,3509007006,V05211,Não declarado,0.0,0.0,,SIM,14974.0,14974.0,Domínio aplicável = Sim + Não; Não declarado coincide com circulação Aquavia + Saltado.
E03,Bueiro / boca de lobo,Faces,3509007006,V05409,Sim,251.0,57.96766743648961,57.96766743648961,NÃO,433.0,433.0,Domínio aplicável = Sim + Não; Não declarado coincide com circulação Aquavia + Saltado.
E03,Bueiro / boca de lobo,Faces,3509007006,V05410,Não,182.0,42.032332563510394,42.032332563510394,NÃO,433.0,433.0,Domínio aplicável = Sim + Não; Não declarado coincide com circulação Aquavia + Saltado.
E03,Bueiro / boca de lobo,Faces,3509007006,V05411,Não declarado,0.0,0.0,,SIM,433.0,433.0,Domínio aplicável = Sim + Não; Não declarado coincide com circulação Aquavia + Saltado.
E04,Iluminação pública,Domicílios,3509007006,V05012,Sim,5143.0,99.57405614714425,99.57405614714425,NÃO,5165.0,5165.0,Domínio aplicável = Sim + Não; Não declarado coincide com circulação Aquavia + Saltado.
E04,Iluminação pública,Domicílios,3509007006,V05013,Não,22.0,0.42594385285576,0.42594385285576,NÃO,5165.0,5165.0,Domínio aplicável = Sim + Não; Não declarado coincide com circulação Aquavia + Saltado.
E04,Iluminação pública,Domicílios,3509007006,V05014,Não declarado,0.0,0.0,,SIM,5165.0,5165.0,Domínio aplicável = Sim + Não; Não declarado coincide com circulação Aquavia + Saltado.
E04,Iluminação pública,Moradores,3509007006,V05212,Sim,14905.0,99.53920128222252,99.53920128222252,NÃO,14974.0,14974.0,Domínio aplicável = Sim + Não; Não declarado coincide com circulação Aquavia + Saltado.
E04,Iluminação pública,Moradores,3509007006,V05213,Não,69.0,0.46079871777748094,0.46079871777748094,NÃO,14974.0,14974.0,Domínio aplicável = Sim + Não; Não declarado coincide com circulação Aquavia + Saltado.
E04,Iluminação pública,Moradores,3509007006,V05214,Não declarado,0.0,0.0,,SIM,14974.0,14974.0,Domínio aplicável = Sim + Não; Não declarado coincide com circulação Aquavia + Saltado.
E04,Iluminação pública,Faces,3509007006,V05412,Sim,431.0,99.53810623556582,99.53810623556582,NÃO,433.0,433.0,Domínio aplicável = Sim + Não; Não declarado coincide com circulação Aquavia + Saltado.
E04,Iluminação pública,Faces,3509007006,V05413,Não,2.0,0.4618937644341801,0.4618937644341801,NÃO,433.0,433.0,Domínio aplicável = Sim + Não; Não declarado coincide com circulação Aquavia + Saltado.
E04,Iluminação pública,Faces,3509007006,V05414,Não declarado,0.0,0.0,,SIM,433.0,433.0,Domínio aplicável = Sim + Não; Não declarado coincide com circulação Aquavia + Saltado.
E05,Ponto de ônibus,Domicílios,3509007006,V05015,Sim,952.0,18.431752178121975,18.431752178121975,NÃO,5165.0,5165.0,Domínio aplicável = Sim + Não; Não declarado coincide com circulação Aquavia + Saltado.
E05,Ponto de ônibus,Domicílios,3509007006,V05016,Não,4213.0,81.56824782187803,81.56824782187803,NÃO,5165.0,5165.0,Domínio aplicável = Sim + Não; Não declarado coincide com circulação Aquavia + Saltado.
E05,Ponto de ônibus,Domicílios,3509007006,V05017,Não declarado,0.0,0.0,,SIM,5165.0,5165.0,Domínio aplicável = Sim + Não; Não declarado coincide com circulação Aquavia + Saltado.
E05,Ponto de ônibus,Moradores,3509007006,V05215,Sim,2724.0,18.191531988780554,18.191531988780554,NÃO,14974.0,14974.0,Domínio aplicável = Sim + Não; Não declarado coincide com circulação Aquavia + Saltado.
E05,Ponto de ônibus,Moradores,3509007006,V05216,Não,12250.0,81.80846801121945,81.80846801121945,NÃO,14974.0,14974.0,Domínio aplicável = Sim + Não; Não declarado coincide com circulação Aquavia + Saltado.
E05,Ponto de ônibus,Moradores,3509007006,V05217,Não declarado,0.0,0.0,,SIM,14974.0,14974.0,Domínio aplicável = Sim + Não; Não declarado coincide com circulação Aquavia + Saltado.
E05,Ponto de ônibus,Faces,3509007006,V05415,Sim,70.0,16.166281755196305,16.166281755196305,NÃO,433.0,433.0,Domínio aplicável = Sim + Não; Não declarado coincide com circulação Aquavia + Saltado.
E05,Ponto de ônibus,Faces,3509007006,V05416,Não,363.0,83.83371824480369,83.83371824480369,NÃO,433.0,433.0,Domínio aplicável = Sim + Não; Não declarado coincide com circulação Aquavia + Saltado.
E05,Ponto de ônibus,Faces,3509007006,V05417,Não declarado,0.0,0.0,,SIM,433.0,433.0,Domínio aplicável = Sim + Não; Não declarado coincide com circulação Aquavia + Saltado.
E06,Via sinalizada para bicicleta,Domicílios,3509007006,V05018,Sim,75.0,1.452081316553727,1.452081316553727,NÃO,5165.0,5165.0,Domínio aplicável = Sim + Não; Não declarado coincide com circulação Aquavia + Saltado.
E06,Via sinalizada para bicicleta,Domicílios,3509007006,V05019,Não,5090.0,98.54791868344628,98.54791868344628,NÃO,5165.0,5165.0,Domínio aplicável = Sim + Não; Não declarado coincide com circulação Aquavia + Saltado.
E06,Via sinalizada para bicicleta,Domicílios,3509007006,V05020,Não declarado,0.0,0.0,,SIM,5165.0,5165.0,Domínio aplicável = Sim + Não; Não declarado coincide com circulação Aquavia + Saltado.
E06,Via sinalizada para bicicleta,Moradores,3509007006,V05218,Sim,212.0,1.4157873647655936,1.4157873647655936,NÃO,14974.0,14974.0,Domínio aplicável = Sim + Não; Não declarado coincide com circulação Aquavia + Saltado.
E06,Via sinalizada para bicicleta,Moradores,3509007006,V05219,Não,14762.0,98.58421263523441,98.58421263523441,NÃO,14974.0,14974.0,Domínio aplicável = Sim + Não; Não declarado coincide com circulação Aquavia + Saltado.
E06,Via sinalizada para bicicleta,Moradores,3509007006,V05220,Não declarado,0.0,0.0,,SIM,14974.0,14974.0,Domínio aplicável = Sim + Não; Não declarado coincide com circulação Aquavia + Saltado.
E06,Via sinalizada para bicicleta,Faces,3509007006,V05418,Sim,4.0,0.9237875288683602,0.9237875288683602,NÃO,433.0,433.0,Domínio aplicável = Sim + Não; Não declarado coincide com circulação Aquavia + Saltado.
E06,Via sinalizada para bicicleta,Faces,3509007006,V05419,Não,429.0,99.07621247113164,99.07621247113164,NÃO,433.0,433.0,Domínio aplicável = Sim + Não; Não declarado coincide com circulação Aquavia + Saltado.
E06,Via sinalizada para bicicleta,Faces,3509007006,V05420,Não declarado,0.0,0.0,,SIM,433.0,433.0,Domínio aplicável = Sim + Não; Não declarado coincide com circulação Aquavia + Saltado.
E07,Calçada,Domicílios,3509007006,V05021,Sim,5044.0,97.65730880929333,97.65730880929333,NÃO,5165.0,5165.0,Domínio aplicável = Sim + Não; Não declarado coincide com circulação Aquavia + Saltado.
E07,Calçada,Domicílios,3509007006,V05022,Não,121.0,2.3426911907066796,2.3426911907066796,NÃO,5165.0,5165.0,Domínio aplicável = Sim + Não; Não declarado coincide com circulação Aquavia + Saltado.
E07,Calçada,Domicílios,3509007006,V05023,Não declarado,0.0,0.0,,SIM,5165.0,5165.0,Domínio aplicável = Sim + Não; Não declarado coincide com circulação Aquavia + Saltado.
E07,Calçada,Moradores,3509007006,V05221,Sim,14607.0,97.54908508080673,97.54908508080673,NÃO,14974.0,14974.0,Domínio aplicável = Sim + Não; Não declarado coincide com circulação Aquavia + Saltado.
E07,Calçada,Moradores,3509007006,V05222,Não,367.0,2.450914919193268,2.450914919193268,NÃO,14974.0,14974.0,Domínio aplicável = Sim + Não; Não declarado coincide com circulação Aquavia + Saltado.
E07,Calçada,Moradores,3509007006,V05223,Não declarado,0.0,0.0,,SIM,14974.0,14974.0,Domínio aplicável = Sim + Não; Não declarado coincide com circulação Aquavia + Saltado.
E07,Calçada,Faces,3509007006,V05421,Sim,389.0,89.83833718244803,89.83833718244803,NÃO,433.0,433.0,Domínio aplicável = Sim + Não; Não declarado coincide com circulação Aquavia + Saltado.
E07,Calçada,Faces,3509007006,V05422,Não,44.0,10.161662817551962,10.161662817551962,NÃO,433.0,433.0,Domínio aplicável = Sim + Não; Não declarado coincide com circulação Aquavia + Saltado.
E07,Calçada,Faces,3509007006,V05423,Não declarado,0.0,0.0,,SIM,433.0,433.0,Domínio aplicável = Sim + Não; Não declarado coincide com circulação Aquavia + Saltado.
E08,Obstáculo na calçada,Domicílios,3509007006,V05024,Sim,4465.0,86.44724104549854,88.52101506740682,NÃO,5165.0,5044.0,Domínio aplicável = Sim + Não; Não declarado coincide com ausência/não aplicação de calçada.
E08,Obstáculo na calçada,Domicílios,3509007006,V05025,Não,579.0,11.210067763794772,11.47898493259318,NÃO,5165.0,5044.0,Domínio aplicável = Sim + Não; Não declarado coincide com ausência/não aplicação de calçada.
E08,Obstáculo na calçada,Domicílios,3509007006,V05026,Não declarado,121.0,2.3426911907066796,,SIM,5165.0,5044.0,Domínio aplicável = Sim + Não; Não declarado coincide com ausência/não aplicação de calçada.
E08,Obstáculo na calçada,Moradores,3509007006,V05224,Sim,12919.0,86.27621210097503,88.44389676182652,NÃO,14974.0,14607.0,Domínio aplicável = Sim + Não; Não declarado coincide com ausência/não aplicação de calçada.
E08,Obstáculo na calçada,Moradores,3509007006,V05225,Não,1688.0,11.272872979831709,11.55610323817348,NÃO,14974.0,14607.0,Domínio aplicável = Sim + Não; Não declarado coincide com ausência/não aplicação de calçada.
E08,Obstáculo na calçada,Moradores,3509007006,V05226,Não declarado,367.0,2.450914919193268,,SIM,14974.0,14607.0,Domínio aplicável = Sim + Não; Não declarado coincide com ausência/não aplicação de calçada.
E08,Obstáculo na calçada,Faces,3509007006,V05424,Sim,329.0,75.98152424942263,84.57583547557842,NÃO,433.0,389.0,Domínio aplicável = Sim + Não; Não declarado coincide com ausência/não aplicação de calçada.
E08,Obstáculo na calçada,Faces,3509007006,V05425,Não,60.0,13.856812933025402,15.424164524421593,NÃO,433.0,389.0,Domínio aplicável = Sim + Não; Não declarado coincide com ausência/não aplicação de calçada.
E08,Obstáculo na calçada,Faces,3509007006,V05426,Não declarado,44.0,10.161662817551962,,SIM,433.0,389.0,Domínio aplicável = Sim + Não; Não declarado coincide com ausência/não aplicação de calçada.
E09,Rampa para cadeirante,Domicílios,3509007006,V05027,Sim,82.0,1.5876089060987415,1.625693893735131,NÃO,5165.0,5044.0,Domínio aplicável = Sim + Não; Não declarado coincide com ausência/não aplicação de calçada.
E09,Rampa para cadeirante,Domicílios,3509007006,V05028,Não,4962.0,96.06969990319459,98.37430610626487,NÃO,5165.0,5044.0,Domínio aplicável = Sim + Não; Não declarado coincide com ausência/não aplicação de calçada.
E09,Rampa para cadeirante,Domicílios,3509007006,V05029,Não declarado,121.0,2.3426911907066796,,SIM,5165.0,5044.0,Domínio aplicável = Sim + Não; Não declarado coincide com ausência/não aplicação de calçada.
E09,Rampa para cadeirante,Moradores,3509007006,V05227,Sim,218.0,1.4558568184853746,1.4924351338399398,NÃO,14974.0,14607.0,Domínio aplicável = Sim + Não; Não declarado coincide com ausência/não aplicação de calçada.
E09,Rampa para cadeirante,Moradores,3509007006,V05228,Não,14389.0,96.09322826232136,98.50756486616005,NÃO,14974.0,14607.0,Domínio aplicável = Sim + Não; Não declarado coincide com ausência/não aplicação de calçada.
E09,Rampa para cadeirante,Moradores,3509007006,V05229,Não declarado,367.0,2.450914919193268,,SIM,14974.0,14607.0,Domínio aplicável = Sim + Não; Não declarado coincide com ausência/não aplicação de calçada.
E09,Rampa para cadeirante,Faces,3509007006,V05427,Sim,5.0,1.1547344110854503,1.2853470437017995,NÃO,433.0,389.0,Domínio aplicável = Sim + Não; Não declarado coincide com ausência/não aplicação de calçada.
E09,Rampa para cadeirante,Faces,3509007006,V05428,Não,384.0,88.68360277136259,98.7146529562982,NÃO,433.0,389.0,Domínio aplicável = Sim + Não; Não declarado coincide com ausência/não aplicação de calçada.
E09,Rampa para cadeirante,Faces,3509007006,V05429,Não declarado,44.0,10.161662817551962,,SIM,433.0,389.0,Domínio aplicável = Sim + Não; Não declarado coincide com ausência/não aplicação de calçada.
E10,Arborização,Domicílios,3509007006,V05030,Sem árvores,3149.0,60.96805421103581,60.96805421103581,NÃO,5165.0,5165.0,Domínio aplicável = classes substantivas de arborização; Saltado fica fora.
E10,Arborização,Domicílios,3509007006,V05031,1 a 2 árvores,1648.0,31.907066795740562,31.907066795740562,NÃO,5165.0,5165.0,Domínio aplicável = classes substantivas de arborização; Saltado fica fora.
E10,Arborização,Domicílios,3509007006,V05032,3 a 4 árvores,119.0,2.303969022265247,2.303969022265247,NÃO,5165.0,5165.0,Domínio aplicável = classes substantivas de arborização; Saltado fica fora.
E10,Arborização,Domicílios,3509007006,V05033,5 ou mais árvores,249.0,4.820909970958374,4.820909970958374,NÃO,5165.0,5165.0,Domínio aplicável = classes substantivas de arborização; Saltado fica fora.
E10,Arborização,Domicílios,3509007006,V05034,Saltado,0.0,0.0,,SIM,5165.0,5165.0,Domínio aplicável = classes substantivas de arborização; Saltado fica fora.
E10,Arborização,Moradores,3509007006,V05230,Sem árvores,9193.0,61.39308134099105,61.39308134099105,NÃO,14974.0,14974.0,Domínio aplicável = classes substantivas de arborização; Saltado fica fora.
E10,Arborização,Moradores,3509007006,V05231,1 a 2 árvores,4777.0,31.90196340323227,31.90196340323227,NÃO,14974.0,14974.0,Domínio aplicável = classes substantivas de arborização; Saltado fica fora.
E10,Arborização,Moradores,3509007006,V05232,3 a 4 árvores,337.0,2.2505676505943635,2.2505676505943635,NÃO,14974.0,14974.0,Domínio aplicável = classes substantivas de arborização; Saltado fica fora.
E10,Arborização,Moradores,3509007006,V05233,5 ou mais árvores,667.0,4.454387605182316,4.454387605182316,NÃO,14974.0,14974.0,Domínio aplicável = classes substantivas de arborização; Saltado fica fora.
E10,Arborização,Moradores,3509007006,V05234,Saltado,0.0,0.0,,SIM,14974.0,14974.0,Domínio aplicável = classes substantivas de arborização; Saltado fica fora.
E10,Arborização,Faces,3509007006,V05430,Sem árvores,287.0,66.28175519630484,66.28175519630484,NÃO,433.0,433.0,Domínio aplicável = classes substantivas de arborização; Saltado fica fora.
E10,Arborização,Faces,3509007006,V05431,1 a 2 árvores,101.0,23.325635103926096,23.325635103926096,NÃO,433.0,433.0,Domínio aplicável = classes substantivas de arborização; Saltado fica fora.
E10,Arborização,Faces,3509007006,V05432,3 a 4 árvores,22.0,5.080831408775981,5.080831408775981,NÃO,433.0,433.0,Domínio aplicável = classes substantivas de arborização; Saltado fica fora.
E10,Arborização,Faces,3509007006,V05433,5 ou mais árvores,23.0,5.311778290993072,5.311778290993072,NÃO,433.0,433.0,Domínio aplicável = classes substantivas de arborização; Saltado fica fora.
E10,Arborização,Faces,3509007006,V05434,Saltado,0.0,0.0,,SIM,433.0,433.0,Domínio aplicável = classes substantivas de arborização; Saltado fica fora.
E01,Circulação da via,Domicílios,3509007007,V05001,"Caminhão, ônibus",561.0,44.45324881141046,47.103274559193956,NÃO,1262.0,1191.0,Domínio aplicável = categorias substantivas de circulação; Saltado fica fora.
E01,Circulação da via,Domicílios,3509007007,V05002,Carros de passeio ou van,312.0,24.722662440570524,26.19647355163728,NÃO,1262.0,1191.0,Domínio aplicável = categorias substantivas de circulação; Saltado fica fora.
E01,Circulação da via,Domicílios,3509007007,V05003,"Pedestres, bicicletas e motocicletas",318.0,25.198098256735342,26.700251889168765,NÃO,1262.0,1191.0,Domínio aplicável = categorias substantivas de circulação; Saltado fica fora.
E01,Circulação da via,Domicílios,3509007007,V05004,Aquavia,0.0,0.0,0.0,NÃO,1262.0,1191.0,Domínio aplicável = categorias substantivas de circulação; Saltado fica fora.
E01,Circulação da via,Domicílios,3509007007,V05005,Saltado,71.0,5.625990491283677,,SIM,1262.0,1191.0,Domínio aplicável = categorias substantivas de circulação; Saltado fica fora.
E01,Circulação da via,Moradores,3509007007,V05201,"Caminhão, ônibus",1665.0,43.48393836510838,46.34010576120234,NÃO,3829.0,3593.0,Domínio aplicável = categorias substantivas de circulação; Saltado fica fora.
E01,Circulação da via,Moradores,3509007007,V05202,Carros de passeio ou van,980.0,25.59414990859232,27.275257445032008,NÃO,3829.0,3593.0,Domínio aplicável = categorias substantivas de circulação; Saltado fica fora.
E01,Circulação da via,Moradores,3509007007,V05203,"Pedestres, bicicletas e motocicletas",948.0,24.758422564638284,26.384636793765655,NÃO,3829.0,3593.0,Domínio aplicável = categorias substantivas de circulação; Saltado fica fora.
E01,Circulação da via,Moradores,3509007007,V05204,Aquavia,0.0,0.0,0.0,NÃO,3829.0,3593.0,Domínio aplicável = categorias substantivas de circulação; Saltado fica fora.
E01,Circulação da via,Moradores,3509007007,V05205,Saltado,236.0,6.163489161661008,,SIM,3829.0,3593.0,Domínio aplicável = categorias substantivas de circulação; Saltado fica fora.
E01,Circulação da via,Faces,3509007007,V05401,"Caminhão, ônibus",94.0,51.36612021857923,54.33526011560693,NÃO,183.0,173.0,Domínio aplicável = categorias substantivas de circulação; Saltado fica fora.
E01,Circulação da via,Faces,3509007007,V05402,Carros de passeio ou van,46.0,25.136612021857925,26.589595375722542,NÃO,183.0,173.0,Domínio aplicável = categorias substantivas de circulação; Saltado fica fora.
E01,Circulação da via,Faces,3509007007,V05403,"Pedestres, bicicletas e motocicletas",33.0,18.0327868852459,19.07514450867052,NÃO,183.0,173.0,Domínio aplicável = categorias substantivas de circulação; Saltado fica fora.
E01,Circulação da via,Faces,3509007007,V05404,Aquavia,0.0,0.0,0.0,NÃO,183.0,173.0,Domínio aplicável = categorias substantivas de circulação; Saltado fica fora.
E01,Circulação da via,Faces,3509007007,V05405,Saltado,10.0,5.46448087431694,,SIM,183.0,173.0,Domínio aplicável = categorias substantivas de circulação; Saltado fica fora.
E02,Pavimentação,Domicílios,3509007007,V05006,Sim,876.0,69.4136291600634,73.55163727959699,NÃO,1262.0,1191.0,Domínio aplicável = Sim + Não; Não declarado coincide com circulação Aquavia + Saltado.
E02,Pavimentação,Domicílios,3509007007,V05007,Não,315.0,24.960380348652933,26.448362720403022,NÃO,1262.0,1191.0,Domínio aplicável = Sim + Não; Não declarado coincide com circulação Aquavia + Saltado.
E02,Pavimentação,Domicílios,3509007007,V05008,Não declarado,71.0,5.625990491283677,,SIM,1262.0,1191.0,Domínio aplicável = Sim + Não; Não declarado coincide com circulação Aquavia + Saltado.
E02,Pavimentação,Moradores,3509007007,V05206,Sim,2623.0,68.5035257247323,73.00306150848873,NÃO,3829.0,3593.0,Domínio aplicável = Sim + Não; Não declarado coincide com circulação Aquavia + Saltado.
E02,Pavimentação,Moradores,3509007007,V05207,Não,970.0,25.33298511360669,26.996938491511273,NÃO,3829.0,3593.0,Domínio aplicável = Sim + Não; Não declarado coincide com circulação Aquavia + Saltado.
E02,Pavimentação,Moradores,3509007007,V05208,Não declarado,236.0,6.163489161661008,,SIM,3829.0,3593.0,Domínio aplicável = Sim + Não; Não declarado coincide com circulação Aquavia + Saltado.
E02,Pavimentação,Faces,3509007007,V05406,Sim,117.0,63.934426229508205,67.63005780346822,NÃO,183.0,173.0,Domínio aplicável = Sim + Não; Não declarado coincide com circulação Aquavia + Saltado.
E02,Pavimentação,Faces,3509007007,V05407,Não,56.0,30.601092896174865,32.369942196531795,NÃO,183.0,173.0,Domínio aplicável = Sim + Não; Não declarado coincide com circulação Aquavia + Saltado.
E02,Pavimentação,Faces,3509007007,V05408,Não declarado,10.0,5.46448087431694,,SIM,183.0,173.0,Domínio aplicável = Sim + Não; Não declarado coincide com circulação Aquavia + Saltado.
E03,Bueiro / boca de lobo,Domicílios,3509007007,V05009,Sim,245.0,19.41362916006339,20.570948782535684,NÃO,1262.0,1191.0,Domínio aplicável = Sim + Não; Não declarado coincide com circulação Aquavia + Saltado.
E03,Bueiro / boca de lobo,Domicílios,3509007007,V05010,Não,946.0,74.96038034865293,79.42905121746432,NÃO,1262.0,1191.0,Domínio aplicável = Sim + Não; Não declarado coincide com circulação Aquavia + Saltado.
E03,Bueiro / boca de lobo,Domicílios,3509007007,V05011,Não declarado,71.0,5.625990491283677,,SIM,1262.0,1191.0,Domínio aplicável = Sim + Não; Não declarado coincide com circulação Aquavia + Saltado.
E03,Bueiro / boca de lobo,Moradores,3509007007,V05209,Sim,717.0,18.725515800470095,19.955468967436683,NÃO,3829.0,3593.0,Domínio aplicável = Sim + Não; Não declarado coincide com circulação Aquavia + Saltado.
E03,Bueiro / boca de lobo,Moradores,3509007007,V05210,Não,2876.0,75.1109950378689,80.04453103256331,NÃO,3829.0,3593.0,Domínio aplicável = Sim + Não; Não declarado coincide com circulação Aquavia + Saltado.
E03,Bueiro / boca de lobo,Moradores,3509007007,V05211,Não declarado,236.0,6.163489161661008,,SIM,3829.0,3593.0,Domínio aplicável = Sim + Não; Não declarado coincide com circulação Aquavia + Saltado.
E03,Bueiro / boca de lobo,Faces,3509007007,V05409,Sim,31.0,16.939890710382514,17.91907514450867,NÃO,183.0,173.0,Domínio aplicável = Sim + Não; Não declarado coincide com circulação Aquavia + Saltado.
E03,Bueiro / boca de lobo,Faces,3509007007,V05410,Não,142.0,77.59562841530054,82.08092485549133,NÃO,183.0,173.0,Domínio aplicável = Sim + Não; Não declarado coincide com circulação Aquavia + Saltado.
E03,Bueiro / boca de lobo,Faces,3509007007,V05411,Não declarado,10.0,5.46448087431694,,SIM,183.0,173.0,Domínio aplicável = Sim + Não; Não declarado coincide com circulação Aquavia + Saltado.
E04,Iluminação pública,Domicílios,3509007007,V05012,Sim,811.0,64.26307448494454,68.09403862300589,NÃO,1262.0,1191.0,Domínio aplicável = Sim + Não; Não declarado coincide com circulação Aquavia + Saltado.
E04,Iluminação pública,Domicílios,3509007007,V05013,Não,380.0,30.11093502377179,31.905961376994124,NÃO,1262.0,1191.0,Domínio aplicável = Sim + Não; Não declarado coincide com circulação Aquavia + Saltado.
E04,Iluminação pública,Domicílios,3509007007,V05014,Não declarado,71.0,5.625990491283677,,SIM,1262.0,1191.0,Domínio aplicável = Sim + Não; Não declarado coincide com circulação Aquavia + Saltado.
E04,Iluminação pública,Moradores,3509007007,V05212,Sim,2443.0,63.80255941499085,67.9933203451155,NÃO,3829.0,3593.0,Domínio aplicável = Sim + Não; Não declarado coincide com circulação Aquavia + Saltado.
E04,Iluminação pública,Moradores,3509007007,V05213,Não,1150.0,30.03395142334813,32.00667965488449,NÃO,3829.0,3593.0,Domínio aplicável = Sim + Não; Não declarado coincide com circulação Aquavia + Saltado.
E04,Iluminação pública,Moradores,3509007007,V05214,Não declarado,236.0,6.163489161661008,,SIM,3829.0,3593.0,Domínio aplicável = Sim + Não; Não declarado coincide com circulação Aquavia + Saltado.
E04,Iluminação pública,Faces,3509007007,V05412,Sim,117.0,63.934426229508205,67.63005780346822,NÃO,183.0,173.0,Domínio aplicável = Sim + Não; Não declarado coincide com circulação Aquavia + Saltado.
E04,Iluminação pública,Faces,3509007007,V05413,Não,56.0,30.601092896174865,32.369942196531795,NÃO,183.0,173.0,Domínio aplicável = Sim + Não; Não declarado coincide com circulação Aquavia + Saltado.
E04,Iluminação pública,Faces,3509007007,V05414,Não declarado,10.0,5.46448087431694,,SIM,183.0,173.0,Domínio aplicável = Sim + Não; Não declarado coincide com circulação Aquavia + Saltado.
E05,Ponto de ônibus,Domicílios,3509007007,V05015,Sim,66.0,5.229793977812995,5.541561712846348,NÃO,1262.0,1191.0,Domínio aplicável = Sim + Não; Não declarado coincide com circulação Aquavia + Saltado.
E05,Ponto de ônibus,Domicílios,3509007007,V05016,Não,1125.0,89.14421553090332,94.45843828715365,NÃO,1262.0,1191.0,Domínio aplicável = Sim + Não; Não declarado coincide com circulação Aquavia + Saltado.
E05,Ponto de ônibus,Domicílios,3509007007,V05017,Não declarado,71.0,5.625990491283677,,SIM,1262.0,1191.0,Domínio aplicável = Sim + Não; Não declarado coincide com circulação Aquavia + Saltado.
E05,Ponto de ônibus,Moradores,3509007007,V05215,Sim,184.0,4.805432227735701,5.12106874478152,NÃO,3829.0,3593.0,Domínio aplicável = Sim + Não; Não declarado coincide com circulação Aquavia + Saltado.
E05,Ponto de ônibus,Moradores,3509007007,V05216,Não,3409.0,89.03107861060329,94.87893125521848,NÃO,3829.0,3593.0,Domínio aplicável = Sim + Não; Não declarado coincide com circulação Aquavia + Saltado.
E05,Ponto de ônibus,Moradores,3509007007,V05217,Não declarado,236.0,6.163489161661008,,SIM,3829.0,3593.0,Domínio aplicável = Sim + Não; Não declarado coincide com circulação Aquavia + Saltado.
E05,Ponto de ônibus,Faces,3509007007,V05415,Sim,9.0,4.918032786885246,5.202312138728324,NÃO,183.0,173.0,Domínio aplicável = Sim + Não; Não declarado coincide com circulação Aquavia + Saltado.
E05,Ponto de ônibus,Faces,3509007007,V05416,Não,164.0,89.61748633879782,94.79768786127167,NÃO,183.0,173.0,Domínio aplicável = Sim + Não; Não declarado coincide com circulação Aquavia + Saltado.
E05,Ponto de ônibus,Faces,3509007007,V05417,Não declarado,10.0,5.46448087431694,,SIM,183.0,173.0,Domínio aplicável = Sim + Não; Não declarado coincide com circulação Aquavia + Saltado.
E06,Via sinalizada para bicicleta,Domicílios,3509007007,V05018,Sim,26.0,2.0602218700475436,2.18303946263644,NÃO,1262.0,1191.0,Domínio aplicável = Sim + Não; Não declarado coincide com circulação Aquavia + Saltado.
E06,Via sinalizada para bicicleta,Domicílios,3509007007,V05019,Não,1165.0,92.31378763866877,97.81696053736356,NÃO,1262.0,1191.0,Domínio aplicável = Sim + Não; Não declarado coincide com circulação Aquavia + Saltado.
E06,Via sinalizada para bicicleta,Domicílios,3509007007,V05020,Não declarado,71.0,5.625990491283677,,SIM,1262.0,1191.0,Domínio aplicável = Sim + Não; Não declarado coincide com circulação Aquavia + Saltado.
E06,Via sinalizada para bicicleta,Moradores,3509007007,V05218,Sim,75.0,1.9587359623922698,2.0873921514055107,NÃO,3829.0,3593.0,Domínio aplicável = Sim + Não; Não declarado coincide com circulação Aquavia + Saltado.
E06,Via sinalizada para bicicleta,Moradores,3509007007,V05219,Não,3518.0,91.87777487594673,97.91260784859449,NÃO,3829.0,3593.0,Domínio aplicável = Sim + Não; Não declarado coincide com circulação Aquavia + Saltado.
E06,Via sinalizada para bicicleta,Moradores,3509007007,V05220,Não declarado,236.0,6.163489161661008,,SIM,3829.0,3593.0,Domínio aplicável = Sim + Não; Não declarado coincide com circulação Aquavia + Saltado.
E06,Via sinalizada para bicicleta,Faces,3509007007,V05418,Sim,5.0,2.73224043715847,2.8901734104046244,NÃO,183.0,173.0,Domínio aplicável = Sim + Não; Não declarado coincide com circulação Aquavia + Saltado.
E06,Via sinalizada para bicicleta,Faces,3509007007,V05419,Não,168.0,91.80327868852459,97.10982658959537,NÃO,183.0,173.0,Domínio aplicável = Sim + Não; Não declarado coincide com circulação Aquavia + Saltado.
E06,Via sinalizada para bicicleta,Faces,3509007007,V05420,Não declarado,10.0,5.46448087431694,,SIM,183.0,173.0,Domínio aplicável = Sim + Não; Não declarado coincide com circulação Aquavia + Saltado.
E07,Calçada,Domicílios,3509007007,V05021,Sim,413.0,32.72583201267829,34.67674223341729,NÃO,1262.0,1191.0,Domínio aplicável = Sim + Não; Não declarado coincide com circulação Aquavia + Saltado.
E07,Calçada,Domicílios,3509007007,V05022,Não,778.0,61.64817749603804,65.3232577665827,NÃO,1262.0,1191.0,Domínio aplicável = Sim + Não; Não declarado coincide com circulação Aquavia + Saltado.
E07,Calçada,Domicílios,3509007007,V05023,Não declarado,71.0,5.625990491283677,,SIM,1262.0,1191.0,Domínio aplicável = Sim + Não; Não declarado coincide com circulação Aquavia + Saltado.
E07,Calçada,Moradores,3509007007,V05221,Sim,1240.0,32.38443457821886,34.51155023657111,NÃO,3829.0,3593.0,Domínio aplicável = Sim + Não; Não declarado coincide com circulação Aquavia + Saltado.
E07,Calçada,Moradores,3509007007,V05222,Não,2353.0,61.45207626012014,65.48844976342889,NÃO,3829.0,3593.0,Domínio aplicável = Sim + Não; Não declarado coincide com circulação Aquavia + Saltado.
E07,Calçada,Moradores,3509007007,V05223,Não declarado,236.0,6.163489161661008,,SIM,3829.0,3593.0,Domínio aplicável = Sim + Não; Não declarado coincide com circulação Aquavia + Saltado.
E07,Calçada,Faces,3509007007,V05421,Sim,58.0,31.693989071038253,33.52601156069364,NÃO,183.0,173.0,Domínio aplicável = Sim + Não; Não declarado coincide com circulação Aquavia + Saltado.
E07,Calçada,Faces,3509007007,V05422,Não,115.0,62.841530054644814,66.47398843930635,NÃO,183.0,173.0,Domínio aplicável = Sim + Não; Não declarado coincide com circulação Aquavia + Saltado.
E07,Calçada,Faces,3509007007,V05423,Não declarado,10.0,5.46448087431694,,SIM,183.0,173.0,Domínio aplicável = Sim + Não; Não declarado coincide com circulação Aquavia + Saltado.
E08,Obstáculo na calçada,Domicílios,3509007007,V05024,Sim,368.0,29.160063391442154,89.10411622276028,NÃO,1262.0,413.0,Domínio aplicável = Sim + Não; Não declarado coincide com ausência/não aplicação de calçada.
E08,Obstáculo na calçada,Domicílios,3509007007,V05025,Não,45.0,3.565768621236133,10.895883777239709,NÃO,1262.0,413.0,Domínio aplicável = Sim + Não; Não declarado coincide com ausência/não aplicação de calçada.
E08,Obstáculo na calçada,Domicílios,3509007007,V05026,Não declarado,849.0,67.2741679873217,,SIM,1262.0,413.0,Domínio aplicável = Sim + Não; Não declarado coincide com ausência/não aplicação de calçada.
E08,Obstáculo na calçada,Moradores,3509007007,V05224,Sim,1117.0,29.172107599895536,90.08064516129032,NÃO,3829.0,1240.0,Domínio aplicável = Sim + Não; Não declarado coincide com ausência/não aplicação de calçada.
E08,Obstáculo na calçada,Moradores,3509007007,V05225,Não,123.0,3.212326978323322,9.919354838709678,NÃO,3829.0,1240.0,Domínio aplicável = Sim + Não; Não declarado coincide com ausência/não aplicação de calçada.
E08,Obstáculo na calçada,Moradores,3509007007,V05226,Não declarado,2589.0,67.61556542178114,,SIM,3829.0,1240.0,Domínio aplicável = Sim + Não; Não declarado coincide com ausência/não aplicação de calçada.
E08,Obstáculo na calçada,Faces,3509007007,V05424,Sim,48.0,26.229508196721312,82.75862068965517,NÃO,183.0,58.0,Domínio aplicável = Sim + Não; Não declarado coincide com ausência/não aplicação de calçada.
E08,Obstáculo na calçada,Faces,3509007007,V05425,Não,10.0,5.46448087431694,17.24137931034483,NÃO,183.0,58.0,Domínio aplicável = Sim + Não; Não declarado coincide com ausência/não aplicação de calçada.
E08,Obstáculo na calçada,Faces,3509007007,V05426,Não declarado,125.0,68.30601092896174,,SIM,183.0,58.0,Domínio aplicável = Sim + Não; Não declarado coincide com ausência/não aplicação de calçada.
E09,Rampa para cadeirante,Domicílios,3509007007,V05027,Sim,0.0,0.0,0.0,NÃO,1262.0,413.0,Domínio aplicável = Sim + Não; Não declarado coincide com ausência/não aplicação de calçada.
E09,Rampa para cadeirante,Domicílios,3509007007,V05028,Não,413.0,32.72583201267829,100.0,NÃO,1262.0,413.0,Domínio aplicável = Sim + Não; Não declarado coincide com ausência/não aplicação de calçada.
E09,Rampa para cadeirante,Domicílios,3509007007,V05029,Não declarado,849.0,67.2741679873217,,SIM,1262.0,413.0,Domínio aplicável = Sim + Não; Não declarado coincide com ausência/não aplicação de calçada.
E09,Rampa para cadeirante,Moradores,3509007007,V05227,Sim,0.0,0.0,0.0,NÃO,3829.0,1240.0,Domínio aplicável = Sim + Não; Não declarado coincide com ausência/não aplicação de calçada.
E09,Rampa para cadeirante,Moradores,3509007007,V05228,Não,1240.0,32.38443457821886,100.0,NÃO,3829.0,1240.0,Domínio aplicável = Sim + Não; Não declarado coincide com ausência/não aplicação de calçada.
E09,Rampa para cadeirante,Moradores,3509007007,V05229,Não declarado,2589.0,67.61556542178114,,SIM,3829.0,1240.0,Domínio aplicável = Sim + Não; Não declarado coincide com ausência/não aplicação de calçada.
E09,Rampa para cadeirante,Faces,3509007007,V05427,Sim,0.0,0.0,0.0,NÃO,183.0,58.0,Domínio aplicável = Sim + Não; Não declarado coincide com ausência/não aplicação de calçada.
E09,Rampa para cadeirante,Faces,3509007007,V05428,Não,58.0,31.693989071038253,100.0,NÃO,183.0,58.0,Domínio aplicável = Sim + Não; Não declarado coincide com ausência/não aplicação de calçada.
E09,Rampa para cadeirante,Faces,3509007007,V05429,Não declarado,125.0,68.30601092896174,,SIM,183.0,58.0,Domínio aplicável = Sim + Não; Não declarado coincide com ausência/não aplicação de calçada.
E10,Arborização,Domicílios,3509007007,V05030,Sem árvores,988.0,78.28843106180665,82.95549958018472,NÃO,1262.0,1191.0,Domínio aplicável = classes substantivas de arborização; Saltado fica fora.
E10,Arborização,Domicílios,3509007007,V05031,1 a 2 árvores,64.0,5.071315372424722,5.373635600335852,NÃO,1262.0,1191.0,Domínio aplicável = classes substantivas de arborização; Saltado fica fora.
E10,Arborização,Domicílios,3509007007,V05032,3 a 4 árvores,81.0,6.418383518225039,6.801007556675064,NÃO,1262.0,1191.0,Domínio aplicável = classes substantivas de arborização; Saltado fica fora.
E10,Arborização,Domicílios,3509007007,V05033,5 ou mais árvores,58.0,4.595879556259905,4.869857262804366,NÃO,1262.0,1191.0,Domínio aplicável = classes substantivas de arborização; Saltado fica fora.
E10,Arborização,Domicílios,3509007007,V05034,Saltado,71.0,5.625990491283677,,SIM,1262.0,1191.0,Domínio aplicável = classes substantivas de arborização; Saltado fica fora.
E10,Arborização,Moradores,3509007007,V05230,Sem árvores,3003.0,78.42778793418648,83.57918174227666,NÃO,3829.0,3593.0,Domínio aplicável = classes substantivas de arborização; Saltado fica fora.
E10,Arborização,Moradores,3509007007,V05231,1 a 2 árvores,194.0,5.0665970227213375,5.399387698302254,NÃO,3829.0,3593.0,Domínio aplicável = classes substantivas de arborização; Saltado fica fora.
E10,Arborização,Moradores,3509007007,V05232,3 a 4 árvores,225.0,5.876207887176808,6.262176454216532,NÃO,3829.0,3593.0,Domínio aplicável = classes substantivas de arborização; Saltado fica fora.
E10,Arborização,Moradores,3509007007,V05233,5 ou mais árvores,171.0,4.465917994254374,4.7592541052045645,NÃO,3829.0,3593.0,Domínio aplicável = classes substantivas de arborização; Saltado fica fora.
E10,Arborização,Moradores,3509007007,V05234,Saltado,236.0,6.163489161661008,,SIM,3829.0,3593.0,Domínio aplicável = classes substantivas de arborização; Saltado fica fora.
E10,Arborização,Faces,3509007007,V05430,Sem árvores,127.0,69.39890710382514,73.41040462427746,NÃO,183.0,173.0,Domínio aplicável = classes substantivas de arborização; Saltado fica fora.
E10,Arborização,Faces,3509007007,V05431,1 a 2 árvores,17.0,9.289617486338798,9.826589595375722,NÃO,183.0,173.0,Domínio aplicável = classes substantivas de arborização; Saltado fica fora.
E10,Arborização,Faces,3509007007,V05432,3 a 4 árvores,9.0,4.918032786885246,5.202312138728324,NÃO,183.0,173.0,Domínio aplicável = classes substantivas de arborização; Saltado fica fora.
E10,Arborização,Faces,3509007007,V05433,5 ou mais árvores,20.0,10.92896174863388,11.560693641618498,NÃO,183.0,173.0,Domínio aplicável = classes substantivas de arborização; Saltado fica fora.
E10,Arborização,Faces,3509007007,V05434,Saltado,10.0,5.46448087431694,,SIM,183.0,173.0,Domínio aplicável = classes substantivas de arborização; Saltado fica fora.
E01,Circulação da via,Domicílios,MUNICIPIO,V05001,"Caminhão, ônibus",28913.0,92.99774847217755,93.26774193548387,NÃO,31090.0,31000.0,Domínio aplicável = categorias substantivas de circulação; Saltado fica fora.
E01,Circulação da via,Domicílios,MUNICIPIO,V05002,Carros de passeio ou van,1246.0,4.007719523962689,4.019354838709678,NÃO,31090.0,31000.0,Domínio aplicável = categorias substantivas de circulação; Saltado fica fora.
E01,Circulação da via,Domicílios,MUNICIPIO,V05003,"Pedestres, bicicletas e motocicletas",841.0,2.7050498552589257,2.7129032258064516,NÃO,31090.0,31000.0,Domínio aplicável = categorias substantivas de circulação; Saltado fica fora.
E01,Circulação da via,Domicílios,MUNICIPIO,V05004,Aquavia,0.0,0.0,0.0,NÃO,31090.0,31000.0,Domínio aplicável = categorias substantivas de circulação; Saltado fica fora.
E01,Circulação da via,Domicílios,MUNICIPIO,V05005,Saltado,90.0,0.2894821486008363,,SIM,31090.0,31000.0,Domínio aplicável = categorias substantivas de circulação; Saltado fica fora.
E01,Circulação da via,Moradores,MUNICIPIO,V05201,"Caminhão, ônibus",83532.0,92.76282912636454,93.06771843037637,NÃO,90049.0,89754.0,Domínio aplicável = categorias substantivas de circulação; Saltado fica fora.
E01,Circulação da via,Moradores,MUNICIPIO,V05202,Carros de passeio ou van,3701.0,4.109984563959622,4.1234931033714375,NÃO,90049.0,89754.0,Domínio aplicável = categorias substantivas de circulação; Saltado fica fora.
E01,Circulação da via,Moradores,MUNICIPIO,V05203,"Pedestres, bicicletas e motocicletas",2521.0,2.7995868915812503,2.8087884662522002,NÃO,90049.0,89754.0,Domínio aplicável = categorias substantivas de circulação; Saltado fica fora.
E01,Circulação da via,Moradores,MUNICIPIO,V05204,Aquavia,0.0,0.0,0.0,NÃO,90049.0,89754.0,Domínio aplicável = categorias substantivas de circulação; Saltado fica fora.
E01,Circulação da via,Moradores,MUNICIPIO,V05205,Saltado,295.0,0.327599418094593,,SIM,90049.0,89754.0,Domínio aplicável = categorias substantivas de circulação; Saltado fica fora.
E01,Circulação da via,Faces,MUNICIPIO,V05401,"Caminhão, ônibus",3085.0,84.40492476060192,85.718255070853,NÃO,3655.0,3599.0,Domínio aplicável = categorias substantivas de circulação; Saltado fica fora.
E01,Circulação da via,Faces,MUNICIPIO,V05402,Carros de passeio ou van,173.0,4.733242134062928,4.806890803000834,NÃO,3655.0,3599.0,Domínio aplicável = categorias substantivas de circulação; Saltado fica fora.
E01,Circulação da via,Faces,MUNICIPIO,V05403,"Pedestres, bicicletas e motocicletas",341.0,9.3296853625171,9.474854126146152,NÃO,3655.0,3599.0,Domínio aplicável = categorias substantivas de circulação; Saltado fica fora.
E01,Circulação da via,Faces,MUNICIPIO,V05404,Aquavia,0.0,0.0,0.0,NÃO,3655.0,3599.0,Domínio aplicável = categorias substantivas de circulação; Saltado fica fora.
E01,Circulação da via,Faces,MUNICIPIO,V05405,Saltado,56.0,1.5321477428180574,,SIM,3655.0,3599.0,Domínio aplicável = categorias substantivas de circulação; Saltado fica fora.
E02,Pavimentação,Domicílios,MUNICIPIO,V05006,Sim,30398.0,97.77420392409135,98.05806451612902,NÃO,31090.0,31000.0,Domínio aplicável = Sim + Não; Não declarado coincide com circulação Aquavia + Saltado.
E02,Pavimentação,Domicílios,MUNICIPIO,V05007,Não,602.0,1.9363139273078158,1.9419354838709677,NÃO,31090.0,31000.0,Domínio aplicável = Sim + Não; Não declarado coincide com circulação Aquavia + Saltado.
E02,Pavimentação,Domicílios,MUNICIPIO,V05008,Não declarado,90.0,0.2894821486008363,,SIM,31090.0,31000.0,Domínio aplicável = Sim + Não; Não declarado coincide com circulação Aquavia + Saltado.
E02,Pavimentação,Moradores,MUNICIPIO,V05206,Sim,87908.0,97.62240557918467,97.94326715243888,NÃO,90049.0,89754.0,Domínio aplicável = Sim + Não; Não declarado coincide com circulação Aquavia + Saltado.
E02,Pavimentação,Moradores,MUNICIPIO,V05207,Não,1846.0,2.049995002720741,2.0567328475611117,NÃO,90049.0,89754.0,Domínio aplicável = Sim + Não; Não declarado coincide com circulação Aquavia + Saltado.
E02,Pavimentação,Moradores,MUNICIPIO,V05208,Não declarado,295.0,0.327599418094593,,SIM,90049.0,89754.0,Domínio aplicável = Sim + Não; Não declarado coincide com circulação Aquavia + Saltado.
E02,Pavimentação,Faces,MUNICIPIO,V05406,Sim,3460.0,94.66484268125855,96.13781606001666,NÃO,3655.0,3599.0,Domínio aplicável = Sim + Não; Não declarado coincide com circulação Aquavia + Saltado.
E02,Pavimentação,Faces,MUNICIPIO,V05407,Não,139.0,3.8030095759233924,3.862183939983329,NÃO,3655.0,3599.0,Domínio aplicável = Sim + Não; Não declarado coincide com circulação Aquavia + Saltado.
E02,Pavimentação,Faces,MUNICIPIO,V05408,Não declarado,56.0,1.5321477428180574,,SIM,3655.0,3599.0,Domínio aplicável = Sim + Não; Não declarado coincide com circulação Aquavia + Saltado.
E03,Bueiro / boca de lobo,Domicílios,MUNICIPIO,V05009,Sim,17700.0,56.93148922483113,57.096774193548384,NÃO,31090.0,31000.0,Domínio aplicável = Sim + Não; Não declarado coincide com circulação Aquavia + Saltado.
E03,Bueiro / boca de lobo,Domicílios,MUNICIPIO,V05010,Não,13300.0,42.77902862656803,42.90322580645161,NÃO,31090.0,31000.0,Domínio aplicável = Sim + Não; Não declarado coincide com circulação Aquavia + Saltado.
E03,Bueiro / boca de lobo,Domicílios,MUNICIPIO,V05011,Não declarado,90.0,0.2894821486008363,,SIM,31090.0,31000.0,Domínio aplicável = Sim + Não; Não declarado coincide com circulação Aquavia + Saltado.
E03,Bueiro / boca de lobo,Moradores,MUNICIPIO,V05209,Sim,52008.0,57.755222156825724,57.9450498027943,NÃO,90049.0,89754.0,Domínio aplicável = Sim + Não; Não declarado coincide com circulação Aquavia + Saltado.
E03,Bueiro / boca de lobo,Moradores,MUNICIPIO,V05210,Não,37746.0,41.917178425079676,42.0549501972057,NÃO,90049.0,89754.0,Domínio aplicável = Sim + Não; Não declarado coincide com circulação Aquavia + Saltado.
E03,Bueiro / boca de lobo,Moradores,MUNICIPIO,V05211,Não declarado,295.0,0.327599418094593,,SIM,90049.0,89754.0,Domínio aplicável = Sim + Não; Não declarado coincide com circulação Aquavia + Saltado.
E03,Bueiro / boca de lobo,Faces,MUNICIPIO,V05409,Sim,1942.0,53.132694938440494,53.95943317588219,NÃO,3655.0,3599.0,Domínio aplicável = Sim + Não; Não declarado coincide com circulação Aquavia + Saltado.
E03,Bueiro / boca de lobo,Faces,MUNICIPIO,V05410,Não,1657.0,45.33515731874145,46.04056682411781,NÃO,3655.0,3599.0,Domínio aplicável = Sim + Não; Não declarado coincide com circulação Aquavia + Saltado.
E03,Bueiro / boca de lobo,Faces,MUNICIPIO,V05411,Não declarado,56.0,1.5321477428180574,,SIM,3655.0,3599.0,Domínio aplicável = Sim + Não; Não declarado coincide com circulação Aquavia + Saltado.
E04,Iluminação pública,Domicílios,MUNICIPIO,V05012,Sim,29740.0,95.65776777098746,95.93548387096774,NÃO,31090.0,31000.0,Domínio aplicável = Sim + Não; Não declarado coincide com circulação Aquavia + Saltado.
E04,Iluminação pública,Domicílios,MUNICIPIO,V05013,Não,1260.0,4.052750080411708,4.064516129032258,NÃO,31090.0,31000.0,Domínio aplicável = Sim + Não; Não declarado coincide com circulação Aquavia + Saltado.
E04,Iluminação pública,Domicílios,MUNICIPIO,V05014,Não declarado,90.0,0.2894821486008363,,SIM,31090.0,31000.0,Domínio aplicável = Sim + Não; Não declarado coincide com circulação Aquavia + Saltado.
E04,Iluminação pública,Moradores,MUNICIPIO,V05212,Sim,85959.0,95.45802840675633,95.77177618824788,NÃO,90049.0,89754.0,Domínio aplicável = Sim + Não; Não declarado coincide com circulação Aquavia + Saltado.
E04,Iluminação pública,Moradores,MUNICIPIO,V05213,Não,3795.0,4.2143721751490855,4.228223811752122,NÃO,90049.0,89754.0,Domínio aplicável = Sim + Não; Não declarado coincide com circulação Aquavia + Saltado.
E04,Iluminação pública,Moradores,MUNICIPIO,V05214,Não declarado,295.0,0.327599418094593,,SIM,90049.0,89754.0,Domínio aplicável = Sim + Não; Não declarado coincide com circulação Aquavia + Saltado.
E04,Iluminação pública,Faces,MUNICIPIO,V05412,Sim,3394.0,92.85909712722298,94.30397332592388,NÃO,3655.0,3599.0,Domínio aplicável = Sim + Não; Não declarado coincide com circulação Aquavia + Saltado.
E04,Iluminação pública,Faces,MUNICIPIO,V05413,Não,205.0,5.60875512995896,5.6960266740761325,NÃO,3655.0,3599.0,Domínio aplicável = Sim + Não; Não declarado coincide com circulação Aquavia + Saltado.
E04,Iluminação pública,Faces,MUNICIPIO,V05414,Não declarado,56.0,1.5321477428180574,,SIM,3655.0,3599.0,Domínio aplicável = Sim + Não; Não declarado coincide com circulação Aquavia + Saltado.
E05,Ponto de ônibus,Domicílios,MUNICIPIO,V05015,Sim,5947.0,19.128337085879703,19.183870967741935,NÃO,31090.0,31000.0,Domínio aplicável = Sim + Não; Não declarado coincide com circulação Aquavia + Saltado.
E05,Ponto de ônibus,Domicílios,MUNICIPIO,V05016,Não,25053.0,80.58218076551947,80.81612903225806,NÃO,31090.0,31000.0,Domínio aplicável = Sim + Não; Não declarado coincide com circulação Aquavia + Saltado.
E05,Ponto de ônibus,Domicílios,MUNICIPIO,V05017,Não declarado,90.0,0.2894821486008363,,SIM,31090.0,31000.0,Domínio aplicável = Sim + Não; Não declarado coincide com circulação Aquavia + Saltado.
E05,Ponto de ônibus,Moradores,MUNICIPIO,V05215,Sim,16798.0,18.654288220857534,18.715600418922833,NÃO,90049.0,89754.0,Domínio aplicável = Sim + Não; Não declarado coincide com circulação Aquavia + Saltado.
E05,Ponto de ônibus,Moradores,MUNICIPIO,V05216,Não,72956.0,81.01811236104788,81.28439958107717,NÃO,90049.0,89754.0,Domínio aplicável = Sim + Não; Não declarado coincide com circulação Aquavia + Saltado.
E05,Ponto de ônibus,Moradores,MUNICIPIO,V05217,Não declarado,295.0,0.327599418094593,,SIM,90049.0,89754.0,Domínio aplicável = Sim + Não; Não declarado coincide com circulação Aquavia + Saltado.
E05,Ponto de ônibus,Faces,MUNICIPIO,V05415,Sim,536.0,14.66484268125855,14.893025840511253,NÃO,3655.0,3599.0,Domínio aplicável = Sim + Não; Não declarado coincide com circulação Aquavia + Saltado.
E05,Ponto de ônibus,Faces,MUNICIPIO,V05416,Não,3063.0,83.8030095759234,85.10697415948874,NÃO,3655.0,3599.0,Domínio aplicável = Sim + Não; Não declarado coincide com circulação Aquavia + Saltado.
E05,Ponto de ônibus,Faces,MUNICIPIO,V05417,Não declarado,56.0,1.5321477428180574,,SIM,3655.0,3599.0,Domínio aplicável = Sim + Não; Não declarado coincide com circulação Aquavia + Saltado.
E06,Via sinalizada para bicicleta,Domicílios,MUNICIPIO,V05018,Sim,481.0,1.5471212608555807,1.5516129032258064,NÃO,31090.0,31000.0,Domínio aplicável = Sim + Não; Não declarado coincide com circulação Aquavia + Saltado.
E06,Via sinalizada para bicicleta,Domicílios,MUNICIPIO,V05019,Não,30519.0,98.16339659054358,98.4483870967742,NÃO,31090.0,31000.0,Domínio aplicável = Sim + Não; Não declarado coincide com circulação Aquavia + Saltado.
E06,Via sinalizada para bicicleta,Domicílios,MUNICIPIO,V05020,Não declarado,90.0,0.2894821486008363,,SIM,31090.0,31000.0,Domínio aplicável = Sim + Não; Não declarado coincide com circulação Aquavia + Saltado.
E06,Via sinalizada para bicicleta,Moradores,MUNICIPIO,V05218,Sim,1382.0,1.5347199857855167,1.5397642444904962,NÃO,90049.0,89754.0,Domínio aplicável = Sim + Não; Não declarado coincide com circulação Aquavia + Saltado.
E06,Via sinalizada para bicicleta,Moradores,MUNICIPIO,V05219,Não,88372.0,98.13768059611989,98.4602357555095,NÃO,90049.0,89754.0,Domínio aplicável = Sim + Não; Não declarado coincide com circulação Aquavia + Saltado.
E06,Via sinalizada para bicicleta,Moradores,MUNICIPIO,V05220,Não declarado,295.0,0.327599418094593,,SIM,90049.0,89754.0,Domínio aplicável = Sim + Não; Não declarado coincide com circulação Aquavia + Saltado.
E06,Via sinalizada para bicicleta,Faces,MUNICIPIO,V05418,Sim,100.0,2.7359781121751023,2.7785495971103082,NÃO,3655.0,3599.0,Domínio aplicável = Sim + Não; Não declarado coincide com circulação Aquavia + Saltado.
E06,Via sinalizada para bicicleta,Faces,MUNICIPIO,V05419,Não,3499.0,95.73187414500683,97.22145040288969,NÃO,3655.0,3599.0,Domínio aplicável = Sim + Não; Não declarado coincide com circulação Aquavia + Saltado.
E06,Via sinalizada para bicicleta,Faces,MUNICIPIO,V05420,Não declarado,56.0,1.5321477428180574,,SIM,3655.0,3599.0,Domínio aplicável = Sim + Não; Não declarado coincide com circulação Aquavia + Saltado.
E07,Calçada,Domicílios,MUNICIPIO,V05021,Sim,28953.0,93.12640720488903,93.39677419354838,NÃO,31090.0,31000.0,Domínio aplicável = Sim + Não; Não declarado coincide com circulação Aquavia + Saltado.
E07,Calçada,Domicílios,MUNICIPIO,V05022,Não,2047.0,6.584110646510132,6.603225806451612,NÃO,31090.0,31000.0,Domínio aplicável = Sim + Não; Não declarado coincide com circulação Aquavia + Saltado.
E07,Calçada,Domicílios,MUNICIPIO,V05023,Não declarado,90.0,0.2894821486008363,,SIM,31090.0,31000.0,Domínio aplicável = Sim + Não; Não declarado coincide com circulação Aquavia + Saltado.
E07,Calçada,Moradores,MUNICIPIO,V05221,Sim,83665.0,92.9105264911326,93.2159012411703,NÃO,90049.0,89754.0,Domínio aplicável = Sim + Não; Não declarado coincide com circulação Aquavia + Saltado.
E07,Calçada,Moradores,MUNICIPIO,V05222,Não,6089.0,6.761874090772801,6.78409875882969,NÃO,90049.0,89754.0,Domínio aplicável = Sim + Não; Não declarado coincide com circulação Aquavia + Saltado.
E07,Calçada,Moradores,MUNICIPIO,V05223,Não declarado,295.0,0.327599418094593,,SIM,90049.0,89754.0,Domínio aplicável = Sim + Não; Não declarado coincide com circulação Aquavia + Saltado.
E07,Calçada,Faces,MUNICIPIO,V05421,Sim,2970.0,81.25854993160054,82.52292303417616,NÃO,3655.0,3599.0,Domínio aplicável = Sim + Não; Não declarado coincide com circulação Aquavia + Saltado.
E07,Calçada,Faces,MUNICIPIO,V05422,Não,629.0,17.209302325581397,17.47707696582384,NÃO,3655.0,3599.0,Domínio aplicável = Sim + Não; Não declarado coincide com circulação Aquavia + Saltado.
E07,Calçada,Faces,MUNICIPIO,V05423,Não declarado,56.0,1.5321477428180574,,SIM,3655.0,3599.0,Domínio aplicável = Sim + Não; Não declarado coincide com circulação Aquavia + Saltado.
E08,Obstáculo na calçada,Domicílios,MUNICIPIO,V05024,Sim,23490.0,75.55484078481827,81.13148896487411,NÃO,31090.0,28953.0,Domínio aplicável = Sim + Não; Não declarado coincide com ausência/não aplicação de calçada.
E08,Obstáculo na calçada,Domicílios,MUNICIPIO,V05025,Não,5463.0,17.57156642007076,18.86851103512589,NÃO,31090.0,28953.0,Domínio aplicável = Sim + Não; Não declarado coincide com ausência/não aplicação de calçada.
E08,Obstáculo na calçada,Domicílios,MUNICIPIO,V05026,Não declarado,2137.0,6.873592795110968,,SIM,31090.0,28953.0,Domínio aplicável = Sim + Não; Não declarado coincide com ausência/não aplicação de calçada.
E08,Obstáculo na calçada,Moradores,MUNICIPIO,V05224,Sim,68276.0,75.82094193161501,81.60640650212156,NÃO,90049.0,83665.0,Domínio aplicável = Sim + Não; Não declarado coincide com ausência/não aplicação de calçada.
E08,Obstáculo na calçada,Moradores,MUNICIPIO,V05225,Não,15389.0,17.089584559517597,18.393593497878445,NÃO,90049.0,83665.0,Domínio aplicável = Sim + Não; Não declarado coincide com ausência/não aplicação de calçada.
E08,Obstáculo na calçada,Moradores,MUNICIPIO,V05226,Não declarado,6384.0,7.089473508867394,,SIM,90049.0,83665.0,Domínio aplicável = Sim + Não; Não declarado coincide com ausência/não aplicação de calçada.
E08,Obstáculo na calçada,Faces,MUNICIPIO,V05424,Sim,2183.0,59.72640218878249,73.5016835016835,NÃO,3655.0,2970.0,Domínio aplicável = Sim + Não; Não declarado coincide com ausência/não aplicação de calçada.
E08,Obstáculo na calçada,Faces,MUNICIPIO,V05425,Não,787.0,21.532147742818058,26.4983164983165,NÃO,3655.0,2970.0,Domínio aplicável = Sim + Não; Não declarado coincide com ausência/não aplicação de calçada.
E08,Obstáculo na calçada,Faces,MUNICIPIO,V05426,Não declarado,685.0,18.741450068399455,,SIM,3655.0,2970.0,Domínio aplicável = Sim + Não; Não declarado coincide com ausência/não aplicação de calçada.
E09,Rampa para cadeirante,Domicílios,MUNICIPIO,V05027,Sim,732.0,2.354454808620135,2.5282354160190654,NÃO,31090.0,28953.0,Domínio aplicável = Sim + Não; Não declarado coincide com ausência/não aplicação de calçada.
E09,Rampa para cadeirante,Domicílios,MUNICIPIO,V05028,Não,28221.0,90.7719523962689,97.47176458398094,NÃO,31090.0,28953.0,Domínio aplicável = Sim + Não; Não declarado coincide com ausência/não aplicação de calçada.
E09,Rampa para cadeirante,Domicílios,MUNICIPIO,V05029,Não declarado,2137.0,6.873592795110968,,SIM,31090.0,28953.0,Domínio aplicável = Sim + Não; Não declarado coincide com ausência/não aplicação de calçada.
E09,Rampa para cadeirante,Moradores,MUNICIPIO,V05227,Sim,1991.0,2.211018445512998,2.37972867985418,NÃO,90049.0,83665.0,Domínio aplicável = Sim + Não; Não declarado coincide com ausência/não aplicação de calçada.
E09,Rampa para cadeirante,Moradores,MUNICIPIO,V05228,Não,81674.0,90.69950804561961,97.62027132014582,NÃO,90049.0,83665.0,Domínio aplicável = Sim + Não; Não declarado coincide com ausência/não aplicação de calçada.
E09,Rampa para cadeirante,Moradores,MUNICIPIO,V05229,Não declarado,6384.0,7.089473508867394,,SIM,90049.0,83665.0,Domínio aplicável = Sim + Não; Não declarado coincide com ausência/não aplicação de calçada.
E09,Rampa para cadeirante,Faces,MUNICIPIO,V05427,Sim,112.0,3.064295485636115,3.7710437710437708,NÃO,3655.0,2970.0,Domínio aplicável = Sim + Não; Não declarado coincide com ausência/não aplicação de calçada.
E09,Rampa para cadeirante,Faces,MUNICIPIO,V05428,Não,2858.0,78.19425444596443,96.22895622895624,NÃO,3655.0,2970.0,Domínio aplicável = Sim + Não; Não declarado coincide com ausência/não aplicação de calçada.
E09,Rampa para cadeirante,Faces,MUNICIPIO,V05429,Não declarado,685.0,18.741450068399455,,SIM,3655.0,2970.0,Domínio aplicável = Sim + Não; Não declarado coincide com ausência/não aplicação de calçada.
E10,Arborização,Domicílios,MUNICIPIO,V05030,Sem árvores,12834.0,41.280154390479254,41.4,NÃO,31090.0,31000.0,Domínio aplicável = classes substantivas de arborização; Saltado fica fora.
E10,Arborização,Domicílios,MUNICIPIO,V05031,1 a 2 árvores,7040.0,22.643936957220973,22.70967741935484,NÃO,31090.0,31000.0,Domínio aplicável = classes substantivas de arborização; Saltado fica fora.
E10,Arborização,Domicílios,MUNICIPIO,V05032,3 a 4 árvores,4197.0,13.49951752975233,13.538709677419355,NÃO,31090.0,31000.0,Domínio aplicável = classes substantivas de arborização; Saltado fica fora.
E10,Arborização,Domicílios,MUNICIPIO,V05033,5 ou mais árvores,6929.0,22.286908973946606,22.351612903225806,NÃO,31090.0,31000.0,Domínio aplicável = classes substantivas de arborização; Saltado fica fora.
E10,Arborização,Domicílios,MUNICIPIO,V05034,Saltado,90.0,0.2894821486008363,,SIM,31090.0,31000.0,Domínio aplicável = classes substantivas de arborização; Saltado fica fora.
E10,Arborização,Moradores,MUNICIPIO,V05230,Sem árvores,37011.0,41.100956146098234,41.23604519018651,NÃO,90049.0,89754.0,Domínio aplicável = classes substantivas de arborização; Saltado fica fora.
E10,Arborização,Moradores,MUNICIPIO,V05231,1 a 2 árvores,20389.0,22.642117069595443,22.716536310359427,NÃO,90049.0,89754.0,Domínio aplicável = classes substantivas de arborização; Saltado fica fora.
E10,Arborização,Moradores,MUNICIPIO,V05232,3 a 4 árvores,11991.0,13.31608346566869,13.359850257370146,NÃO,90049.0,89754.0,Domínio aplicável = classes substantivas de arborização; Saltado fica fora.
E10,Arborização,Moradores,MUNICIPIO,V05233,5 ou mais árvores,20363.0,22.613243900543036,22.68756824208392,NÃO,90049.0,89754.0,Domínio aplicável = classes substantivas de arborização; Saltado fica fora.
E10,Arborização,Moradores,MUNICIPIO,V05234,Saltado,295.0,0.327599418094593,,SIM,90049.0,89754.0,Domínio aplicável = classes substantivas de arborização; Saltado fica fora.
E10,Arborização,Faces,MUNICIPIO,V05430,Sem árvores,1765.0,48.290013679890556,49.04140038899694,NÃO,3655.0,3599.0,Domínio aplicável = classes substantivas de arborização; Saltado fica fora.
E10,Arborização,Faces,MUNICIPIO,V05431,1 a 2 árvores,608.0,16.634746922024625,16.893581550430675,NÃO,3655.0,3599.0,Domínio aplicável = classes substantivas de arborização; Saltado fica fora.
E10,Arborização,Faces,MUNICIPIO,V05432,3 a 4 árvores,301.0,8.235294117647058,8.363434287302027,NÃO,3655.0,3599.0,Domínio aplicável = classes substantivas de arborização; Saltado fica fora.
E10,Arborização,Faces,MUNICIPIO,V05433,5 ou mais árvores,925.0,25.3077975376197,25.701583773270354,NÃO,3655.0,3599.0,Domínio aplicável = classes substantivas de arborização; Saltado fica fora.
E10,Arborização,Faces,MUNICIPIO,V05434,Saltado,56.0,1.5321477428180574,,SIM,3655.0,3599.0,Domínio aplicável = classes substantivas de arborização; Saltado fica fora.
