Tabela,Característica,Universo,APOND,Código,Categoria,Contagem agregada,Percentual bruto (%),Percentual no domínio aplicável (%),Fora do domínio aplicável?,Denominador observado,Denominador no domínio aplicável,Regra do domínio aplicável
E01,Circulação da via,Domicílios,3556701001,V05001,"Caminhão, ônibus",4578.0,98.47278984727899,98.47278984727899,NÃO,4649.0,4649.0,Domínio aplicável = categorias substantivas de circulação; Saltado fica fora.
E01,Circulação da via,Domicílios,3556701001,V05002,Carros de passeio ou van,60.0,1.2906001290600129,1.2906001290600129,NÃO,4649.0,4649.0,Domínio aplicável = categorias substantivas de circulação; Saltado fica fora.
E01,Circulação da via,Domicílios,3556701001,V05003,"Pedestres, bicicletas e motocicletas",11.0,0.23661002366100237,0.23661002366100237,NÃO,4649.0,4649.0,Domínio aplicável = categorias substantivas de circulação; Saltado fica fora.
E01,Circulação da via,Domicílios,3556701001,V05004,Aquavia,0.0,0.0,0.0,NÃO,4649.0,4649.0,Domínio aplicável = categorias substantivas de circulação; Saltado fica fora.
E01,Circulação da via,Domicílios,3556701001,V05005,Saltado,0.0,0.0,,SIM,4649.0,4649.0,Domínio aplicável = categorias substantivas de circulação; Saltado fica fora.
E01,Circulação da via,Moradores,3556701001,V05201,"Caminhão, ônibus",12294.0,98.48594087959624,98.48594087959624,NÃO,12483.0,12483.0,Domínio aplicável = categorias substantivas de circulação; Saltado fica fora.
E01,Circulação da via,Moradores,3556701001,V05202,Carros de passeio ou van,151.0,1.209645117359609,1.209645117359609,NÃO,12483.0,12483.0,Domínio aplicável = categorias substantivas de circulação; Saltado fica fora.
E01,Circulação da via,Moradores,3556701001,V05203,"Pedestres, bicicletas e motocicletas",38.0,0.30441400304414,0.30441400304414,NÃO,12483.0,12483.0,Domínio aplicável = categorias substantivas de circulação; Saltado fica fora.
E01,Circulação da via,Moradores,3556701001,V05204,Aquavia,0.0,0.0,0.0,NÃO,12483.0,12483.0,Domínio aplicável = categorias substantivas de circulação; Saltado fica fora.
E01,Circulação da via,Moradores,3556701001,V05205,Saltado,0.0,0.0,,SIM,12483.0,12483.0,Domínio aplicável = categorias substantivas de circulação; Saltado fica fora.
E01,Circulação da via,Faces,3556701001,V05401,"Caminhão, ônibus",687.0,97.17114568599717,97.17114568599717,NÃO,707.0,707.0,Domínio aplicável = categorias substantivas de circulação; Saltado fica fora.
E01,Circulação da via,Faces,3556701001,V05402,Carros de passeio ou van,18.0,2.545968882602546,2.545968882602546,NÃO,707.0,707.0,Domínio aplicável = categorias substantivas de circulação; Saltado fica fora.
E01,Circulação da via,Faces,3556701001,V05403,"Pedestres, bicicletas e motocicletas",2.0,0.2828854314002829,0.2828854314002829,NÃO,707.0,707.0,Domínio aplicável = categorias substantivas de circulação; Saltado fica fora.
E01,Circulação da via,Faces,3556701001,V05404,Aquavia,0.0,0.0,0.0,NÃO,707.0,707.0,Domínio aplicável = categorias substantivas de circulação; Saltado fica fora.
E01,Circulação da via,Faces,3556701001,V05405,Saltado,0.0,0.0,,SIM,707.0,707.0,Domínio aplicável = categorias substantivas de circulação; Saltado fica fora.
E02,Pavimentação,Domicílios,3556701001,V05006,Sim,4610.0,99.16110991611099,99.16110991611099,NÃO,4649.0,4649.0,Domínio aplicável = Sim + Não; Não declarado coincide com circulação Aquavia + Saltado.
E02,Pavimentação,Domicílios,3556701001,V05007,Não,39.0,0.8388900838890083,0.8388900838890083,NÃO,4649.0,4649.0,Domínio aplicável = Sim + Não; Não declarado coincide com circulação Aquavia + Saltado.
E02,Pavimentação,Domicílios,3556701001,V05008,Não declarado,0.0,0.0,,SIM,4649.0,4649.0,Domínio aplicável = Sim + Não; Não declarado coincide com circulação Aquavia + Saltado.
E02,Pavimentação,Moradores,3556701001,V05206,Sim,12352.0,98.9505727789794,98.9505727789794,NÃO,12483.0,12483.0,Domínio aplicável = Sim + Não; Não declarado coincide com circulação Aquavia + Saltado.
E02,Pavimentação,Moradores,3556701001,V05207,Não,131.0,1.049427221020588,1.049427221020588,NÃO,12483.0,12483.0,Domínio aplicável = Sim + Não; Não declarado coincide com circulação Aquavia + Saltado.
E02,Pavimentação,Moradores,3556701001,V05208,Não declarado,0.0,0.0,,SIM,12483.0,12483.0,Domínio aplicável = Sim + Não; Não declarado coincide com circulação Aquavia + Saltado.
E02,Pavimentação,Faces,3556701001,V05406,Sim,698.0,98.72701555869872,98.72701555869872,NÃO,707.0,707.0,Domínio aplicável = Sim + Não; Não declarado coincide com circulação Aquavia + Saltado.
E02,Pavimentação,Faces,3556701001,V05407,Não,9.0,1.272984441301273,1.272984441301273,NÃO,707.0,707.0,Domínio aplicável = Sim + Não; Não declarado coincide com circulação Aquavia + Saltado.
E02,Pavimentação,Faces,3556701001,V05408,Não declarado,0.0,0.0,,SIM,707.0,707.0,Domínio aplicável = Sim + Não; Não declarado coincide com circulação Aquavia + Saltado.
E03,Bueiro / boca de lobo,Domicílios,3556701001,V05009,Sim,3050.0,65.60550656055065,65.60550656055065,NÃO,4649.0,4649.0,Domínio aplicável = Sim + Não; Não declarado coincide com circulação Aquavia + Saltado.
E03,Bueiro / boca de lobo,Domicílios,3556701001,V05010,Não,1599.0,34.39449343944934,34.39449343944934,NÃO,4649.0,4649.0,Domínio aplicável = Sim + Não; Não declarado coincide com circulação Aquavia + Saltado.
E03,Bueiro / boca de lobo,Domicílios,3556701001,V05011,Não declarado,0.0,0.0,,SIM,4649.0,4649.0,Domínio aplicável = Sim + Não; Não declarado coincide com circulação Aquavia + Saltado.
E03,Bueiro / boca de lobo,Moradores,3556701001,V05209,Sim,8097.0,64.86421533285268,64.86421533285268,NÃO,12483.0,12483.0,Domínio aplicável = Sim + Não; Não declarado coincide com circulação Aquavia + Saltado.
E03,Bueiro / boca de lobo,Moradores,3556701001,V05210,Não,4386.0,35.13578466714732,35.13578466714732,NÃO,12483.0,12483.0,Domínio aplicável = Sim + Não; Não declarado coincide com circulação Aquavia + Saltado.
E03,Bueiro / boca de lobo,Moradores,3556701001,V05211,Não declarado,0.0,0.0,,SIM,12483.0,12483.0,Domínio aplicável = Sim + Não; Não declarado coincide com circulação Aquavia + Saltado.
E03,Bueiro / boca de lobo,Faces,3556701001,V05409,Sim,437.0,61.810466760961816,61.810466760961816,NÃO,707.0,707.0,Domínio aplicável = Sim + Não; Não declarado coincide com circulação Aquavia + Saltado.
E03,Bueiro / boca de lobo,Faces,3556701001,V05410,Não,270.0,38.189533239038184,38.189533239038184,NÃO,707.0,707.0,Domínio aplicável = Sim + Não; Não declarado coincide com circulação Aquavia + Saltado.
E03,Bueiro / boca de lobo,Faces,3556701001,V05411,Não declarado,0.0,0.0,,SIM,707.0,707.0,Domínio aplicável = Sim + Não; Não declarado coincide com circulação Aquavia + Saltado.
E04,Iluminação pública,Domicílios,3556701001,V05012,Sim,4627.0,99.52677995267798,99.52677995267798,NÃO,4649.0,4649.0,Domínio aplicável = Sim + Não; Não declarado coincide com circulação Aquavia + Saltado.
E04,Iluminação pública,Domicílios,3556701001,V05013,Não,22.0,0.47322004732200473,0.47322004732200473,NÃO,4649.0,4649.0,Domínio aplicável = Sim + Não; Não declarado coincide com circulação Aquavia + Saltado.
E04,Iluminação pública,Domicílios,3556701001,V05014,Não declarado,0.0,0.0,,SIM,4649.0,4649.0,Domínio aplicável = Sim + Não; Não declarado coincide com circulação Aquavia + Saltado.
E04,Iluminação pública,Moradores,3556701001,V05212,Sim,12403.0,99.35912841464392,99.35912841464392,NÃO,12483.0,12483.0,Domínio aplicável = Sim + Não; Não declarado coincide com circulação Aquavia + Saltado.
E04,Iluminação pública,Moradores,3556701001,V05213,Não,80.0,0.6408715853560842,0.6408715853560842,NÃO,12483.0,12483.0,Domínio aplicável = Sim + Não; Não declarado coincide com circulação Aquavia + Saltado.
E04,Iluminação pública,Moradores,3556701001,V05214,Não declarado,0.0,0.0,,SIM,12483.0,12483.0,Domínio aplicável = Sim + Não; Não declarado coincide com circulação Aquavia + Saltado.
E04,Iluminação pública,Faces,3556701001,V05412,Sim,690.0,97.59547383309759,97.59547383309759,NÃO,707.0,707.0,Domínio aplicável = Sim + Não; Não declarado coincide com circulação Aquavia + Saltado.
E04,Iluminação pública,Faces,3556701001,V05413,Não,17.0,2.4045261669024045,2.4045261669024045,NÃO,707.0,707.0,Domínio aplicável = Sim + Não; Não declarado coincide com circulação Aquavia + Saltado.
E04,Iluminação pública,Faces,3556701001,V05414,Não declarado,0.0,0.0,,SIM,707.0,707.0,Domínio aplicável = Sim + Não; Não declarado coincide com circulação Aquavia + Saltado.
E05,Ponto de ônibus,Domicílios,3556701001,V05015,Sim,241.0,5.183910518391052,5.183910518391052,NÃO,4649.0,4649.0,Domínio aplicável = Sim + Não; Não declarado coincide com circulação Aquavia + Saltado.
E05,Ponto de ônibus,Domicílios,3556701001,V05016,Não,4408.0,94.81608948160894,94.81608948160894,NÃO,4649.0,4649.0,Domínio aplicável = Sim + Não; Não declarado coincide com circulação Aquavia + Saltado.
E05,Ponto de ônibus,Domicílios,3556701001,V05017,Não declarado,0.0,0.0,,SIM,4649.0,4649.0,Domínio aplicável = Sim + Não; Não declarado coincide com circulação Aquavia + Saltado.
E05,Ponto de ônibus,Moradores,3556701001,V05215,Sim,631.0,5.054874629496115,5.054874629496115,NÃO,12483.0,12483.0,Domínio aplicável = Sim + Não; Não declarado coincide com circulação Aquavia + Saltado.
E05,Ponto de ônibus,Moradores,3556701001,V05216,Não,11852.0,94.94512537050387,94.94512537050387,NÃO,12483.0,12483.0,Domínio aplicável = Sim + Não; Não declarado coincide com circulação Aquavia + Saltado.
E05,Ponto de ônibus,Moradores,3556701001,V05217,Não declarado,0.0,0.0,,SIM,12483.0,12483.0,Domínio aplicável = Sim + Não; Não declarado coincide com circulação Aquavia + Saltado.
E05,Ponto de ônibus,Faces,3556701001,V05415,Sim,60.0,8.486562942008486,8.486562942008486,NÃO,707.0,707.0,Domínio aplicável = Sim + Não; Não declarado coincide com circulação Aquavia + Saltado.
E05,Ponto de ônibus,Faces,3556701001,V05416,Não,647.0,91.51343705799151,91.51343705799151,NÃO,707.0,707.0,Domínio aplicável = Sim + Não; Não declarado coincide com circulação Aquavia + Saltado.
E05,Ponto de ônibus,Faces,3556701001,V05417,Não declarado,0.0,0.0,,SIM,707.0,707.0,Domínio aplicável = Sim + Não; Não declarado coincide com circulação Aquavia + Saltado.
E06,Via sinalizada para bicicleta,Domicílios,3556701001,V05018,Sim,216.0,4.646160464616046,4.646160464616046,NÃO,4649.0,4649.0,Domínio aplicável = Sim + Não; Não declarado coincide com circulação Aquavia + Saltado.
E06,Via sinalizada para bicicleta,Domicílios,3556701001,V05019,Não,4433.0,95.35383953538395,95.35383953538395,NÃO,4649.0,4649.0,Domínio aplicável = Sim + Não; Não declarado coincide com circulação Aquavia + Saltado.
E06,Via sinalizada para bicicleta,Domicílios,3556701001,V05020,Não declarado,0.0,0.0,,SIM,4649.0,4649.0,Domínio aplicável = Sim + Não; Não declarado coincide com circulação Aquavia + Saltado.
E06,Via sinalizada para bicicleta,Moradores,3556701001,V05218,Sim,585.0,4.686373467916366,4.686373467916366,NÃO,12483.0,12483.0,Domínio aplicável = Sim + Não; Não declarado coincide com circulação Aquavia + Saltado.
E06,Via sinalizada para bicicleta,Moradores,3556701001,V05219,Não,11898.0,95.31362653208363,95.31362653208363,NÃO,12483.0,12483.0,Domínio aplicável = Sim + Não; Não declarado coincide com circulação Aquavia + Saltado.
E06,Via sinalizada para bicicleta,Moradores,3556701001,V05220,Não declarado,0.0,0.0,,SIM,12483.0,12483.0,Domínio aplicável = Sim + Não; Não declarado coincide com circulação Aquavia + Saltado.
E06,Via sinalizada para bicicleta,Faces,3556701001,V05418,Sim,57.0,8.062234794908061,8.062234794908061,NÃO,707.0,707.0,Domínio aplicável = Sim + Não; Não declarado coincide com circulação Aquavia + Saltado.
E06,Via sinalizada para bicicleta,Faces,3556701001,V05419,Não,650.0,91.93776520509194,91.93776520509194,NÃO,707.0,707.0,Domínio aplicável = Sim + Não; Não declarado coincide com circulação Aquavia + Saltado.
E06,Via sinalizada para bicicleta,Faces,3556701001,V05420,Não declarado,0.0,0.0,,SIM,707.0,707.0,Domínio aplicável = Sim + Não; Não declarado coincide com circulação Aquavia + Saltado.
E07,Calçada,Domicílios,3556701001,V05021,Sim,4519.0,97.20369972036997,97.20369972036997,NÃO,4649.0,4649.0,Domínio aplicável = Sim + Não; Não declarado coincide com circulação Aquavia + Saltado.
E07,Calçada,Domicílios,3556701001,V05022,Não,130.0,2.796300279630028,2.796300279630028,NÃO,4649.0,4649.0,Domínio aplicável = Sim + Não; Não declarado coincide com circulação Aquavia + Saltado.
E07,Calçada,Domicílios,3556701001,V05023,Não declarado,0.0,0.0,,SIM,4649.0,4649.0,Domínio aplicável = Sim + Não; Não declarado coincide com circulação Aquavia + Saltado.
E07,Calçada,Moradores,3556701001,V05221,Sim,12101.0,96.93983817992469,96.93983817992469,NÃO,12483.0,12483.0,Domínio aplicável = Sim + Não; Não declarado coincide com circulação Aquavia + Saltado.
E07,Calçada,Moradores,3556701001,V05222,Não,382.0,3.0601618200753022,3.0601618200753022,NÃO,12483.0,12483.0,Domínio aplicável = Sim + Não; Não declarado coincide com circulação Aquavia + Saltado.
E07,Calçada,Moradores,3556701001,V05223,Não declarado,0.0,0.0,,SIM,12483.0,12483.0,Domínio aplicável = Sim + Não; Não declarado coincide com circulação Aquavia + Saltado.
E07,Calçada,Faces,3556701001,V05421,Sim,648.0,91.65487977369166,91.65487977369166,NÃO,707.0,707.0,Domínio aplicável = Sim + Não; Não declarado coincide com circulação Aquavia + Saltado.
E07,Calçada,Faces,3556701001,V05422,Não,59.0,8.345120226308344,8.345120226308344,NÃO,707.0,707.0,Domínio aplicável = Sim + Não; Não declarado coincide com circulação Aquavia + Saltado.
E07,Calçada,Faces,3556701001,V05423,Não declarado,0.0,0.0,,SIM,707.0,707.0,Domínio aplicável = Sim + Não; Não declarado coincide com circulação Aquavia + Saltado.
E08,Obstáculo na calçada,Domicílios,3556701001,V05024,Sim,3802.0,81.78102817810282,84.13365788891348,NÃO,4649.0,4519.0,Domínio aplicável = Sim + Não; Não declarado coincide com ausência/não aplicação de calçada.
E08,Obstáculo na calçada,Domicílios,3556701001,V05025,Não,717.0,15.422671542267155,15.866342111086523,NÃO,4649.0,4519.0,Domínio aplicável = Sim + Não; Não declarado coincide com ausência/não aplicação de calçada.
E08,Obstáculo na calçada,Domicílios,3556701001,V05026,Não declarado,130.0,2.796300279630028,,SIM,4649.0,4519.0,Domínio aplicável = Sim + Não; Não declarado coincide com ausência/não aplicação de calçada.
E08,Obstáculo na calçada,Moradores,3556701001,V05224,Sim,10251.0,82.11968276856526,84.71200727212627,NÃO,12483.0,12101.0,Domínio aplicável = Sim + Não; Não declarado coincide com ausência/não aplicação de calçada.
E08,Obstáculo na calçada,Moradores,3556701001,V05225,Não,1850.0,14.820155411359448,15.287992727873728,NÃO,12483.0,12101.0,Domínio aplicável = Sim + Não; Não declarado coincide com ausência/não aplicação de calçada.
E08,Obstáculo na calçada,Moradores,3556701001,V05226,Não declarado,382.0,3.0601618200753022,,SIM,12483.0,12101.0,Domínio aplicável = Sim + Não; Não declarado coincide com ausência/não aplicação de calçada.
E08,Obstáculo na calçada,Faces,3556701001,V05424,Sim,459.0,64.92220650636492,70.83333333333334,NÃO,707.0,648.0,Domínio aplicável = Sim + Não; Não declarado coincide com ausência/não aplicação de calçada.
E08,Obstáculo na calçada,Faces,3556701001,V05425,Não,189.0,26.732673267326735,29.166666666666668,NÃO,707.0,648.0,Domínio aplicável = Sim + Não; Não declarado coincide com ausência/não aplicação de calçada.
E08,Obstáculo na calçada,Faces,3556701001,V05426,Não declarado,59.0,8.345120226308344,,SIM,707.0,648.0,Domínio aplicável = Sim + Não; Não declarado coincide com ausência/não aplicação de calçada.
E09,Rampa para cadeirante,Domicílios,3556701001,V05027,Sim,350.0,7.528500752850076,7.745076344323966,NÃO,4649.0,4519.0,Domínio aplicável = Sim + Não; Não declarado coincide com ausência/não aplicação de calçada.
E09,Rampa para cadeirante,Domicílios,3556701001,V05028,Não,4169.0,89.6751989675199,92.25492365567604,NÃO,4649.0,4519.0,Domínio aplicável = Sim + Não; Não declarado coincide com ausência/não aplicação de calçada.
E09,Rampa para cadeirante,Domicílios,3556701001,V05029,Não declarado,130.0,2.796300279630028,,SIM,4649.0,4519.0,Domínio aplicável = Sim + Não; Não declarado coincide com ausência/não aplicação de calçada.
E09,Rampa para cadeirante,Moradores,3556701001,V05227,Sim,879.0,7.041576544099976,7.263862490703247,NÃO,12483.0,12101.0,Domínio aplicável = Sim + Não; Não declarado coincide com ausência/não aplicação de calçada.
E09,Rampa para cadeirante,Moradores,3556701001,V05228,Não,11222.0,89.89826163582471,92.73613750929675,NÃO,12483.0,12101.0,Domínio aplicável = Sim + Não; Não declarado coincide com ausência/não aplicação de calçada.
E09,Rampa para cadeirante,Moradores,3556701001,V05229,Não declarado,382.0,3.0601618200753022,,SIM,12483.0,12101.0,Domínio aplicável = Sim + Não; Não declarado coincide com ausência/não aplicação de calçada.
E09,Rampa para cadeirante,Faces,3556701001,V05427,Sim,51.0,7.213578500707214,7.87037037037037,NÃO,707.0,648.0,Domínio aplicável = Sim + Não; Não declarado coincide com ausência/não aplicação de calçada.
E09,Rampa para cadeirante,Faces,3556701001,V05428,Não,597.0,84.44130127298443,92.12962962962963,NÃO,707.0,648.0,Domínio aplicável = Sim + Não; Não declarado coincide com ausência/não aplicação de calçada.
E09,Rampa para cadeirante,Faces,3556701001,V05429,Não declarado,59.0,8.345120226308344,,SIM,707.0,648.0,Domínio aplicável = Sim + Não; Não declarado coincide com ausência/não aplicação de calçada.
E10,Arborização,Domicílios,3556701001,V05030,Sem árvores,1063.0,22.86513228651323,22.86513228651323,NÃO,4649.0,4649.0,Domínio aplicável = classes substantivas de arborização; Saltado fica fora.
E10,Arborização,Domicílios,3556701001,V05031,1 a 2 árvores,1170.0,25.166702516670252,25.166702516670252,NÃO,4649.0,4649.0,Domínio aplicável = classes substantivas de arborização; Saltado fica fora.
E10,Arborização,Domicílios,3556701001,V05032,3 a 4 árvores,690.0,14.841901484190148,14.841901484190148,NÃO,4649.0,4649.0,Domínio aplicável = classes substantivas de arborização; Saltado fica fora.
E10,Arborização,Domicílios,3556701001,V05033,5 ou mais árvores,1726.0,37.126263712626375,37.126263712626375,NÃO,4649.0,4649.0,Domínio aplicável = classes substantivas de arborização; Saltado fica fora.
E10,Arborização,Domicílios,3556701001,V05034,Saltado,0.0,0.0,,SIM,4649.0,4649.0,Domínio aplicável = classes substantivas de arborização; Saltado fica fora.
E10,Arborização,Moradores,3556701001,V05230,Sem árvores,2757.0,22.086037010334053,22.086037010334053,NÃO,12483.0,12483.0,Domínio aplicável = classes substantivas de arborização; Saltado fica fora.
E10,Arborização,Moradores,3556701001,V05231,1 a 2 árvores,3165.0,25.354482095650084,25.354482095650084,NÃO,12483.0,12483.0,Domínio aplicável = classes substantivas de arborização; Saltado fica fora.
E10,Arborização,Moradores,3556701001,V05232,3 a 4 árvores,1848.0,14.804133621725546,14.804133621725546,NÃO,12483.0,12483.0,Domínio aplicável = classes substantivas de arborização; Saltado fica fora.
E10,Arborização,Moradores,3556701001,V05233,5 ou mais árvores,4713.0,37.755347272290315,37.755347272290315,NÃO,12483.0,12483.0,Domínio aplicável = classes substantivas de arborização; Saltado fica fora.
E10,Arborização,Moradores,3556701001,V05234,Saltado,0.0,0.0,,SIM,12483.0,12483.0,Domínio aplicável = classes substantivas de arborização; Saltado fica fora.
E10,Arborização,Faces,3556701001,V05430,Sem árvores,226.0,31.966053748231964,31.966053748231964,NÃO,707.0,707.0,Domínio aplicável = classes substantivas de arborização; Saltado fica fora.
E10,Arborização,Faces,3556701001,V05431,1 a 2 árvores,150.0,21.216407355021218,21.216407355021218,NÃO,707.0,707.0,Domínio aplicável = classes substantivas de arborização; Saltado fica fora.
E10,Arborização,Faces,3556701001,V05432,3 a 4 árvores,79.0,11.173974540311175,11.173974540311175,NÃO,707.0,707.0,Domínio aplicável = classes substantivas de arborização; Saltado fica fora.
E10,Arborização,Faces,3556701001,V05433,5 ou mais árvores,252.0,35.64356435643564,35.64356435643564,NÃO,707.0,707.0,Domínio aplicável = classes substantivas de arborização; Saltado fica fora.
E10,Arborização,Faces,3556701001,V05434,Saltado,0.0,0.0,,SIM,707.0,707.0,Domínio aplicável = classes substantivas de arborização; Saltado fica fora.
E01,Circulação da via,Domicílios,3556701002,V05001,"Caminhão, ônibus",4210.0,99.12879679773958,99.45665012993149,NÃO,4247.0,4233.0,Domínio aplicável = categorias substantivas de circulação; Saltado fica fora.
E01,Circulação da via,Domicílios,3556701002,V05002,Carros de passeio ou van,23.0,0.5415587473510713,0.5433498700685093,NÃO,4247.0,4233.0,Domínio aplicável = categorias substantivas de circulação; Saltado fica fora.
E01,Circulação da via,Domicílios,3556701002,V05003,"Pedestres, bicicletas e motocicletas",0.0,0.0,0.0,NÃO,4247.0,4233.0,Domínio aplicável = categorias substantivas de circulação; Saltado fica fora.
E01,Circulação da via,Domicílios,3556701002,V05004,Aquavia,0.0,0.0,0.0,NÃO,4247.0,4233.0,Domínio aplicável = categorias substantivas de circulação; Saltado fica fora.
E01,Circulação da via,Domicílios,3556701002,V05005,Saltado,14.0,0.32964445490934774,,SIM,4247.0,4233.0,Domínio aplicável = categorias substantivas de circulação; Saltado fica fora.
E01,Circulação da via,Moradores,3556701002,V05201,"Caminhão, ônibus",12255.0,99.19061108862809,99.51278928136419,NÃO,12355.0,12315.0,Domínio aplicável = categorias substantivas de circulação; Saltado fica fora.
E01,Circulação da via,Moradores,3556701002,V05202,Carros de passeio ou van,60.0,0.48563334682314846,0.48721071863580995,NÃO,12355.0,12315.0,Domínio aplicável = categorias substantivas de circulação; Saltado fica fora.
E01,Circulação da via,Moradores,3556701002,V05203,"Pedestres, bicicletas e motocicletas",0.0,0.0,0.0,NÃO,12355.0,12315.0,Domínio aplicável = categorias substantivas de circulação; Saltado fica fora.
E01,Circulação da via,Moradores,3556701002,V05204,Aquavia,0.0,0.0,0.0,NÃO,12355.0,12315.0,Domínio aplicável = categorias substantivas de circulação; Saltado fica fora.
E01,Circulação da via,Moradores,3556701002,V05205,Saltado,40.0,0.3237555645487657,,SIM,12355.0,12315.0,Domínio aplicável = categorias substantivas de circulação; Saltado fica fora.
E01,Circulação da via,Faces,3556701002,V05401,"Caminhão, ônibus",686.0,91.71122994652407,99.13294797687861,NÃO,748.0,692.0,Domínio aplicável = categorias substantivas de circulação; Saltado fica fora.
E01,Circulação da via,Faces,3556701002,V05402,Carros de passeio ou van,6.0,0.8021390374331552,0.8670520231213872,NÃO,748.0,692.0,Domínio aplicável = categorias substantivas de circulação; Saltado fica fora.
E01,Circulação da via,Faces,3556701002,V05403,"Pedestres, bicicletas e motocicletas",0.0,0.0,0.0,NÃO,748.0,692.0,Domínio aplicável = categorias substantivas de circulação; Saltado fica fora.
E01,Circulação da via,Faces,3556701002,V05404,Aquavia,0.0,0.0,0.0,NÃO,748.0,692.0,Domínio aplicável = categorias substantivas de circulação; Saltado fica fora.
E01,Circulação da via,Faces,3556701002,V05405,Saltado,56.0,7.4866310160427805,,SIM,748.0,692.0,Domínio aplicável = categorias substantivas de circulação; Saltado fica fora.
E02,Pavimentação,Domicílios,3556701002,V05006,Sim,4112.0,96.82128561337414,97.14150720529176,NÃO,4247.0,4233.0,Domínio aplicável = Sim + Não; Não declarado coincide com circulação Aquavia + Saltado.
E02,Pavimentação,Domicílios,3556701002,V05007,Não,121.0,2.849069931716506,2.8584927947082446,NÃO,4247.0,4233.0,Domínio aplicável = Sim + Não; Não declarado coincide com circulação Aquavia + Saltado.
E02,Pavimentação,Domicílios,3556701002,V05008,Não declarado,14.0,0.32964445490934774,,SIM,4247.0,4233.0,Domínio aplicável = Sim + Não; Não declarado coincide com circulação Aquavia + Saltado.
E02,Pavimentação,Moradores,3556701002,V05206,Sim,11989.0,97.03763658437879,97.35282176207876,NÃO,12355.0,12315.0,Domínio aplicável = Sim + Não; Não declarado coincide com circulação Aquavia + Saltado.
E02,Pavimentação,Moradores,3556701002,V05207,Não,326.0,2.6386078510724404,2.647178237921234,NÃO,12355.0,12315.0,Domínio aplicável = Sim + Não; Não declarado coincide com circulação Aquavia + Saltado.
E02,Pavimentação,Moradores,3556701002,V05208,Não declarado,40.0,0.3237555645487657,,SIM,12355.0,12315.0,Domínio aplicável = Sim + Não; Não declarado coincide com circulação Aquavia + Saltado.
E02,Pavimentação,Faces,3556701002,V05406,Sim,669.0,89.43850267379679,96.67630057803468,NÃO,748.0,692.0,Domínio aplicável = Sim + Não; Não declarado coincide com circulação Aquavia + Saltado.
E02,Pavimentação,Faces,3556701002,V05407,Não,23.0,3.074866310160428,3.3236994219653178,NÃO,748.0,692.0,Domínio aplicável = Sim + Não; Não declarado coincide com circulação Aquavia + Saltado.
E02,Pavimentação,Faces,3556701002,V05408,Não declarado,56.0,7.4866310160427805,,SIM,748.0,692.0,Domínio aplicável = Sim + Não; Não declarado coincide com circulação Aquavia + Saltado.
E03,Bueiro / boca de lobo,Domicílios,3556701002,V05009,Sim,3768.0,88.7214504356016,89.0148830616584,NÃO,4247.0,4233.0,Domínio aplicável = Sim + Não; Não declarado coincide com circulação Aquavia + Saltado.
E03,Bueiro / boca de lobo,Domicílios,3556701002,V05010,Não,465.0,10.948905109489052,10.985116938341601,NÃO,4247.0,4233.0,Domínio aplicável = Sim + Não; Não declarado coincide com circulação Aquavia + Saltado.
E03,Bueiro / boca de lobo,Domicílios,3556701002,V05011,Não declarado,14.0,0.32964445490934774,,SIM,4247.0,4233.0,Domínio aplicável = Sim + Não; Não declarado coincide com circulação Aquavia + Saltado.
E03,Bueiro / boca de lobo,Moradores,3556701002,V05209,Sim,11030.0,89.27559692432213,89.56557044254974,NÃO,12355.0,12315.0,Domínio aplicável = Sim + Não; Não declarado coincide com circulação Aquavia + Saltado.
E03,Bueiro / boca de lobo,Moradores,3556701002,V05210,Não,1285.0,10.400647511129097,10.434429557450265,NÃO,12355.0,12315.0,Domínio aplicável = Sim + Não; Não declarado coincide com circulação Aquavia + Saltado.
E03,Bueiro / boca de lobo,Moradores,3556701002,V05211,Não declarado,40.0,0.3237555645487657,,SIM,12355.0,12315.0,Domínio aplicável = Sim + Não; Não declarado coincide com circulação Aquavia + Saltado.
E03,Bueiro / boca de lobo,Faces,3556701002,V05409,Sim,565.0,75.53475935828877,81.64739884393065,NÃO,748.0,692.0,Domínio aplicável = Sim + Não; Não declarado coincide com circulação Aquavia + Saltado.
E03,Bueiro / boca de lobo,Faces,3556701002,V05410,Não,127.0,16.97860962566845,18.352601156069365,NÃO,748.0,692.0,Domínio aplicável = Sim + Não; Não declarado coincide com circulação Aquavia + Saltado.
E03,Bueiro / boca de lobo,Faces,3556701002,V05411,Não declarado,56.0,7.4866310160427805,,SIM,748.0,692.0,Domínio aplicável = Sim + Não; Não declarado coincide com circulação Aquavia + Saltado.
E04,Iluminação pública,Domicílios,3556701002,V05012,Sim,4205.0,99.01106663527196,99.33853059296007,NÃO,4247.0,4233.0,Domínio aplicável = Sim + Não; Não declarado coincide com circulação Aquavia + Saltado.
E04,Iluminação pública,Domicílios,3556701002,V05013,Não,28.0,0.6592889098186955,0.6614694070399244,NÃO,4247.0,4233.0,Domínio aplicável = Sim + Não; Não declarado coincide com circulação Aquavia + Saltado.
E04,Iluminação pública,Domicílios,3556701002,V05014,Não declarado,14.0,0.32964445490934774,,SIM,4247.0,4233.0,Domínio aplicável = Sim + Não; Não declarado coincide com circulação Aquavia + Saltado.
E04,Iluminação pública,Moradores,3556701002,V05212,Sim,12238.0,99.05301497369486,99.37474624441738,NÃO,12355.0,12315.0,Domínio aplicável = Sim + Não; Não declarado coincide com circulação Aquavia + Saltado.
E04,Iluminação pública,Moradores,3556701002,V05213,Não,77.0,0.623229461756374,0.6252537555826227,NÃO,12355.0,12315.0,Domínio aplicável = Sim + Não; Não declarado coincide com circulação Aquavia + Saltado.
E04,Iluminação pública,Moradores,3556701002,V05214,Não declarado,40.0,0.3237555645487657,,SIM,12355.0,12315.0,Domínio aplicável = Sim + Não; Não declarado coincide com circulação Aquavia + Saltado.
E04,Iluminação pública,Faces,3556701002,V05412,Sim,677.0,90.50802139037432,97.83236994219652,NÃO,748.0,692.0,Domínio aplicável = Sim + Não; Não declarado coincide com circulação Aquavia + Saltado.
E04,Iluminação pública,Faces,3556701002,V05413,Não,15.0,2.0053475935828877,2.167630057803468,NÃO,748.0,692.0,Domínio aplicável = Sim + Não; Não declarado coincide com circulação Aquavia + Saltado.
E04,Iluminação pública,Faces,3556701002,V05414,Não declarado,56.0,7.4866310160427805,,SIM,748.0,692.0,Domínio aplicável = Sim + Não; Não declarado coincide com circulação Aquavia + Saltado.
E05,Ponto de ônibus,Domicílios,3556701002,V05015,Sim,619.0,14.574994113491876,14.623198677061186,NÃO,4247.0,4233.0,Domínio aplicável = Sim + Não; Não declarado coincide com circulação Aquavia + Saltado.
E05,Ponto de ônibus,Domicílios,3556701002,V05016,Não,3614.0,85.09536143159877,85.37680132293882,NÃO,4247.0,4233.0,Domínio aplicável = Sim + Não; Não declarado coincide com circulação Aquavia + Saltado.
E05,Ponto de ônibus,Domicílios,3556701002,V05017,Não declarado,14.0,0.32964445490934774,,SIM,4247.0,4233.0,Domínio aplicável = Sim + Não; Não declarado coincide com circulação Aquavia + Saltado.
E05,Ponto de ônibus,Moradores,3556701002,V05215,Sim,1853.0,14.99797652772157,15.0466910272026,NÃO,12355.0,12315.0,Domínio aplicável = Sim + Não; Não declarado coincide com circulação Aquavia + Saltado.
E05,Ponto de ônibus,Moradores,3556701002,V05216,Não,10462.0,84.67826790772966,84.9533089727974,NÃO,12355.0,12315.0,Domínio aplicável = Sim + Não; Não declarado coincide com circulação Aquavia + Saltado.
E05,Ponto de ônibus,Moradores,3556701002,V05217,Não declarado,40.0,0.3237555645487657,,SIM,12355.0,12315.0,Domínio aplicável = Sim + Não; Não declarado coincide com circulação Aquavia + Saltado.
E05,Ponto de ônibus,Faces,3556701002,V05415,Sim,77.0,10.294117647058822,11.127167630057803,NÃO,748.0,692.0,Domínio aplicável = Sim + Não; Não declarado coincide com circulação Aquavia + Saltado.
E05,Ponto de ônibus,Faces,3556701002,V05416,Não,615.0,82.2192513368984,88.8728323699422,NÃO,748.0,692.0,Domínio aplicável = Sim + Não; Não declarado coincide com circulação Aquavia + Saltado.
E05,Ponto de ônibus,Faces,3556701002,V05417,Não declarado,56.0,7.4866310160427805,,SIM,748.0,692.0,Domínio aplicável = Sim + Não; Não declarado coincide com circulação Aquavia + Saltado.
E06,Via sinalizada para bicicleta,Domicílios,3556701002,V05018,Sim,94.0,2.213327054391335,2.2206472950626033,NÃO,4247.0,4233.0,Domínio aplicável = Sim + Não; Não declarado coincide com circulação Aquavia + Saltado.
E06,Via sinalizada para bicicleta,Domicílios,3556701002,V05019,Não,4139.0,97.45702849069932,97.7793527049374,NÃO,4247.0,4233.0,Domínio aplicável = Sim + Não; Não declarado coincide com circulação Aquavia + Saltado.
E06,Via sinalizada para bicicleta,Domicílios,3556701002,V05020,Não declarado,14.0,0.32964445490934774,,SIM,4247.0,4233.0,Domínio aplicável = Sim + Não; Não declarado coincide com circulação Aquavia + Saltado.
E06,Via sinalizada para bicicleta,Moradores,3556701002,V05218,Sim,251.0,2.0315661675435046,2.0381648396264715,NÃO,12355.0,12315.0,Domínio aplicável = Sim + Não; Não declarado coincide com circulação Aquavia + Saltado.
E06,Via sinalizada para bicicleta,Moradores,3556701002,V05219,Não,12064.0,97.64467826790772,97.96183516037352,NÃO,12355.0,12315.0,Domínio aplicável = Sim + Não; Não declarado coincide com circulação Aquavia + Saltado.
E06,Via sinalizada para bicicleta,Moradores,3556701002,V05220,Não declarado,40.0,0.3237555645487657,,SIM,12355.0,12315.0,Domínio aplicável = Sim + Não; Não declarado coincide com circulação Aquavia + Saltado.
E06,Via sinalizada para bicicleta,Faces,3556701002,V05418,Sim,11.0,1.4705882352941175,1.5895953757225432,NÃO,748.0,692.0,Domínio aplicável = Sim + Não; Não declarado coincide com circulação Aquavia + Saltado.
E06,Via sinalizada para bicicleta,Faces,3556701002,V05419,Não,681.0,91.0427807486631,98.41040462427746,NÃO,748.0,692.0,Domínio aplicável = Sim + Não; Não declarado coincide com circulação Aquavia + Saltado.
E06,Via sinalizada para bicicleta,Faces,3556701002,V05420,Não declarado,56.0,7.4866310160427805,,SIM,748.0,692.0,Domínio aplicável = Sim + Não; Não declarado coincide com circulação Aquavia + Saltado.
E07,Calçada,Domicílios,3556701002,V05021,Sim,4035.0,95.00824111137274,95.32246633593196,NÃO,4247.0,4233.0,Domínio aplicável = Sim + Não; Não declarado coincide com circulação Aquavia + Saltado.
E07,Calçada,Domicílios,3556701002,V05022,Não,198.0,4.662114433717918,4.677533664068037,NÃO,4247.0,4233.0,Domínio aplicável = Sim + Não; Não declarado coincide com circulação Aquavia + Saltado.
E07,Calçada,Domicílios,3556701002,V05023,Não declarado,14.0,0.32964445490934774,,SIM,4247.0,4233.0,Domínio aplicável = Sim + Não; Não declarado coincide com circulação Aquavia + Saltado.
E07,Calçada,Moradores,3556701002,V05221,Sim,11760.0,95.18413597733712,95.49330085261876,NÃO,12355.0,12315.0,Domínio aplicável = Sim + Não; Não declarado coincide com circulação Aquavia + Saltado.
E07,Calçada,Moradores,3556701002,V05222,Não,555.0,4.4921084581141235,4.506699147381242,NÃO,12355.0,12315.0,Domínio aplicável = Sim + Não; Não declarado coincide com circulação Aquavia + Saltado.
E07,Calçada,Moradores,3556701002,V05223,Não declarado,40.0,0.3237555645487657,,SIM,12355.0,12315.0,Domínio aplicável = Sim + Não; Não declarado coincide com circulação Aquavia + Saltado.
E07,Calçada,Faces,3556701002,V05421,Sim,639.0,85.42780748663101,92.34104046242774,NÃO,748.0,692.0,Domínio aplicável = Sim + Não; Não declarado coincide com circulação Aquavia + Saltado.
E07,Calçada,Faces,3556701002,V05422,Não,53.0,7.0855614973262036,7.658959537572255,NÃO,748.0,692.0,Domínio aplicável = Sim + Não; Não declarado coincide com circulação Aquavia + Saltado.
E07,Calçada,Faces,3556701002,V05423,Não declarado,56.0,7.4866310160427805,,SIM,748.0,692.0,Domínio aplicável = Sim + Não; Não declarado coincide com circulação Aquavia + Saltado.
E08,Obstáculo na calçada,Domicílios,3556701002,V05024,Sim,3729.0,87.80315516835412,92.41635687732342,NÃO,4247.0,4035.0,Domínio aplicável = Sim + Não; Não declarado coincide com ausência/não aplicação de calçada.
E08,Obstáculo na calçada,Domicílios,3556701002,V05025,Não,306.0,7.205085943018602,7.5836431226765795,NÃO,4247.0,4035.0,Domínio aplicável = Sim + Não; Não declarado coincide com ausência/não aplicação de calçada.
E08,Obstáculo na calçada,Domicílios,3556701002,V05026,Não declarado,212.0,4.991758888627267,,SIM,4247.0,4035.0,Domínio aplicável = Sim + Não; Não declarado coincide com ausência/não aplicação de calçada.
E08,Obstáculo na calçada,Moradores,3556701002,V05224,Sim,10881.0,88.06960744637799,92.52551020408163,NÃO,12355.0,11760.0,Domínio aplicável = Sim + Não; Não declarado coincide com ausência/não aplicação de calçada.
E08,Obstáculo na calçada,Moradores,3556701002,V05225,Não,879.0,7.1145285309591255,7.474489795918367,NÃO,12355.0,11760.0,Domínio aplicável = Sim + Não; Não declarado coincide com ausência/não aplicação de calçada.
E08,Obstáculo na calçada,Moradores,3556701002,V05226,Não declarado,595.0,4.815864022662889,,SIM,12355.0,11760.0,Domínio aplicável = Sim + Não; Não declarado coincide com ausência/não aplicação de calçada.
E08,Obstáculo na calçada,Faces,3556701002,V05424,Sim,534.0,71.3903743315508,83.56807511737088,NÃO,748.0,639.0,Domínio aplicável = Sim + Não; Não declarado coincide com ausência/não aplicação de calçada.
E08,Obstáculo na calçada,Faces,3556701002,V05425,Não,105.0,14.037433155080215,16.431924882629108,NÃO,748.0,639.0,Domínio aplicável = Sim + Não; Não declarado coincide com ausência/não aplicação de calçada.
E08,Obstáculo na calçada,Faces,3556701002,V05426,Não declarado,109.0,14.572192513368984,,SIM,748.0,639.0,Domínio aplicável = Sim + Não; Não declarado coincide com ausência/não aplicação de calçada.
E09,Rampa para cadeirante,Domicílios,3556701002,V05027,Sim,287.0,6.75771132564163,7.112763320941759,NÃO,4247.0,4035.0,Domínio aplicável = Sim + Não; Não declarado coincide com ausência/não aplicação de calçada.
E09,Rampa para cadeirante,Domicílios,3556701002,V05028,Não,3748.0,88.2505297857311,92.88723667905823,NÃO,4247.0,4035.0,Domínio aplicável = Sim + Não; Não declarado coincide com ausência/não aplicação de calçada.
E09,Rampa para cadeirante,Domicílios,3556701002,V05029,Não declarado,212.0,4.991758888627267,,SIM,4247.0,4035.0,Domínio aplicável = Sim + Não; Não declarado coincide com ausência/não aplicação de calçada.
E09,Rampa para cadeirante,Moradores,3556701002,V05227,Sim,866.0,7.009307972480777,7.363945578231293,NÃO,12355.0,11760.0,Domínio aplicável = Sim + Não; Não declarado coincide com ausência/não aplicação de calçada.
E09,Rampa para cadeirante,Moradores,3556701002,V05228,Não,10894.0,88.17482800485634,92.6360544217687,NÃO,12355.0,11760.0,Domínio aplicável = Sim + Não; Não declarado coincide com ausência/não aplicação de calçada.
E09,Rampa para cadeirante,Moradores,3556701002,V05229,Não declarado,595.0,4.815864022662889,,SIM,12355.0,11760.0,Domínio aplicável = Sim + Não; Não declarado coincide com ausência/não aplicação de calçada.
E09,Rampa para cadeirante,Faces,3556701002,V05427,Sim,38.0,5.080213903743315,5.94679186228482,NÃO,748.0,639.0,Domínio aplicável = Sim + Não; Não declarado coincide com ausência/não aplicação de calçada.
E09,Rampa para cadeirante,Faces,3556701002,V05428,Não,601.0,80.3475935828877,94.05320813771519,NÃO,748.0,639.0,Domínio aplicável = Sim + Não; Não declarado coincide com ausência/não aplicação de calçada.
E09,Rampa para cadeirante,Faces,3556701002,V05429,Não declarado,109.0,14.572192513368984,,SIM,748.0,639.0,Domínio aplicável = Sim + Não; Não declarado coincide com ausência/não aplicação de calçada.
E10,Arborização,Domicílios,3556701002,V05030,Sem árvores,858.0,20.202495879444314,20.269312544294827,NÃO,4247.0,4233.0,Domínio aplicável = classes substantivas de arborização; Saltado fica fora.
E10,Arborização,Domicílios,3556701002,V05031,1 a 2 árvores,799.0,18.813279962326348,18.87550200803213,NÃO,4247.0,4233.0,Domínio aplicável = classes substantivas de arborização; Saltado fica fora.
E10,Arborização,Domicílios,3556701002,V05032,3 a 4 árvores,419.0,9.865787614786909,9.898417198204584,NÃO,4247.0,4233.0,Domínio aplicável = classes substantivas de arborização; Saltado fica fora.
E10,Arborização,Domicílios,3556701002,V05033,5 ou mais árvores,2157.0,50.788792088533086,50.95676824946847,NÃO,4247.0,4233.0,Domínio aplicável = classes substantivas de arborização; Saltado fica fora.
E10,Arborização,Domicílios,3556701002,V05034,Saltado,14.0,0.32964445490934774,,SIM,4247.0,4233.0,Domínio aplicável = classes substantivas de arborização; Saltado fica fora.
E10,Arborização,Moradores,3556701002,V05230,Sem árvores,2477.0,20.048563334682314,20.113682501015024,NÃO,12355.0,12315.0,Domínio aplicável = classes substantivas de arborização; Saltado fica fora.
E10,Arborização,Moradores,3556701002,V05231,1 a 2 árvores,2375.0,19.222986645082962,19.285424279334144,NÃO,12355.0,12315.0,Domínio aplicável = classes substantivas de arborização; Saltado fica fora.
E10,Arborização,Moradores,3556701002,V05232,3 a 4 árvores,1210.0,9.793605827600162,9.825416159155502,NÃO,12355.0,12315.0,Domínio aplicável = classes substantivas de arborização; Saltado fica fora.
E10,Arborização,Moradores,3556701002,V05233,5 ou mais árvores,6253.0,50.611088628085795,50.775477060495334,NÃO,12355.0,12315.0,Domínio aplicável = classes substantivas de arborização; Saltado fica fora.
E10,Arborização,Moradores,3556701002,V05234,Saltado,40.0,0.3237555645487657,,SIM,12355.0,12315.0,Domínio aplicável = classes substantivas de arborização; Saltado fica fora.
E10,Arborização,Faces,3556701002,V05430,Sem árvores,191.0,25.534759358288774,27.601156069364162,NÃO,748.0,692.0,Domínio aplicável = classes substantivas de arborização; Saltado fica fora.
E10,Arborização,Faces,3556701002,V05431,1 a 2 árvores,100.0,13.368983957219251,14.450867052023122,NÃO,748.0,692.0,Domínio aplicável = classes substantivas de arborização; Saltado fica fora.
E10,Arborização,Faces,3556701002,V05432,3 a 4 árvores,66.0,8.823529411764707,9.53757225433526,NÃO,748.0,692.0,Domínio aplicável = classes substantivas de arborização; Saltado fica fora.
E10,Arborização,Faces,3556701002,V05433,5 ou mais árvores,335.0,44.786096256684495,48.41040462427746,NÃO,748.0,692.0,Domínio aplicável = classes substantivas de arborização; Saltado fica fora.
E10,Arborização,Faces,3556701002,V05434,Saltado,56.0,7.4866310160427805,,SIM,748.0,692.0,Domínio aplicável = classes substantivas de arborização; Saltado fica fora.
E01,Circulação da via,Domicílios,3556701003,V05001,"Caminhão, ônibus",4058.0,95.23586012673081,98.80691502313124,NÃO,4261.0,4107.0,Domínio aplicável = categorias substantivas de circulação; Saltado fica fora.
E01,Circulação da via,Domicílios,3556701003,V05002,Carros de passeio ou van,49.0,1.1499647969960103,1.1930849768687608,NÃO,4261.0,4107.0,Domínio aplicável = categorias substantivas de circulação; Saltado fica fora.
E01,Circulação da via,Domicílios,3556701003,V05003,"Pedestres, bicicletas e motocicletas",0.0,0.0,0.0,NÃO,4261.0,4107.0,Domínio aplicável = categorias substantivas de circulação; Saltado fica fora.
E01,Circulação da via,Domicílios,3556701003,V05004,Aquavia,0.0,0.0,0.0,NÃO,4261.0,4107.0,Domínio aplicável = categorias substantivas de circulação; Saltado fica fora.
E01,Circulação da via,Domicílios,3556701003,V05005,Saltado,154.0,3.6141750762731752,,SIM,4261.0,4107.0,Domínio aplicável = categorias substantivas de circulação; Saltado fica fora.
E01,Circulação da via,Moradores,3556701003,V05201,"Caminhão, ônibus",11500.0,95.30913310127632,99.06107330519424,NÃO,12066.0,11609.0,Domínio aplicável = categorias substantivas de circulação; Saltado fica fora.
E01,Circulação da via,Moradores,3556701003,V05202,Carros de passeio ou van,109.0,0.9033648267860103,0.9389266948057541,NÃO,12066.0,11609.0,Domínio aplicável = categorias substantivas de circulação; Saltado fica fora.
E01,Circulação da via,Moradores,3556701003,V05203,"Pedestres, bicicletas e motocicletas",0.0,0.0,0.0,NÃO,12066.0,11609.0,Domínio aplicável = categorias substantivas de circulação; Saltado fica fora.
E01,Circulação da via,Moradores,3556701003,V05204,Aquavia,0.0,0.0,0.0,NÃO,12066.0,11609.0,Domínio aplicável = categorias substantivas de circulação; Saltado fica fora.
E01,Circulação da via,Moradores,3556701003,V05205,Saltado,457.0,3.787502071937676,,SIM,12066.0,11609.0,Domínio aplicável = categorias substantivas de circulação; Saltado fica fora.
E01,Circulação da via,Faces,3556701003,V05401,"Caminhão, ônibus",346.0,96.11111111111111,98.01699716713881,NÃO,360.0,353.0,Domínio aplicável = categorias substantivas de circulação; Saltado fica fora.
E01,Circulação da via,Faces,3556701003,V05402,Carros de passeio ou van,7.0,1.9444444444444444,1.9830028328611897,NÃO,360.0,353.0,Domínio aplicável = categorias substantivas de circulação; Saltado fica fora.
E01,Circulação da via,Faces,3556701003,V05403,"Pedestres, bicicletas e motocicletas",0.0,0.0,0.0,NÃO,360.0,353.0,Domínio aplicável = categorias substantivas de circulação; Saltado fica fora.
E01,Circulação da via,Faces,3556701003,V05404,Aquavia,0.0,0.0,0.0,NÃO,360.0,353.0,Domínio aplicável = categorias substantivas de circulação; Saltado fica fora.
E01,Circulação da via,Faces,3556701003,V05405,Saltado,7.0,1.9444444444444444,,SIM,360.0,353.0,Domínio aplicável = categorias substantivas de circulação; Saltado fica fora.
E02,Pavimentação,Domicílios,3556701003,V05006,Sim,4105.0,96.33888758507393,99.95130265400536,NÃO,4261.0,4107.0,Domínio aplicável = Sim + Não; Não declarado coincide com circulação Aquavia + Saltado.
E02,Pavimentação,Domicílios,3556701003,V05007,Não,2.0,0.04693733865289838,0.048697345994643294,NÃO,4261.0,4107.0,Domínio aplicável = Sim + Não; Não declarado coincide com circulação Aquavia + Saltado.
E02,Pavimentação,Domicílios,3556701003,V05008,Não declarado,154.0,3.6141750762731752,,SIM,4261.0,4107.0,Domínio aplicável = Sim + Não; Não declarado coincide com circulação Aquavia + Saltado.
E02,Pavimentação,Moradores,3556701003,V05206,Sim,11596.0,96.10475716890437,99.88801791713325,NÃO,12066.0,11609.0,Domínio aplicável = Sim + Não; Não declarado coincide com circulação Aquavia + Saltado.
E02,Pavimentação,Moradores,3556701003,V05207,Não,13.0,0.10774075915796454,0.11198208286674133,NÃO,12066.0,11609.0,Domínio aplicável = Sim + Não; Não declarado coincide com circulação Aquavia + Saltado.
E02,Pavimentação,Moradores,3556701003,V05208,Não declarado,457.0,3.787502071937676,,SIM,12066.0,11609.0,Domínio aplicável = Sim + Não; Não declarado coincide com circulação Aquavia + Saltado.
E02,Pavimentação,Faces,3556701003,V05406,Sim,352.0,97.77777777777777,99.71671388101983,NÃO,360.0,353.0,Domínio aplicável = Sim + Não; Não declarado coincide com circulação Aquavia + Saltado.
E02,Pavimentação,Faces,3556701003,V05407,Não,1.0,0.2777777777777778,0.28328611898017,NÃO,360.0,353.0,Domínio aplicável = Sim + Não; Não declarado coincide com circulação Aquavia + Saltado.
E02,Pavimentação,Faces,3556701003,V05408,Não declarado,7.0,1.9444444444444444,,SIM,360.0,353.0,Domínio aplicável = Sim + Não; Não declarado coincide com circulação Aquavia + Saltado.
E03,Bueiro / boca de lobo,Domicílios,3556701003,V05009,Sim,3156.0,74.06712039427364,76.84441197954712,NÃO,4261.0,4107.0,Domínio aplicável = Sim + Não; Não declarado coincide com circulação Aquavia + Saltado.
E03,Bueiro / boca de lobo,Domicílios,3556701003,V05010,Não,951.0,22.31870452945318,23.155588020452885,NÃO,4261.0,4107.0,Domínio aplicável = Sim + Não; Não declarado coincide com circulação Aquavia + Saltado.
E03,Bueiro / boca de lobo,Domicílios,3556701003,V05011,Não declarado,154.0,3.6141750762731752,,SIM,4261.0,4107.0,Domínio aplicável = Sim + Não; Não declarado coincide com circulação Aquavia + Saltado.
E03,Bueiro / boca de lobo,Moradores,3556701003,V05209,Sim,8901.0,73.76926902038787,76.67327073822034,NÃO,12066.0,11609.0,Domínio aplicável = Sim + Não; Não declarado coincide com circulação Aquavia + Saltado.
E03,Bueiro / boca de lobo,Moradores,3556701003,V05210,Não,2708.0,22.443228907674456,23.32672926177965,NÃO,12066.0,11609.0,Domínio aplicável = Sim + Não; Não declarado coincide com circulação Aquavia + Saltado.
E03,Bueiro / boca de lobo,Moradores,3556701003,V05211,Não declarado,457.0,3.787502071937676,,SIM,12066.0,11609.0,Domínio aplicável = Sim + Não; Não declarado coincide com circulação Aquavia + Saltado.
E03,Bueiro / boca de lobo,Faces,3556701003,V05409,Sim,260.0,72.22222222222221,73.65439093484419,NÃO,360.0,353.0,Domínio aplicável = Sim + Não; Não declarado coincide com circulação Aquavia + Saltado.
E03,Bueiro / boca de lobo,Faces,3556701003,V05410,Não,93.0,25.833333333333336,26.345609065155806,NÃO,360.0,353.0,Domínio aplicável = Sim + Não; Não declarado coincide com circulação Aquavia + Saltado.
E03,Bueiro / boca de lobo,Faces,3556701003,V05411,Não declarado,7.0,1.9444444444444444,,SIM,360.0,353.0,Domínio aplicável = Sim + Não; Não declarado coincide com circulação Aquavia + Saltado.
E04,Iluminação pública,Domicílios,3556701003,V05012,Sim,4107.0,96.38582492372683,100.0,NÃO,4261.0,4107.0,Domínio aplicável = Sim + Não; Não declarado coincide com circulação Aquavia + Saltado.
E04,Iluminação pública,Domicílios,3556701003,V05013,Não,0.0,0.0,0.0,NÃO,4261.0,4107.0,Domínio aplicável = Sim + Não; Não declarado coincide com circulação Aquavia + Saltado.
E04,Iluminação pública,Domicílios,3556701003,V05014,Não declarado,154.0,3.6141750762731752,,SIM,4261.0,4107.0,Domínio aplicável = Sim + Não; Não declarado coincide com circulação Aquavia + Saltado.
E04,Iluminação pública,Moradores,3556701003,V05212,Sim,11609.0,96.21249792806232,100.0,NÃO,12066.0,11609.0,Domínio aplicável = Sim + Não; Não declarado coincide com circulação Aquavia + Saltado.
E04,Iluminação pública,Moradores,3556701003,V05213,Não,0.0,0.0,0.0,NÃO,12066.0,11609.0,Domínio aplicável = Sim + Não; Não declarado coincide com circulação Aquavia + Saltado.
E04,Iluminação pública,Moradores,3556701003,V05214,Não declarado,457.0,3.787502071937676,,SIM,12066.0,11609.0,Domínio aplicável = Sim + Não; Não declarado coincide com circulação Aquavia + Saltado.
E04,Iluminação pública,Faces,3556701003,V05412,Sim,351.0,97.5,99.43342776203966,NÃO,360.0,353.0,Domínio aplicável = Sim + Não; Não declarado coincide com circulação Aquavia + Saltado.
E04,Iluminação pública,Faces,3556701003,V05413,Não,2.0,0.5555555555555556,0.56657223796034,NÃO,360.0,353.0,Domínio aplicável = Sim + Não; Não declarado coincide com circulação Aquavia + Saltado.
E04,Iluminação pública,Faces,3556701003,V05414,Não declarado,7.0,1.9444444444444444,,SIM,360.0,353.0,Domínio aplicável = Sim + Não; Não declarado coincide com circulação Aquavia + Saltado.
E05,Ponto de ônibus,Domicílios,3556701003,V05015,Sim,758.0,17.789251349448488,18.45629413196981,NÃO,4261.0,4107.0,Domínio aplicável = Sim + Não; Não declarado coincide com circulação Aquavia + Saltado.
E05,Ponto de ônibus,Domicílios,3556701003,V05016,Não,3349.0,78.59657357427834,81.54370586803019,NÃO,4261.0,4107.0,Domínio aplicável = Sim + Não; Não declarado coincide com circulação Aquavia + Saltado.
E05,Ponto de ônibus,Domicílios,3556701003,V05017,Não declarado,154.0,3.6141750762731752,,SIM,4261.0,4107.0,Domínio aplicável = Sim + Não; Não declarado coincide com circulação Aquavia + Saltado.
E05,Ponto de ônibus,Moradores,3556701003,V05215,Sim,2169.0,17.97613127797116,18.68377982599707,NÃO,12066.0,11609.0,Domínio aplicável = Sim + Não; Não declarado coincide com circulação Aquavia + Saltado.
E05,Ponto de ônibus,Moradores,3556701003,V05216,Não,9440.0,78.23636665009116,81.31622017400292,NÃO,12066.0,11609.0,Domínio aplicável = Sim + Não; Não declarado coincide com circulação Aquavia + Saltado.
E05,Ponto de ônibus,Moradores,3556701003,V05217,Não declarado,457.0,3.787502071937676,,SIM,12066.0,11609.0,Domínio aplicável = Sim + Não; Não declarado coincide com circulação Aquavia + Saltado.
E05,Ponto de ônibus,Faces,3556701003,V05415,Sim,51.0,14.166666666666666,14.44759206798867,NÃO,360.0,353.0,Domínio aplicável = Sim + Não; Não declarado coincide com circulação Aquavia + Saltado.
E05,Ponto de ônibus,Faces,3556701003,V05416,Não,302.0,83.88888888888889,85.55240793201133,NÃO,360.0,353.0,Domínio aplicável = Sim + Não; Não declarado coincide com circulação Aquavia + Saltado.
E05,Ponto de ônibus,Faces,3556701003,V05417,Não declarado,7.0,1.9444444444444444,,SIM,360.0,353.0,Domínio aplicável = Sim + Não; Não declarado coincide com circulação Aquavia + Saltado.
E06,Via sinalizada para bicicleta,Domicílios,3556701003,V05018,Sim,0.0,0.0,0.0,NÃO,4261.0,4107.0,Domínio aplicável = Sim + Não; Não declarado coincide com circulação Aquavia + Saltado.
E06,Via sinalizada para bicicleta,Domicílios,3556701003,V05019,Não,4107.0,96.38582492372683,100.0,NÃO,4261.0,4107.0,Domínio aplicável = Sim + Não; Não declarado coincide com circulação Aquavia + Saltado.
E06,Via sinalizada para bicicleta,Domicílios,3556701003,V05020,Não declarado,154.0,3.6141750762731752,,SIM,4261.0,4107.0,Domínio aplicável = Sim + Não; Não declarado coincide com circulação Aquavia + Saltado.
E06,Via sinalizada para bicicleta,Moradores,3556701003,V05218,Sim,0.0,0.0,0.0,NÃO,12066.0,11609.0,Domínio aplicável = Sim + Não; Não declarado coincide com circulação Aquavia + Saltado.
E06,Via sinalizada para bicicleta,Moradores,3556701003,V05219,Não,11609.0,96.21249792806232,100.0,NÃO,12066.0,11609.0,Domínio aplicável = Sim + Não; Não declarado coincide com circulação Aquavia + Saltado.
E06,Via sinalizada para bicicleta,Moradores,3556701003,V05220,Não declarado,457.0,3.787502071937676,,SIM,12066.0,11609.0,Domínio aplicável = Sim + Não; Não declarado coincide com circulação Aquavia + Saltado.
E06,Via sinalizada para bicicleta,Faces,3556701003,V05418,Sim,1.0,0.2777777777777778,0.28328611898017,NÃO,360.0,353.0,Domínio aplicável = Sim + Não; Não declarado coincide com circulação Aquavia + Saltado.
E06,Via sinalizada para bicicleta,Faces,3556701003,V05419,Não,352.0,97.77777777777777,99.71671388101983,NÃO,360.0,353.0,Domínio aplicável = Sim + Não; Não declarado coincide com circulação Aquavia + Saltado.
E06,Via sinalizada para bicicleta,Faces,3556701003,V05420,Não declarado,7.0,1.9444444444444444,,SIM,360.0,353.0,Domínio aplicável = Sim + Não; Não declarado coincide com circulação Aquavia + Saltado.
E07,Calçada,Domicílios,3556701003,V05021,Sim,4090.0,95.98685754517719,99.58607255904553,NÃO,4261.0,4107.0,Domínio aplicável = Sim + Não; Não declarado coincide com circulação Aquavia + Saltado.
E07,Calçada,Domicílios,3556701003,V05022,Não,17.0,0.39896737854963626,0.41392744095446793,NÃO,4261.0,4107.0,Domínio aplicável = Sim + Não; Não declarado coincide com circulação Aquavia + Saltado.
E07,Calçada,Domicílios,3556701003,V05023,Não declarado,154.0,3.6141750762731752,,SIM,4261.0,4107.0,Domínio aplicável = Sim + Não; Não declarado coincide com circulação Aquavia + Saltado.
E07,Calçada,Moradores,3556701003,V05221,Sim,11551.0,95.73180838720371,99.50038763028685,NÃO,12066.0,11609.0,Domínio aplicável = Sim + Não; Não declarado coincide com circulação Aquavia + Saltado.
E07,Calçada,Moradores,3556701003,V05222,Não,58.0,0.480689540858611,0.49961236971315354,NÃO,12066.0,11609.0,Domínio aplicável = Sim + Não; Não declarado coincide com circulação Aquavia + Saltado.
E07,Calçada,Moradores,3556701003,V05223,Não declarado,457.0,3.787502071937676,,SIM,12066.0,11609.0,Domínio aplicável = Sim + Não; Não declarado coincide com circulação Aquavia + Saltado.
E07,Calçada,Faces,3556701003,V05421,Sim,341.0,94.72222222222221,96.60056657223795,NÃO,360.0,353.0,Domínio aplicável = Sim + Não; Não declarado coincide com circulação Aquavia + Saltado.
E07,Calçada,Faces,3556701003,V05422,Não,12.0,3.3333333333333335,3.39943342776204,NÃO,360.0,353.0,Domínio aplicável = Sim + Não; Não declarado coincide com circulação Aquavia + Saltado.
E07,Calçada,Faces,3556701003,V05423,Não declarado,7.0,1.9444444444444444,,SIM,360.0,353.0,Domínio aplicável = Sim + Não; Não declarado coincide com circulação Aquavia + Saltado.
E08,Obstáculo na calçada,Domicílios,3556701003,V05024,Sim,3564.0,83.64233747946491,87.13936430317848,NÃO,4261.0,4090.0,Domínio aplicável = Sim + Não; Não declarado coincide com ausência/não aplicação de calçada.
E08,Obstáculo na calçada,Domicílios,3556701003,V05025,Não,526.0,12.344520065712274,12.860635696821515,NÃO,4261.0,4090.0,Domínio aplicável = Sim + Não; Não declarado coincide com ausência/não aplicação de calçada.
E08,Obstáculo na calçada,Domicílios,3556701003,V05026,Não declarado,171.0,4.013142454822812,,SIM,4261.0,4090.0,Domínio aplicável = Sim + Não; Não declarado coincide com ausência/não aplicação de calçada.
E08,Obstáculo na calçada,Moradores,3556701003,V05224,Sim,10070.0,83.45764959390021,87.17859925547572,NÃO,12066.0,11551.0,Domínio aplicável = Sim + Não; Não declarado coincide com ausência/não aplicação de calçada.
E08,Obstáculo na calçada,Moradores,3556701003,V05225,Não,1481.0,12.274158793303497,12.821400744524283,NÃO,12066.0,11551.0,Domínio aplicável = Sim + Não; Não declarado coincide com ausência/não aplicação de calçada.
E08,Obstáculo na calçada,Moradores,3556701003,V05226,Não declarado,515.0,4.268191612796287,,SIM,12066.0,11551.0,Domínio aplicável = Sim + Não; Não declarado coincide com ausência/não aplicação de calçada.
E08,Obstáculo na calçada,Faces,3556701003,V05424,Sim,276.0,76.66666666666667,80.93841642228739,NÃO,360.0,341.0,Domínio aplicável = Sim + Não; Não declarado coincide com ausência/não aplicação de calçada.
E08,Obstáculo na calçada,Faces,3556701003,V05425,Não,65.0,18.055555555555554,19.06158357771261,NÃO,360.0,341.0,Domínio aplicável = Sim + Não; Não declarado coincide com ausência/não aplicação de calçada.
E08,Obstáculo na calçada,Faces,3556701003,V05426,Não declarado,19.0,5.277777777777778,,SIM,360.0,341.0,Domínio aplicável = Sim + Não; Não declarado coincide com ausência/não aplicação de calçada.
E09,Rampa para cadeirante,Domicílios,3556701003,V05027,Sim,458.0,10.748650551513729,11.19804400977995,NÃO,4261.0,4090.0,Domínio aplicável = Sim + Não; Não declarado coincide com ausência/não aplicação de calçada.
E09,Rampa para cadeirante,Domicílios,3556701003,V05028,Não,3632.0,85.23820699366345,88.80195599022005,NÃO,4261.0,4090.0,Domínio aplicável = Sim + Não; Não declarado coincide com ausência/não aplicação de calçada.
E09,Rampa para cadeirante,Domicílios,3556701003,V05029,Não declarado,171.0,4.013142454822812,,SIM,4261.0,4090.0,Domínio aplicável = Sim + Não; Não declarado coincide com ausência/não aplicação de calçada.
E09,Rampa para cadeirante,Moradores,3556701003,V05227,Sim,1262.0,10.45914138902702,10.9254609990477,NÃO,12066.0,11551.0,Domínio aplicável = Sim + Não; Não declarado coincide com ausência/não aplicação de calçada.
E09,Rampa para cadeirante,Moradores,3556701003,V05228,Não,10289.0,85.27266699817669,89.0745390009523,NÃO,12066.0,11551.0,Domínio aplicável = Sim + Não; Não declarado coincide com ausência/não aplicação de calçada.
E09,Rampa para cadeirante,Moradores,3556701003,V05229,Não declarado,515.0,4.268191612796287,,SIM,12066.0,11551.0,Domínio aplicável = Sim + Não; Não declarado coincide com ausência/não aplicação de calçada.
E09,Rampa para cadeirante,Faces,3556701003,V05427,Sim,28.0,7.777777777777778,8.211143695014663,NÃO,360.0,341.0,Domínio aplicável = Sim + Não; Não declarado coincide com ausência/não aplicação de calçada.
E09,Rampa para cadeirante,Faces,3556701003,V05428,Não,313.0,86.94444444444444,91.78885630498533,NÃO,360.0,341.0,Domínio aplicável = Sim + Não; Não declarado coincide com ausência/não aplicação de calçada.
E09,Rampa para cadeirante,Faces,3556701003,V05429,Não declarado,19.0,5.277777777777778,,SIM,360.0,341.0,Domínio aplicável = Sim + Não; Não declarado coincide com ausência/não aplicação de calçada.
E10,Arborização,Domicílios,3556701003,V05030,Sem árvores,1055.0,24.759446139403895,25.687850012174334,NÃO,4261.0,4107.0,Domínio aplicável = classes substantivas de arborização; Saltado fica fora.
E10,Arborização,Domicílios,3556701003,V05031,1 a 2 árvores,1105.0,25.932879605726356,26.905283662040418,NÃO,4261.0,4107.0,Domínio aplicável = classes substantivas de arborização; Saltado fica fora.
E10,Arborização,Domicílios,3556701003,V05032,3 a 4 árvores,540.0,12.673081436282562,13.148283418553689,NÃO,4261.0,4107.0,Domínio aplicável = classes substantivas de arborização; Saltado fica fora.
E10,Arborização,Domicílios,3556701003,V05033,5 ou mais árvores,1407.0,33.02041774231401,34.258582907231556,NÃO,4261.0,4107.0,Domínio aplicável = classes substantivas de arborização; Saltado fica fora.
E10,Arborização,Domicílios,3556701003,V05034,Saltado,154.0,3.6141750762731752,,SIM,4261.0,4107.0,Domínio aplicável = classes substantivas de arborização; Saltado fica fora.
E10,Arborização,Moradores,3556701003,V05230,Sem árvores,2979.0,24.689209348582793,25.66112498923249,NÃO,12066.0,11609.0,Domínio aplicável = classes substantivas de arborização; Saltado fica fora.
E10,Arborização,Moradores,3556701003,V05231,1 a 2 árvores,3131.0,25.94894745566053,26.97045395813593,NÃO,12066.0,11609.0,Domínio aplicável = classes substantivas de arborização; Saltado fica fora.
E10,Arborização,Moradores,3556701003,V05232,3 a 4 árvores,1506.0,12.481352560914969,12.972693599793264,NÃO,12066.0,11609.0,Domínio aplicável = classes substantivas de arborização; Saltado fica fora.
E10,Arborização,Moradores,3556701003,V05233,5 ou mais árvores,3993.0,33.09298856290403,34.395727452838315,NÃO,12066.0,11609.0,Domínio aplicável = classes substantivas de arborização; Saltado fica fora.
E10,Arborização,Moradores,3556701003,V05234,Saltado,457.0,3.787502071937676,,SIM,12066.0,11609.0,Domínio aplicável = classes substantivas de arborização; Saltado fica fora.
E10,Arborização,Faces,3556701003,V05430,Sem árvores,123.0,34.166666666666664,34.844192634560905,NÃO,360.0,353.0,Domínio aplicável = classes substantivas de arborização; Saltado fica fora.
E10,Arborização,Faces,3556701003,V05431,1 a 2 árvores,98.0,27.22222222222222,27.762039660056658,NÃO,360.0,353.0,Domínio aplicável = classes substantivas de arborização; Saltado fica fora.
E10,Arborização,Faces,3556701003,V05432,3 a 4 árvores,40.0,11.11111111111111,11.3314447592068,NÃO,360.0,353.0,Domínio aplicável = classes substantivas de arborização; Saltado fica fora.
E10,Arborização,Faces,3556701003,V05433,5 ou mais árvores,92.0,25.555555555555554,26.062322946175637,NÃO,360.0,353.0,Domínio aplicável = classes substantivas de arborização; Saltado fica fora.
E10,Arborização,Faces,3556701003,V05434,Saltado,7.0,1.9444444444444444,,SIM,360.0,353.0,Domínio aplicável = classes substantivas de arborização; Saltado fica fora.
E01,Circulação da via,Domicílios,3556701004,V05001,"Caminhão, ônibus",4229.0,99.08622305529522,99.45907808090311,NÃO,4268.0,4252.0,Domínio aplicável = categorias substantivas de circulação; Saltado fica fora.
E01,Circulação da via,Domicílios,3556701004,V05002,Carros de passeio ou van,23.0,0.5388940955951266,0.5409219190968956,NÃO,4268.0,4252.0,Domínio aplicável = categorias substantivas de circulação; Saltado fica fora.
E01,Circulação da via,Domicílios,3556701004,V05003,"Pedestres, bicicletas e motocicletas",0.0,0.0,0.0,NÃO,4268.0,4252.0,Domínio aplicável = categorias substantivas de circulação; Saltado fica fora.
E01,Circulação da via,Domicílios,3556701004,V05004,Aquavia,0.0,0.0,0.0,NÃO,4268.0,4252.0,Domínio aplicável = categorias substantivas de circulação; Saltado fica fora.
E01,Circulação da via,Domicílios,3556701004,V05005,Saltado,16.0,0.37488284910965325,,SIM,4268.0,4252.0,Domínio aplicável = categorias substantivas de circulação; Saltado fica fora.
E01,Circulação da via,Moradores,3556701004,V05201,"Caminhão, ônibus",11457.0,98.93782383419689,99.36686903729401,NÃO,11580.0,11530.0,Domínio aplicável = categorias substantivas de circulação; Saltado fica fora.
E01,Circulação da via,Moradores,3556701004,V05202,Carros de passeio ou van,73.0,0.6303972366148533,0.6331309627059843,NÃO,11580.0,11530.0,Domínio aplicável = categorias substantivas de circulação; Saltado fica fora.
E01,Circulação da via,Moradores,3556701004,V05203,"Pedestres, bicicletas e motocicletas",0.0,0.0,0.0,NÃO,11580.0,11530.0,Domínio aplicável = categorias substantivas de circulação; Saltado fica fora.
E01,Circulação da via,Moradores,3556701004,V05204,Aquavia,0.0,0.0,0.0,NÃO,11580.0,11530.0,Domínio aplicável = categorias substantivas de circulação; Saltado fica fora.
E01,Circulação da via,Moradores,3556701004,V05205,Saltado,50.0,0.4317789291882556,,SIM,11580.0,11530.0,Domínio aplicável = categorias substantivas de circulação; Saltado fica fora.
E01,Circulação da via,Faces,3556701004,V05401,"Caminhão, ônibus",878.0,92.81183932346723,98.87387387387388,NÃO,946.0,888.0,Domínio aplicável = categorias substantivas de circulação; Saltado fica fora.
E01,Circulação da via,Faces,3556701004,V05402,Carros de passeio ou van,10.0,1.0570824524312896,1.1261261261261262,NÃO,946.0,888.0,Domínio aplicável = categorias substantivas de circulação; Saltado fica fora.
E01,Circulação da via,Faces,3556701004,V05403,"Pedestres, bicicletas e motocicletas",0.0,0.0,0.0,NÃO,946.0,888.0,Domínio aplicável = categorias substantivas de circulação; Saltado fica fora.
E01,Circulação da via,Faces,3556701004,V05404,Aquavia,0.0,0.0,0.0,NÃO,946.0,888.0,Domínio aplicável = categorias substantivas de circulação; Saltado fica fora.
E01,Circulação da via,Faces,3556701004,V05405,Saltado,58.0,6.13107822410148,,SIM,946.0,888.0,Domínio aplicável = categorias substantivas de circulação; Saltado fica fora.
E02,Pavimentação,Domicílios,3556701004,V05006,Sim,4247.0,99.50796626054358,99.8824082784572,NÃO,4268.0,4252.0,Domínio aplicável = Sim + Não; Não declarado coincide com circulação Aquavia + Saltado.
E02,Pavimentação,Domicílios,3556701004,V05007,Não,5.0,0.11715089034676662,0.11759172154280338,NÃO,4268.0,4252.0,Domínio aplicável = Sim + Não; Não declarado coincide com circulação Aquavia + Saltado.
E02,Pavimentação,Domicílios,3556701004,V05008,Não declarado,16.0,0.37488284910965325,,SIM,4268.0,4252.0,Domínio aplicável = Sim + Não; Não declarado coincide com circulação Aquavia + Saltado.
E02,Pavimentação,Moradores,3556701004,V05206,Sim,11518.0,99.46459412780656,99.8959236773634,NÃO,11580.0,11530.0,Domínio aplicável = Sim + Não; Não declarado coincide com circulação Aquavia + Saltado.
E02,Pavimentação,Moradores,3556701004,V05207,Não,12.0,0.10362694300518134,0.10407632263660017,NÃO,11580.0,11530.0,Domínio aplicável = Sim + Não; Não declarado coincide com circulação Aquavia + Saltado.
E02,Pavimentação,Moradores,3556701004,V05208,Não declarado,50.0,0.4317789291882556,,SIM,11580.0,11530.0,Domínio aplicável = Sim + Não; Não declarado coincide com circulação Aquavia + Saltado.
E02,Pavimentação,Faces,3556701004,V05406,Sim,886.0,93.65750528541226,99.77477477477478,NÃO,946.0,888.0,Domínio aplicável = Sim + Não; Não declarado coincide com circulação Aquavia + Saltado.
E02,Pavimentação,Faces,3556701004,V05407,Não,2.0,0.21141649048625794,0.22522522522522523,NÃO,946.0,888.0,Domínio aplicável = Sim + Não; Não declarado coincide com circulação Aquavia + Saltado.
E02,Pavimentação,Faces,3556701004,V05408,Não declarado,58.0,6.13107822410148,,SIM,946.0,888.0,Domínio aplicável = Sim + Não; Não declarado coincide com circulação Aquavia + Saltado.
E03,Bueiro / boca de lobo,Domicílios,3556701004,V05009,Sim,3642.0,85.33270852858482,85.65380997177799,NÃO,4268.0,4252.0,Domínio aplicável = Sim + Não; Não declarado coincide com circulação Aquavia + Saltado.
E03,Bueiro / boca de lobo,Domicílios,3556701004,V05010,Não,610.0,14.29240862230553,14.346190028222013,NÃO,4268.0,4252.0,Domínio aplicável = Sim + Não; Não declarado coincide com circulação Aquavia + Saltado.
E03,Bueiro / boca de lobo,Domicílios,3556701004,V05011,Não declarado,16.0,0.37488284910965325,,SIM,4268.0,4252.0,Domínio aplicável = Sim + Não; Não declarado coincide com circulação Aquavia + Saltado.
E03,Bueiro / boca de lobo,Moradores,3556701004,V05209,Sim,9881.0,85.32815198618307,85.69817866435386,NÃO,11580.0,11530.0,Domínio aplicável = Sim + Não; Não declarado coincide com circulação Aquavia + Saltado.
E03,Bueiro / boca de lobo,Moradores,3556701004,V05210,Não,1649.0,14.24006908462867,14.301821335646139,NÃO,11580.0,11530.0,Domínio aplicável = Sim + Não; Não declarado coincide com circulação Aquavia + Saltado.
E03,Bueiro / boca de lobo,Moradores,3556701004,V05211,Não declarado,50.0,0.4317789291882556,,SIM,11580.0,11530.0,Domínio aplicável = Sim + Não; Não declarado coincide com circulação Aquavia + Saltado.
E03,Bueiro / boca de lobo,Faces,3556701004,V05409,Sim,713.0,75.36997885835095,80.2927927927928,NÃO,946.0,888.0,Domínio aplicável = Sim + Não; Não declarado coincide com circulação Aquavia + Saltado.
E03,Bueiro / boca de lobo,Faces,3556701004,V05410,Não,175.0,18.49894291754757,19.707207207207208,NÃO,946.0,888.0,Domínio aplicável = Sim + Não; Não declarado coincide com circulação Aquavia + Saltado.
E03,Bueiro / boca de lobo,Faces,3556701004,V05411,Não declarado,58.0,6.13107822410148,,SIM,946.0,888.0,Domínio aplicável = Sim + Não; Não declarado coincide com circulação Aquavia + Saltado.
E04,Iluminação pública,Domicílios,3556701004,V05012,Sim,4244.0,99.43767572633551,99.81185324553151,NÃO,4268.0,4252.0,Domínio aplicável = Sim + Não; Não declarado coincide com circulação Aquavia + Saltado.
E04,Iluminação pública,Domicílios,3556701004,V05013,Não,8.0,0.18744142455482662,0.18814675446848542,NÃO,4268.0,4252.0,Domínio aplicável = Sim + Não; Não declarado coincide com circulação Aquavia + Saltado.
E04,Iluminação pública,Domicílios,3556701004,V05014,Não declarado,16.0,0.37488284910965325,,SIM,4268.0,4252.0,Domínio aplicável = Sim + Não; Não declarado coincide com circulação Aquavia + Saltado.
E04,Iluminação pública,Moradores,3556701004,V05212,Sim,11511.0,99.4041450777202,99.83521248915872,NÃO,11580.0,11530.0,Domínio aplicável = Sim + Não; Não declarado coincide com circulação Aquavia + Saltado.
E04,Iluminação pública,Moradores,3556701004,V05213,Não,19.0,0.16407599309153714,0.1647875108412836,NÃO,11580.0,11530.0,Domínio aplicável = Sim + Não; Não declarado coincide com circulação Aquavia + Saltado.
E04,Iluminação pública,Moradores,3556701004,V05214,Não declarado,50.0,0.4317789291882556,,SIM,11580.0,11530.0,Domínio aplicável = Sim + Não; Não declarado coincide com circulação Aquavia + Saltado.
E04,Iluminação pública,Faces,3556701004,V05412,Sim,874.0,92.38900634249472,98.42342342342343,NÃO,946.0,888.0,Domínio aplicável = Sim + Não; Não declarado coincide com circulação Aquavia + Saltado.
E04,Iluminação pública,Faces,3556701004,V05413,Não,14.0,1.4799154334038054,1.5765765765765765,NÃO,946.0,888.0,Domínio aplicável = Sim + Não; Não declarado coincide com circulação Aquavia + Saltado.
E04,Iluminação pública,Faces,3556701004,V05414,Não declarado,58.0,6.13107822410148,,SIM,946.0,888.0,Domínio aplicável = Sim + Não; Não declarado coincide com circulação Aquavia + Saltado.
E05,Ponto de ônibus,Domicílios,3556701004,V05015,Sim,337.0,7.89597000937207,7.925682031984948,NÃO,4268.0,4252.0,Domínio aplicável = Sim + Não; Não declarado coincide com circulação Aquavia + Saltado.
E05,Ponto de ônibus,Domicílios,3556701004,V05016,Não,3915.0,91.72914714151827,92.07431796801505,NÃO,4268.0,4252.0,Domínio aplicável = Sim + Não; Não declarado coincide com circulação Aquavia + Saltado.
E05,Ponto de ônibus,Domicílios,3556701004,V05017,Não declarado,16.0,0.37488284910965325,,SIM,4268.0,4252.0,Domínio aplicável = Sim + Não; Não declarado coincide com circulação Aquavia + Saltado.
E05,Ponto de ônibus,Moradores,3556701004,V05215,Sim,874.0,7.547495682210709,7.580225498699046,NÃO,11580.0,11530.0,Domínio aplicável = Sim + Não; Não declarado coincide com circulação Aquavia + Saltado.
E05,Ponto de ônibus,Moradores,3556701004,V05216,Não,10656.0,92.02072538860104,92.41977450130095,NÃO,11580.0,11530.0,Domínio aplicável = Sim + Não; Não declarado coincide com circulação Aquavia + Saltado.
E05,Ponto de ônibus,Moradores,3556701004,V05217,Não declarado,50.0,0.4317789291882556,,SIM,11580.0,11530.0,Domínio aplicável = Sim + Não; Não declarado coincide com circulação Aquavia + Saltado.
E05,Ponto de ônibus,Faces,3556701004,V05415,Sim,44.0,4.651162790697675,4.954954954954955,NÃO,946.0,888.0,Domínio aplicável = Sim + Não; Não declarado coincide com circulação Aquavia + Saltado.
E05,Ponto de ônibus,Faces,3556701004,V05416,Não,844.0,89.21775898520085,95.04504504504504,NÃO,946.0,888.0,Domínio aplicável = Sim + Não; Não declarado coincide com circulação Aquavia + Saltado.
E05,Ponto de ônibus,Faces,3556701004,V05417,Não declarado,58.0,6.13107822410148,,SIM,946.0,888.0,Domínio aplicável = Sim + Não; Não declarado coincide com circulação Aquavia + Saltado.
E06,Via sinalizada para bicicleta,Domicílios,3556701004,V05018,Sim,0.0,0.0,0.0,NÃO,4268.0,4252.0,Domínio aplicável = Sim + Não; Não declarado coincide com circulação Aquavia + Saltado.
E06,Via sinalizada para bicicleta,Domicílios,3556701004,V05019,Não,4252.0,99.62511715089035,100.0,NÃO,4268.0,4252.0,Domínio aplicável = Sim + Não; Não declarado coincide com circulação Aquavia + Saltado.
E06,Via sinalizada para bicicleta,Domicílios,3556701004,V05020,Não declarado,16.0,0.37488284910965325,,SIM,4268.0,4252.0,Domínio aplicável = Sim + Não; Não declarado coincide com circulação Aquavia + Saltado.
E06,Via sinalizada para bicicleta,Moradores,3556701004,V05218,Sim,0.0,0.0,0.0,NÃO,11580.0,11530.0,Domínio aplicável = Sim + Não; Não declarado coincide com circulação Aquavia + Saltado.
E06,Via sinalizada para bicicleta,Moradores,3556701004,V05219,Não,11530.0,99.56822107081175,100.0,NÃO,11580.0,11530.0,Domínio aplicável = Sim + Não; Não declarado coincide com circulação Aquavia + Saltado.
E06,Via sinalizada para bicicleta,Moradores,3556701004,V05220,Não declarado,50.0,0.4317789291882556,,SIM,11580.0,11530.0,Domínio aplicável = Sim + Não; Não declarado coincide com circulação Aquavia + Saltado.
E06,Via sinalizada para bicicleta,Faces,3556701004,V05418,Sim,3.0,0.3171247357293869,0.33783783783783783,NÃO,946.0,888.0,Domínio aplicável = Sim + Não; Não declarado coincide com circulação Aquavia + Saltado.
E06,Via sinalizada para bicicleta,Faces,3556701004,V05419,Não,885.0,93.55179704016913,99.66216216216216,NÃO,946.0,888.0,Domínio aplicável = Sim + Não; Não declarado coincide com circulação Aquavia + Saltado.
E06,Via sinalizada para bicicleta,Faces,3556701004,V05420,Não declarado,58.0,6.13107822410148,,SIM,946.0,888.0,Domínio aplicável = Sim + Não; Não declarado coincide com circulação Aquavia + Saltado.
E07,Calçada,Domicílios,3556701004,V05021,Sim,4127.0,96.69634489222118,97.06020696142991,NÃO,4268.0,4252.0,Domínio aplicável = Sim + Não; Não declarado coincide com circulação Aquavia + Saltado.
E07,Calçada,Domicílios,3556701004,V05022,Não,125.0,2.928772258669166,2.9397930385700843,NÃO,4268.0,4252.0,Domínio aplicável = Sim + Não; Não declarado coincide com circulação Aquavia + Saltado.
E07,Calçada,Domicílios,3556701004,V05023,Não declarado,16.0,0.37488284910965325,,SIM,4268.0,4252.0,Domínio aplicável = Sim + Não; Não declarado coincide com circulação Aquavia + Saltado.
E07,Calçada,Moradores,3556701004,V05221,Sim,11172.0,96.47668393782384,96.89505637467477,NÃO,11580.0,11530.0,Domínio aplicável = Sim + Não; Não declarado coincide com circulação Aquavia + Saltado.
E07,Calçada,Moradores,3556701004,V05222,Não,358.0,3.09153713298791,3.1049436253252383,NÃO,11580.0,11530.0,Domínio aplicável = Sim + Não; Não declarado coincide com circulação Aquavia + Saltado.
E07,Calçada,Moradores,3556701004,V05223,Não declarado,50.0,0.4317789291882556,,SIM,11580.0,11530.0,Domínio aplicável = Sim + Não; Não declarado coincide com circulação Aquavia + Saltado.
E07,Calçada,Faces,3556701004,V05421,Sim,806.0,85.20084566596195,90.76576576576578,NÃO,946.0,888.0,Domínio aplicável = Sim + Não; Não declarado coincide com circulação Aquavia + Saltado.
E07,Calçada,Faces,3556701004,V05422,Não,82.0,8.668076109936575,9.234234234234235,NÃO,946.0,888.0,Domínio aplicável = Sim + Não; Não declarado coincide com circulação Aquavia + Saltado.
E07,Calçada,Faces,3556701004,V05423,Não declarado,58.0,6.13107822410148,,SIM,946.0,888.0,Domínio aplicável = Sim + Não; Não declarado coincide com circulação Aquavia + Saltado.
E08,Obstáculo na calçada,Domicílios,3556701004,V05024,Sim,3568.0,83.59887535145268,86.45505209595348,NÃO,4268.0,4127.0,Domínio aplicável = Sim + Não; Não declarado coincide com ausência/não aplicação de calçada.
E08,Obstáculo na calçada,Domicílios,3556701004,V05025,Não,559.0,13.097469540768511,13.544947904046523,NÃO,4268.0,4127.0,Domínio aplicável = Sim + Não; Não declarado coincide com ausência/não aplicação de calçada.
E08,Obstáculo na calçada,Domicílios,3556701004,V05026,Não declarado,141.0,3.3036551077788188,,SIM,4268.0,4127.0,Domínio aplicável = Sim + Não; Não declarado coincide com ausência/não aplicação de calçada.
E08,Obstáculo na calçada,Moradores,3556701004,V05224,Sim,9768.0,84.35233160621762,87.4328678839957,NÃO,11580.0,11172.0,Domínio aplicável = Sim + Não; Não declarado coincide com ausência/não aplicação de calçada.
E08,Obstáculo na calçada,Moradores,3556701004,V05225,Não,1404.0,12.124352331606218,12.567132116004295,NÃO,11580.0,11172.0,Domínio aplicável = Sim + Não; Não declarado coincide com ausência/não aplicação de calçada.
E08,Obstáculo na calçada,Moradores,3556701004,V05226,Não declarado,408.0,3.5233160621761654,,SIM,11580.0,11172.0,Domínio aplicável = Sim + Não; Não declarado coincide com ausência/não aplicação de calçada.
E08,Obstáculo na calçada,Faces,3556701004,V05424,Sim,682.0,72.09302325581395,84.61538461538461,NÃO,946.0,806.0,Domínio aplicável = Sim + Não; Não declarado coincide com ausência/não aplicação de calçada.
E08,Obstáculo na calçada,Faces,3556701004,V05425,Não,124.0,13.107822410147993,15.384615384615385,NÃO,946.0,806.0,Domínio aplicável = Sim + Não; Não declarado coincide com ausência/não aplicação de calçada.
E08,Obstáculo na calçada,Faces,3556701004,V05426,Não declarado,140.0,14.799154334038056,,SIM,946.0,806.0,Domínio aplicável = Sim + Não; Não declarado coincide com ausência/não aplicação de calçada.
E09,Rampa para cadeirante,Domicílios,3556701004,V05027,Sim,695.0,16.283973758200563,16.840319844923673,NÃO,4268.0,4127.0,Domínio aplicável = Sim + Não; Não declarado coincide com ausência/não aplicação de calçada.
E09,Rampa para cadeirante,Domicílios,3556701004,V05028,Não,3432.0,80.41237113402062,83.15968015507633,NÃO,4268.0,4127.0,Domínio aplicável = Sim + Não; Não declarado coincide com ausência/não aplicação de calçada.
E09,Rampa para cadeirante,Domicílios,3556701004,V05029,Não declarado,141.0,3.3036551077788188,,SIM,4268.0,4127.0,Domínio aplicável = Sim + Não; Não declarado coincide com ausência/não aplicação de calçada.
E09,Rampa para cadeirante,Moradores,3556701004,V05227,Sim,1662.0,14.352331606217616,14.876476906552094,NÃO,11580.0,11172.0,Domínio aplicável = Sim + Não; Não declarado coincide com ausência/não aplicação de calçada.
E09,Rampa para cadeirante,Moradores,3556701004,V05228,Não,9510.0,82.12435233160622,85.1235230934479,NÃO,11580.0,11172.0,Domínio aplicável = Sim + Não; Não declarado coincide com ausência/não aplicação de calçada.
E09,Rampa para cadeirante,Moradores,3556701004,V05229,Não declarado,408.0,3.5233160621761654,,SIM,11580.0,11172.0,Domínio aplicável = Sim + Não; Não declarado coincide com ausência/não aplicação de calçada.
E09,Rampa para cadeirante,Faces,3556701004,V05427,Sim,53.0,5.602536997885835,6.575682382133994,NÃO,946.0,806.0,Domínio aplicável = Sim + Não; Não declarado coincide com ausência/não aplicação de calçada.
E09,Rampa para cadeirante,Faces,3556701004,V05428,Não,753.0,79.59830866807611,93.42431761786601,NÃO,946.0,806.0,Domínio aplicável = Sim + Não; Não declarado coincide com ausência/não aplicação de calçada.
E09,Rampa para cadeirante,Faces,3556701004,V05429,Não declarado,140.0,14.799154334038056,,SIM,946.0,806.0,Domínio aplicável = Sim + Não; Não declarado coincide com ausência/não aplicação de calçada.
E10,Arborização,Domicílios,3556701004,V05030,Sem árvores,529.0,12.39456419868791,12.441204139228597,NÃO,4268.0,4252.0,Domínio aplicável = classes substantivas de arborização; Saltado fica fora.
E10,Arborização,Domicílios,3556701004,V05031,1 a 2 árvores,192.0,4.498594189315839,4.51552210724365,NÃO,4268.0,4252.0,Domínio aplicável = classes substantivas de arborização; Saltado fica fora.
E10,Arborização,Domicílios,3556701004,V05032,3 a 4 árvores,275.0,6.443298969072164,6.467544684854186,NÃO,4268.0,4252.0,Domínio aplicável = classes substantivas de arborização; Saltado fica fora.
E10,Arborização,Domicílios,3556701004,V05033,5 ou mais árvores,3256.0,76.28865979381443,76.57572906867357,NÃO,4268.0,4252.0,Domínio aplicável = classes substantivas de arborização; Saltado fica fora.
E10,Arborização,Domicílios,3556701004,V05034,Saltado,16.0,0.37488284910965325,,SIM,4268.0,4252.0,Domínio aplicável = classes substantivas de arborização; Saltado fica fora.
E10,Arborização,Moradores,3556701004,V05230,Sem árvores,1383.0,11.94300518134715,11.99479618386817,NÃO,11580.0,11530.0,Domínio aplicável = classes substantivas de arborização; Saltado fica fora.
E10,Arborização,Moradores,3556701004,V05231,1 a 2 árvores,502.0,4.335060449050086,4.353859496964441,NÃO,11580.0,11530.0,Domínio aplicável = classes substantivas de arborização; Saltado fica fora.
E10,Arborização,Moradores,3556701004,V05232,3 a 4 árvores,778.0,6.718480138169257,6.747614917606244,NÃO,11580.0,11530.0,Domínio aplicável = classes substantivas de arborização; Saltado fica fora.
E10,Arborização,Moradores,3556701004,V05233,5 ou mais árvores,8867.0,76.57167530224524,76.90372940156115,NÃO,11580.0,11530.0,Domínio aplicável = classes substantivas de arborização; Saltado fica fora.
E10,Arborização,Moradores,3556701004,V05234,Saltado,50.0,0.4317789291882556,,SIM,11580.0,11530.0,Domínio aplicável = classes substantivas de arborização; Saltado fica fora.
E10,Arborização,Faces,3556701004,V05430,Sem árvores,122.0,12.896405919661733,13.73873873873874,NÃO,946.0,888.0,Domínio aplicável = classes substantivas de arborização; Saltado fica fora.
E10,Arborização,Faces,3556701004,V05431,1 a 2 árvores,88.0,9.30232558139535,9.90990990990991,NÃO,946.0,888.0,Domínio aplicável = classes substantivas de arborização; Saltado fica fora.
E10,Arborização,Faces,3556701004,V05432,3 a 4 árvores,66.0,6.976744186046512,7.4324324324324325,NÃO,946.0,888.0,Domínio aplicável = classes substantivas de arborização; Saltado fica fora.
E10,Arborização,Faces,3556701004,V05433,5 ou mais árvores,612.0,64.69344608879493,68.91891891891892,NÃO,946.0,888.0,Domínio aplicável = classes substantivas de arborização; Saltado fica fora.
E10,Arborização,Faces,3556701004,V05434,Saltado,58.0,6.13107822410148,,SIM,946.0,888.0,Domínio aplicável = classes substantivas de arborização; Saltado fica fora.
E01,Circulação da via,Domicílios,3556701005,V05001,"Caminhão, ônibus",4310.0,97.86557674841053,98.24481422384316,NÃO,4404.0,4387.0,Domínio aplicável = categorias substantivas de circulação; Saltado fica fora.
E01,Circulação da via,Domicílios,3556701005,V05002,Carros de passeio ou van,77.0,1.748410535876476,1.755185776156827,NÃO,4404.0,4387.0,Domínio aplicável = categorias substantivas de circulação; Saltado fica fora.
E01,Circulação da via,Domicílios,3556701005,V05003,"Pedestres, bicicletas e motocicletas",0.0,0.0,0.0,NÃO,4404.0,4387.0,Domínio aplicável = categorias substantivas de circulação; Saltado fica fora.
E01,Circulação da via,Domicílios,3556701005,V05004,Aquavia,0.0,0.0,0.0,NÃO,4404.0,4387.0,Domínio aplicável = categorias substantivas de circulação; Saltado fica fora.
E01,Circulação da via,Domicílios,3556701005,V05005,Saltado,17.0,0.38601271571298823,,SIM,4404.0,4387.0,Domínio aplicável = categorias substantivas de circulação; Saltado fica fora.
E01,Circulação da via,Moradores,3556701005,V05201,"Caminhão, ônibus",11427.0,97.5249637279167,97.91773778920309,NÃO,11717.0,11670.0,Domínio aplicável = categorias substantivas de circulação; Saltado fica fora.
E01,Circulação da via,Moradores,3556701005,V05202,Carros de passeio ou van,243.0,2.073909703849108,2.082262210796915,NÃO,11717.0,11670.0,Domínio aplicável = categorias substantivas de circulação; Saltado fica fora.
E01,Circulação da via,Moradores,3556701005,V05203,"Pedestres, bicicletas e motocicletas",0.0,0.0,0.0,NÃO,11717.0,11670.0,Domínio aplicável = categorias substantivas de circulação; Saltado fica fora.
E01,Circulação da via,Moradores,3556701005,V05204,Aquavia,0.0,0.0,0.0,NÃO,11717.0,11670.0,Domínio aplicável = categorias substantivas de circulação; Saltado fica fora.
E01,Circulação da via,Moradores,3556701005,V05205,Saltado,47.0,0.40112656823418963,,SIM,11717.0,11670.0,Domínio aplicável = categorias substantivas de circulação; Saltado fica fora.
E01,Circulação da via,Faces,3556701005,V05401,"Caminhão, ônibus",969.0,96.22641509433963,97.19157472417251,NÃO,1007.0,997.0,Domínio aplicável = categorias substantivas de circulação; Saltado fica fora.
E01,Circulação da via,Faces,3556701005,V05402,Carros de passeio ou van,28.0,2.780536246276067,2.8084252758274824,NÃO,1007.0,997.0,Domínio aplicável = categorias substantivas de circulação; Saltado fica fora.
E01,Circulação da via,Faces,3556701005,V05403,"Pedestres, bicicletas e motocicletas",0.0,0.0,0.0,NÃO,1007.0,997.0,Domínio aplicável = categorias substantivas de circulação; Saltado fica fora.
E01,Circulação da via,Faces,3556701005,V05404,Aquavia,0.0,0.0,0.0,NÃO,1007.0,997.0,Domínio aplicável = categorias substantivas de circulação; Saltado fica fora.
E01,Circulação da via,Faces,3556701005,V05405,Saltado,10.0,0.9930486593843099,,SIM,1007.0,997.0,Domínio aplicável = categorias substantivas de circulação; Saltado fica fora.
E02,Pavimentação,Domicílios,3556701005,V05006,Sim,4207.0,95.52679382379655,95.89696831547755,NÃO,4404.0,4387.0,Domínio aplicável = Sim + Não; Não declarado coincide com circulação Aquavia + Saltado.
E02,Pavimentação,Domicílios,3556701005,V05007,Não,180.0,4.087193460490464,4.103031684522453,NÃO,4404.0,4387.0,Domínio aplicável = Sim + Não; Não declarado coincide com circulação Aquavia + Saltado.
E02,Pavimentação,Domicílios,3556701005,V05008,Não declarado,17.0,0.38601271571298823,,SIM,4404.0,4387.0,Domínio aplicável = Sim + Não; Não declarado coincide com circulação Aquavia + Saltado.
E02,Pavimentação,Moradores,3556701005,V05206,Sim,11125.0,94.94751216181616,95.32990574121679,NÃO,11717.0,11670.0,Domínio aplicável = Sim + Não; Não declarado coincide com circulação Aquavia + Saltado.
E02,Pavimentação,Moradores,3556701005,V05207,Não,545.0,4.651361269949645,4.670094258783205,NÃO,11717.0,11670.0,Domínio aplicável = Sim + Não; Não declarado coincide com circulação Aquavia + Saltado.
E02,Pavimentação,Moradores,3556701005,V05208,Não declarado,47.0,0.40112656823418963,,SIM,11717.0,11670.0,Domínio aplicável = Sim + Não; Não declarado coincide com circulação Aquavia + Saltado.
E02,Pavimentação,Faces,3556701005,V05406,Sim,943.0,93.64448857994041,94.58375125376128,NÃO,1007.0,997.0,Domínio aplicável = Sim + Não; Não declarado coincide com circulação Aquavia + Saltado.
E02,Pavimentação,Faces,3556701005,V05407,Não,54.0,5.362462760675273,5.416248746238716,NÃO,1007.0,997.0,Domínio aplicável = Sim + Não; Não declarado coincide com circulação Aquavia + Saltado.
E02,Pavimentação,Faces,3556701005,V05408,Não declarado,10.0,0.9930486593843099,,SIM,1007.0,997.0,Domínio aplicável = Sim + Não; Não declarado coincide com circulação Aquavia + Saltado.
E03,Bueiro / boca de lobo,Domicílios,3556701005,V05009,Sim,3249.0,73.77384196185287,74.05972190563027,NÃO,4404.0,4387.0,Domínio aplicável = Sim + Não; Não declarado coincide com circulação Aquavia + Saltado.
E03,Bueiro / boca de lobo,Domicílios,3556701005,V05010,Não,1138.0,25.84014532243415,25.940278094369727,NÃO,4404.0,4387.0,Domínio aplicável = Sim + Não; Não declarado coincide com circulação Aquavia + Saltado.
E03,Bueiro / boca de lobo,Domicílios,3556701005,V05011,Não declarado,17.0,0.38601271571298823,,SIM,4404.0,4387.0,Domínio aplicável = Sim + Não; Não declarado coincide com circulação Aquavia + Saltado.
E03,Bueiro / boca de lobo,Moradores,3556701005,V05209,Sim,8686.0,74.13160365281215,74.43016281062553,NÃO,11717.0,11670.0,Domínio aplicável = Sim + Não; Não declarado coincide com circulação Aquavia + Saltado.
E03,Bueiro / boca de lobo,Moradores,3556701005,V05210,Não,2984.0,25.467269778953654,25.569837189374468,NÃO,11717.0,11670.0,Domínio aplicável = Sim + Não; Não declarado coincide com circulação Aquavia + Saltado.
E03,Bueiro / boca de lobo,Moradores,3556701005,V05211,Não declarado,47.0,0.40112656823418963,,SIM,11717.0,11670.0,Domínio aplicável = Sim + Não; Não declarado coincide com circulação Aquavia + Saltado.
E03,Bueiro / boca de lobo,Faces,3556701005,V05409,Sim,651.0,64.64746772591857,65.29588766298897,NÃO,1007.0,997.0,Domínio aplicável = Sim + Não; Não declarado coincide com circulação Aquavia + Saltado.
E03,Bueiro / boca de lobo,Faces,3556701005,V05410,Não,346.0,34.359483614697126,34.70411233701103,NÃO,1007.0,997.0,Domínio aplicável = Sim + Não; Não declarado coincide com circulação Aquavia + Saltado.
E03,Bueiro / boca de lobo,Faces,3556701005,V05411,Não declarado,10.0,0.9930486593843099,,SIM,1007.0,997.0,Domínio aplicável = Sim + Não; Não declarado coincide com circulação Aquavia + Saltado.
E04,Iluminação pública,Domicílios,3556701005,V05012,Sim,4303.0,97.70663033605813,98.08525188055619,NÃO,4404.0,4387.0,Domínio aplicável = Sim + Não; Não declarado coincide com circulação Aquavia + Saltado.
E04,Iluminação pública,Domicílios,3556701005,V05013,Não,84.0,1.9073569482288828,1.9147481194438112,NÃO,4404.0,4387.0,Domínio aplicável = Sim + Não; Não declarado coincide com circulação Aquavia + Saltado.
E04,Iluminação pública,Domicílios,3556701005,V05014,Não declarado,17.0,0.38601271571298823,,SIM,4404.0,4387.0,Domínio aplicável = Sim + Não; Não declarado coincide com circulação Aquavia + Saltado.
E04,Iluminação pública,Moradores,3556701005,V05212,Sim,11412.0,97.39694461039515,97.7892030848329,NÃO,11717.0,11670.0,Domínio aplicável = Sim + Não; Não declarado coincide com circulação Aquavia + Saltado.
E04,Iluminação pública,Moradores,3556701005,V05213,Não,258.0,2.2019288213706583,2.210796915167095,NÃO,11717.0,11670.0,Domínio aplicável = Sim + Não; Não declarado coincide com circulação Aquavia + Saltado.
E04,Iluminação pública,Moradores,3556701005,V05214,Não declarado,47.0,0.40112656823418963,,SIM,11717.0,11670.0,Domínio aplicável = Sim + Não; Não declarado coincide com circulação Aquavia + Saltado.
E04,Iluminação pública,Faces,3556701005,V05412,Sim,947.0,94.04170804369414,94.98495486459379,NÃO,1007.0,997.0,Domínio aplicável = Sim + Não; Não declarado coincide com circulação Aquavia + Saltado.
E04,Iluminação pública,Faces,3556701005,V05413,Não,50.0,4.965243296921549,5.015045135406218,NÃO,1007.0,997.0,Domínio aplicável = Sim + Não; Não declarado coincide com circulação Aquavia + Saltado.
E04,Iluminação pública,Faces,3556701005,V05414,Não declarado,10.0,0.9930486593843099,,SIM,1007.0,997.0,Domínio aplicável = Sim + Não; Não declarado coincide com circulação Aquavia + Saltado.
E05,Ponto de ônibus,Domicílios,3556701005,V05015,Sim,265.0,6.017257039055404,6.040574424435833,NÃO,4404.0,4387.0,Domínio aplicável = Sim + Não; Não declarado coincide com circulação Aquavia + Saltado.
E05,Ponto de ônibus,Domicílios,3556701005,V05016,Não,4122.0,93.59673024523161,93.95942557556417,NÃO,4404.0,4387.0,Domínio aplicável = Sim + Não; Não declarado coincide com circulação Aquavia + Saltado.
E05,Ponto de ônibus,Domicílios,3556701005,V05017,Não declarado,17.0,0.38601271571298823,,SIM,4404.0,4387.0,Domínio aplicável = Sim + Não; Não declarado coincide com circulação Aquavia + Saltado.
E05,Ponto de ônibus,Moradores,3556701005,V05215,Sim,694.0,5.923017837330375,5.946872322193659,NÃO,11717.0,11670.0,Domínio aplicável = Sim + Não; Não declarado coincide com circulação Aquavia + Saltado.
E05,Ponto de ônibus,Moradores,3556701005,V05216,Não,10976.0,93.67585559443543,94.05312767780633,NÃO,11717.0,11670.0,Domínio aplicável = Sim + Não; Não declarado coincide com circulação Aquavia + Saltado.
E05,Ponto de ônibus,Moradores,3556701005,V05217,Não declarado,47.0,0.40112656823418963,,SIM,11717.0,11670.0,Domínio aplicável = Sim + Não; Não declarado coincide com circulação Aquavia + Saltado.
E05,Ponto de ônibus,Faces,3556701005,V05415,Sim,91.0,9.036742800397219,9.127382146439318,NÃO,1007.0,997.0,Domínio aplicável = Sim + Não; Não declarado coincide com circulação Aquavia + Saltado.
E05,Ponto de ônibus,Faces,3556701005,V05416,Não,906.0,89.97020854021847,90.87261785356068,NÃO,1007.0,997.0,Domínio aplicável = Sim + Não; Não declarado coincide com circulação Aquavia + Saltado.
E05,Ponto de ônibus,Faces,3556701005,V05417,Não declarado,10.0,0.9930486593843099,,SIM,1007.0,997.0,Domínio aplicável = Sim + Não; Não declarado coincide com circulação Aquavia + Saltado.
E06,Via sinalizada para bicicleta,Domicílios,3556701005,V05018,Sim,0.0,0.0,0.0,NÃO,4404.0,4387.0,Domínio aplicável = Sim + Não; Não declarado coincide com circulação Aquavia + Saltado.
E06,Via sinalizada para bicicleta,Domicílios,3556701005,V05019,Não,4387.0,99.613987284287,100.0,NÃO,4404.0,4387.0,Domínio aplicável = Sim + Não; Não declarado coincide com circulação Aquavia + Saltado.
E06,Via sinalizada para bicicleta,Domicílios,3556701005,V05020,Não declarado,17.0,0.38601271571298823,,SIM,4404.0,4387.0,Domínio aplicável = Sim + Não; Não declarado coincide com circulação Aquavia + Saltado.
E06,Via sinalizada para bicicleta,Moradores,3556701005,V05218,Sim,0.0,0.0,0.0,NÃO,11717.0,11670.0,Domínio aplicável = Sim + Não; Não declarado coincide com circulação Aquavia + Saltado.
E06,Via sinalizada para bicicleta,Moradores,3556701005,V05219,Não,11670.0,99.59887343176581,100.0,NÃO,11717.0,11670.0,Domínio aplicável = Sim + Não; Não declarado coincide com circulação Aquavia + Saltado.
E06,Via sinalizada para bicicleta,Moradores,3556701005,V05220,Não declarado,47.0,0.40112656823418963,,SIM,11717.0,11670.0,Domínio aplicável = Sim + Não; Não declarado coincide com circulação Aquavia + Saltado.
E06,Via sinalizada para bicicleta,Faces,3556701005,V05418,Sim,0.0,0.0,0.0,NÃO,1007.0,997.0,Domínio aplicável = Sim + Não; Não declarado coincide com circulação Aquavia + Saltado.
E06,Via sinalizada para bicicleta,Faces,3556701005,V05419,Não,997.0,99.00695134061569,100.0,NÃO,1007.0,997.0,Domínio aplicável = Sim + Não; Não declarado coincide com circulação Aquavia + Saltado.
E06,Via sinalizada para bicicleta,Faces,3556701005,V05420,Não declarado,10.0,0.9930486593843099,,SIM,1007.0,997.0,Domínio aplicável = Sim + Não; Não declarado coincide com circulação Aquavia + Saltado.
E07,Calçada,Domicílios,3556701005,V05021,Sim,4071.0,92.43869209809264,92.79689993161614,NÃO,4404.0,4387.0,Domínio aplicável = Sim + Não; Não declarado coincide com circulação Aquavia + Saltado.
E07,Calçada,Domicílios,3556701005,V05022,Não,316.0,7.1752951861943695,7.203100068383861,NÃO,4404.0,4387.0,Domínio aplicável = Sim + Não; Não declarado coincide com circulação Aquavia + Saltado.
E07,Calçada,Domicílios,3556701005,V05023,Não declarado,17.0,0.38601271571298823,,SIM,4404.0,4387.0,Domínio aplicável = Sim + Não; Não declarado coincide com circulação Aquavia + Saltado.
E07,Calçada,Moradores,3556701005,V05221,Sim,10746.0,91.71289579243835,92.08226221079691,NÃO,11717.0,11670.0,Domínio aplicável = Sim + Não; Não declarado coincide com circulação Aquavia + Saltado.
E07,Calçada,Moradores,3556701005,V05222,Não,924.0,7.885977639327472,7.917737789203085,NÃO,11717.0,11670.0,Domínio aplicável = Sim + Não; Não declarado coincide com circulação Aquavia + Saltado.
E07,Calçada,Moradores,3556701005,V05223,Não declarado,47.0,0.40112656823418963,,SIM,11717.0,11670.0,Domínio aplicável = Sim + Não; Não declarado coincide com circulação Aquavia + Saltado.
E07,Calçada,Faces,3556701005,V05421,Sim,871.0,86.49453823237339,87.36208625877633,NÃO,1007.0,997.0,Domínio aplicável = Sim + Não; Não declarado coincide com circulação Aquavia + Saltado.
E07,Calçada,Faces,3556701005,V05422,Não,126.0,12.512413108242304,12.637913741223672,NÃO,1007.0,997.0,Domínio aplicável = Sim + Não; Não declarado coincide com circulação Aquavia + Saltado.
E07,Calçada,Faces,3556701005,V05423,Não declarado,10.0,0.9930486593843099,,SIM,1007.0,997.0,Domínio aplicável = Sim + Não; Não declarado coincide com circulação Aquavia + Saltado.
E08,Obstáculo na calçada,Domicílios,3556701005,V05024,Sim,3498.0,79.42779291553134,85.92483419307295,NÃO,4404.0,4071.0,Domínio aplicável = Sim + Não; Não declarado coincide com ausência/não aplicação de calçada.
E08,Obstáculo na calçada,Domicílios,3556701005,V05025,Não,573.0,13.010899182561309,14.075165806927044,NÃO,4404.0,4071.0,Domínio aplicável = Sim + Não; Não declarado coincide com ausência/não aplicação de calçada.
E08,Obstáculo na calçada,Domicílios,3556701005,V05026,Não declarado,333.0,7.561307901907358,,SIM,4404.0,4071.0,Domínio aplicável = Sim + Não; Não declarado coincide com ausência/não aplicação de calçada.
E08,Obstáculo na calçada,Moradores,3556701005,V05224,Sim,9409.0,80.30212511735085,87.55816117625163,NÃO,11717.0,10746.0,Domínio aplicável = Sim + Não; Não declarado coincide com ausência/não aplicação de calçada.
E08,Obstáculo na calçada,Moradores,3556701005,V05225,Não,1337.0,11.41077067508748,12.441838823748371,NÃO,11717.0,10746.0,Domínio aplicável = Sim + Não; Não declarado coincide com ausência/não aplicação de calçada.
E08,Obstáculo na calçada,Moradores,3556701005,V05226,Não declarado,971.0,8.287104207561663,,SIM,11717.0,10746.0,Domínio aplicável = Sim + Não; Não declarado coincide com ausência/não aplicação de calçada.
E08,Obstáculo na calçada,Faces,3556701005,V05424,Sim,632.0,62.76067527308838,72.56027554535017,NÃO,1007.0,871.0,Domínio aplicável = Sim + Não; Não declarado coincide com ausência/não aplicação de calçada.
E08,Obstáculo na calçada,Faces,3556701005,V05425,Não,239.0,23.733862959285005,27.439724454649827,NÃO,1007.0,871.0,Domínio aplicável = Sim + Não; Não declarado coincide com ausência/não aplicação de calçada.
E08,Obstáculo na calçada,Faces,3556701005,V05426,Não declarado,136.0,13.505461767626613,,SIM,1007.0,871.0,Domínio aplicável = Sim + Não; Não declarado coincide com ausência/não aplicação de calçada.
E09,Rampa para cadeirante,Domicílios,3556701005,V05027,Sim,452.0,10.263396911898274,11.10292311471383,NÃO,4404.0,4071.0,Domínio aplicável = Sim + Não; Não declarado coincide com ausência/não aplicação de calçada.
E09,Rampa para cadeirante,Domicílios,3556701005,V05028,Não,3619.0,82.17529518619436,88.89707688528617,NÃO,4404.0,4071.0,Domínio aplicável = Sim + Não; Não declarado coincide com ausência/não aplicação de calçada.
E09,Rampa para cadeirante,Domicílios,3556701005,V05029,Não declarado,333.0,7.561307901907358,,SIM,4404.0,4071.0,Domínio aplicável = Sim + Não; Não declarado coincide com ausência/não aplicação de calçada.
E09,Rampa para cadeirante,Moradores,3556701005,V05227,Sim,1138.0,9.712383715968251,10.58998697189652,NÃO,11717.0,10746.0,Domínio aplicável = Sim + Não; Não declarado coincide com ausência/não aplicação de calçada.
E09,Rampa para cadeirante,Moradores,3556701005,V05228,Não,9608.0,82.00051207647009,89.41001302810349,NÃO,11717.0,10746.0,Domínio aplicável = Sim + Não; Não declarado coincide com ausência/não aplicação de calçada.
E09,Rampa para cadeirante,Moradores,3556701005,V05229,Não declarado,971.0,8.287104207561663,,SIM,11717.0,10746.0,Domínio aplicável = Sim + Não; Não declarado coincide com ausência/não aplicação de calçada.
E09,Rampa para cadeirante,Faces,3556701005,V05427,Sim,136.0,13.505461767626613,15.614236509758896,NÃO,1007.0,871.0,Domínio aplicável = Sim + Não; Não declarado coincide com ausência/não aplicação de calçada.
E09,Rampa para cadeirante,Faces,3556701005,V05428,Não,735.0,72.98907646474677,84.3857634902411,NÃO,1007.0,871.0,Domínio aplicável = Sim + Não; Não declarado coincide com ausência/não aplicação de calçada.
E09,Rampa para cadeirante,Faces,3556701005,V05429,Não declarado,136.0,13.505461767626613,,SIM,1007.0,871.0,Domínio aplicável = Sim + Não; Não declarado coincide com ausência/não aplicação de calçada.
E10,Arborização,Domicílios,3556701005,V05030,Sem árvores,596.0,13.533151680290645,13.585593799863233,NÃO,4404.0,4387.0,Domínio aplicável = classes substantivas de arborização; Saltado fica fora.
E10,Arborização,Domicílios,3556701005,V05031,1 a 2 árvores,755.0,17.143505903723888,17.209938454524732,NÃO,4404.0,4387.0,Domínio aplicável = classes substantivas de arborização; Saltado fica fora.
E10,Arborização,Domicílios,3556701005,V05032,3 a 4 árvores,629.0,14.282470481380564,14.337816275359017,NÃO,4404.0,4387.0,Domínio aplicável = classes substantivas de arborização; Saltado fica fora.
E10,Arborização,Domicílios,3556701005,V05033,5 ou mais árvores,2407.0,54.654859218891914,54.866651470253025,NÃO,4404.0,4387.0,Domínio aplicável = classes substantivas de arborização; Saltado fica fora.
E10,Arborização,Domicílios,3556701005,V05034,Saltado,17.0,0.38601271571298823,,SIM,4404.0,4387.0,Domínio aplicável = classes substantivas de arborização; Saltado fica fora.
E10,Arborização,Moradores,3556701005,V05230,Sem árvores,1469.0,12.537338909277118,12.58783204798629,NÃO,11717.0,11670.0,Domínio aplicável = classes substantivas de arborização; Saltado fica fora.
E10,Arborização,Moradores,3556701005,V05231,1 a 2 árvores,1945.0,16.599812238627635,16.666666666666664,NÃO,11717.0,11670.0,Domínio aplicável = classes substantivas de arborização; Saltado fica fora.
E10,Arborização,Moradores,3556701005,V05232,3 a 4 árvores,1710.0,14.594179397456685,14.652956298200515,NÃO,11717.0,11670.0,Domínio aplicável = classes substantivas de arborização; Saltado fica fora.
E10,Arborização,Moradores,3556701005,V05233,5 ou mais árvores,6546.0,55.867542886404365,56.09254498714653,NÃO,11717.0,11670.0,Domínio aplicável = classes substantivas de arborização; Saltado fica fora.
E10,Arborização,Moradores,3556701005,V05234,Saltado,47.0,0.40112656823418963,,SIM,11717.0,11670.0,Domínio aplicável = classes substantivas de arborização; Saltado fica fora.
E10,Arborização,Faces,3556701005,V05430,Sem árvores,207.0,20.556107249255213,20.762286860581742,NÃO,1007.0,997.0,Domínio aplicável = classes substantivas de arborização; Saltado fica fora.
E10,Arborização,Faces,3556701005,V05431,1 a 2 árvores,155.0,15.392254220456802,15.546639919759278,NÃO,1007.0,997.0,Domínio aplicável = classes substantivas de arborização; Saltado fica fora.
E10,Arborização,Faces,3556701005,V05432,3 a 4 árvores,149.0,14.796425024826215,14.944834503510531,NÃO,1007.0,997.0,Domínio aplicável = classes substantivas de arborização; Saltado fica fora.
E10,Arborização,Faces,3556701005,V05433,5 ou mais árvores,486.0,48.26216484607746,48.74623871614844,NÃO,1007.0,997.0,Domínio aplicável = classes substantivas de arborização; Saltado fica fora.
E10,Arborização,Faces,3556701005,V05434,Saltado,10.0,0.9930486593843099,,SIM,1007.0,997.0,Domínio aplicável = classes substantivas de arborização; Saltado fica fora.
E01,Circulação da via,Domicílios,3556701006,V05001,"Caminhão, ônibus",5011.0,98.04343572686362,99.0707789640174,NÃO,5111.0,5058.0,Domínio aplicável = categorias substantivas de circulação; Saltado fica fora.
E01,Circulação da via,Domicílios,3556701006,V05002,Carros de passeio ou van,35.0,0.6847974955977304,0.6919731119019376,NÃO,5111.0,5058.0,Domínio aplicável = categorias substantivas de circulação; Saltado fica fora.
E01,Circulação da via,Domicílios,3556701006,V05003,"Pedestres, bicicletas e motocicletas",12.0,0.23478771277636468,0.2372479240806643,NÃO,5111.0,5058.0,Domínio aplicável = categorias substantivas de circulação; Saltado fica fora.
E01,Circulação da via,Domicílios,3556701006,V05004,Aquavia,0.0,0.0,0.0,NÃO,5111.0,5058.0,Domínio aplicável = categorias substantivas de circulação; Saltado fica fora.
E01,Circulação da via,Domicílios,3556701006,V05005,Saltado,53.0,1.0369790647622774,,SIM,5111.0,5058.0,Domínio aplicável = categorias substantivas de circulação; Saltado fica fora.
E01,Circulação da via,Moradores,3556701006,V05201,"Caminhão, ônibus",14421.0,98.1888745148771,99.2225127287739,NÃO,14687.0,14534.0,Domínio aplicável = categorias substantivas de circulação; Saltado fica fora.
E01,Circulação da via,Moradores,3556701006,V05202,Carros de passeio ou van,82.0,0.5583168788724722,0.5641943030136232,NÃO,14687.0,14534.0,Domínio aplicável = categorias substantivas de circulação; Saltado fica fora.
E01,Circulação da via,Moradores,3556701006,V05203,"Pedestres, bicicletas e motocicletas",31.0,0.2110710151834956,0.21329296821246732,NÃO,14687.0,14534.0,Domínio aplicável = categorias substantivas de circulação; Saltado fica fora.
E01,Circulação da via,Moradores,3556701006,V05204,Aquavia,0.0,0.0,0.0,NÃO,14687.0,14534.0,Domínio aplicável = categorias substantivas de circulação; Saltado fica fora.
E01,Circulação da via,Moradores,3556701006,V05205,Saltado,153.0,1.04173759106693,,SIM,14687.0,14534.0,Domínio aplicável = categorias substantivas de circulação; Saltado fica fora.
E01,Circulação da via,Faces,3556701006,V05401,"Caminhão, ônibus",1006.0,97.0106075216972,98.33822091886609,NÃO,1037.0,1023.0,Domínio aplicável = categorias substantivas de circulação; Saltado fica fora.
E01,Circulação da via,Faces,3556701006,V05402,Carros de passeio ou van,14.0,1.3500482160077145,1.3685239491691104,NÃO,1037.0,1023.0,Domínio aplicável = categorias substantivas de circulação; Saltado fica fora.
E01,Circulação da via,Faces,3556701006,V05403,"Pedestres, bicicletas e motocicletas",3.0,0.28929604628736744,0.2932551319648094,NÃO,1037.0,1023.0,Domínio aplicável = categorias substantivas de circulação; Saltado fica fora.
E01,Circulação da via,Faces,3556701006,V05404,Aquavia,0.0,0.0,0.0,NÃO,1037.0,1023.0,Domínio aplicável = categorias substantivas de circulação; Saltado fica fora.
E01,Circulação da via,Faces,3556701006,V05405,Saltado,14.0,1.3500482160077145,,SIM,1037.0,1023.0,Domínio aplicável = categorias substantivas de circulação; Saltado fica fora.
E02,Pavimentação,Domicílios,3556701006,V05006,Sim,5007.0,97.96517315593817,98.99169632265718,NÃO,5111.0,5058.0,Domínio aplicável = Sim + Não; Não declarado coincide com circulação Aquavia + Saltado.
E02,Pavimentação,Domicílios,3556701006,V05007,Não,51.0,0.99784777929955,1.0083036773428233,NÃO,5111.0,5058.0,Domínio aplicável = Sim + Não; Não declarado coincide com circulação Aquavia + Saltado.
E02,Pavimentação,Domicílios,3556701006,V05008,Não declarado,53.0,1.0369790647622774,,SIM,5111.0,5058.0,Domínio aplicável = Sim + Não; Não declarado coincide com circulação Aquavia + Saltado.
E02,Pavimentação,Moradores,3556701006,V05206,Sim,14400.0,98.04589092394635,99.07802394385578,NÃO,14687.0,14534.0,Domínio aplicável = Sim + Não; Não declarado coincide com circulação Aquavia + Saltado.
E02,Pavimentação,Moradores,3556701006,V05207,Não,134.0,0.912371484986723,0.9219760561442136,NÃO,14687.0,14534.0,Domínio aplicável = Sim + Não; Não declarado coincide com circulação Aquavia + Saltado.
E02,Pavimentação,Moradores,3556701006,V05208,Não declarado,153.0,1.04173759106693,,SIM,14687.0,14534.0,Domínio aplicável = Sim + Não; Não declarado coincide com circulação Aquavia + Saltado.
E02,Pavimentação,Faces,3556701006,V05406,Sim,992.0,95.66055930568949,96.96969696969697,NÃO,1037.0,1023.0,Domínio aplicável = Sim + Não; Não declarado coincide com circulação Aquavia + Saltado.
E02,Pavimentação,Faces,3556701006,V05407,Não,31.0,2.9893924783027965,3.0303030303030303,NÃO,1037.0,1023.0,Domínio aplicável = Sim + Não; Não declarado coincide com circulação Aquavia + Saltado.
E02,Pavimentação,Faces,3556701006,V05408,Não declarado,14.0,1.3500482160077145,,SIM,1037.0,1023.0,Domínio aplicável = Sim + Não; Não declarado coincide com circulação Aquavia + Saltado.
E03,Bueiro / boca de lobo,Domicílios,3556701006,V05009,Sim,3933.0,76.95167286245353,77.75800711743773,NÃO,5111.0,5058.0,Domínio aplicável = Sim + Não; Não declarado coincide com circulação Aquavia + Saltado.
E03,Bueiro / boca de lobo,Domicílios,3556701006,V05010,Não,1125.0,22.01134807278419,22.24199288256228,NÃO,5111.0,5058.0,Domínio aplicável = Sim + Não; Não declarado coincide com circulação Aquavia + Saltado.
E03,Bueiro / boca de lobo,Domicílios,3556701006,V05011,Não declarado,53.0,1.0369790647622774,,SIM,5111.0,5058.0,Domínio aplicável = Sim + Não; Não declarado coincide com circulação Aquavia + Saltado.
E03,Bueiro / boca de lobo,Moradores,3556701006,V05209,Sim,11367.0,77.39497514809015,78.20971515068116,NÃO,14687.0,14534.0,Domínio aplicável = Sim + Não; Não declarado coincide com circulação Aquavia + Saltado.
E03,Bueiro / boca de lobo,Moradores,3556701006,V05210,Não,3167.0,21.563287260842923,21.790284849318837,NÃO,14687.0,14534.0,Domínio aplicável = Sim + Não; Não declarado coincide com circulação Aquavia + Saltado.
E03,Bueiro / boca de lobo,Moradores,3556701006,V05211,Não declarado,153.0,1.04173759106693,,SIM,14687.0,14534.0,Domínio aplicável = Sim + Não; Não declarado coincide com circulação Aquavia + Saltado.
E03,Bueiro / boca de lobo,Faces,3556701006,V05409,Sim,708.0,68.2738669238187,69.20821114369502,NÃO,1037.0,1023.0,Domínio aplicável = Sim + Não; Não declarado coincide com circulação Aquavia + Saltado.
E03,Bueiro / boca de lobo,Faces,3556701006,V05410,Não,315.0,30.37608486017358,30.791788856304986,NÃO,1037.0,1023.0,Domínio aplicável = Sim + Não; Não declarado coincide com circulação Aquavia + Saltado.
E03,Bueiro / boca de lobo,Faces,3556701006,V05411,Não declarado,14.0,1.3500482160077145,,SIM,1037.0,1023.0,Domínio aplicável = Sim + Não; Não declarado coincide com circulação Aquavia + Saltado.
E04,Iluminação pública,Domicílios,3556701006,V05012,Sim,4669.0,91.35198591273723,92.30921312771846,NÃO,5111.0,5058.0,Domínio aplicável = Sim + Não; Não declarado coincide com circulação Aquavia + Saltado.
E04,Iluminação pública,Domicílios,3556701006,V05013,Não,389.0,7.61103502250049,7.690786872281534,NÃO,5111.0,5058.0,Domínio aplicável = Sim + Não; Não declarado coincide com circulação Aquavia + Saltado.
E04,Iluminação pública,Domicílios,3556701006,V05014,Não declarado,53.0,1.0369790647622774,,SIM,5111.0,5058.0,Domínio aplicável = Sim + Não; Não declarado coincide com circulação Aquavia + Saltado.
E04,Iluminação pública,Moradores,3556701006,V05212,Sim,13426.0,91.41417580172943,92.37649649098665,NÃO,14687.0,14534.0,Domínio aplicável = Sim + Não; Não declarado coincide com circulação Aquavia + Saltado.
E04,Iluminação pública,Moradores,3556701006,V05213,Não,1108.0,7.54408660720365,7.623503509013347,NÃO,14687.0,14534.0,Domínio aplicável = Sim + Não; Não declarado coincide com circulação Aquavia + Saltado.
E04,Iluminação pública,Moradores,3556701006,V05214,Não declarado,153.0,1.04173759106693,,SIM,14687.0,14534.0,Domínio aplicável = Sim + Não; Não declarado coincide com circulação Aquavia + Saltado.
E04,Iluminação pública,Faces,3556701006,V05412,Sim,885.0,85.34233365477338,86.51026392961877,NÃO,1037.0,1023.0,Domínio aplicável = Sim + Não; Não declarado coincide com circulação Aquavia + Saltado.
E04,Iluminação pública,Faces,3556701006,V05413,Não,138.0,13.307618129218902,13.48973607038123,NÃO,1037.0,1023.0,Domínio aplicável = Sim + Não; Não declarado coincide com circulação Aquavia + Saltado.
E04,Iluminação pública,Faces,3556701006,V05414,Não declarado,14.0,1.3500482160077145,,SIM,1037.0,1023.0,Domínio aplicável = Sim + Não; Não declarado coincide com circulação Aquavia + Saltado.
E05,Ponto de ônibus,Domicílios,3556701006,V05015,Sim,303.0,5.928389747603209,5.9905100830367735,NÃO,5111.0,5058.0,Domínio aplicável = Sim + Não; Não declarado coincide com circulação Aquavia + Saltado.
E05,Ponto de ônibus,Domicílios,3556701006,V05016,Não,4755.0,93.0346311876345,94.00948991696323,NÃO,5111.0,5058.0,Domínio aplicável = Sim + Não; Não declarado coincide com circulação Aquavia + Saltado.
E05,Ponto de ônibus,Domicílios,3556701006,V05017,Não declarado,53.0,1.0369790647622774,,SIM,5111.0,5058.0,Domínio aplicável = Sim + Não; Não declarado coincide com circulação Aquavia + Saltado.
E05,Ponto de ônibus,Moradores,3556701006,V05215,Sim,852.0,5.801048546333492,5.862116416678134,NÃO,14687.0,14534.0,Domínio aplicável = Sim + Não; Não declarado coincide com circulação Aquavia + Saltado.
E05,Ponto de ônibus,Moradores,3556701006,V05216,Não,13682.0,93.15721386259958,94.13788358332187,NÃO,14687.0,14534.0,Domínio aplicável = Sim + Não; Não declarado coincide com circulação Aquavia + Saltado.
E05,Ponto de ônibus,Moradores,3556701006,V05217,Não declarado,153.0,1.04173759106693,,SIM,14687.0,14534.0,Domínio aplicável = Sim + Não; Não declarado coincide com circulação Aquavia + Saltado.
E05,Ponto de ônibus,Faces,3556701006,V05415,Sim,62.0,5.978784956605593,6.0606060606060606,NÃO,1037.0,1023.0,Domínio aplicável = Sim + Não; Não declarado coincide com circulação Aquavia + Saltado.
E05,Ponto de ônibus,Faces,3556701006,V05416,Não,961.0,92.6711668273867,93.93939393939394,NÃO,1037.0,1023.0,Domínio aplicável = Sim + Não; Não declarado coincide com circulação Aquavia + Saltado.
E05,Ponto de ônibus,Faces,3556701006,V05417,Não declarado,14.0,1.3500482160077145,,SIM,1037.0,1023.0,Domínio aplicável = Sim + Não; Não declarado coincide com circulação Aquavia + Saltado.
E06,Via sinalizada para bicicleta,Domicílios,3556701006,V05018,Sim,78.0,1.5261201330463705,1.542111506524318,NÃO,5111.0,5058.0,Domínio aplicável = Sim + Não; Não declarado coincide com circulação Aquavia + Saltado.
E06,Via sinalizada para bicicleta,Domicílios,3556701006,V05019,Não,4980.0,97.43690080219135,98.45788849347569,NÃO,5111.0,5058.0,Domínio aplicável = Sim + Não; Não declarado coincide com circulação Aquavia + Saltado.
E06,Via sinalizada para bicicleta,Domicílios,3556701006,V05020,Não declarado,53.0,1.0369790647622774,,SIM,5111.0,5058.0,Domínio aplicável = Sim + Não; Não declarado coincide com circulação Aquavia + Saltado.
E06,Via sinalizada para bicicleta,Moradores,3556701006,V05218,Sim,209.0,1.423027166882277,1.4380074308517958,NÃO,14687.0,14534.0,Domínio aplicável = Sim + Não; Não declarado coincide com circulação Aquavia + Saltado.
E06,Via sinalizada para bicicleta,Moradores,3556701006,V05219,Não,14325.0,97.53523524205079,98.5619925691482,NÃO,14687.0,14534.0,Domínio aplicável = Sim + Não; Não declarado coincide com circulação Aquavia + Saltado.
E06,Via sinalizada para bicicleta,Moradores,3556701006,V05220,Não declarado,153.0,1.04173759106693,,SIM,14687.0,14534.0,Domínio aplicável = Sim + Não; Não declarado coincide com circulação Aquavia + Saltado.
E06,Via sinalizada para bicicleta,Faces,3556701006,V05418,Sim,28.0,2.700096432015429,2.7370478983382207,NÃO,1037.0,1023.0,Domínio aplicável = Sim + Não; Não declarado coincide com circulação Aquavia + Saltado.
E06,Via sinalizada para bicicleta,Faces,3556701006,V05419,Não,995.0,95.94985535197685,97.26295210166178,NÃO,1037.0,1023.0,Domínio aplicável = Sim + Não; Não declarado coincide com circulação Aquavia + Saltado.
E06,Via sinalizada para bicicleta,Faces,3556701006,V05420,Não declarado,14.0,1.3500482160077145,,SIM,1037.0,1023.0,Domínio aplicável = Sim + Não; Não declarado coincide com circulação Aquavia + Saltado.
E07,Calçada,Domicílios,3556701006,V05021,Sim,4436.0,86.79319115632948,87.70264926848557,NÃO,5111.0,5058.0,Domínio aplicável = Sim + Não; Não declarado coincide com circulação Aquavia + Saltado.
E07,Calçada,Domicílios,3556701006,V05022,Não,622.0,12.169829778908237,12.297350731514433,NÃO,5111.0,5058.0,Domínio aplicável = Sim + Não; Não declarado coincide com circulação Aquavia + Saltado.
E07,Calçada,Domicílios,3556701006,V05023,Não declarado,53.0,1.0369790647622774,,SIM,5111.0,5058.0,Domínio aplicável = Sim + Não; Não declarado coincide com circulação Aquavia + Saltado.
E07,Calçada,Moradores,3556701006,V05221,Sim,12782.0,87.02934567985294,87.94550708683087,NÃO,14687.0,14534.0,Domínio aplicável = Sim + Não; Não declarado coincide com circulação Aquavia + Saltado.
E07,Calçada,Moradores,3556701006,V05222,Não,1752.0,11.928916729080138,12.05449291316912,NÃO,14687.0,14534.0,Domínio aplicável = Sim + Não; Não declarado coincide com circulação Aquavia + Saltado.
E07,Calçada,Moradores,3556701006,V05223,Não declarado,153.0,1.04173759106693,,SIM,14687.0,14534.0,Domínio aplicável = Sim + Não; Não declarado coincide com circulação Aquavia + Saltado.
E07,Calçada,Faces,3556701006,V05421,Sim,794.0,76.56702025072323,77.61485826001955,NÃO,1037.0,1023.0,Domínio aplicável = Sim + Não; Não declarado coincide com circulação Aquavia + Saltado.
E07,Calçada,Faces,3556701006,V05422,Não,229.0,22.082931533269047,22.385141739980448,NÃO,1037.0,1023.0,Domínio aplicável = Sim + Não; Não declarado coincide com circulação Aquavia + Saltado.
E07,Calçada,Faces,3556701006,V05423,Não declarado,14.0,1.3500482160077145,,SIM,1037.0,1023.0,Domínio aplicável = Sim + Não; Não declarado coincide com circulação Aquavia + Saltado.
E08,Obstáculo na calçada,Domicílios,3556701006,V05024,Sim,3814.0,74.62336137742125,85.97835888187556,NÃO,5111.0,4436.0,Domínio aplicável = Sim + Não; Não declarado coincide com ausência/não aplicação de calçada.
E08,Obstáculo na calçada,Domicílios,3556701006,V05025,Não,622.0,12.169829778908237,14.021641118124437,NÃO,5111.0,4436.0,Domínio aplicável = Sim + Não; Não declarado coincide com ausência/não aplicação de calçada.
E08,Obstáculo na calçada,Domicílios,3556701006,V05026,Não declarado,675.0,13.206808843670515,,SIM,5111.0,4436.0,Domínio aplicável = Sim + Não; Não declarado coincide com ausência/não aplicação de calçada.
E08,Obstáculo na calçada,Moradores,3556701006,V05224,Sim,11068.0,75.3591611629332,86.59051791581912,NÃO,14687.0,12782.0,Domínio aplicável = Sim + Não; Não declarado coincide com ausência/não aplicação de calçada.
E08,Obstáculo na calçada,Moradores,3556701006,V05225,Não,1714.0,11.670184516919726,13.40948208418088,NÃO,14687.0,12782.0,Domínio aplicável = Sim + Não; Não declarado coincide com ausência/não aplicação de calçada.
E08,Obstáculo na calçada,Moradores,3556701006,V05226,Não declarado,1905.0,12.970654320147068,,SIM,14687.0,12782.0,Domínio aplicável = Sim + Não; Não declarado coincide com ausência/não aplicação de calçada.
E08,Obstáculo na calçada,Faces,3556701006,V05424,Sim,589.0,56.79845708775313,74.18136020151134,NÃO,1037.0,794.0,Domínio aplicável = Sim + Não; Não declarado coincide com ausência/não aplicação de calçada.
E08,Obstáculo na calçada,Faces,3556701006,V05425,Não,205.0,19.768563162970107,25.81863979848866,NÃO,1037.0,794.0,Domínio aplicável = Sim + Não; Não declarado coincide com ausência/não aplicação de calçada.
E08,Obstáculo na calçada,Faces,3556701006,V05426,Não declarado,243.0,23.43297974927676,,SIM,1037.0,794.0,Domínio aplicável = Sim + Não; Não declarado coincide com ausência/não aplicação de calçada.
E09,Rampa para cadeirante,Domicílios,3556701006,V05027,Sim,293.0,5.732733320289571,6.605049594229036,NÃO,5111.0,4436.0,Domínio aplicável = Sim + Não; Não declarado coincide com ausência/não aplicação de calçada.
E09,Rampa para cadeirante,Domicílios,3556701006,V05028,Não,4143.0,81.06045783603992,93.39495040577096,NÃO,5111.0,4436.0,Domínio aplicável = Sim + Não; Não declarado coincide com ausência/não aplicação de calçada.
E09,Rampa para cadeirante,Domicílios,3556701006,V05029,Não declarado,675.0,13.206808843670515,,SIM,5111.0,4436.0,Domínio aplicável = Sim + Não; Não declarado coincide com ausência/não aplicação de calçada.
E09,Rampa para cadeirante,Moradores,3556701006,V05227,Sim,723.0,4.92272077347314,5.656391800970114,NÃO,14687.0,12782.0,Domínio aplicável = Sim + Não; Não declarado coincide com ausência/não aplicação de calçada.
E09,Rampa para cadeirante,Moradores,3556701006,V05228,Não,12059.0,82.10662490637979,94.34360819902989,NÃO,14687.0,12782.0,Domínio aplicável = Sim + Não; Não declarado coincide com ausência/não aplicação de calçada.
E09,Rampa para cadeirante,Moradores,3556701006,V05229,Não declarado,1905.0,12.970654320147068,,SIM,14687.0,12782.0,Domínio aplicável = Sim + Não; Não declarado coincide com ausência/não aplicação de calçada.
E09,Rampa para cadeirante,Faces,3556701006,V05427,Sim,53.0,5.110896817743491,6.675062972292191,NÃO,1037.0,794.0,Domínio aplicável = Sim + Não; Não declarado coincide com ausência/não aplicação de calçada.
E09,Rampa para cadeirante,Faces,3556701006,V05428,Não,741.0,71.45612343297975,93.3249370277078,NÃO,1037.0,794.0,Domínio aplicável = Sim + Não; Não declarado coincide com ausência/não aplicação de calçada.
E09,Rampa para cadeirante,Faces,3556701006,V05429,Não declarado,243.0,23.43297974927676,,SIM,1037.0,794.0,Domínio aplicável = Sim + Não; Não declarado coincide com ausência/não aplicação de calçada.
E10,Arborização,Domicílios,3556701006,V05030,Sem árvores,352.0,6.887106241440032,6.959272439699486,NÃO,5111.0,5058.0,Domínio aplicável = classes substantivas de arborização; Saltado fica fora.
E10,Arborização,Domicílios,3556701006,V05031,1 a 2 árvores,453.0,8.863236157307767,8.956109134045077,NÃO,5111.0,5058.0,Domínio aplicável = classes substantivas de arborização; Saltado fica fora.
E10,Arborização,Domicílios,3556701006,V05032,3 a 4 árvores,519.0,10.154568577577773,10.26097271648873,NÃO,5111.0,5058.0,Domínio aplicável = classes substantivas de arborização; Saltado fica fora.
E10,Arborização,Domicílios,3556701006,V05033,5 ou mais árvores,3734.0,73.05810995891215,73.82364570976671,NÃO,5111.0,5058.0,Domínio aplicável = classes substantivas de arborização; Saltado fica fora.
E10,Arborização,Domicílios,3556701006,V05034,Saltado,53.0,1.0369790647622774,,SIM,5111.0,5058.0,Domínio aplicável = classes substantivas de arborização; Saltado fica fora.
E10,Arborização,Moradores,3556701006,V05230,Sem árvores,980.0,6.672567576768571,6.742809962845742,NÃO,14687.0,14534.0,Domínio aplicável = classes substantivas de arborização; Saltado fica fora.
E10,Arborização,Moradores,3556701006,V05231,1 a 2 árvores,1220.0,8.306665758834344,8.394110361910004,NÃO,14687.0,14534.0,Domínio aplicável = classes substantivas de arborização; Saltado fica fora.
E10,Arborização,Moradores,3556701006,V05232,3 a 4 árvores,1526.0,10.390140940968204,10.49951837071694,NÃO,14687.0,14534.0,Domínio aplicável = classes substantivas de arborização; Saltado fica fora.
E10,Arborização,Moradores,3556701006,V05233,5 ou mais árvores,10808.0,73.58888813236194,74.36356130452731,NÃO,14687.0,14534.0,Domínio aplicável = classes substantivas de arborização; Saltado fica fora.
E10,Arborização,Moradores,3556701006,V05234,Saltado,153.0,1.04173759106693,,SIM,14687.0,14534.0,Domínio aplicável = classes substantivas de arborização; Saltado fica fora.
E10,Arborização,Faces,3556701006,V05430,Sem árvores,126.0,12.150433944069432,12.316715542521994,NÃO,1037.0,1023.0,Domínio aplicável = classes substantivas de arborização; Saltado fica fora.
E10,Arborização,Faces,3556701006,V05431,1 a 2 árvores,93.0,8.96817743490839,9.090909090909092,NÃO,1037.0,1023.0,Domínio aplicável = classes substantivas de arborização; Saltado fica fora.
E10,Arborização,Faces,3556701006,V05432,3 a 4 árvores,121.0,11.668273866923819,11.827956989247312,NÃO,1037.0,1023.0,Domínio aplicável = classes substantivas de arborização; Saltado fica fora.
E10,Arborização,Faces,3556701006,V05433,5 ou mais árvores,683.0,65.86306653809064,66.7644183773216,NÃO,1037.0,1023.0,Domínio aplicável = classes substantivas de arborização; Saltado fica fora.
E10,Arborização,Faces,3556701006,V05434,Saltado,14.0,1.3500482160077145,,SIM,1037.0,1023.0,Domínio aplicável = classes substantivas de arborização; Saltado fica fora.
E01,Circulação da via,Domicílios,MUNICIPIO,V05001,"Caminhão, ônibus",26396.0,97.98069784706756,98.91328786629694,NÃO,26940.0,26686.0,Domínio aplicável = categorias substantivas de circulação; Saltado fica fora.
E01,Circulação da via,Domicílios,MUNICIPIO,V05002,Carros de passeio ou van,267.0,0.9910913140311804,1.0005246196507531,NÃO,26940.0,26686.0,Domínio aplicável = categorias substantivas de circulação; Saltado fica fora.
E01,Circulação da via,Domicílios,MUNICIPIO,V05003,"Pedestres, bicicletas e motocicletas",23.0,0.08537490720118782,0.08618751405231206,NÃO,26940.0,26686.0,Domínio aplicável = categorias substantivas de circulação; Saltado fica fora.
E01,Circulação da via,Domicílios,MUNICIPIO,V05004,Aquavia,0.0,0.0,0.0,NÃO,26940.0,26686.0,Domínio aplicável = categorias substantivas de circulação; Saltado fica fora.
E01,Circulação da via,Domicílios,MUNICIPIO,V05005,Saltado,254.0,0.9428359317000743,,SIM,26940.0,26686.0,Domínio aplicável = categorias substantivas de circulação; Saltado fica fora.
E01,Circulação da via,Moradores,MUNICIPIO,V05201,"Caminhão, ônibus",73354.0,97.95160773421642,98.93850905706694,NÃO,74888.0,74141.0,Domínio aplicável = categorias substantivas de circulação; Saltado fica fora.
E01,Circulação da via,Moradores,MUNICIPIO,V05202,Carros de passeio ou van,718.0,0.9587650891998718,0.9684250279872136,NÃO,74888.0,74141.0,Domínio aplicável = categorias substantivas de circulação; Saltado fica fora.
E01,Circulação da via,Moradores,MUNICIPIO,V05203,"Pedestres, bicicletas e motocicletas",69.0,0.09213759213759214,0.09306591494584643,NÃO,74888.0,74141.0,Domínio aplicável = categorias substantivas de circulação; Saltado fica fora.
E01,Circulação da via,Moradores,MUNICIPIO,V05204,Aquavia,0.0,0.0,0.0,NÃO,74888.0,74141.0,Domínio aplicável = categorias substantivas de circulação; Saltado fica fora.
E01,Circulação da via,Moradores,MUNICIPIO,V05205,Saltado,747.0,0.9974895844461061,,SIM,74888.0,74141.0,Domínio aplicável = categorias substantivas de circulação; Saltado fica fora.
E01,Circulação da via,Faces,MUNICIPIO,V05401,"Caminhão, ônibus",4572.0,95.15088449531738,98.11158798283262,NÃO,4805.0,4660.0,Domínio aplicável = categorias substantivas de circulação; Saltado fica fora.
E01,Circulação da via,Faces,MUNICIPIO,V05402,Carros de passeio ou van,83.0,1.7273673257023934,1.7811158798283262,NÃO,4805.0,4660.0,Domínio aplicável = categorias substantivas de circulação; Saltado fica fora.
E01,Circulação da via,Faces,MUNICIPIO,V05403,"Pedestres, bicicletas e motocicletas",5.0,0.10405827263267431,0.1072961373390558,NÃO,4805.0,4660.0,Domínio aplicável = categorias substantivas de circulação; Saltado fica fora.
E01,Circulação da via,Faces,MUNICIPIO,V05404,Aquavia,0.0,0.0,0.0,NÃO,4805.0,4660.0,Domínio aplicável = categorias substantivas de circulação; Saltado fica fora.
E01,Circulação da via,Faces,MUNICIPIO,V05405,Saltado,145.0,3.0176899063475546,,SIM,4805.0,4660.0,Domínio aplicável = categorias substantivas de circulação; Saltado fica fora.
E02,Pavimentação,Domicílios,MUNICIPIO,V05006,Sim,26288.0,97.57980697847067,98.50858127857303,NÃO,26940.0,26686.0,Domínio aplicável = Sim + Não; Não declarado coincide com circulação Aquavia + Saltado.
E02,Pavimentação,Domicílios,MUNICIPIO,V05007,Não,398.0,1.4773570898292503,1.4914187214269654,NÃO,26940.0,26686.0,Domínio aplicável = Sim + Não; Não declarado coincide com circulação Aquavia + Saltado.
E02,Pavimentação,Domicílios,MUNICIPIO,V05008,Não declarado,254.0,0.9428359317000743,,SIM,26940.0,26686.0,Domínio aplicável = Sim + Não; Não declarado coincide com circulação Aquavia + Saltado.
E02,Pavimentação,Moradores,MUNICIPIO,V05206,Sim,72980.0,97.45219527828223,98.43406482243293,NÃO,74888.0,74141.0,Domínio aplicável = Sim + Não; Não declarado coincide com circulação Aquavia + Saltado.
E02,Pavimentação,Moradores,MUNICIPIO,V05207,Não,1161.0,1.550315137271659,1.5659351775670682,NÃO,74888.0,74141.0,Domínio aplicável = Sim + Não; Não declarado coincide com circulação Aquavia + Saltado.
E02,Pavimentação,Moradores,MUNICIPIO,V05208,Não declarado,747.0,0.9974895844461061,,SIM,74888.0,74141.0,Domínio aplicável = Sim + Não; Não declarado coincide com circulação Aquavia + Saltado.
E02,Pavimentação,Faces,MUNICIPIO,V05406,Sim,4540.0,94.48491155046827,97.42489270386267,NÃO,4805.0,4660.0,Domínio aplicável = Sim + Não; Não declarado coincide com circulação Aquavia + Saltado.
E02,Pavimentação,Faces,MUNICIPIO,V05407,Não,120.0,2.497398543184183,2.575107296137339,NÃO,4805.0,4660.0,Domínio aplicável = Sim + Não; Não declarado coincide com circulação Aquavia + Saltado.
E02,Pavimentação,Faces,MUNICIPIO,V05408,Não declarado,145.0,3.0176899063475546,,SIM,4805.0,4660.0,Domínio aplicável = Sim + Não; Não declarado coincide com circulação Aquavia + Saltado.
E03,Bueiro / boca de lobo,Domicílios,MUNICIPIO,V05009,Sim,20798.0,77.20118782479585,77.93599640260811,NÃO,26940.0,26686.0,Domínio aplicável = Sim + Não; Não declarado coincide com circulação Aquavia + Saltado.
E03,Bueiro / boca de lobo,Domicílios,MUNICIPIO,V05010,Não,5888.0,21.85597624350408,22.06400359739189,NÃO,26940.0,26686.0,Domínio aplicável = Sim + Não; Não declarado coincide com circulação Aquavia + Saltado.
E03,Bueiro / boca de lobo,Domicílios,MUNICIPIO,V05011,Não declarado,254.0,0.9428359317000743,,SIM,26940.0,26686.0,Domínio aplicável = Sim + Não; Não declarado coincide com circulação Aquavia + Saltado.
E03,Bueiro / boca de lobo,Moradores,MUNICIPIO,V05209,Sim,57962.0,77.39824805042196,78.17806611726306,NÃO,74888.0,74141.0,Domínio aplicável = Sim + Não; Não declarado coincide com circulação Aquavia + Saltado.
E03,Bueiro / boca de lobo,Moradores,MUNICIPIO,V05210,Não,16179.0,21.60426236513193,21.821933882736946,NÃO,74888.0,74141.0,Domínio aplicável = Sim + Não; Não declarado coincide com circulação Aquavia + Saltado.
E03,Bueiro / boca de lobo,Moradores,MUNICIPIO,V05211,Não declarado,747.0,0.9974895844461061,,SIM,74888.0,74141.0,Domínio aplicável = Sim + Não; Não declarado coincide com circulação Aquavia + Saltado.
E03,Bueiro / boca de lobo,Faces,MUNICIPIO,V05409,Sim,3334.0,69.38605619146723,71.5450643776824,NÃO,4805.0,4660.0,Domínio aplicável = Sim + Não; Não declarado coincide com circulação Aquavia + Saltado.
E03,Bueiro / boca de lobo,Faces,MUNICIPIO,V05410,Não,1326.0,27.596253902185225,28.454935622317596,NÃO,4805.0,4660.0,Domínio aplicável = Sim + Não; Não declarado coincide com circulação Aquavia + Saltado.
E03,Bueiro / boca de lobo,Faces,MUNICIPIO,V05411,Não declarado,145.0,3.0176899063475546,,SIM,4805.0,4660.0,Domínio aplicável = Sim + Não; Não declarado coincide com circulação Aquavia + Saltado.
E04,Iluminação pública,Domicílios,MUNICIPIO,V05012,Sim,26155.0,97.08611729769859,98.01019261035749,NÃO,26940.0,26686.0,Domínio aplicável = Sim + Não; Não declarado coincide com circulação Aquavia + Saltado.
E04,Iluminação pública,Domicílios,MUNICIPIO,V05013,Não,531.0,1.9710467706013364,1.9898073896425092,NÃO,26940.0,26686.0,Domínio aplicável = Sim + Não; Não declarado coincide com circulação Aquavia + Saltado.
E04,Iluminação pública,Domicílios,MUNICIPIO,V05014,Não declarado,254.0,0.9428359317000743,,SIM,26940.0,26686.0,Domínio aplicável = Sim + Não; Não declarado coincide com circulação Aquavia + Saltado.
E04,Iluminação pública,Moradores,MUNICIPIO,V05212,Sim,72599.0,96.94343553039205,97.92017911816674,NÃO,74888.0,74141.0,Domínio aplicável = Sim + Não; Não declarado coincide com circulação Aquavia + Saltado.
E04,Iluminação pública,Moradores,MUNICIPIO,V05213,Não,1542.0,2.059074885161842,2.0798208818332635,NÃO,74888.0,74141.0,Domínio aplicável = Sim + Não; Não declarado coincide com circulação Aquavia + Saltado.
E04,Iluminação pública,Moradores,MUNICIPIO,V05214,Não declarado,747.0,0.9974895844461061,,SIM,74888.0,74141.0,Domínio aplicável = Sim + Não; Não declarado coincide com circulação Aquavia + Saltado.
E04,Iluminação pública,Faces,MUNICIPIO,V05412,Sim,4424.0,92.07075962539022,94.93562231759657,NÃO,4805.0,4660.0,Domínio aplicável = Sim + Não; Não declarado coincide com circulação Aquavia + Saltado.
E04,Iluminação pública,Faces,MUNICIPIO,V05413,Não,236.0,4.911550468262227,5.064377682403434,NÃO,4805.0,4660.0,Domínio aplicável = Sim + Não; Não declarado coincide com circulação Aquavia + Saltado.
E04,Iluminação pública,Faces,MUNICIPIO,V05414,Não declarado,145.0,3.0176899063475546,,SIM,4805.0,4660.0,Domínio aplicável = Sim + Não; Não declarado coincide com circulação Aquavia + Saltado.
E05,Ponto de ônibus,Domicílios,MUNICIPIO,V05015,Sim,2523.0,9.365256124721604,9.454395563216668,NÃO,26940.0,26686.0,Domínio aplicável = Sim + Não; Não declarado coincide com circulação Aquavia + Saltado.
E05,Ponto de ônibus,Domicílios,MUNICIPIO,V05016,Não,24163.0,89.69190794357831,90.54560443678334,NÃO,26940.0,26686.0,Domínio aplicável = Sim + Não; Não declarado coincide com circulação Aquavia + Saltado.
E05,Ponto de ônibus,Domicílios,MUNICIPIO,V05017,Não declarado,254.0,0.9428359317000743,,SIM,26940.0,26686.0,Domínio aplicável = Sim + Não; Não declarado coincide com circulação Aquavia + Saltado.
E05,Ponto de ônibus,Moradores,MUNICIPIO,V05215,Sim,7073.0,9.444770857814335,9.539930672637272,NÃO,74888.0,74141.0,Domínio aplicável = Sim + Não; Não declarado coincide com circulação Aquavia + Saltado.
E05,Ponto de ônibus,Moradores,MUNICIPIO,V05216,Não,67068.0,89.55773955773955,90.46006932736273,NÃO,74888.0,74141.0,Domínio aplicável = Sim + Não; Não declarado coincide com circulação Aquavia + Saltado.
E05,Ponto de ônibus,Moradores,MUNICIPIO,V05217,Não declarado,747.0,0.9974895844461061,,SIM,74888.0,74141.0,Domínio aplicável = Sim + Não; Não declarado coincide com circulação Aquavia + Saltado.
E05,Ponto de ônibus,Faces,MUNICIPIO,V05415,Sim,385.0,8.012486992715921,8.261802575107296,NÃO,4805.0,4660.0,Domínio aplicável = Sim + Não; Não declarado coincide com circulação Aquavia + Saltado.
E05,Ponto de ônibus,Faces,MUNICIPIO,V05416,Não,4275.0,88.96982310093652,91.7381974248927,NÃO,4805.0,4660.0,Domínio aplicável = Sim + Não; Não declarado coincide com circulação Aquavia + Saltado.
E05,Ponto de ônibus,Faces,MUNICIPIO,V05417,Não declarado,145.0,3.0176899063475546,,SIM,4805.0,4660.0,Domínio aplicável = Sim + Não; Não declarado coincide com circulação Aquavia + Saltado.
E06,Via sinalizada para bicicleta,Domicílios,MUNICIPIO,V05018,Sim,388.0,1.4402375649591685,1.453945889230308,NÃO,26940.0,26686.0,Domínio aplicável = Sim + Não; Não declarado coincide com circulação Aquavia + Saltado.
E06,Via sinalizada para bicicleta,Domicílios,MUNICIPIO,V05019,Não,26298.0,97.61692650334076,98.54605411076969,NÃO,26940.0,26686.0,Domínio aplicável = Sim + Não; Não declarado coincide com circulação Aquavia + Saltado.
E06,Via sinalizada para bicicleta,Domicílios,MUNICIPIO,V05020,Não declarado,254.0,0.9428359317000743,,SIM,26940.0,26686.0,Domínio aplicável = Sim + Não; Não declarado coincide com circulação Aquavia + Saltado.
E06,Via sinalizada para bicicleta,Moradores,MUNICIPIO,V05218,Sim,1045.0,1.3954171562867215,1.4094765379479641,NÃO,74888.0,74141.0,Domínio aplicável = Sim + Não; Não declarado coincide com circulação Aquavia + Saltado.
E06,Via sinalizada para bicicleta,Moradores,MUNICIPIO,V05219,Não,73096.0,97.60709325926717,98.59052346205203,NÃO,74888.0,74141.0,Domínio aplicável = Sim + Não; Não declarado coincide com circulação Aquavia + Saltado.
E06,Via sinalizada para bicicleta,Moradores,MUNICIPIO,V05220,Não declarado,747.0,0.9974895844461061,,SIM,74888.0,74141.0,Domínio aplicável = Sim + Não; Não declarado coincide com circulação Aquavia + Saltado.
E06,Via sinalizada para bicicleta,Faces,MUNICIPIO,V05418,Sim,100.0,2.081165452653486,2.1459227467811157,NÃO,4805.0,4660.0,Domínio aplicável = Sim + Não; Não declarado coincide com circulação Aquavia + Saltado.
E06,Via sinalizada para bicicleta,Faces,MUNICIPIO,V05419,Não,4560.0,94.90114464099896,97.85407725321889,NÃO,4805.0,4660.0,Domínio aplicável = Sim + Não; Não declarado coincide com circulação Aquavia + Saltado.
E06,Via sinalizada para bicicleta,Faces,MUNICIPIO,V05420,Não declarado,145.0,3.0176899063475546,,SIM,4805.0,4660.0,Domínio aplicável = Sim + Não; Não declarado coincide com circulação Aquavia + Saltado.
E07,Calçada,Domicílios,MUNICIPIO,V05021,Sim,25278.0,93.83073496659243,94.72382522671063,NÃO,26940.0,26686.0,Domínio aplicável = Sim + Não; Não declarado coincide com circulação Aquavia + Saltado.
E07,Calçada,Domicílios,MUNICIPIO,V05022,Não,1408.0,5.226429101707499,5.276174773289365,NÃO,26940.0,26686.0,Domínio aplicável = Sim + Não; Não declarado coincide com circulação Aquavia + Saltado.
E07,Calçada,Domicílios,MUNICIPIO,V05023,Não declarado,254.0,0.9428359317000743,,SIM,26940.0,26686.0,Domínio aplicável = Sim + Não; Não declarado coincide com circulação Aquavia + Saltado.
E07,Calçada,Moradores,MUNICIPIO,V05221,Sim,70112.0,93.62247623117187,94.56575983598819,NÃO,74888.0,74141.0,Domínio aplicável = Sim + Não; Não declarado coincide com circulação Aquavia + Saltado.
E07,Calçada,Moradores,MUNICIPIO,V05222,Não,4029.0,5.38003418438201,5.434240164011815,NÃO,74888.0,74141.0,Domínio aplicável = Sim + Não; Não declarado coincide com circulação Aquavia + Saltado.
E07,Calçada,Moradores,MUNICIPIO,V05223,Não declarado,747.0,0.9974895844461061,,SIM,74888.0,74141.0,Domínio aplicável = Sim + Não; Não declarado coincide com circulação Aquavia + Saltado.
E07,Calçada,Faces,MUNICIPIO,V05421,Sim,4099.0,85.30697190426639,87.96137339055794,NÃO,4805.0,4660.0,Domínio aplicável = Sim + Não; Não declarado coincide com circulação Aquavia + Saltado.
E07,Calçada,Faces,MUNICIPIO,V05422,Não,561.0,11.675338189386055,12.03862660944206,NÃO,4805.0,4660.0,Domínio aplicável = Sim + Não; Não declarado coincide com circulação Aquavia + Saltado.
E07,Calçada,Faces,MUNICIPIO,V05423,Não declarado,145.0,3.0176899063475546,,SIM,4805.0,4660.0,Domínio aplicável = Sim + Não; Não declarado coincide com circulação Aquavia + Saltado.
E08,Obstáculo na calçada,Domicílios,MUNICIPIO,V05024,Sim,21975.0,81.57015590200446,86.9333016852599,NÃO,26940.0,25278.0,Domínio aplicável = Sim + Não; Não declarado coincide com ausência/não aplicação de calçada.
E08,Obstáculo na calçada,Domicílios,MUNICIPIO,V05025,Não,3303.0,12.260579064587972,13.06669831474009,NÃO,26940.0,25278.0,Domínio aplicável = Sim + Não; Não declarado coincide com ausência/não aplicação de calçada.
E08,Obstáculo na calçada,Domicílios,MUNICIPIO,V05026,Não declarado,1662.0,6.169265033407573,,SIM,26940.0,25278.0,Domínio aplicável = Sim + Não; Não declarado coincide com ausência/não aplicação de calçada.
E08,Obstáculo na calçada,Moradores,MUNICIPIO,V05224,Sim,61447.0,82.05186411708151,87.64120264719307,NÃO,74888.0,70112.0,Domínio aplicável = Sim + Não; Não declarado coincide com ausência/não aplicação de calçada.
E08,Obstáculo na calçada,Moradores,MUNICIPIO,V05225,Não,8665.0,11.570612114090375,12.358797352806937,NÃO,74888.0,70112.0,Domínio aplicável = Sim + Não; Não declarado coincide com ausência/não aplicação de calçada.
E08,Obstáculo na calçada,Moradores,MUNICIPIO,V05226,Não declarado,4776.0,6.377523768828117,,SIM,74888.0,70112.0,Domínio aplicável = Sim + Não; Não declarado coincide com ausência/não aplicação de calçada.
E08,Obstáculo na calçada,Faces,MUNICIPIO,V05424,Sim,3172.0,66.01456815816857,77.38472798243474,NÃO,4805.0,4099.0,Domínio aplicável = Sim + Não; Não declarado coincide com ausência/não aplicação de calçada.
E08,Obstáculo na calçada,Faces,MUNICIPIO,V05425,Não,927.0,19.292403746097815,22.61527201756526,NÃO,4805.0,4099.0,Domínio aplicável = Sim + Não; Não declarado coincide com ausência/não aplicação de calçada.
E08,Obstáculo na calçada,Faces,MUNICIPIO,V05426,Não declarado,706.0,14.69302809573361,,SIM,4805.0,4099.0,Domínio aplicável = Sim + Não; Não declarado coincide com ausência/não aplicação de calçada.
E09,Rampa para cadeirante,Domicílios,MUNICIPIO,V05027,Sim,2535.0,9.409799554565701,10.028483266081176,NÃO,26940.0,25278.0,Domínio aplicável = Sim + Não; Não declarado coincide com ausência/não aplicação de calçada.
E09,Rampa para cadeirante,Domicílios,MUNICIPIO,V05028,Não,22743.0,84.42093541202672,89.97151673391882,NÃO,26940.0,25278.0,Domínio aplicável = Sim + Não; Não declarado coincide com ausência/não aplicação de calçada.
E09,Rampa para cadeirante,Domicílios,MUNICIPIO,V05029,Não declarado,1662.0,6.169265033407573,,SIM,26940.0,25278.0,Domínio aplicável = Sim + Não; Não declarado coincide com ausência/não aplicação de calçada.
E09,Rampa para cadeirante,Moradores,MUNICIPIO,V05227,Sim,6530.0,8.719688067514154,9.313669557279782,NÃO,74888.0,70112.0,Domínio aplicável = Sim + Não; Não declarado coincide com ausência/não aplicação de calçada.
E09,Rampa para cadeirante,Moradores,MUNICIPIO,V05228,Não,63582.0,84.90278816365773,90.68633044272022,NÃO,74888.0,70112.0,Domínio aplicável = Sim + Não; Não declarado coincide com ausência/não aplicação de calçada.
E09,Rampa para cadeirante,Moradores,MUNICIPIO,V05229,Não declarado,4776.0,6.377523768828117,,SIM,74888.0,70112.0,Domínio aplicável = Sim + Não; Não declarado coincide com ausência/não aplicação de calçada.
E09,Rampa para cadeirante,Faces,MUNICIPIO,V05427,Sim,359.0,7.471383975026015,8.758233715540376,NÃO,4805.0,4099.0,Domínio aplicável = Sim + Não; Não declarado coincide com ausência/não aplicação de calçada.
E09,Rampa para cadeirante,Faces,MUNICIPIO,V05428,Não,3740.0,77.83558792924038,91.24176628445963,NÃO,4805.0,4099.0,Domínio aplicável = Sim + Não; Não declarado coincide com ausência/não aplicação de calçada.
E09,Rampa para cadeirante,Faces,MUNICIPIO,V05429,Não declarado,706.0,14.69302809573361,,SIM,4805.0,4099.0,Domínio aplicável = Sim + Não; Não declarado coincide com ausência/não aplicação de calçada.
E10,Arborização,Domicílios,MUNICIPIO,V05030,Sem árvores,4453.0,16.529324424647367,16.686652177171553,NÃO,26940.0,26686.0,Domínio aplicável = classes substantivas de arborização; Saltado fica fora.
E10,Arborização,Domicílios,MUNICIPIO,V05031,1 a 2 árvores,4474.0,16.607275426874534,16.76534512478453,NÃO,26940.0,26686.0,Domínio aplicável = classes substantivas de arborização; Saltado fica fora.
E10,Arborização,Domicílios,MUNICIPIO,V05032,3 a 4 árvores,3072.0,11.403118040089087,11.511654050813162,NÃO,26940.0,26686.0,Domínio aplicável = classes substantivas de arborização; Saltado fica fora.
E10,Arborização,Domicílios,MUNICIPIO,V05033,5 ou mais árvores,14687.0,54.517446176688935,55.03634864723076,NÃO,26940.0,26686.0,Domínio aplicável = classes substantivas de arborização; Saltado fica fora.
E10,Arborização,Domicílios,MUNICIPIO,V05034,Saltado,254.0,0.9428359317000743,,SIM,26940.0,26686.0,Domínio aplicável = classes substantivas de arborização; Saltado fica fora.
E10,Arborização,Moradores,MUNICIPIO,V05230,Sem árvores,12045.0,16.084018801410103,16.24607167424232,NÃO,74888.0,74141.0,Domínio aplicável = classes substantivas de arborização; Saltado fica fora.
E10,Arborização,Moradores,MUNICIPIO,V05231,1 a 2 árvores,12338.0,16.4752697361393,16.641264617418162,NÃO,74888.0,74141.0,Domínio aplicável = classes substantivas de arborização; Saltado fica fora.
E10,Arborização,Moradores,MUNICIPIO,V05232,3 a 4 árvores,8578.0,11.454438628351673,11.569846643557547,NÃO,74888.0,74141.0,Domínio aplicável = classes substantivas de arborização; Saltado fica fora.
E10,Arborização,Moradores,MUNICIPIO,V05233,5 ou mais árvores,41180.0,54.98878324965282,55.54281706478197,NÃO,74888.0,74141.0,Domínio aplicável = classes substantivas de arborização; Saltado fica fora.
E10,Arborização,Moradores,MUNICIPIO,V05234,Saltado,747.0,0.9974895844461061,,SIM,74888.0,74141.0,Domínio aplicável = classes substantivas de arborização; Saltado fica fora.
E10,Arborização,Faces,MUNICIPIO,V05430,Sem árvores,995.0,20.707596253902185,21.351931330472105,NÃO,4805.0,4660.0,Domínio aplicável = classes substantivas de arborização; Saltado fica fora.
E10,Arborização,Faces,MUNICIPIO,V05431,1 a 2 árvores,684.0,14.235171696149843,14.678111587982833,NÃO,4805.0,4660.0,Domínio aplicável = classes substantivas de arborização; Saltado fica fora.
E10,Arborização,Faces,MUNICIPIO,V05432,3 a 4 árvores,521.0,10.842872008324662,11.180257510729612,NÃO,4805.0,4660.0,Domínio aplicável = classes substantivas de arborização; Saltado fica fora.
E10,Arborização,Faces,MUNICIPIO,V05433,5 ou mais árvores,2460.0,51.19667013527576,52.78969957081545,NÃO,4805.0,4660.0,Domínio aplicável = classes substantivas de arborização; Saltado fica fora.
E10,Arborização,Faces,MUNICIPIO,V05434,Saltado,145.0,3.0176899063475546,,SIM,4805.0,4660.0,Domínio aplicável = classes substantivas de arborização; Saltado fica fora.
