Tabela,Característica,Universo,APOND,Código,Categoria,Contagem agregada,Percentual bruto (%),Percentual no domínio aplicável (%),Fora do domínio aplicável?,Denominador observado,Denominador no domínio aplicável,Regra do domínio aplicável
E01,Circulação da via,Domicílios,3516408001,V05001,"Caminhão, ônibus",2886.0,60.01247660636307,60.36394059820122,NÃO,4809.0,4781.0,Domínio aplicável = categorias substantivas de circulação; Saltado fica fora.
E01,Circulação da via,Domicílios,3516408001,V05002,Carros de passeio ou van,1782.0,37.055520898315656,37.27253712612424,NÃO,4809.0,4781.0,Domínio aplicável = categorias substantivas de circulação; Saltado fica fora.
E01,Circulação da via,Domicílios,3516408001,V05003,"Pedestres, bicicletas e motocicletas",113.0,2.3497608650447077,2.363522275674545,NÃO,4809.0,4781.0,Domínio aplicável = categorias substantivas de circulação; Saltado fica fora.
E01,Circulação da via,Domicílios,3516408001,V05004,Aquavia,0.0,0.0,0.0,NÃO,4809.0,4781.0,Domínio aplicável = categorias substantivas de circulação; Saltado fica fora.
E01,Circulação da via,Domicílios,3516408001,V05005,Saltado,28.0,0.5822416302765648,,SIM,4809.0,4781.0,Domínio aplicável = categorias substantivas de circulação; Saltado fica fora.
E01,Circulação da via,Moradores,3516408001,V05201,"Caminhão, ônibus",8008.0,58.58511961372449,59.042984590429846,NÃO,13669.0,13563.0,Domínio aplicável = categorias substantivas de circulação; Saltado fica fora.
E01,Circulação da via,Moradores,3516408001,V05202,Carros de passeio ou van,5265.0,38.517814031750675,38.81884538818846,NÃO,13669.0,13563.0,Domínio aplicável = categorias substantivas de circulação; Saltado fica fora.
E01,Circulação da via,Moradores,3516408001,V05203,"Pedestres, bicicletas e motocicletas",290.0,2.121588997000512,2.1381700213817,NÃO,13669.0,13563.0,Domínio aplicável = categorias substantivas de circulação; Saltado fica fora.
E01,Circulação da via,Moradores,3516408001,V05204,Aquavia,0.0,0.0,0.0,NÃO,13669.0,13563.0,Domínio aplicável = categorias substantivas de circulação; Saltado fica fora.
E01,Circulação da via,Moradores,3516408001,V05205,Saltado,106.0,0.7754773575243251,,SIM,13669.0,13563.0,Domínio aplicável = categorias substantivas de circulação; Saltado fica fora.
E01,Circulação da via,Faces,3516408001,V05401,"Caminhão, ônibus",373.0,50.67934782608695,51.87760778859527,NÃO,736.0,719.0,Domínio aplicável = categorias substantivas de circulação; Saltado fica fora.
E01,Circulação da via,Faces,3516408001,V05402,Carros de passeio ou van,310.0,42.119565217391305,43.11543810848401,NÃO,736.0,719.0,Domínio aplicável = categorias substantivas de circulação; Saltado fica fora.
E01,Circulação da via,Faces,3516408001,V05403,"Pedestres, bicicletas e motocicletas",36.0,4.891304347826087,5.006954102920723,NÃO,736.0,719.0,Domínio aplicável = categorias substantivas de circulação; Saltado fica fora.
E01,Circulação da via,Faces,3516408001,V05404,Aquavia,0.0,0.0,0.0,NÃO,736.0,719.0,Domínio aplicável = categorias substantivas de circulação; Saltado fica fora.
E01,Circulação da via,Faces,3516408001,V05405,Saltado,17.0,2.309782608695652,,SIM,736.0,719.0,Domínio aplicável = categorias substantivas de circulação; Saltado fica fora.
E02,Pavimentação,Domicílios,3516408001,V05006,Sim,3418.0,71.0750675816178,71.49131980757164,NÃO,4809.0,4781.0,Domínio aplicável = Sim + Não; Não declarado coincide com circulação Aquavia + Saltado.
E02,Pavimentação,Domicílios,3516408001,V05007,Não,1363.0,28.342690788105635,28.508680192428365,NÃO,4809.0,4781.0,Domínio aplicável = Sim + Não; Não declarado coincide com circulação Aquavia + Saltado.
E02,Pavimentação,Domicílios,3516408001,V05008,Não declarado,28.0,0.5822416302765648,,SIM,4809.0,4781.0,Domínio aplicável = Sim + Não; Não declarado coincide com circulação Aquavia + Saltado.
E02,Pavimentação,Moradores,3516408001,V05206,Sim,9777.0,71.5268124954276,72.0858217208582,NÃO,13669.0,13563.0,Domínio aplicável = Sim + Não; Não declarado coincide com circulação Aquavia + Saltado.
E02,Pavimentação,Moradores,3516408001,V05207,Não,3786.0,27.697710147048067,27.914178279141783,NÃO,13669.0,13563.0,Domínio aplicável = Sim + Não; Não declarado coincide com circulação Aquavia + Saltado.
E02,Pavimentação,Moradores,3516408001,V05208,Não declarado,106.0,0.7754773575243251,,SIM,13669.0,13563.0,Domínio aplicável = Sim + Não; Não declarado coincide com circulação Aquavia + Saltado.
E02,Pavimentação,Faces,3516408001,V05406,Sim,303.0,41.16847826086957,42.14186369958276,NÃO,736.0,719.0,Domínio aplicável = Sim + Não; Não declarado coincide com circulação Aquavia + Saltado.
E02,Pavimentação,Faces,3516408001,V05407,Não,416.0,56.52173913043478,57.85813630041725,NÃO,736.0,719.0,Domínio aplicável = Sim + Não; Não declarado coincide com circulação Aquavia + Saltado.
E02,Pavimentação,Faces,3516408001,V05408,Não declarado,17.0,2.309782608695652,,SIM,736.0,719.0,Domínio aplicável = Sim + Não; Não declarado coincide com circulação Aquavia + Saltado.
E03,Bueiro / boca de lobo,Domicílios,3516408001,V05009,Sim,1701.0,35.37117903930131,35.57833089311859,NÃO,4809.0,4781.0,Domínio aplicável = Sim + Não; Não declarado coincide com circulação Aquavia + Saltado.
E03,Bueiro / boca de lobo,Domicílios,3516408001,V05010,Não,3080.0,64.04657933042213,64.42166910688141,NÃO,4809.0,4781.0,Domínio aplicável = Sim + Não; Não declarado coincide com circulação Aquavia + Saltado.
E03,Bueiro / boca de lobo,Domicílios,3516408001,V05011,Não declarado,28.0,0.5822416302765648,,SIM,4809.0,4781.0,Domínio aplicável = Sim + Não; Não declarado coincide com circulação Aquavia + Saltado.
E03,Bueiro / boca de lobo,Moradores,3516408001,V05209,Sim,4892.0,35.78901163216036,36.06871636068716,NÃO,13669.0,13563.0,Domínio aplicável = Sim + Não; Não declarado coincide com circulação Aquavia + Saltado.
E03,Bueiro / boca de lobo,Moradores,3516408001,V05210,Não,8671.0,63.43551101031532,63.93128363931284,NÃO,13669.0,13563.0,Domínio aplicável = Sim + Não; Não declarado coincide com circulação Aquavia + Saltado.
E03,Bueiro / boca de lobo,Moradores,3516408001,V05211,Não declarado,106.0,0.7754773575243251,,SIM,13669.0,13563.0,Domínio aplicável = Sim + Não; Não declarado coincide com circulação Aquavia + Saltado.
E03,Bueiro / boca de lobo,Faces,3516408001,V05409,Sim,132.0,17.934782608695652,18.35883171070932,NÃO,736.0,719.0,Domínio aplicável = Sim + Não; Não declarado coincide com circulação Aquavia + Saltado.
E03,Bueiro / boca de lobo,Faces,3516408001,V05410,Não,587.0,79.75543478260869,81.64116828929068,NÃO,736.0,719.0,Domínio aplicável = Sim + Não; Não declarado coincide com circulação Aquavia + Saltado.
E03,Bueiro / boca de lobo,Faces,3516408001,V05411,Não declarado,17.0,2.309782608695652,,SIM,736.0,719.0,Domínio aplicável = Sim + Não; Não declarado coincide com circulação Aquavia + Saltado.
E04,Iluminação pública,Domicílios,3516408001,V05012,Sim,4074.0,84.71615720524017,85.21229868228404,NÃO,4809.0,4781.0,Domínio aplicável = Sim + Não; Não declarado coincide com circulação Aquavia + Saltado.
E04,Iluminação pública,Domicílios,3516408001,V05013,Não,707.0,14.701601164483261,14.787701317715959,NÃO,4809.0,4781.0,Domínio aplicável = Sim + Não; Não declarado coincide com circulação Aquavia + Saltado.
E04,Iluminação pública,Domicílios,3516408001,V05014,Não declarado,28.0,0.5822416302765648,,SIM,4809.0,4781.0,Domínio aplicável = Sim + Não; Não declarado coincide com circulação Aquavia + Saltado.
E04,Iluminação pública,Moradores,3516408001,V05212,Sim,11573.0,84.6660326285756,85.3277298532773,NÃO,13669.0,13563.0,Domínio aplicável = Sim + Não; Não declarado coincide com circulação Aquavia + Saltado.
E04,Iluminação pública,Moradores,3516408001,V05213,Não,1990.0,14.558490013900066,14.672270146722703,NÃO,13669.0,13563.0,Domínio aplicável = Sim + Não; Não declarado coincide com circulação Aquavia + Saltado.
E04,Iluminação pública,Moradores,3516408001,V05214,Não declarado,106.0,0.7754773575243251,,SIM,13669.0,13563.0,Domínio aplicável = Sim + Não; Não declarado coincide com circulação Aquavia + Saltado.
E04,Iluminação pública,Faces,3516408001,V05412,Sim,452.0,61.41304347826087,62.865090403337966,NÃO,736.0,719.0,Domínio aplicável = Sim + Não; Não declarado coincide com circulação Aquavia + Saltado.
E04,Iluminação pública,Faces,3516408001,V05413,Não,267.0,36.27717391304348,37.13490959666203,NÃO,736.0,719.0,Domínio aplicável = Sim + Não; Não declarado coincide com circulação Aquavia + Saltado.
E04,Iluminação pública,Faces,3516408001,V05414,Não declarado,17.0,2.309782608695652,,SIM,736.0,719.0,Domínio aplicável = Sim + Não; Não declarado coincide com circulação Aquavia + Saltado.
E05,Ponto de ônibus,Domicílios,3516408001,V05015,Sim,1329.0,27.635683094198377,27.797531897092657,NÃO,4809.0,4781.0,Domínio aplicável = Sim + Não; Não declarado coincide com circulação Aquavia + Saltado.
E05,Ponto de ônibus,Domicílios,3516408001,V05016,Não,3452.0,71.78207527552506,72.20246810290735,NÃO,4809.0,4781.0,Domínio aplicável = Sim + Não; Não declarado coincide com circulação Aquavia + Saltado.
E05,Ponto de ônibus,Domicílios,3516408001,V05017,Não declarado,28.0,0.5822416302765648,,SIM,4809.0,4781.0,Domínio aplicável = Sim + Não; Não declarado coincide com circulação Aquavia + Saltado.
E05,Ponto de ônibus,Moradores,3516408001,V05215,Sim,3765.0,27.54407784036872,27.75934527759345,NÃO,13669.0,13563.0,Domínio aplicável = Sim + Não; Não declarado coincide com circulação Aquavia + Saltado.
E05,Ponto de ônibus,Moradores,3516408001,V05216,Não,9798.0,71.68044480210696,72.24065472240655,NÃO,13669.0,13563.0,Domínio aplicável = Sim + Não; Não declarado coincide com circulação Aquavia + Saltado.
E05,Ponto de ônibus,Moradores,3516408001,V05217,Não declarado,106.0,0.7754773575243251,,SIM,13669.0,13563.0,Domínio aplicável = Sim + Não; Não declarado coincide com circulação Aquavia + Saltado.
E05,Ponto de ônibus,Faces,3516408001,V05415,Sim,104.0,14.130434782608695,14.464534075104313,NÃO,736.0,719.0,Domínio aplicável = Sim + Não; Não declarado coincide com circulação Aquavia + Saltado.
E05,Ponto de ônibus,Faces,3516408001,V05416,Não,615.0,83.55978260869566,85.53546592489569,NÃO,736.0,719.0,Domínio aplicável = Sim + Não; Não declarado coincide com circulação Aquavia + Saltado.
E05,Ponto de ônibus,Faces,3516408001,V05417,Não declarado,17.0,2.309782608695652,,SIM,736.0,719.0,Domínio aplicável = Sim + Não; Não declarado coincide com circulação Aquavia + Saltado.
E06,Via sinalizada para bicicleta,Domicílios,3516408001,V05018,Sim,0.0,0.0,0.0,NÃO,4809.0,4781.0,Domínio aplicável = Sim + Não; Não declarado coincide com circulação Aquavia + Saltado.
E06,Via sinalizada para bicicleta,Domicílios,3516408001,V05019,Não,4781.0,99.41775836972343,100.0,NÃO,4809.0,4781.0,Domínio aplicável = Sim + Não; Não declarado coincide com circulação Aquavia + Saltado.
E06,Via sinalizada para bicicleta,Domicílios,3516408001,V05020,Não declarado,28.0,0.5822416302765648,,SIM,4809.0,4781.0,Domínio aplicável = Sim + Não; Não declarado coincide com circulação Aquavia + Saltado.
E06,Via sinalizada para bicicleta,Moradores,3516408001,V05218,Sim,0.0,0.0,0.0,NÃO,13669.0,13563.0,Domínio aplicável = Sim + Não; Não declarado coincide com circulação Aquavia + Saltado.
E06,Via sinalizada para bicicleta,Moradores,3516408001,V05219,Não,13563.0,99.22452264247568,100.0,NÃO,13669.0,13563.0,Domínio aplicável = Sim + Não; Não declarado coincide com circulação Aquavia + Saltado.
E06,Via sinalizada para bicicleta,Moradores,3516408001,V05220,Não declarado,106.0,0.7754773575243251,,SIM,13669.0,13563.0,Domínio aplicável = Sim + Não; Não declarado coincide com circulação Aquavia + Saltado.
E06,Via sinalizada para bicicleta,Faces,3516408001,V05418,Sim,0.0,0.0,0.0,NÃO,736.0,719.0,Domínio aplicável = Sim + Não; Não declarado coincide com circulação Aquavia + Saltado.
E06,Via sinalizada para bicicleta,Faces,3516408001,V05419,Não,719.0,97.69021739130434,100.0,NÃO,736.0,719.0,Domínio aplicável = Sim + Não; Não declarado coincide com circulação Aquavia + Saltado.
E06,Via sinalizada para bicicleta,Faces,3516408001,V05420,Não declarado,17.0,2.309782608695652,,SIM,736.0,719.0,Domínio aplicável = Sim + Não; Não declarado coincide com circulação Aquavia + Saltado.
E07,Calçada,Domicílios,3516408001,V05021,Sim,3298.0,68.57974630900395,68.98138464756327,NÃO,4809.0,4781.0,Domínio aplicável = Sim + Não; Não declarado coincide com circulação Aquavia + Saltado.
E07,Calçada,Domicílios,3516408001,V05022,Não,1483.0,30.838012060719482,31.01861535243673,NÃO,4809.0,4781.0,Domínio aplicável = Sim + Não; Não declarado coincide com circulação Aquavia + Saltado.
E07,Calçada,Domicílios,3516408001,V05023,Não declarado,28.0,0.5822416302765648,,SIM,4809.0,4781.0,Domínio aplicável = Sim + Não; Não declarado coincide com circulação Aquavia + Saltado.
E07,Calçada,Moradores,3516408001,V05221,Sim,9403.0,68.79069427170971,69.3283196932832,NÃO,13669.0,13563.0,Domínio aplicável = Sim + Não; Não declarado coincide com circulação Aquavia + Saltado.
E07,Calçada,Moradores,3516408001,V05222,Não,4160.0,30.433828370765966,30.6716803067168,NÃO,13669.0,13563.0,Domínio aplicável = Sim + Não; Não declarado coincide com circulação Aquavia + Saltado.
E07,Calçada,Moradores,3516408001,V05223,Não declarado,106.0,0.7754773575243251,,SIM,13669.0,13563.0,Domínio aplicável = Sim + Não; Não declarado coincide com circulação Aquavia + Saltado.
E07,Calçada,Faces,3516408001,V05421,Sim,255.0,34.64673913043478,35.46592489568845,NÃO,736.0,719.0,Domínio aplicável = Sim + Não; Não declarado coincide com circulação Aquavia + Saltado.
E07,Calçada,Faces,3516408001,V05422,Não,464.0,63.04347826086957,64.53407510431154,NÃO,736.0,719.0,Domínio aplicável = Sim + Não; Não declarado coincide com circulação Aquavia + Saltado.
E07,Calçada,Faces,3516408001,V05423,Não declarado,17.0,2.309782608695652,,SIM,736.0,719.0,Domínio aplicável = Sim + Não; Não declarado coincide com circulação Aquavia + Saltado.
E08,Obstáculo na calçada,Domicílios,3516408001,V05024,Sim,3267.0,67.93512164691205,99.0600363856883,NÃO,4809.0,3298.0,Domínio aplicável = Sim + Não; Não declarado coincide com ausência/não aplicação de calçada.
E08,Obstáculo na calçada,Domicílios,3516408001,V05025,Não,31.0,0.6446246620919109,0.939963614311704,NÃO,4809.0,3298.0,Domínio aplicável = Sim + Não; Não declarado coincide com ausência/não aplicação de calçada.
E08,Obstáculo na calçada,Domicílios,3516408001,V05026,Não declarado,1511.0,31.42025369099605,,SIM,4809.0,3298.0,Domínio aplicável = Sim + Não; Não declarado coincide com ausência/não aplicação de calçada.
E08,Obstáculo na calçada,Moradores,3516408001,V05224,Sim,9292.0,67.97863779354745,98.81952568329257,NÃO,13669.0,9403.0,Domínio aplicável = Sim + Não; Não declarado coincide com ausência/não aplicação de calçada.
E08,Obstáculo na calçada,Moradores,3516408001,V05225,Não,111.0,0.812056478162265,1.1804743167074339,NÃO,13669.0,9403.0,Domínio aplicável = Sim + Não; Não declarado coincide com ausência/não aplicação de calçada.
E08,Obstáculo na calçada,Moradores,3516408001,V05226,Não declarado,4266.0,31.209305728290293,,SIM,13669.0,9403.0,Domínio aplicável = Sim + Não; Não declarado coincide com ausência/não aplicação de calçada.
E08,Obstáculo na calçada,Faces,3516408001,V05424,Sim,247.0,33.559782608695656,96.86274509803921,NÃO,736.0,255.0,Domínio aplicável = Sim + Não; Não declarado coincide com ausência/não aplicação de calçada.
E08,Obstáculo na calçada,Faces,3516408001,V05425,Não,8.0,1.0869565217391304,3.1372549019607843,NÃO,736.0,255.0,Domínio aplicável = Sim + Não; Não declarado coincide com ausência/não aplicação de calçada.
E08,Obstáculo na calçada,Faces,3516408001,V05426,Não declarado,481.0,65.35326086956522,,SIM,736.0,255.0,Domínio aplicável = Sim + Não; Não declarado coincide com ausência/não aplicação de calçada.
E09,Rampa para cadeirante,Domicílios,3516408001,V05027,Sim,130.0,2.703264711998336,3.9417828987265007,NÃO,4809.0,3298.0,Domínio aplicável = Sim + Não; Não declarado coincide com ausência/não aplicação de calçada.
E09,Rampa para cadeirante,Domicílios,3516408001,V05028,Não,3168.0,65.87648159700561,96.0582171012735,NÃO,4809.0,3298.0,Domínio aplicável = Sim + Não; Não declarado coincide com ausência/não aplicação de calçada.
E09,Rampa para cadeirante,Domicílios,3516408001,V05029,Não declarado,1511.0,31.42025369099605,,SIM,4809.0,3298.0,Domínio aplicável = Sim + Não; Não declarado coincide com ausência/não aplicação de calçada.
E09,Rampa para cadeirante,Moradores,3516408001,V05227,Sim,310.0,2.2679054795522715,3.2968201637775176,NÃO,13669.0,9403.0,Domínio aplicável = Sim + Não; Não declarado coincide com ausência/não aplicação de calçada.
E09,Rampa para cadeirante,Moradores,3516408001,V05228,Não,9093.0,66.52278879215744,96.70317983622249,NÃO,13669.0,9403.0,Domínio aplicável = Sim + Não; Não declarado coincide com ausência/não aplicação de calçada.
E09,Rampa para cadeirante,Moradores,3516408001,V05229,Não declarado,4266.0,31.209305728290293,,SIM,13669.0,9403.0,Domínio aplicável = Sim + Não; Não declarado coincide com ausência/não aplicação de calçada.
E09,Rampa para cadeirante,Faces,3516408001,V05427,Sim,12.0,1.6304347826086956,4.705882352941177,NÃO,736.0,255.0,Domínio aplicável = Sim + Não; Não declarado coincide com ausência/não aplicação de calçada.
E09,Rampa para cadeirante,Faces,3516408001,V05428,Não,243.0,33.016304347826086,95.29411764705881,NÃO,736.0,255.0,Domínio aplicável = Sim + Não; Não declarado coincide com ausência/não aplicação de calçada.
E09,Rampa para cadeirante,Faces,3516408001,V05429,Não declarado,481.0,65.35326086956522,,SIM,736.0,255.0,Domínio aplicável = Sim + Não; Não declarado coincide com ausência/não aplicação de calçada.
E10,Arborização,Domicílios,3516408001,V05030,Sem árvores,1575.0,32.751091703056765,32.942898975109806,NÃO,4809.0,4781.0,Domínio aplicável = classes substantivas de arborização; Saltado fica fora.
E10,Arborização,Domicílios,3516408001,V05031,1 a 2 árvores,1035.0,21.52214597629445,21.64819075507216,NÃO,4809.0,4781.0,Domínio aplicável = classes substantivas de arborização; Saltado fica fora.
E10,Arborização,Domicílios,3516408001,V05032,3 a 4 árvores,679.0,14.119359534206696,14.202049780380674,NÃO,4809.0,4781.0,Domínio aplicável = classes substantivas de arborização; Saltado fica fora.
E10,Arborização,Domicílios,3516408001,V05033,5 ou mais árvores,1492.0,31.02516115616552,31.206860489437354,NÃO,4809.0,4781.0,Domínio aplicável = classes substantivas de arborização; Saltado fica fora.
E10,Arborização,Domicílios,3516408001,V05034,Saltado,28.0,0.5822416302765648,,SIM,4809.0,4781.0,Domínio aplicável = classes substantivas de arborização; Saltado fica fora.
E10,Arborização,Moradores,3516408001,V05230,Sem árvores,4344.0,31.779940010242154,32.02831232028313,NÃO,13669.0,13563.0,Domínio aplicável = classes substantivas de arborização; Saltado fica fora.
E10,Arborização,Moradores,3516408001,V05231,1 a 2 árvores,2929.0,21.428048869705172,21.595517215955173,NÃO,13669.0,13563.0,Domínio aplicável = classes substantivas de arborização; Saltado fica fora.
E10,Arborização,Moradores,3516408001,V05232,3 a 4 árvores,2000.0,14.631648255175946,14.74600014746,NÃO,13669.0,13563.0,Domínio aplicável = classes substantivas de arborização; Saltado fica fora.
E10,Arborização,Moradores,3516408001,V05233,5 ou mais árvores,4290.0,31.384885507352404,31.630170316301705,NÃO,13669.0,13563.0,Domínio aplicável = classes substantivas de arborização; Saltado fica fora.
E10,Arborização,Moradores,3516408001,V05234,Saltado,106.0,0.7754773575243251,,SIM,13669.0,13563.0,Domínio aplicável = classes substantivas de arborização; Saltado fica fora.
E10,Arborização,Faces,3516408001,V05430,Sem árvores,165.0,22.418478260869566,22.94853963838665,NÃO,736.0,719.0,Domínio aplicável = classes substantivas de arborização; Saltado fica fora.
E10,Arborização,Faces,3516408001,V05431,1 a 2 árvores,110.0,14.945652173913043,15.299026425591098,NÃO,736.0,719.0,Domínio aplicável = classes substantivas de arborização; Saltado fica fora.
E10,Arborização,Faces,3516408001,V05432,3 a 4 árvores,70.0,9.510869565217392,9.735744089012517,NÃO,736.0,719.0,Domínio aplicável = classes substantivas de arborização; Saltado fica fora.
E10,Arborização,Faces,3516408001,V05433,5 ou mais árvores,374.0,50.815217391304344,52.01668984700974,NÃO,736.0,719.0,Domínio aplicável = classes substantivas de arborização; Saltado fica fora.
E10,Arborização,Faces,3516408001,V05434,Saltado,17.0,2.309782608695652,,SIM,736.0,719.0,Domínio aplicável = classes substantivas de arborização; Saltado fica fora.
E01,Circulação da via,Domicílios,3516408002,V05001,"Caminhão, ônibus",6212.0,76.88118811881188,76.89070429508602,NÃO,8080.0,8079.0,Domínio aplicável = categorias substantivas de circulação; Saltado fica fora.
E01,Circulação da via,Domicílios,3516408002,V05002,Carros de passeio ou van,1348.0,16.683168316831683,16.685233320955565,NÃO,8080.0,8079.0,Domínio aplicável = categorias substantivas de circulação; Saltado fica fora.
E01,Circulação da via,Domicílios,3516408002,V05003,"Pedestres, bicicletas e motocicletas",519.0,6.423267326732674,6.424062383958411,NÃO,8080.0,8079.0,Domínio aplicável = categorias substantivas de circulação; Saltado fica fora.
E01,Circulação da via,Domicílios,3516408002,V05004,Aquavia,0.0,0.0,0.0,NÃO,8080.0,8079.0,Domínio aplicável = categorias substantivas de circulação; Saltado fica fora.
E01,Circulação da via,Domicílios,3516408002,V05005,Saltado,1.0,0.012376237623762377,,SIM,8080.0,8079.0,Domínio aplicável = categorias substantivas de circulação; Saltado fica fora.
E01,Circulação da via,Moradores,3516408002,V05201,"Caminhão, ônibus",17554.0,76.10995490808186,76.11655537247421,NÃO,23064.0,23062.0,Domínio aplicável = categorias substantivas de circulação; Saltado fica fora.
E01,Circulação da via,Moradores,3516408002,V05202,Carros de passeio ou van,3988.0,17.29101630246271,17.292515826901397,NÃO,23064.0,23062.0,Domínio aplicável = categorias substantivas de circulação; Saltado fica fora.
E01,Circulação da via,Moradores,3516408002,V05203,"Pedestres, bicicletas e motocicletas",1520.0,6.590357266736039,6.590928800624404,NÃO,23064.0,23062.0,Domínio aplicável = categorias substantivas de circulação; Saltado fica fora.
E01,Circulação da via,Moradores,3516408002,V05204,Aquavia,0.0,0.0,0.0,NÃO,23064.0,23062.0,Domínio aplicável = categorias substantivas de circulação; Saltado fica fora.
E01,Circulação da via,Moradores,3516408002,V05205,Saltado,2.0,0.008671522719389525,,SIM,23064.0,23062.0,Domínio aplicável = categorias substantivas de circulação; Saltado fica fora.
E01,Circulação da via,Faces,3516408002,V05401,"Caminhão, ônibus",460.0,66.28242074927954,66.57018813314038,NÃO,694.0,691.0,Domínio aplicável = categorias substantivas de circulação; Saltado fica fora.
E01,Circulação da via,Faces,3516408002,V05402,Carros de passeio ou van,98.0,14.121037463976945,14.182344428364688,NÃO,694.0,691.0,Domínio aplicável = categorias substantivas de circulação; Saltado fica fora.
E01,Circulação da via,Faces,3516408002,V05403,"Pedestres, bicicletas e motocicletas",133.0,19.164265129683,19.247467438494937,NÃO,694.0,691.0,Domínio aplicável = categorias substantivas de circulação; Saltado fica fora.
E01,Circulação da via,Faces,3516408002,V05404,Aquavia,0.0,0.0,0.0,NÃO,694.0,691.0,Domínio aplicável = categorias substantivas de circulação; Saltado fica fora.
E01,Circulação da via,Faces,3516408002,V05405,Saltado,3.0,0.43227665706051877,,SIM,694.0,691.0,Domínio aplicável = categorias substantivas de circulação; Saltado fica fora.
E02,Pavimentação,Domicílios,3516408002,V05006,Sim,7156.0,88.56435643564356,88.57531872756529,NÃO,8080.0,8079.0,Domínio aplicável = Sim + Não; Não declarado coincide com circulação Aquavia + Saltado.
E02,Pavimentação,Domicílios,3516408002,V05007,Não,923.0,11.423267326732674,11.424681272434707,NÃO,8080.0,8079.0,Domínio aplicável = Sim + Não; Não declarado coincide com circulação Aquavia + Saltado.
E02,Pavimentação,Domicílios,3516408002,V05008,Não declarado,1.0,0.012376237623762377,,SIM,8080.0,8079.0,Domínio aplicável = Sim + Não; Não declarado coincide com circulação Aquavia + Saltado.
E02,Pavimentação,Moradores,3516408002,V05206,Sim,20199.0,87.57804370447451,87.58563871303443,NÃO,23064.0,23062.0,Domínio aplicável = Sim + Não; Não declarado coincide com circulação Aquavia + Saltado.
E02,Pavimentação,Moradores,3516408002,V05207,Não,2863.0,12.413284772806104,12.41436128696557,NÃO,23064.0,23062.0,Domínio aplicável = Sim + Não; Não declarado coincide com circulação Aquavia + Saltado.
E02,Pavimentação,Moradores,3516408002,V05208,Não declarado,2.0,0.008671522719389525,,SIM,23064.0,23062.0,Domínio aplicável = Sim + Não; Não declarado coincide com circulação Aquavia + Saltado.
E02,Pavimentação,Faces,3516408002,V05406,Sim,528.0,76.0806916426513,76.410998552822,NÃO,694.0,691.0,Domínio aplicável = Sim + Não; Não declarado coincide com circulação Aquavia + Saltado.
E02,Pavimentação,Faces,3516408002,V05407,Não,163.0,23.487031700288185,23.589001447178003,NÃO,694.0,691.0,Domínio aplicável = Sim + Não; Não declarado coincide com circulação Aquavia + Saltado.
E02,Pavimentação,Faces,3516408002,V05408,Não declarado,3.0,0.43227665706051877,,SIM,694.0,691.0,Domínio aplicável = Sim + Não; Não declarado coincide com circulação Aquavia + Saltado.
E03,Bueiro / boca de lobo,Domicílios,3516408002,V05009,Sim,4423.0,54.74009900990099,54.746874613194706,NÃO,8080.0,8079.0,Domínio aplicável = Sim + Não; Não declarado coincide com circulação Aquavia + Saltado.
E03,Bueiro / boca de lobo,Domicílios,3516408002,V05010,Não,3656.0,45.24752475247525,45.2531253868053,NÃO,8080.0,8079.0,Domínio aplicável = Sim + Não; Não declarado coincide com circulação Aquavia + Saltado.
E03,Bueiro / boca de lobo,Domicílios,3516408002,V05011,Não declarado,1.0,0.012376237623762377,,SIM,8080.0,8079.0,Domínio aplicável = Sim + Não; Não declarado coincide com circulação Aquavia + Saltado.
E03,Bueiro / boca de lobo,Moradores,3516408002,V05209,Sim,12511.0,54.24471037114117,54.2494146214552,NÃO,23064.0,23062.0,Domínio aplicável = Sim + Não; Não declarado coincide com circulação Aquavia + Saltado.
E03,Bueiro / boca de lobo,Moradores,3516408002,V05210,Não,10551.0,45.74661810613944,45.7505853785448,NÃO,23064.0,23062.0,Domínio aplicável = Sim + Não; Não declarado coincide com circulação Aquavia + Saltado.
E03,Bueiro / boca de lobo,Moradores,3516408002,V05211,Não declarado,2.0,0.008671522719389525,,SIM,23064.0,23062.0,Domínio aplicável = Sim + Não; Não declarado coincide com circulação Aquavia + Saltado.
E03,Bueiro / boca de lobo,Faces,3516408002,V05409,Sim,302.0,43.51585014409222,43.70477568740955,NÃO,694.0,691.0,Domínio aplicável = Sim + Não; Não declarado coincide com circulação Aquavia + Saltado.
E03,Bueiro / boca de lobo,Faces,3516408002,V05410,Não,389.0,56.05187319884726,56.295224312590456,NÃO,694.0,691.0,Domínio aplicável = Sim + Não; Não declarado coincide com circulação Aquavia + Saltado.
E03,Bueiro / boca de lobo,Faces,3516408002,V05411,Não declarado,3.0,0.43227665706051877,,SIM,694.0,691.0,Domínio aplicável = Sim + Não; Não declarado coincide com circulação Aquavia + Saltado.
E04,Iluminação pública,Domicílios,3516408002,V05012,Sim,7474.0,92.5,92.51144943681149,NÃO,8080.0,8079.0,Domínio aplicável = Sim + Não; Não declarado coincide com circulação Aquavia + Saltado.
E04,Iluminação pública,Domicílios,3516408002,V05013,Não,605.0,7.487623762376237,7.488550563188514,NÃO,8080.0,8079.0,Domínio aplicável = Sim + Não; Não declarado coincide com circulação Aquavia + Saltado.
E04,Iluminação pública,Domicílios,3516408002,V05014,Não declarado,1.0,0.012376237623762377,,SIM,8080.0,8079.0,Domínio aplicável = Sim + Não; Não declarado coincide com circulação Aquavia + Saltado.
E04,Iluminação pública,Moradores,3516408002,V05212,Sim,21212.0,91.9701699618453,91.97814586766108,NÃO,23064.0,23062.0,Domínio aplicável = Sim + Não; Não declarado coincide com circulação Aquavia + Saltado.
E04,Iluminação pública,Moradores,3516408002,V05213,Não,1850.0,8.02115851543531,8.021854132338913,NÃO,23064.0,23062.0,Domínio aplicável = Sim + Não; Não declarado coincide com circulação Aquavia + Saltado.
E04,Iluminação pública,Moradores,3516408002,V05214,Não declarado,2.0,0.008671522719389525,,SIM,23064.0,23062.0,Domínio aplicável = Sim + Não; Não declarado coincide com circulação Aquavia + Saltado.
E04,Iluminação pública,Faces,3516408002,V05412,Sim,568.0,81.84438040345822,82.19971056439942,NÃO,694.0,691.0,Domínio aplicável = Sim + Não; Não declarado coincide com circulação Aquavia + Saltado.
E04,Iluminação pública,Faces,3516408002,V05413,Não,123.0,17.723342939481267,17.80028943560058,NÃO,694.0,691.0,Domínio aplicável = Sim + Não; Não declarado coincide com circulação Aquavia + Saltado.
E04,Iluminação pública,Faces,3516408002,V05414,Não declarado,3.0,0.43227665706051877,,SIM,694.0,691.0,Domínio aplicável = Sim + Não; Não declarado coincide com circulação Aquavia + Saltado.
E05,Ponto de ônibus,Domicílios,3516408002,V05015,Sim,1841.0,22.784653465346537,22.787473697239758,NÃO,8080.0,8079.0,Domínio aplicável = Sim + Não; Não declarado coincide com circulação Aquavia + Saltado.
E05,Ponto de ônibus,Domicílios,3516408002,V05016,Não,6238.0,77.20297029702971,77.21252630276024,NÃO,8080.0,8079.0,Domínio aplicável = Sim + Não; Não declarado coincide com circulação Aquavia + Saltado.
E05,Ponto de ônibus,Domicílios,3516408002,V05017,Não declarado,1.0,0.012376237623762377,,SIM,8080.0,8079.0,Domínio aplicável = Sim + Não; Não declarado coincide com circulação Aquavia + Saltado.
E05,Ponto de ônibus,Moradores,3516408002,V05215,Sim,5032.0,21.817551161984046,21.819443239961842,NÃO,23064.0,23062.0,Domínio aplicável = Sim + Não; Não declarado coincide com circulação Aquavia + Saltado.
E05,Ponto de ônibus,Moradores,3516408002,V05216,Não,18030.0,78.17377731529656,78.18055676003816,NÃO,23064.0,23062.0,Domínio aplicável = Sim + Não; Não declarado coincide com circulação Aquavia + Saltado.
E05,Ponto de ônibus,Moradores,3516408002,V05217,Não declarado,2.0,0.008671522719389525,,SIM,23064.0,23062.0,Domínio aplicável = Sim + Não; Não declarado coincide com circulação Aquavia + Saltado.
E05,Ponto de ônibus,Faces,3516408002,V05415,Sim,102.0,14.697406340057636,14.76121562952243,NÃO,694.0,691.0,Domínio aplicável = Sim + Não; Não declarado coincide com circulação Aquavia + Saltado.
E05,Ponto de ônibus,Faces,3516408002,V05416,Não,589.0,84.87031700288185,85.23878437047757,NÃO,694.0,691.0,Domínio aplicável = Sim + Não; Não declarado coincide com circulação Aquavia + Saltado.
E05,Ponto de ônibus,Faces,3516408002,V05417,Não declarado,3.0,0.43227665706051877,,SIM,694.0,691.0,Domínio aplicável = Sim + Não; Não declarado coincide com circulação Aquavia + Saltado.
E06,Via sinalizada para bicicleta,Domicílios,3516408002,V05018,Sim,0.0,0.0,0.0,NÃO,8080.0,8079.0,Domínio aplicável = Sim + Não; Não declarado coincide com circulação Aquavia + Saltado.
E06,Via sinalizada para bicicleta,Domicílios,3516408002,V05019,Não,8079.0,99.98762376237624,100.0,NÃO,8080.0,8079.0,Domínio aplicável = Sim + Não; Não declarado coincide com circulação Aquavia + Saltado.
E06,Via sinalizada para bicicleta,Domicílios,3516408002,V05020,Não declarado,1.0,0.012376237623762377,,SIM,8080.0,8079.0,Domínio aplicável = Sim + Não; Não declarado coincide com circulação Aquavia + Saltado.
E06,Via sinalizada para bicicleta,Moradores,3516408002,V05218,Sim,0.0,0.0,0.0,NÃO,23064.0,23062.0,Domínio aplicável = Sim + Não; Não declarado coincide com circulação Aquavia + Saltado.
E06,Via sinalizada para bicicleta,Moradores,3516408002,V05219,Não,23062.0,99.9913284772806,100.0,NÃO,23064.0,23062.0,Domínio aplicável = Sim + Não; Não declarado coincide com circulação Aquavia + Saltado.
E06,Via sinalizada para bicicleta,Moradores,3516408002,V05220,Não declarado,2.0,0.008671522719389525,,SIM,23064.0,23062.0,Domínio aplicável = Sim + Não; Não declarado coincide com circulação Aquavia + Saltado.
E06,Via sinalizada para bicicleta,Faces,3516408002,V05418,Sim,1.0,0.1440922190201729,0.1447178002894356,NÃO,694.0,691.0,Domínio aplicável = Sim + Não; Não declarado coincide com circulação Aquavia + Saltado.
E06,Via sinalizada para bicicleta,Faces,3516408002,V05419,Não,690.0,99.42363112391931,99.85528219971056,NÃO,694.0,691.0,Domínio aplicável = Sim + Não; Não declarado coincide com circulação Aquavia + Saltado.
E06,Via sinalizada para bicicleta,Faces,3516408002,V05420,Não declarado,3.0,0.43227665706051877,,SIM,694.0,691.0,Domínio aplicável = Sim + Não; Não declarado coincide com circulação Aquavia + Saltado.
E07,Calçada,Domicílios,3516408002,V05021,Sim,6850.0,84.77722772277228,84.78772125263028,NÃO,8080.0,8079.0,Domínio aplicável = Sim + Não; Não declarado coincide com circulação Aquavia + Saltado.
E07,Calçada,Domicílios,3516408002,V05022,Não,1229.0,15.21039603960396,15.212278747369723,NÃO,8080.0,8079.0,Domínio aplicável = Sim + Não; Não declarado coincide com circulação Aquavia + Saltado.
E07,Calçada,Domicílios,3516408002,V05023,Não declarado,1.0,0.012376237623762377,,SIM,8080.0,8079.0,Domínio aplicável = Sim + Não; Não declarado coincide com circulação Aquavia + Saltado.
E07,Calçada,Moradores,3516408002,V05221,Sim,19435.0,84.2655220256677,84.2728297632469,NÃO,23064.0,23062.0,Domínio aplicável = Sim + Não; Não declarado coincide com circulação Aquavia + Saltado.
E07,Calçada,Moradores,3516408002,V05222,Não,3627.0,15.725806451612904,15.7271702367531,NÃO,23064.0,23062.0,Domínio aplicável = Sim + Não; Não declarado coincide com circulação Aquavia + Saltado.
E07,Calçada,Moradores,3516408002,V05223,Não declarado,2.0,0.008671522719389525,,SIM,23064.0,23062.0,Domínio aplicável = Sim + Não; Não declarado coincide com circulação Aquavia + Saltado.
E07,Calçada,Faces,3516408002,V05421,Sim,475.0,68.44380403458213,68.7409551374819,NÃO,694.0,691.0,Domínio aplicável = Sim + Não; Não declarado coincide com circulação Aquavia + Saltado.
E07,Calçada,Faces,3516408002,V05422,Não,216.0,31.12391930835735,31.25904486251809,NÃO,694.0,691.0,Domínio aplicável = Sim + Não; Não declarado coincide com circulação Aquavia + Saltado.
E07,Calçada,Faces,3516408002,V05423,Não declarado,3.0,0.43227665706051877,,SIM,694.0,691.0,Domínio aplicável = Sim + Não; Não declarado coincide com circulação Aquavia + Saltado.
E08,Obstáculo na calçada,Domicílios,3516408002,V05024,Sim,6517.0,80.6559405940594,95.13868613138686,NÃO,8080.0,6850.0,Domínio aplicável = Sim + Não; Não declarado coincide com ausência/não aplicação de calçada.
E08,Obstáculo na calçada,Domicílios,3516408002,V05025,Não,333.0,4.121287128712871,4.861313868613139,NÃO,8080.0,6850.0,Domínio aplicável = Sim + Não; Não declarado coincide com ausência/não aplicação de calçada.
E08,Obstáculo na calçada,Domicílios,3516408002,V05026,Não declarado,1230.0,15.222772277227723,,SIM,8080.0,6850.0,Domínio aplicável = Sim + Não; Não declarado coincide com ausência/não aplicação de calçada.
E08,Obstáculo na calçada,Moradores,3516408002,V05224,Sim,18424.0,79.8820672910163,94.79804476459995,NÃO,23064.0,19435.0,Domínio aplicável = Sim + Não; Não declarado coincide com ausência/não aplicação de calçada.
E08,Obstáculo na calçada,Moradores,3516408002,V05225,Não,1011.0,4.383454734651405,5.201955235400051,NÃO,23064.0,19435.0,Domínio aplicável = Sim + Não; Não declarado coincide com ausência/não aplicação de calçada.
E08,Obstáculo na calçada,Moradores,3516408002,V05226,Não declarado,3629.0,15.734477974332291,,SIM,23064.0,19435.0,Domínio aplicável = Sim + Não; Não declarado coincide com ausência/não aplicação de calçada.
E08,Obstáculo na calçada,Faces,3516408002,V05424,Sim,423.0,60.95100864553314,89.05263157894737,NÃO,694.0,475.0,Domínio aplicável = Sim + Não; Não declarado coincide com ausência/não aplicação de calçada.
E08,Obstáculo na calçada,Faces,3516408002,V05425,Não,52.0,7.492795389048991,10.947368421052632,NÃO,694.0,475.0,Domínio aplicável = Sim + Não; Não declarado coincide com ausência/não aplicação de calçada.
E08,Obstáculo na calçada,Faces,3516408002,V05426,Não declarado,219.0,31.556195965417867,,SIM,694.0,475.0,Domínio aplicável = Sim + Não; Não declarado coincide com ausência/não aplicação de calçada.
E09,Rampa para cadeirante,Domicílios,3516408002,V05027,Sim,72.0,0.891089108910891,1.0510948905109487,NÃO,8080.0,6850.0,Domínio aplicável = Sim + Não; Não declarado coincide com ausência/não aplicação de calçada.
E09,Rampa para cadeirante,Domicílios,3516408002,V05028,Não,6778.0,83.88613861386138,98.94890510948905,NÃO,8080.0,6850.0,Domínio aplicável = Sim + Não; Não declarado coincide com ausência/não aplicação de calçada.
E09,Rampa para cadeirante,Domicílios,3516408002,V05029,Não declarado,1230.0,15.222772277227723,,SIM,8080.0,6850.0,Domínio aplicável = Sim + Não; Não declarado coincide com ausência/não aplicação de calçada.
E09,Rampa para cadeirante,Moradores,3516408002,V05227,Sim,205.0,0.8888310787374263,1.0547980447646,NÃO,23064.0,19435.0,Domínio aplicável = Sim + Não; Não declarado coincide com ausência/não aplicação de calçada.
E09,Rampa para cadeirante,Moradores,3516408002,V05228,Não,19230.0,83.37669094693028,98.94520195523539,NÃO,23064.0,19435.0,Domínio aplicável = Sim + Não; Não declarado coincide com ausência/não aplicação de calçada.
E09,Rampa para cadeirante,Moradores,3516408002,V05229,Não declarado,3629.0,15.734477974332291,,SIM,23064.0,19435.0,Domínio aplicável = Sim + Não; Não declarado coincide com ausência/não aplicação de calçada.
E09,Rampa para cadeirante,Faces,3516408002,V05427,Sim,8.0,1.1527377521613833,1.6842105263157894,NÃO,694.0,475.0,Domínio aplicável = Sim + Não; Não declarado coincide com ausência/não aplicação de calçada.
E09,Rampa para cadeirante,Faces,3516408002,V05428,Não,467.0,67.29106628242076,98.3157894736842,NÃO,694.0,475.0,Domínio aplicável = Sim + Não; Não declarado coincide com ausência/não aplicação de calçada.
E09,Rampa para cadeirante,Faces,3516408002,V05429,Não declarado,219.0,31.556195965417867,,SIM,694.0,475.0,Domínio aplicável = Sim + Não; Não declarado coincide com ausência/não aplicação de calçada.
E10,Arborização,Domicílios,3516408002,V05030,Sem árvores,2936.0,36.336633663366335,36.341131328134665,NÃO,8080.0,8079.0,Domínio aplicável = classes substantivas de arborização; Saltado fica fora.
E10,Arborização,Domicílios,3516408002,V05031,1 a 2 árvores,2369.0,29.319306930693067,29.32293600693155,NÃO,8080.0,8079.0,Domínio aplicável = classes substantivas de arborização; Saltado fica fora.
E10,Arborização,Domicílios,3516408002,V05032,3 a 4 árvores,821.0,10.16089108910891,10.162148780789702,NÃO,8080.0,8079.0,Domínio aplicável = classes substantivas de arborização; Saltado fica fora.
E10,Arborização,Domicílios,3516408002,V05033,5 ou mais árvores,1953.0,24.17079207920792,24.173783884144076,NÃO,8080.0,8079.0,Domínio aplicável = classes substantivas de arborização; Saltado fica fora.
E10,Arborização,Domicílios,3516408002,V05034,Saltado,1.0,0.012376237623762377,,SIM,8080.0,8079.0,Domínio aplicável = classes substantivas de arborização; Saltado fica fora.
E10,Arborização,Moradores,3516408002,V05230,Sem árvores,8448.0,36.62851196670135,36.631688491891424,NÃO,23064.0,23062.0,Domínio aplicável = classes substantivas de arborização; Saltado fica fora.
E10,Arborização,Moradores,3516408002,V05231,1 a 2 árvores,6706.0,29.075615678113074,29.07813719538635,NÃO,23064.0,23062.0,Domínio aplicável = classes substantivas de arborização; Saltado fica fora.
E10,Arborização,Moradores,3516408002,V05232,3 a 4 árvores,2321.0,10.063302115851544,10.064174833058711,NÃO,23064.0,23062.0,Domínio aplicável = classes substantivas de arborização; Saltado fica fora.
E10,Arborização,Moradores,3516408002,V05233,5 ou mais árvores,5587.0,24.223898716614638,24.225999479663514,NÃO,23064.0,23062.0,Domínio aplicável = classes substantivas de arborização; Saltado fica fora.
E10,Arborização,Moradores,3516408002,V05234,Saltado,2.0,0.008671522719389525,,SIM,23064.0,23062.0,Domínio aplicável = classes substantivas de arborização; Saltado fica fora.
E10,Arborização,Faces,3516408002,V05430,Sem árvores,330.0,47.55043227665706,47.756874095513744,NÃO,694.0,691.0,Domínio aplicável = classes substantivas de arborização; Saltado fica fora.
E10,Arborização,Faces,3516408002,V05431,1 a 2 árvores,147.0,21.181556195965417,21.273516642547033,NÃO,694.0,691.0,Domínio aplicável = classes substantivas de arborização; Saltado fica fora.
E10,Arborização,Faces,3516408002,V05432,3 a 4 árvores,52.0,7.492795389048991,7.525325615050652,NÃO,694.0,691.0,Domínio aplicável = classes substantivas de arborização; Saltado fica fora.
E10,Arborização,Faces,3516408002,V05433,5 ou mais árvores,162.0,23.34293948126801,23.444283646888568,NÃO,694.0,691.0,Domínio aplicável = classes substantivas de arborização; Saltado fica fora.
E10,Arborização,Faces,3516408002,V05434,Saltado,3.0,0.43227665706051877,,SIM,694.0,691.0,Domínio aplicável = classes substantivas de arborização; Saltado fica fora.
E01,Circulação da via,Domicílios,3516408003,V05001,"Caminhão, ônibus",6277.0,91.195699549615,91.20895088637025,NÃO,6883.0,6882.0,Domínio aplicável = categorias substantivas de circulação; Saltado fica fora.
E01,Circulação da via,Domicílios,3516408003,V05002,Carros de passeio ou van,300.0,4.358564579398518,4.3591979075850045,NÃO,6883.0,6882.0,Domínio aplicável = categorias substantivas de circulação; Saltado fica fora.
E01,Circulação da via,Domicílios,3516408003,V05003,"Pedestres, bicicletas e motocicletas",305.0,4.431207322388493,4.431851206044755,NÃO,6883.0,6882.0,Domínio aplicável = categorias substantivas de circulação; Saltado fica fora.
E01,Circulação da via,Domicílios,3516408003,V05004,Aquavia,0.0,0.0,0.0,NÃO,6883.0,6882.0,Domínio aplicável = categorias substantivas de circulação; Saltado fica fora.
E01,Circulação da via,Domicílios,3516408003,V05005,Saltado,1.0,0.01452854859799506,,SIM,6883.0,6882.0,Domínio aplicável = categorias substantivas de circulação; Saltado fica fora.
E01,Circulação da via,Moradores,3516408003,V05201,"Caminhão, ônibus",17820.0,90.90445339998979,90.9137288913831,NÃO,19603.0,19601.0,Domínio aplicável = categorias substantivas de circulação; Saltado fica fora.
E01,Circulação da via,Moradores,3516408003,V05202,Carros de passeio ou van,868.0,4.427893689741366,4.428345492576909,NÃO,19603.0,19601.0,Domínio aplicável = categorias substantivas de circulação; Saltado fica fora.
E01,Circulação da via,Moradores,3516408003,V05203,"Pedestres, bicicletas e motocicletas",913.0,4.657450390246391,4.657925616039997,NÃO,19603.0,19601.0,Domínio aplicável = categorias substantivas de circulação; Saltado fica fora.
E01,Circulação da via,Moradores,3516408003,V05204,Aquavia,0.0,0.0,0.0,NÃO,19603.0,19601.0,Domínio aplicável = categorias substantivas de circulação; Saltado fica fora.
E01,Circulação da via,Moradores,3516408003,V05205,Saltado,2.0,0.010202520022445543,,SIM,19603.0,19601.0,Domínio aplicável = categorias substantivas de circulação; Saltado fica fora.
E01,Circulação da via,Faces,3516408003,V05401,"Caminhão, ônibus",501.0,74.55357142857143,74.77611940298507,NÃO,672.0,670.0,Domínio aplicável = categorias substantivas de circulação; Saltado fica fora.
E01,Circulação da via,Faces,3516408003,V05402,Carros de passeio ou van,44.0,6.547619047619048,6.567164179104477,NÃO,672.0,670.0,Domínio aplicável = categorias substantivas de circulação; Saltado fica fora.
E01,Circulação da via,Faces,3516408003,V05403,"Pedestres, bicicletas e motocicletas",125.0,18.601190476190478,18.65671641791045,NÃO,672.0,670.0,Domínio aplicável = categorias substantivas de circulação; Saltado fica fora.
E01,Circulação da via,Faces,3516408003,V05404,Aquavia,0.0,0.0,0.0,NÃO,672.0,670.0,Domínio aplicável = categorias substantivas de circulação; Saltado fica fora.
E01,Circulação da via,Faces,3516408003,V05405,Saltado,2.0,0.2976190476190476,,SIM,672.0,670.0,Domínio aplicável = categorias substantivas de circulação; Saltado fica fora.
E02,Pavimentação,Domicílios,3516408003,V05006,Sim,6582.0,95.62690687200349,95.640802092415,NÃO,6883.0,6882.0,Domínio aplicável = Sim + Não; Não declarado coincide com circulação Aquavia + Saltado.
E02,Pavimentação,Domicílios,3516408003,V05007,Não,300.0,4.358564579398518,4.3591979075850045,NÃO,6883.0,6882.0,Domínio aplicável = Sim + Não; Não declarado coincide com circulação Aquavia + Saltado.
E02,Pavimentação,Domicílios,3516408003,V05008,Não declarado,1.0,0.01452854859799506,,SIM,6883.0,6882.0,Domínio aplicável = Sim + Não; Não declarado coincide com circulação Aquavia + Saltado.
E02,Pavimentação,Moradores,3516408003,V05206,Sim,18731.0,95.55170127021374,95.56145094638029,NÃO,19603.0,19601.0,Domínio aplicável = Sim + Não; Não declarado coincide com circulação Aquavia + Saltado.
E02,Pavimentação,Moradores,3516408003,V05207,Não,870.0,4.4380962097638115,4.438549053619713,NÃO,19603.0,19601.0,Domínio aplicável = Sim + Não; Não declarado coincide com circulação Aquavia + Saltado.
E02,Pavimentação,Moradores,3516408003,V05208,Não declarado,2.0,0.010202520022445543,,SIM,19603.0,19601.0,Domínio aplicável = Sim + Não; Não declarado coincide com circulação Aquavia + Saltado.
E02,Pavimentação,Faces,3516408003,V05406,Sim,572.0,85.11904761904762,85.37313432835822,NÃO,672.0,670.0,Domínio aplicável = Sim + Não; Não declarado coincide com circulação Aquavia + Saltado.
E02,Pavimentação,Faces,3516408003,V05407,Não,98.0,14.583333333333334,14.626865671641792,NÃO,672.0,670.0,Domínio aplicável = Sim + Não; Não declarado coincide com circulação Aquavia + Saltado.
E02,Pavimentação,Faces,3516408003,V05408,Não declarado,2.0,0.2976190476190476,,SIM,672.0,670.0,Domínio aplicável = Sim + Não; Não declarado coincide com circulação Aquavia + Saltado.
E03,Bueiro / boca de lobo,Domicílios,3516408003,V05009,Sim,3214.0,46.69475519395612,46.70154024992735,NÃO,6883.0,6882.0,Domínio aplicável = Sim + Não; Não declarado coincide com circulação Aquavia + Saltado.
E03,Bueiro / boca de lobo,Domicílios,3516408003,V05010,Não,3668.0,53.29071625744588,53.29845975007266,NÃO,6883.0,6882.0,Domínio aplicável = Sim + Não; Não declarado coincide com circulação Aquavia + Saltado.
E03,Bueiro / boca de lobo,Domicílios,3516408003,V05011,Não declarado,1.0,0.01452854859799506,,SIM,6883.0,6882.0,Domínio aplicável = Sim + Não; Não declarado coincide com circulação Aquavia + Saltado.
E03,Bueiro / boca de lobo,Moradores,3516408003,V05209,Sim,9138.0,46.615313982553694,46.620070404571194,NÃO,19603.0,19601.0,Domínio aplicável = Sim + Não; Não declarado coincide com circulação Aquavia + Saltado.
E03,Bueiro / boca de lobo,Moradores,3516408003,V05210,Não,10463.0,53.37448349742387,53.37992959542881,NÃO,19603.0,19601.0,Domínio aplicável = Sim + Não; Não declarado coincide com circulação Aquavia + Saltado.
E03,Bueiro / boca de lobo,Moradores,3516408003,V05211,Não declarado,2.0,0.010202520022445543,,SIM,19603.0,19601.0,Domínio aplicável = Sim + Não; Não declarado coincide com circulação Aquavia + Saltado.
E03,Bueiro / boca de lobo,Faces,3516408003,V05409,Sim,262.0,38.98809523809524,39.1044776119403,NÃO,672.0,670.0,Domínio aplicável = Sim + Não; Não declarado coincide com circulação Aquavia + Saltado.
E03,Bueiro / boca de lobo,Faces,3516408003,V05410,Não,408.0,60.71428571428571,60.895522388059696,NÃO,672.0,670.0,Domínio aplicável = Sim + Não; Não declarado coincide com circulação Aquavia + Saltado.
E03,Bueiro / boca de lobo,Faces,3516408003,V05411,Não declarado,2.0,0.2976190476190476,,SIM,672.0,670.0,Domínio aplicável = Sim + Não; Não declarado coincide com circulação Aquavia + Saltado.
E04,Iluminação pública,Domicílios,3516408003,V05012,Sim,6346.0,92.19816940287664,92.2115664051148,NÃO,6883.0,6882.0,Domínio aplicável = Sim + Não; Não declarado coincide com circulação Aquavia + Saltado.
E04,Iluminação pública,Domicílios,3516408003,V05013,Não,536.0,7.787302048525352,7.788433594885208,NÃO,6883.0,6882.0,Domínio aplicável = Sim + Não; Não declarado coincide com circulação Aquavia + Saltado.
E04,Iluminação pública,Domicílios,3516408003,V05014,Não declarado,1.0,0.01452854859799506,,SIM,6883.0,6882.0,Domínio aplicável = Sim + Não; Não declarado coincide com circulação Aquavia + Saltado.
E04,Iluminação pública,Moradores,3516408003,V05212,Sim,18021.0,91.92980666224557,91.93918677618488,NÃO,19603.0,19601.0,Domínio aplicável = Sim + Não; Não declarado coincide com circulação Aquavia + Saltado.
E04,Iluminação pública,Moradores,3516408003,V05213,Não,1580.0,8.059990817731979,8.06081322381511,NÃO,19603.0,19601.0,Domínio aplicável = Sim + Não; Não declarado coincide com circulação Aquavia + Saltado.
E04,Iluminação pública,Moradores,3516408003,V05214,Não declarado,2.0,0.010202520022445543,,SIM,19603.0,19601.0,Domínio aplicável = Sim + Não; Não declarado coincide com circulação Aquavia + Saltado.
E04,Iluminação pública,Faces,3516408003,V05412,Sim,536.0,79.76190476190477,80.0,NÃO,672.0,670.0,Domínio aplicável = Sim + Não; Não declarado coincide com circulação Aquavia + Saltado.
E04,Iluminação pública,Faces,3516408003,V05413,Não,134.0,19.940476190476193,20.0,NÃO,672.0,670.0,Domínio aplicável = Sim + Não; Não declarado coincide com circulação Aquavia + Saltado.
E04,Iluminação pública,Faces,3516408003,V05414,Não declarado,2.0,0.2976190476190476,,SIM,672.0,670.0,Domínio aplicável = Sim + Não; Não declarado coincide com circulação Aquavia + Saltado.
E05,Ponto de ônibus,Domicílios,3516408003,V05015,Sim,864.0,12.552665988667734,12.554489973844813,NÃO,6883.0,6882.0,Domínio aplicável = Sim + Não; Não declarado coincide com circulação Aquavia + Saltado.
E05,Ponto de ônibus,Domicílios,3516408003,V05016,Não,6018.0,87.43280546273428,87.44551002615518,NÃO,6883.0,6882.0,Domínio aplicável = Sim + Não; Não declarado coincide com circulação Aquavia + Saltado.
E05,Ponto de ônibus,Domicílios,3516408003,V05017,Não declarado,1.0,0.01452854859799506,,SIM,6883.0,6882.0,Domínio aplicável = Sim + Não; Não declarado coincide com circulação Aquavia + Saltado.
E05,Ponto de ônibus,Moradores,3516408003,V05215,Sim,2432.0,12.406264347293781,12.40753022804959,NÃO,19603.0,19601.0,Domínio aplicável = Sim + Não; Não declarado coincide com circulação Aquavia + Saltado.
E05,Ponto de ônibus,Moradores,3516408003,V05216,Não,17169.0,87.58353313268378,87.5924697719504,NÃO,19603.0,19601.0,Domínio aplicável = Sim + Não; Não declarado coincide com circulação Aquavia + Saltado.
E05,Ponto de ônibus,Moradores,3516408003,V05217,Não declarado,2.0,0.010202520022445543,,SIM,19603.0,19601.0,Domínio aplicável = Sim + Não; Não declarado coincide com circulação Aquavia + Saltado.
E05,Ponto de ônibus,Faces,3516408003,V05415,Sim,86.0,12.797619047619047,12.835820895522387,NÃO,672.0,670.0,Domínio aplicável = Sim + Não; Não declarado coincide com circulação Aquavia + Saltado.
E05,Ponto de ônibus,Faces,3516408003,V05416,Não,584.0,86.90476190476191,87.16417910447761,NÃO,672.0,670.0,Domínio aplicável = Sim + Não; Não declarado coincide com circulação Aquavia + Saltado.
E05,Ponto de ônibus,Faces,3516408003,V05417,Não declarado,2.0,0.2976190476190476,,SIM,672.0,670.0,Domínio aplicável = Sim + Não; Não declarado coincide com circulação Aquavia + Saltado.
E06,Via sinalizada para bicicleta,Domicílios,3516408003,V05018,Sim,0.0,0.0,0.0,NÃO,6883.0,6882.0,Domínio aplicável = Sim + Não; Não declarado coincide com circulação Aquavia + Saltado.
E06,Via sinalizada para bicicleta,Domicílios,3516408003,V05019,Não,6882.0,99.985471451402,100.0,NÃO,6883.0,6882.0,Domínio aplicável = Sim + Não; Não declarado coincide com circulação Aquavia + Saltado.
E06,Via sinalizada para bicicleta,Domicílios,3516408003,V05020,Não declarado,1.0,0.01452854859799506,,SIM,6883.0,6882.0,Domínio aplicável = Sim + Não; Não declarado coincide com circulação Aquavia + Saltado.
E06,Via sinalizada para bicicleta,Moradores,3516408003,V05218,Sim,0.0,0.0,0.0,NÃO,19603.0,19601.0,Domínio aplicável = Sim + Não; Não declarado coincide com circulação Aquavia + Saltado.
E06,Via sinalizada para bicicleta,Moradores,3516408003,V05219,Não,19601.0,99.98979747997755,100.0,NÃO,19603.0,19601.0,Domínio aplicável = Sim + Não; Não declarado coincide com circulação Aquavia + Saltado.
E06,Via sinalizada para bicicleta,Moradores,3516408003,V05220,Não declarado,2.0,0.010202520022445543,,SIM,19603.0,19601.0,Domínio aplicável = Sim + Não; Não declarado coincide com circulação Aquavia + Saltado.
E06,Via sinalizada para bicicleta,Faces,3516408003,V05418,Sim,3.0,0.4464285714285714,0.44776119402985076,NÃO,672.0,670.0,Domínio aplicável = Sim + Não; Não declarado coincide com circulação Aquavia + Saltado.
E06,Via sinalizada para bicicleta,Faces,3516408003,V05419,Não,667.0,99.25595238095238,99.55223880597015,NÃO,672.0,670.0,Domínio aplicável = Sim + Não; Não declarado coincide com circulação Aquavia + Saltado.
E06,Via sinalizada para bicicleta,Faces,3516408003,V05420,Não declarado,2.0,0.2976190476190476,,SIM,672.0,670.0,Domínio aplicável = Sim + Não; Não declarado coincide com circulação Aquavia + Saltado.
E07,Calçada,Domicílios,3516408003,V05021,Sim,6340.0,92.11099811128868,92.1243824469631,NÃO,6883.0,6882.0,Domínio aplicável = Sim + Não; Não declarado coincide com circulação Aquavia + Saltado.
E07,Calçada,Domicílios,3516408003,V05022,Não,542.0,7.8744733401133225,7.875617553036908,NÃO,6883.0,6882.0,Domínio aplicável = Sim + Não; Não declarado coincide com circulação Aquavia + Saltado.
E07,Calçada,Domicílios,3516408003,V05023,Não declarado,1.0,0.01452854859799506,,SIM,6883.0,6882.0,Domínio aplicável = Sim + Não; Não declarado coincide com circulação Aquavia + Saltado.
E07,Calçada,Moradores,3516408003,V05221,Sim,17981.0,91.72575626179666,91.7351155553288,NÃO,19603.0,19601.0,Domínio aplicável = Sim + Não; Não declarado coincide com circulação Aquavia + Saltado.
E07,Calçada,Moradores,3516408003,V05222,Não,1620.0,8.26404121818089,8.26488444467119,NÃO,19603.0,19601.0,Domínio aplicável = Sim + Não; Não declarado coincide com circulação Aquavia + Saltado.
E07,Calçada,Moradores,3516408003,V05223,Não declarado,2.0,0.010202520022445543,,SIM,19603.0,19601.0,Domínio aplicável = Sim + Não; Não declarado coincide com circulação Aquavia + Saltado.
E07,Calçada,Faces,3516408003,V05421,Sim,494.0,73.51190476190477,73.73134328358208,NÃO,672.0,670.0,Domínio aplicável = Sim + Não; Não declarado coincide com circulação Aquavia + Saltado.
E07,Calçada,Faces,3516408003,V05422,Não,176.0,26.190476190476193,26.268656716417908,NÃO,672.0,670.0,Domínio aplicável = Sim + Não; Não declarado coincide com circulação Aquavia + Saltado.
E07,Calçada,Faces,3516408003,V05423,Não declarado,2.0,0.2976190476190476,,SIM,672.0,670.0,Domínio aplicável = Sim + Não; Não declarado coincide com circulação Aquavia + Saltado.
E08,Obstáculo na calçada,Domicílios,3516408003,V05024,Sim,6194.0,89.9898300159814,97.69716088328076,NÃO,6883.0,6340.0,Domínio aplicável = Sim + Não; Não declarado coincide com ausência/não aplicação de calçada.
E08,Obstáculo na calçada,Domicílios,3516408003,V05025,Não,146.0,2.121168095307279,2.302839116719243,NÃO,6883.0,6340.0,Domínio aplicável = Sim + Não; Não declarado coincide com ausência/não aplicação de calçada.
E08,Obstáculo na calçada,Domicílios,3516408003,V05026,Não declarado,543.0,7.889001888711318,,SIM,6883.0,6340.0,Domínio aplicável = Sim + Não; Não declarado coincide com ausência/não aplicação de calçada.
E08,Obstáculo na calçada,Moradores,3516408003,V05224,Sim,17614.0,89.8535938376779,97.95895667649185,NÃO,19603.0,17981.0,Domínio aplicável = Sim + Não; Não declarado coincide com ausência/não aplicação de calçada.
E08,Obstáculo na calçada,Moradores,3516408003,V05225,Não,367.0,1.8721624241187573,2.0410433235081475,NÃO,19603.0,17981.0,Domínio aplicável = Sim + Não; Não declarado coincide com ausência/não aplicação de calçada.
E08,Obstáculo na calçada,Moradores,3516408003,V05226,Não declarado,1622.0,8.274243738203337,,SIM,19603.0,17981.0,Domínio aplicável = Sim + Não; Não declarado coincide com ausência/não aplicação de calçada.
E08,Obstáculo na calçada,Faces,3516408003,V05424,Sim,446.0,66.36904761904762,90.2834008097166,NÃO,672.0,494.0,Domínio aplicável = Sim + Não; Não declarado coincide com ausência/não aplicação de calçada.
E08,Obstáculo na calçada,Faces,3516408003,V05425,Não,48.0,7.142857142857142,9.7165991902834,NÃO,672.0,494.0,Domínio aplicável = Sim + Não; Não declarado coincide com ausência/não aplicação de calçada.
E08,Obstáculo na calçada,Faces,3516408003,V05426,Não declarado,178.0,26.488095238095237,,SIM,672.0,494.0,Domínio aplicável = Sim + Não; Não declarado coincide com ausência/não aplicação de calçada.
E09,Rampa para cadeirante,Domicílios,3516408003,V05027,Sim,143.0,2.0775824495132937,2.2555205047318614,NÃO,6883.0,6340.0,Domínio aplicável = Sim + Não; Não declarado coincide com ausência/não aplicação de calçada.
E09,Rampa para cadeirante,Domicílios,3516408003,V05028,Não,6197.0,90.03341566177538,97.74447949526814,NÃO,6883.0,6340.0,Domínio aplicável = Sim + Não; Não declarado coincide com ausência/não aplicação de calçada.
E09,Rampa para cadeirante,Domicílios,3516408003,V05029,Não declarado,543.0,7.889001888711318,,SIM,6883.0,6340.0,Domínio aplicável = Sim + Não; Não declarado coincide com ausência/não aplicação de calçada.
E09,Rampa para cadeirante,Moradores,3516408003,V05227,Sim,408.0,2.081314084578891,2.2690617874423005,NÃO,19603.0,17981.0,Domínio aplicável = Sim + Não; Não declarado coincide com ausência/não aplicação de calçada.
E09,Rampa para cadeirante,Moradores,3516408003,V05228,Não,17573.0,89.64444217721777,97.7309382125577,NÃO,19603.0,17981.0,Domínio aplicável = Sim + Não; Não declarado coincide com ausência/não aplicação de calçada.
E09,Rampa para cadeirante,Moradores,3516408003,V05229,Não declarado,1622.0,8.274243738203337,,SIM,19603.0,17981.0,Domínio aplicável = Sim + Não; Não declarado coincide com ausência/não aplicação de calçada.
E09,Rampa para cadeirante,Faces,3516408003,V05427,Sim,23.0,3.422619047619048,4.65587044534413,NÃO,672.0,494.0,Domínio aplicável = Sim + Não; Não declarado coincide com ausência/não aplicação de calçada.
E09,Rampa para cadeirante,Faces,3516408003,V05428,Não,471.0,70.08928571428571,95.34412955465586,NÃO,672.0,494.0,Domínio aplicável = Sim + Não; Não declarado coincide com ausência/não aplicação de calçada.
E09,Rampa para cadeirante,Faces,3516408003,V05429,Não declarado,178.0,26.488095238095237,,SIM,672.0,494.0,Domínio aplicável = Sim + Não; Não declarado coincide com ausência/não aplicação de calçada.
E10,Arborização,Domicílios,3516408003,V05030,Sem árvores,2375.0,34.505302920238265,34.51031676838128,NÃO,6883.0,6882.0,Domínio aplicável = classes substantivas de arborização; Saltado fica fora.
E10,Arborização,Domicílios,3516408003,V05031,1 a 2 árvores,2009.0,29.187854133372078,29.19209532112758,NÃO,6883.0,6882.0,Domínio aplicável = classes substantivas de arborização; Saltado fica fora.
E10,Arborização,Domicílios,3516408003,V05032,3 a 4 árvores,935.0,13.58419293912538,13.586166811973262,NÃO,6883.0,6882.0,Domínio aplicável = classes substantivas de arborização; Saltado fica fora.
E10,Arborização,Domicílios,3516408003,V05033,5 ou mais árvores,1563.0,22.70812145866628,22.711421098517874,NÃO,6883.0,6882.0,Domínio aplicável = classes substantivas de arborização; Saltado fica fora.
E10,Arborização,Domicílios,3516408003,V05034,Saltado,1.0,0.01452854859799506,,SIM,6883.0,6882.0,Domínio aplicável = classes substantivas de arborização; Saltado fica fora.
E10,Arborização,Moradores,3516408003,V05230,Sem árvores,6846.0,34.923226036831096,34.926789449517884,NÃO,19603.0,19601.0,Domínio aplicável = classes substantivas de arborização; Saltado fica fora.
E10,Arborização,Moradores,3516408003,V05231,1 a 2 árvores,5724.0,29.199612304239146,29.202591704504872,NÃO,19603.0,19601.0,Domínio aplicável = classes substantivas de arborização; Saltado fica fora.
E10,Arborização,Moradores,3516408003,V05232,3 a 4 árvores,2600.0,13.263276029179208,13.26462935564512,NÃO,19603.0,19601.0,Domínio aplicável = classes substantivas de arborização; Saltado fica fora.
E10,Arborização,Moradores,3516408003,V05233,5 ou mais árvores,4431.0,22.603683109728102,22.605989490332128,NÃO,19603.0,19601.0,Domínio aplicável = classes substantivas de arborização; Saltado fica fora.
E10,Arborização,Moradores,3516408003,V05234,Saltado,2.0,0.010202520022445543,,SIM,19603.0,19601.0,Domínio aplicável = classes substantivas de arborização; Saltado fica fora.
E10,Arborização,Faces,3516408003,V05430,Sem árvores,311.0,46.279761904761905,46.417910447761194,NÃO,672.0,670.0,Domínio aplicável = classes substantivas de arborização; Saltado fica fora.
E10,Arborização,Faces,3516408003,V05431,1 a 2 árvores,160.0,23.809523809523807,23.88059701492537,NÃO,672.0,670.0,Domínio aplicável = classes substantivas de arborização; Saltado fica fora.
E10,Arborização,Faces,3516408003,V05432,3 a 4 árvores,74.0,11.011904761904761,11.044776119402986,NÃO,672.0,670.0,Domínio aplicável = classes substantivas de arborização; Saltado fica fora.
E10,Arborização,Faces,3516408003,V05433,5 ou mais árvores,125.0,18.601190476190478,18.65671641791045,NÃO,672.0,670.0,Domínio aplicável = classes substantivas de arborização; Saltado fica fora.
E10,Arborização,Faces,3516408003,V05434,Saltado,2.0,0.2976190476190476,,SIM,672.0,670.0,Domínio aplicável = classes substantivas de arborização; Saltado fica fora.
E01,Circulação da via,Domicílios,3516408004,V05001,"Caminhão, ônibus",7652.0,93.87805177278862,93.92414385663434,NÃO,8151.0,8147.0,Domínio aplicável = categorias substantivas de circulação; Saltado fica fora.
E01,Circulação da via,Domicílios,3516408004,V05002,Carros de passeio ou van,462.0,5.668016194331984,5.670799067141279,NÃO,8151.0,8147.0,Domínio aplicável = categorias substantivas de circulação; Saltado fica fora.
E01,Circulação da via,Domicílios,3516408004,V05003,"Pedestres, bicicletas e motocicletas",33.0,0.4048582995951417,0.40505707622437703,NÃO,8151.0,8147.0,Domínio aplicável = categorias substantivas de circulação; Saltado fica fora.
E01,Circulação da via,Domicílios,3516408004,V05004,Aquavia,0.0,0.0,0.0,NÃO,8151.0,8147.0,Domínio aplicável = categorias substantivas de circulação; Saltado fica fora.
E01,Circulação da via,Domicílios,3516408004,V05005,Saltado,4.0,0.0490737332842596,,SIM,8151.0,8147.0,Domínio aplicável = categorias substantivas de circulação; Saltado fica fora.
E01,Circulação da via,Moradores,3516408004,V05201,"Caminhão, ônibus",22384.0,93.80212043749738,93.85718478762213,NÃO,23863.0,23849.0,Domínio aplicável = categorias substantivas de circulação; Saltado fica fora.
E01,Circulação da via,Moradores,3516408004,V05202,Carros de passeio ou van,1369.0,5.736914889158949,5.740282611430249,NÃO,23863.0,23849.0,Domínio aplicável = categorias substantivas de circulação; Saltado fica fora.
E01,Circulação da via,Moradores,3516408004,V05203,"Pedestres, bicicletas e motocicletas",96.0,0.4022964421908394,0.40253260094762877,NÃO,23863.0,23849.0,Domínio aplicável = categorias substantivas de circulação; Saltado fica fora.
E01,Circulação da via,Moradores,3516408004,V05204,Aquavia,0.0,0.0,0.0,NÃO,23863.0,23849.0,Domínio aplicável = categorias substantivas de circulação; Saltado fica fora.
E01,Circulação da via,Moradores,3516408004,V05205,Saltado,14.0,0.05866823115283074,,SIM,23863.0,23849.0,Domínio aplicável = categorias substantivas de circulação; Saltado fica fora.
E01,Circulação da via,Faces,3516408004,V05401,"Caminhão, ônibus",716.0,87.21071863581,87.85276073619632,NÃO,821.0,815.0,Domínio aplicável = categorias substantivas de circulação; Saltado fica fora.
E01,Circulação da via,Faces,3516408004,V05402,Carros de passeio ou van,64.0,7.795371498172959,7.85276073619632,NÃO,821.0,815.0,Domínio aplicável = categorias substantivas de circulação; Saltado fica fora.
E01,Circulação da via,Faces,3516408004,V05403,"Pedestres, bicicletas e motocicletas",35.0,4.263093788063337,4.294478527607362,NÃO,821.0,815.0,Domínio aplicável = categorias substantivas de circulação; Saltado fica fora.
E01,Circulação da via,Faces,3516408004,V05404,Aquavia,0.0,0.0,0.0,NÃO,821.0,815.0,Domínio aplicável = categorias substantivas de circulação; Saltado fica fora.
E01,Circulação da via,Faces,3516408004,V05405,Saltado,6.0,0.730816077953715,,SIM,821.0,815.0,Domínio aplicável = categorias substantivas de circulação; Saltado fica fora.
E02,Pavimentação,Domicílios,3516408004,V05006,Sim,7486.0,91.84149184149184,91.88658401865717,NÃO,8151.0,8147.0,Domínio aplicável = Sim + Não; Não declarado coincide com circulação Aquavia + Saltado.
E02,Pavimentação,Domicílios,3516408004,V05007,Não,661.0,8.109434425223899,8.113415981342825,NÃO,8151.0,8147.0,Domínio aplicável = Sim + Não; Não declarado coincide com circulação Aquavia + Saltado.
E02,Pavimentação,Domicílios,3516408004,V05008,Não declarado,4.0,0.0490737332842596,,SIM,8151.0,8147.0,Domínio aplicável = Sim + Não; Não declarado coincide com circulação Aquavia + Saltado.
E02,Pavimentação,Moradores,3516408004,V05206,Sim,22013.0,92.24741231194736,92.3015640068766,NÃO,23863.0,23849.0,Domínio aplicável = Sim + Não; Não declarado coincide com circulação Aquavia + Saltado.
E02,Pavimentação,Moradores,3516408004,V05207,Não,1836.0,7.6939194568998035,7.698435993123401,NÃO,23863.0,23849.0,Domínio aplicável = Sim + Não; Não declarado coincide com circulação Aquavia + Saltado.
E02,Pavimentação,Moradores,3516408004,V05208,Não declarado,14.0,0.05866823115283074,,SIM,23863.0,23849.0,Domínio aplicável = Sim + Não; Não declarado coincide com circulação Aquavia + Saltado.
E02,Pavimentação,Faces,3516408004,V05406,Sim,651.0,79.29354445797807,79.87730061349694,NÃO,821.0,815.0,Domínio aplicável = Sim + Não; Não declarado coincide com circulação Aquavia + Saltado.
E02,Pavimentação,Faces,3516408004,V05407,Não,164.0,19.97563946406821,20.12269938650307,NÃO,821.0,815.0,Domínio aplicável = Sim + Não; Não declarado coincide com circulação Aquavia + Saltado.
E02,Pavimentação,Faces,3516408004,V05408,Não declarado,6.0,0.730816077953715,,SIM,821.0,815.0,Domínio aplicável = Sim + Não; Não declarado coincide com circulação Aquavia + Saltado.
E03,Bueiro / boca de lobo,Domicílios,3516408004,V05009,Sim,4544.0,55.74776101091891,55.77513195041119,NÃO,8151.0,8147.0,Domínio aplicável = Sim + Não; Não declarado coincide com circulação Aquavia + Saltado.
E03,Bueiro / boca de lobo,Domicílios,3516408004,V05010,Não,3603.0,44.20316525579683,44.22486804958881,NÃO,8151.0,8147.0,Domínio aplicável = Sim + Não; Não declarado coincide com circulação Aquavia + Saltado.
E03,Bueiro / boca de lobo,Domicílios,3516408004,V05011,Não declarado,4.0,0.0490737332842596,,SIM,8151.0,8147.0,Domínio aplicável = Sim + Não; Não declarado coincide com circulação Aquavia + Saltado.
E03,Bueiro / boca de lobo,Moradores,3516408004,V05209,Sim,13471.0,56.45141013284164,56.484548618390704,NÃO,23863.0,23849.0,Domínio aplicável = Sim + Não; Não declarado coincide com circulação Aquavia + Saltado.
E03,Bueiro / boca de lobo,Moradores,3516408004,V05210,Não,10378.0,43.489921636005526,43.515451381609296,NÃO,23863.0,23849.0,Domínio aplicável = Sim + Não; Não declarado coincide com circulação Aquavia + Saltado.
E03,Bueiro / boca de lobo,Moradores,3516408004,V05211,Não declarado,14.0,0.05866823115283074,,SIM,23863.0,23849.0,Domínio aplicável = Sim + Não; Não declarado coincide com circulação Aquavia + Saltado.
E03,Bueiro / boca de lobo,Faces,3516408004,V05409,Sim,344.0,41.90012180267966,42.20858895705521,NÃO,821.0,815.0,Domínio aplicável = Sim + Não; Não declarado coincide com circulação Aquavia + Saltado.
E03,Bueiro / boca de lobo,Faces,3516408004,V05410,Não,471.0,57.36906211936662,57.79141104294479,NÃO,821.0,815.0,Domínio aplicável = Sim + Não; Não declarado coincide com circulação Aquavia + Saltado.
E03,Bueiro / boca de lobo,Faces,3516408004,V05411,Não declarado,6.0,0.730816077953715,,SIM,821.0,815.0,Domínio aplicável = Sim + Não; Não declarado coincide com circulação Aquavia + Saltado.
E04,Iluminação pública,Domicílios,3516408004,V05012,Sim,7763.0,95.23984787142682,95.28660856757088,NÃO,8151.0,8147.0,Domínio aplicável = Sim + Não; Não declarado coincide com circulação Aquavia + Saltado.
E04,Iluminação pública,Domicílios,3516408004,V05013,Não,384.0,4.711078395288921,4.713391432429114,NÃO,8151.0,8147.0,Domínio aplicável = Sim + Não; Não declarado coincide com circulação Aquavia + Saltado.
E04,Iluminação pública,Domicílios,3516408004,V05014,Não declarado,4.0,0.0490737332842596,,SIM,8151.0,8147.0,Domínio aplicável = Sim + Não; Não declarado coincide com circulação Aquavia + Saltado.
E04,Iluminação pública,Moradores,3516408004,V05212,Sim,22703.0,95.13891799019403,95.19476707618767,NÃO,23863.0,23849.0,Domínio aplicável = Sim + Não; Não declarado coincide com circulação Aquavia + Saltado.
E04,Iluminação pública,Moradores,3516408004,V05213,Não,1146.0,4.802413778653145,4.805232923812319,NÃO,23863.0,23849.0,Domínio aplicável = Sim + Não; Não declarado coincide com circulação Aquavia + Saltado.
E04,Iluminação pública,Moradores,3516408004,V05214,Não declarado,14.0,0.05866823115283074,,SIM,23863.0,23849.0,Domínio aplicável = Sim + Não; Não declarado coincide com circulação Aquavia + Saltado.
E04,Iluminação pública,Faces,3516408004,V05412,Sim,682.0,83.06942752740561,83.68098159509204,NÃO,821.0,815.0,Domínio aplicável = Sim + Não; Não declarado coincide com circulação Aquavia + Saltado.
E04,Iluminação pública,Faces,3516408004,V05413,Não,133.0,16.199756394640684,16.319018404907975,NÃO,821.0,815.0,Domínio aplicável = Sim + Não; Não declarado coincide com circulação Aquavia + Saltado.
E04,Iluminação pública,Faces,3516408004,V05414,Não declarado,6.0,0.730816077953715,,SIM,821.0,815.0,Domínio aplicável = Sim + Não; Não declarado coincide com circulação Aquavia + Saltado.
E05,Ponto de ônibus,Domicílios,3516408004,V05015,Sim,1570.0,19.261440314071894,19.270897262796122,NÃO,8151.0,8147.0,Domínio aplicável = Sim + Não; Não declarado coincide com circulação Aquavia + Saltado.
E05,Ponto de ônibus,Domicílios,3516408004,V05016,Não,6577.0,80.68948595264385,80.72910273720389,NÃO,8151.0,8147.0,Domínio aplicável = Sim + Não; Não declarado coincide com circulação Aquavia + Saltado.
E05,Ponto de ônibus,Domicílios,3516408004,V05017,Não declarado,4.0,0.0490737332842596,,SIM,8151.0,8147.0,Domínio aplicável = Sim + Não; Não declarado coincide com circulação Aquavia + Saltado.
E05,Ponto de ônibus,Moradores,3516408004,V05215,Sim,4428.0,18.555923396052464,18.56681621870938,NÃO,23863.0,23849.0,Domínio aplicável = Sim + Não; Não declarado coincide com circulação Aquavia + Saltado.
E05,Ponto de ônibus,Moradores,3516408004,V05216,Não,19421.0,81.3854083727947,81.43318378129062,NÃO,23863.0,23849.0,Domínio aplicável = Sim + Não; Não declarado coincide com circulação Aquavia + Saltado.
E05,Ponto de ônibus,Moradores,3516408004,V05217,Não declarado,14.0,0.05866823115283074,,SIM,23863.0,23849.0,Domínio aplicável = Sim + Não; Não declarado coincide com circulação Aquavia + Saltado.
E05,Ponto de ônibus,Faces,3516408004,V05415,Sim,113.0,13.763702801461633,13.865030674846626,NÃO,821.0,815.0,Domínio aplicável = Sim + Não; Não declarado coincide com circulação Aquavia + Saltado.
E05,Ponto de ônibus,Faces,3516408004,V05416,Não,702.0,85.50548112058465,86.13496932515338,NÃO,821.0,815.0,Domínio aplicável = Sim + Não; Não declarado coincide com circulação Aquavia + Saltado.
E05,Ponto de ônibus,Faces,3516408004,V05417,Não declarado,6.0,0.730816077953715,,SIM,821.0,815.0,Domínio aplicável = Sim + Não; Não declarado coincide com circulação Aquavia + Saltado.
E06,Via sinalizada para bicicleta,Domicílios,3516408004,V05018,Sim,2.0,0.0245368666421298,0.024548913710568308,NÃO,8151.0,8147.0,Domínio aplicável = Sim + Não; Não declarado coincide com circulação Aquavia + Saltado.
E06,Via sinalizada para bicicleta,Domicílios,3516408004,V05019,Não,8145.0,99.92638940007362,99.97545108628944,NÃO,8151.0,8147.0,Domínio aplicável = Sim + Não; Não declarado coincide com circulação Aquavia + Saltado.
E06,Via sinalizada para bicicleta,Domicílios,3516408004,V05020,Não declarado,4.0,0.0490737332842596,,SIM,8151.0,8147.0,Domínio aplicável = Sim + Não; Não declarado coincide com circulação Aquavia + Saltado.
E06,Via sinalizada para bicicleta,Moradores,3516408004,V05218,Sim,8.0,0.03352470351590328,0.0335443834123024,NÃO,23863.0,23849.0,Domínio aplicável = Sim + Não; Não declarado coincide com circulação Aquavia + Saltado.
E06,Via sinalizada para bicicleta,Moradores,3516408004,V05219,Não,23841.0,99.90780706533127,99.9664556165877,NÃO,23863.0,23849.0,Domínio aplicável = Sim + Não; Não declarado coincide com circulação Aquavia + Saltado.
E06,Via sinalizada para bicicleta,Moradores,3516408004,V05220,Não declarado,14.0,0.05866823115283074,,SIM,23863.0,23849.0,Domínio aplicável = Sim + Não; Não declarado coincide com circulação Aquavia + Saltado.
E06,Via sinalizada para bicicleta,Faces,3516408004,V05418,Sim,3.0,0.3654080389768575,0.36809815950920244,NÃO,821.0,815.0,Domínio aplicável = Sim + Não; Não declarado coincide com circulação Aquavia + Saltado.
E06,Via sinalizada para bicicleta,Faces,3516408004,V05419,Não,812.0,98.90377588306943,99.6319018404908,NÃO,821.0,815.0,Domínio aplicável = Sim + Não; Não declarado coincide com circulação Aquavia + Saltado.
E06,Via sinalizada para bicicleta,Faces,3516408004,V05420,Não declarado,6.0,0.730816077953715,,SIM,821.0,815.0,Domínio aplicável = Sim + Não; Não declarado coincide com circulação Aquavia + Saltado.
E07,Calçada,Domicílios,3516408004,V05021,Sim,7392.0,90.68825910931174,90.73278507426046,NÃO,8151.0,8147.0,Domínio aplicável = Sim + Não; Não declarado coincide com circulação Aquavia + Saltado.
E07,Calçada,Domicílios,3516408004,V05022,Não,755.0,9.262667157404,9.267214925739536,NÃO,8151.0,8147.0,Domínio aplicável = Sim + Não; Não declarado coincide com circulação Aquavia + Saltado.
E07,Calçada,Domicílios,3516408004,V05023,Não declarado,4.0,0.0490737332842596,,SIM,8151.0,8147.0,Domínio aplicável = Sim + Não; Não declarado coincide com circulação Aquavia + Saltado.
E07,Calçada,Moradores,3516408004,V05221,Sim,21734.0,91.07823827683023,91.13170363537255,NÃO,23863.0,23849.0,Domínio aplicável = Sim + Não; Não declarado coincide com circulação Aquavia + Saltado.
E07,Calçada,Moradores,3516408004,V05222,Não,2115.0,8.86309349201693,8.868296364627447,NÃO,23863.0,23849.0,Domínio aplicável = Sim + Não; Não declarado coincide com circulação Aquavia + Saltado.
E07,Calçada,Moradores,3516408004,V05223,Não declarado,14.0,0.05866823115283074,,SIM,23863.0,23849.0,Domínio aplicável = Sim + Não; Não declarado coincide com circulação Aquavia + Saltado.
E07,Calçada,Faces,3516408004,V05421,Sim,582.0,70.88915956151035,71.41104294478528,NÃO,821.0,815.0,Domínio aplicável = Sim + Não; Não declarado coincide com circulação Aquavia + Saltado.
E07,Calçada,Faces,3516408004,V05422,Não,233.0,28.380024360535934,28.588957055214724,NÃO,821.0,815.0,Domínio aplicável = Sim + Não; Não declarado coincide com circulação Aquavia + Saltado.
E07,Calçada,Faces,3516408004,V05423,Não declarado,6.0,0.730816077953715,,SIM,821.0,815.0,Domínio aplicável = Sim + Não; Não declarado coincide com circulação Aquavia + Saltado.
E08,Obstáculo na calçada,Domicílios,3516408004,V05024,Sim,5580.0,68.45785793154214,75.48701298701299,NÃO,8151.0,7392.0,Domínio aplicável = Sim + Não; Não declarado coincide com ausência/não aplicação de calçada.
E08,Obstáculo na calçada,Domicílios,3516408004,V05025,Não,1812.0,22.2304011777696,24.512987012987015,NÃO,8151.0,7392.0,Domínio aplicável = Sim + Não; Não declarado coincide com ausência/não aplicação de calçada.
E08,Obstáculo na calçada,Domicílios,3516408004,V05026,Não declarado,759.0,9.31174089068826,,SIM,8151.0,7392.0,Domínio aplicável = Sim + Não; Não declarado coincide com ausência/não aplicação de calçada.
E08,Obstáculo na calçada,Moradores,3516408004,V05224,Sim,16485.0,69.0818421824582,75.84890034048036,NÃO,23863.0,21734.0,Domínio aplicável = Sim + Não; Não declarado coincide com ausência/não aplicação de calçada.
E08,Obstáculo na calçada,Moradores,3516408004,V05225,Não,5249.0,21.996396094372038,24.151099659519645,NÃO,23863.0,21734.0,Domínio aplicável = Sim + Não; Não declarado coincide com ausência/não aplicação de calçada.
E08,Obstáculo na calçada,Moradores,3516408004,V05226,Não declarado,2129.0,8.92176172316976,,SIM,23863.0,21734.0,Domínio aplicável = Sim + Não; Não declarado coincide com ausência/não aplicação de calçada.
E08,Obstáculo na calçada,Faces,3516408004,V05424,Sim,535.0,65.16443361753959,91.92439862542955,NÃO,821.0,582.0,Domínio aplicável = Sim + Não; Não declarado coincide com ausência/não aplicação de calçada.
E08,Obstáculo na calçada,Faces,3516408004,V05425,Não,47.0,5.724725943970768,8.075601374570446,NÃO,821.0,582.0,Domínio aplicável = Sim + Não; Não declarado coincide com ausência/não aplicação de calçada.
E08,Obstáculo na calçada,Faces,3516408004,V05426,Não declarado,239.0,29.11084043848965,,SIM,821.0,582.0,Domínio aplicável = Sim + Não; Não declarado coincide com ausência/não aplicação de calçada.
E09,Rampa para cadeirante,Domicílios,3516408004,V05027,Sim,1073.0,13.164028953502637,14.51569264069264,NÃO,8151.0,7392.0,Domínio aplicável = Sim + Não; Não declarado coincide com ausência/não aplicação de calçada.
E09,Rampa para cadeirante,Domicílios,3516408004,V05028,Não,6319.0,77.52423015580911,85.48430735930735,NÃO,8151.0,7392.0,Domínio aplicável = Sim + Não; Não declarado coincide com ausência/não aplicação de calçada.
E09,Rampa para cadeirante,Domicílios,3516408004,V05029,Não declarado,759.0,9.31174089068826,,SIM,8151.0,7392.0,Domínio aplicável = Sim + Não; Não declarado coincide com ausência/não aplicação de calçada.
E09,Rampa para cadeirante,Moradores,3516408004,V05227,Sim,3242.0,13.585886099819804,14.916720346001656,NÃO,23863.0,21734.0,Domínio aplicável = Sim + Não; Não declarado coincide com ausência/não aplicação de calçada.
E09,Rampa para cadeirante,Moradores,3516408004,V05228,Não,18492.0,77.49235217701043,85.08327965399835,NÃO,23863.0,21734.0,Domínio aplicável = Sim + Não; Não declarado coincide com ausência/não aplicação de calçada.
E09,Rampa para cadeirante,Moradores,3516408004,V05229,Não declarado,2129.0,8.92176172316976,,SIM,23863.0,21734.0,Domínio aplicável = Sim + Não; Não declarado coincide com ausência/não aplicação de calçada.
E09,Rampa para cadeirante,Faces,3516408004,V05427,Sim,16.0,1.9488428745432398,2.7491408934707904,NÃO,821.0,582.0,Domínio aplicável = Sim + Não; Não declarado coincide com ausência/não aplicação de calçada.
E09,Rampa para cadeirante,Faces,3516408004,V05428,Não,566.0,68.94031668696712,97.2508591065292,NÃO,821.0,582.0,Domínio aplicável = Sim + Não; Não declarado coincide com ausência/não aplicação de calçada.
E09,Rampa para cadeirante,Faces,3516408004,V05429,Não declarado,239.0,29.11084043848965,,SIM,821.0,582.0,Domínio aplicável = Sim + Não; Não declarado coincide com ausência/não aplicação de calçada.
E10,Arborização,Domicílios,3516408004,V05030,Sem árvores,1946.0,23.874371242792293,23.886093040382963,NÃO,8151.0,8147.0,Domínio aplicável = classes substantivas de arborização; Saltado fica fora.
E10,Arborização,Domicílios,3516408004,V05031,1 a 2 árvores,1881.0,23.076923076923077,23.088253344789493,NÃO,8151.0,8147.0,Domínio aplicável = classes substantivas de arborização; Saltado fica fora.
E10,Arborização,Domicílios,3516408004,V05032,3 a 4 árvores,1538.0,18.868850447797815,18.87811464342703,NÃO,8151.0,8147.0,Domínio aplicável = classes substantivas de arborização; Saltado fica fora.
E10,Arborização,Domicílios,3516408004,V05033,5 ou mais árvores,2782.0,34.13078149920255,34.147538971400515,NÃO,8151.0,8147.0,Domínio aplicável = classes substantivas de arborização; Saltado fica fora.
E10,Arborização,Domicílios,3516408004,V05034,Saltado,4.0,0.0490737332842596,,SIM,8151.0,8147.0,Domínio aplicável = classes substantivas de arborização; Saltado fica fora.
E10,Arborização,Moradores,3516408004,V05230,Sem árvores,5708.0,23.919875958596993,23.933917564677763,NÃO,23863.0,23849.0,Domínio aplicável = classes substantivas de arborização; Saltado fica fora.
E10,Arborização,Moradores,3516408004,V05231,1 a 2 árvores,5519.0,23.127854838033777,23.14143150656212,NÃO,23863.0,23849.0,Domínio aplicável = classes substantivas de arborização; Saltado fica fora.
E10,Arborização,Moradores,3516408004,V05232,3 a 4 árvores,4478.0,18.765452793026864,18.776468615036272,NÃO,23863.0,23849.0,Domínio aplicável = classes substantivas de arborização; Saltado fica fora.
E10,Arborização,Moradores,3516408004,V05233,5 ou mais árvores,8144.0,34.12814817918954,34.148182313723844,NÃO,23863.0,23849.0,Domínio aplicável = classes substantivas de arborização; Saltado fica fora.
E10,Arborização,Moradores,3516408004,V05234,Saltado,14.0,0.05866823115283074,,SIM,23863.0,23849.0,Domínio aplicável = classes substantivas de arborização; Saltado fica fora.
E10,Arborização,Faces,3516408004,V05430,Sem árvores,275.0,33.49573690621194,33.74233128834356,NÃO,821.0,815.0,Domínio aplicável = classes substantivas de arborização; Saltado fica fora.
E10,Arborização,Faces,3516408004,V05431,1 a 2 árvores,163.0,19.853836784409257,20.0,NÃO,821.0,815.0,Domínio aplicável = classes substantivas de arborização; Saltado fica fora.
E10,Arborização,Faces,3516408004,V05432,3 a 4 árvores,118.0,14.372716199756393,14.478527607361963,NÃO,821.0,815.0,Domínio aplicável = classes substantivas de arborização; Saltado fica fora.
E10,Arborização,Faces,3516408004,V05433,5 ou mais árvores,259.0,31.5468940316687,31.779141104294478,NÃO,821.0,815.0,Domínio aplicável = classes substantivas de arborização; Saltado fica fora.
E10,Arborização,Faces,3516408004,V05434,Saltado,6.0,0.730816077953715,,SIM,821.0,815.0,Domínio aplicável = classes substantivas de arborização; Saltado fica fora.
E01,Circulação da via,Domicílios,3516408005,V05001,"Caminhão, ônibus",6947.0,92.0864262990456,92.14749966839103,NÃO,7544.0,7539.0,Domínio aplicável = categorias substantivas de circulação; Saltado fica fora.
E01,Circulação da via,Domicílios,3516408005,V05002,Carros de passeio ou van,415.0,5.501060445387063,5.504708847327231,NÃO,7544.0,7539.0,Domínio aplicável = categorias substantivas de circulação; Saltado fica fora.
E01,Circulação da via,Domicílios,3516408005,V05003,"Pedestres, bicicletas e motocicletas",177.0,2.3462354188759282,2.347791484281735,NÃO,7544.0,7539.0,Domínio aplicável = categorias substantivas de circulação; Saltado fica fora.
E01,Circulação da via,Domicílios,3516408005,V05004,Aquavia,0.0,0.0,0.0,NÃO,7544.0,7539.0,Domínio aplicável = categorias substantivas de circulação; Saltado fica fora.
E01,Circulação da via,Domicílios,3516408005,V05005,Saltado,5.0,0.0662778366914104,,SIM,7544.0,7539.0,Domínio aplicável = categorias substantivas de circulação; Saltado fica fora.
E01,Circulação da via,Moradores,3516408005,V05201,"Caminhão, ônibus",19638.0,92.04593391141317,92.11501477555232,NÃO,21335.0,21319.0,Domínio aplicável = categorias substantivas de circulação; Saltado fica fora.
E01,Circulação da via,Moradores,3516408005,V05202,Carros de passeio ou van,1135.0,5.319896883056011,5.323889488249918,NÃO,21335.0,21319.0,Domínio aplicável = categorias substantivas de circulação; Saltado fica fora.
E01,Circulação da via,Moradores,3516408005,V05203,"Pedestres, bicicletas e motocicletas",546.0,2.5591750644480897,2.561095736197758,NÃO,21335.0,21319.0,Domínio aplicável = categorias substantivas de circulação; Saltado fica fora.
E01,Circulação da via,Moradores,3516408005,V05204,Aquavia,0.0,0.0,0.0,NÃO,21335.0,21319.0,Domínio aplicável = categorias substantivas de circulação; Saltado fica fora.
E01,Circulação da via,Moradores,3516408005,V05205,Saltado,16.0,0.07499414108272792,,SIM,21335.0,21319.0,Domínio aplicável = categorias substantivas de circulação; Saltado fica fora.
E01,Circulação da via,Faces,3516408005,V05401,"Caminhão, ônibus",667.0,77.37819025522042,77.92056074766354,NÃO,862.0,856.0,Domínio aplicável = categorias substantivas de circulação; Saltado fica fora.
E01,Circulação da via,Faces,3516408005,V05402,Carros de passeio ou van,70.0,8.120649651972158,8.177570093457943,NÃO,862.0,856.0,Domínio aplicável = categorias substantivas de circulação; Saltado fica fora.
E01,Circulação da via,Faces,3516408005,V05403,"Pedestres, bicicletas e motocicletas",118.0,13.68909512761021,13.785046728971961,NÃO,862.0,856.0,Domínio aplicável = categorias substantivas de circulação; Saltado fica fora.
E01,Circulação da via,Faces,3516408005,V05404,Aquavia,1.0,0.11600928074245939,0.11682242990654204,NÃO,862.0,856.0,Domínio aplicável = categorias substantivas de circulação; Saltado fica fora.
E01,Circulação da via,Faces,3516408005,V05405,Saltado,6.0,0.6960556844547563,,SIM,862.0,856.0,Domínio aplicável = categorias substantivas de circulação; Saltado fica fora.
E02,Pavimentação,Domicílios,3516408005,V05006,Sim,7477.0,99.1118769883351,99.17760976256798,NÃO,7544.0,7539.0,Domínio aplicável = Sim + Não; Não declarado coincide com circulação Aquavia + Saltado.
E02,Pavimentação,Domicílios,3516408005,V05007,Não,62.0,0.8218451749734889,0.8223902374320201,NÃO,7544.0,7539.0,Domínio aplicável = Sim + Não; Não declarado coincide com circulação Aquavia + Saltado.
E02,Pavimentação,Domicílios,3516408005,V05008,Não declarado,5.0,0.0662778366914104,,SIM,7544.0,7539.0,Domínio aplicável = Sim + Não; Não declarado coincide com circulação Aquavia + Saltado.
E02,Pavimentação,Moradores,3516408005,V05206,Sim,21113.0,98.95945629247716,99.03372578451147,NÃO,21335.0,21319.0,Domínio aplicável = Sim + Não; Não declarado coincide com circulação Aquavia + Saltado.
E02,Pavimentação,Moradores,3516408005,V05207,Não,206.0,0.9655495664401218,0.9662742154885313,NÃO,21335.0,21319.0,Domínio aplicável = Sim + Não; Não declarado coincide com circulação Aquavia + Saltado.
E02,Pavimentação,Moradores,3516408005,V05208,Não declarado,16.0,0.07499414108272792,,SIM,21335.0,21319.0,Domínio aplicável = Sim + Não; Não declarado coincide com circulação Aquavia + Saltado.
E02,Pavimentação,Faces,3516408005,V05406,Sim,811.0,94.08352668213456,94.85380116959064,NÃO,862.0,855.0,Domínio aplicável = Sim + Não; Não declarado coincide com circulação Aquavia + Saltado.
E02,Pavimentação,Faces,3516408005,V05407,Não,44.0,5.104408352668213,5.146198830409357,NÃO,862.0,855.0,Domínio aplicável = Sim + Não; Não declarado coincide com circulação Aquavia + Saltado.
E02,Pavimentação,Faces,3516408005,V05408,Não declarado,7.0,0.8120649651972157,,SIM,862.0,855.0,Domínio aplicável = Sim + Não; Não declarado coincide com circulação Aquavia + Saltado.
E03,Bueiro / boca de lobo,Domicílios,3516408005,V05009,Sim,3716.0,49.2576882290562,49.290356811248174,NÃO,7544.0,7539.0,Domínio aplicável = Sim + Não; Não declarado coincide com circulação Aquavia + Saltado.
E03,Bueiro / boca de lobo,Domicílios,3516408005,V05010,Não,3823.0,50.67603393425239,50.70964318875182,NÃO,7544.0,7539.0,Domínio aplicável = Sim + Não; Não declarado coincide com circulação Aquavia + Saltado.
E03,Bueiro / boca de lobo,Domicílios,3516408005,V05011,Não declarado,5.0,0.0662778366914104,,SIM,7544.0,7539.0,Domínio aplicável = Sim + Não; Não declarado coincide com circulação Aquavia + Saltado.
E03,Bueiro / boca de lobo,Moradores,3516408005,V05209,Sim,10535.0,49.37895476915866,49.416013884328535,NÃO,21335.0,21319.0,Domínio aplicável = Sim + Não; Não declarado coincide com circulação Aquavia + Saltado.
E03,Bueiro / boca de lobo,Moradores,3516408005,V05210,Não,10784.0,50.54605108975861,50.583986115671465,NÃO,21335.0,21319.0,Domínio aplicável = Sim + Não; Não declarado coincide com circulação Aquavia + Saltado.
E03,Bueiro / boca de lobo,Moradores,3516408005,V05211,Não declarado,16.0,0.07499414108272792,,SIM,21335.0,21319.0,Domínio aplicável = Sim + Não; Não declarado coincide com circulação Aquavia + Saltado.
E03,Bueiro / boca de lobo,Faces,3516408005,V05409,Sim,371.0,43.03944315545243,43.39181286549707,NÃO,862.0,855.0,Domínio aplicável = Sim + Não; Não declarado coincide com circulação Aquavia + Saltado.
E03,Bueiro / boca de lobo,Faces,3516408005,V05410,Não,484.0,56.148491879350345,56.60818713450292,NÃO,862.0,855.0,Domínio aplicável = Sim + Não; Não declarado coincide com circulação Aquavia + Saltado.
E03,Bueiro / boca de lobo,Faces,3516408005,V05411,Não declarado,7.0,0.8120649651972157,,SIM,862.0,855.0,Domínio aplicável = Sim + Não; Não declarado coincide com circulação Aquavia + Saltado.
E04,Iluminação pública,Domicílios,3516408005,V05012,Sim,7416.0,98.30328738069989,98.36848388380422,NÃO,7544.0,7539.0,Domínio aplicável = Sim + Não; Não declarado coincide com circulação Aquavia + Saltado.
E04,Iluminação pública,Domicílios,3516408005,V05013,Não,123.0,1.6304347826086956,1.631516116195782,NÃO,7544.0,7539.0,Domínio aplicável = Sim + Não; Não declarado coincide com circulação Aquavia + Saltado.
E04,Iluminação pública,Domicílios,3516408005,V05014,Não declarado,5.0,0.0662778366914104,,SIM,7544.0,7539.0,Domínio aplicável = Sim + Não; Não declarado coincide com circulação Aquavia + Saltado.
E04,Iluminação pública,Moradores,3516408005,V05212,Sim,20930.0,98.10171080384345,98.17533655424738,NÃO,21335.0,21319.0,Domínio aplicável = Sim + Não; Não declarado coincide com circulação Aquavia + Saltado.
E04,Iluminação pública,Moradores,3516408005,V05213,Não,389.0,1.8232950550738223,1.824663445752615,NÃO,21335.0,21319.0,Domínio aplicável = Sim + Não; Não declarado coincide com circulação Aquavia + Saltado.
E04,Iluminação pública,Moradores,3516408005,V05214,Não declarado,16.0,0.07499414108272792,,SIM,21335.0,21319.0,Domínio aplicável = Sim + Não; Não declarado coincide com circulação Aquavia + Saltado.
E04,Iluminação pública,Faces,3516408005,V05412,Sim,778.0,90.25522041763341,90.99415204678363,NÃO,862.0,855.0,Domínio aplicável = Sim + Não; Não declarado coincide com circulação Aquavia + Saltado.
E04,Iluminação pública,Faces,3516408005,V05413,Não,77.0,8.932714617169374,9.005847953216374,NÃO,862.0,855.0,Domínio aplicável = Sim + Não; Não declarado coincide com circulação Aquavia + Saltado.
E04,Iluminação pública,Faces,3516408005,V05414,Não declarado,7.0,0.8120649651972157,,SIM,862.0,855.0,Domínio aplicável = Sim + Não; Não declarado coincide com circulação Aquavia + Saltado.
E05,Ponto de ônibus,Domicílios,3516408005,V05015,Sim,1439.0,19.074761399787914,19.087412123623825,NÃO,7544.0,7539.0,Domínio aplicável = Sim + Não; Não declarado coincide com circulação Aquavia + Saltado.
E05,Ponto de ônibus,Domicílios,3516408005,V05016,Não,6100.0,80.85896076352068,80.91258787637618,NÃO,7544.0,7539.0,Domínio aplicável = Sim + Não; Não declarado coincide com circulação Aquavia + Saltado.
E05,Ponto de ônibus,Domicílios,3516408005,V05017,Não declarado,5.0,0.0662778366914104,,SIM,7544.0,7539.0,Domínio aplicável = Sim + Não; Não declarado coincide com circulação Aquavia + Saltado.
E05,Ponto de ônibus,Moradores,3516408005,V05215,Sim,4042.0,18.94539489102414,18.959613490313803,NÃO,21335.0,21319.0,Domínio aplicável = Sim + Não; Não declarado coincide com circulação Aquavia + Saltado.
E05,Ponto de ônibus,Moradores,3516408005,V05216,Não,17277.0,80.97961096789314,81.04038650968619,NÃO,21335.0,21319.0,Domínio aplicável = Sim + Não; Não declarado coincide com circulação Aquavia + Saltado.
E05,Ponto de ônibus,Moradores,3516408005,V05217,Não declarado,16.0,0.07499414108272792,,SIM,21335.0,21319.0,Domínio aplicável = Sim + Não; Não declarado coincide com circulação Aquavia + Saltado.
E05,Ponto de ônibus,Faces,3516408005,V05415,Sim,127.0,14.733178654292342,14.853801169590644,NÃO,862.0,855.0,Domínio aplicável = Sim + Não; Não declarado coincide com circulação Aquavia + Saltado.
E05,Ponto de ônibus,Faces,3516408005,V05416,Não,728.0,84.45475638051045,85.14619883040936,NÃO,862.0,855.0,Domínio aplicável = Sim + Não; Não declarado coincide com circulação Aquavia + Saltado.
E05,Ponto de ônibus,Faces,3516408005,V05417,Não declarado,7.0,0.8120649651972157,,SIM,862.0,855.0,Domínio aplicável = Sim + Não; Não declarado coincide com circulação Aquavia + Saltado.
E06,Via sinalizada para bicicleta,Domicílios,3516408005,V05018,Sim,0.0,0.0,0.0,NÃO,7544.0,7539.0,Domínio aplicável = Sim + Não; Não declarado coincide com circulação Aquavia + Saltado.
E06,Via sinalizada para bicicleta,Domicílios,3516408005,V05019,Não,7539.0,99.93372216330859,100.0,NÃO,7544.0,7539.0,Domínio aplicável = Sim + Não; Não declarado coincide com circulação Aquavia + Saltado.
E06,Via sinalizada para bicicleta,Domicílios,3516408005,V05020,Não declarado,5.0,0.0662778366914104,,SIM,7544.0,7539.0,Domínio aplicável = Sim + Não; Não declarado coincide com circulação Aquavia + Saltado.
E06,Via sinalizada para bicicleta,Moradores,3516408005,V05218,Sim,0.0,0.0,0.0,NÃO,21335.0,21319.0,Domínio aplicável = Sim + Não; Não declarado coincide com circulação Aquavia + Saltado.
E06,Via sinalizada para bicicleta,Moradores,3516408005,V05219,Não,21319.0,99.92500585891727,100.0,NÃO,21335.0,21319.0,Domínio aplicável = Sim + Não; Não declarado coincide com circulação Aquavia + Saltado.
E06,Via sinalizada para bicicleta,Moradores,3516408005,V05220,Não declarado,16.0,0.07499414108272792,,SIM,21335.0,21319.0,Domínio aplicável = Sim + Não; Não declarado coincide com circulação Aquavia + Saltado.
E06,Via sinalizada para bicicleta,Faces,3516408005,V05418,Sim,0.0,0.0,0.0,NÃO,862.0,855.0,Domínio aplicável = Sim + Não; Não declarado coincide com circulação Aquavia + Saltado.
E06,Via sinalizada para bicicleta,Faces,3516408005,V05419,Não,855.0,99.18793503480279,100.0,NÃO,862.0,855.0,Domínio aplicável = Sim + Não; Não declarado coincide com circulação Aquavia + Saltado.
E06,Via sinalizada para bicicleta,Faces,3516408005,V05420,Não declarado,7.0,0.8120649651972157,,SIM,862.0,855.0,Domínio aplicável = Sim + Não; Não declarado coincide com circulação Aquavia + Saltado.
E07,Calçada,Domicílios,3516408005,V05021,Sim,7233.0,95.87751855779428,95.94110624751293,NÃO,7544.0,7539.0,Domínio aplicável = Sim + Não; Não declarado coincide com circulação Aquavia + Saltado.
E07,Calçada,Domicílios,3516408005,V05022,Não,306.0,4.056203605514316,4.058893752487068,NÃO,7544.0,7539.0,Domínio aplicável = Sim + Não; Não declarado coincide com circulação Aquavia + Saltado.
E07,Calçada,Domicílios,3516408005,V05023,Não declarado,5.0,0.0662778366914104,,SIM,7544.0,7539.0,Domínio aplicável = Sim + Não; Não declarado coincide com circulação Aquavia + Saltado.
E07,Calçada,Moradores,3516408005,V05221,Sim,20373.0,95.490977267401,95.56264365120315,NÃO,21335.0,21319.0,Domínio aplicável = Sim + Não; Não declarado coincide com circulação Aquavia + Saltado.
E07,Calçada,Moradores,3516408005,V05222,Não,946.0,4.434028591516288,4.437356348796848,NÃO,21335.0,21319.0,Domínio aplicável = Sim + Não; Não declarado coincide com circulação Aquavia + Saltado.
E07,Calçada,Moradores,3516408005,V05223,Não declarado,16.0,0.07499414108272792,,SIM,21335.0,21319.0,Domínio aplicável = Sim + Não; Não declarado coincide com circulação Aquavia + Saltado.
E07,Calçada,Faces,3516408005,V05421,Sim,698.0,80.97447795823666,81.6374269005848,NÃO,862.0,855.0,Domínio aplicável = Sim + Não; Não declarado coincide com circulação Aquavia + Saltado.
E07,Calçada,Faces,3516408005,V05422,Não,157.0,18.213457076566126,18.362573099415204,NÃO,862.0,855.0,Domínio aplicável = Sim + Não; Não declarado coincide com circulação Aquavia + Saltado.
E07,Calçada,Faces,3516408005,V05423,Não declarado,7.0,0.8120649651972157,,SIM,862.0,855.0,Domínio aplicável = Sim + Não; Não declarado coincide com circulação Aquavia + Saltado.
E08,Obstáculo na calçada,Domicílios,3516408005,V05024,Sim,7200.0,95.44008483563097,99.54375777685608,NÃO,7544.0,7233.0,Domínio aplicável = Sim + Não; Não declarado coincide com ausência/não aplicação de calçada.
E08,Obstáculo na calçada,Domicílios,3516408005,V05025,Não,33.0,0.43743372216330856,0.45624222314392365,NÃO,7544.0,7233.0,Domínio aplicável = Sim + Não; Não declarado coincide com ausência/não aplicação de calçada.
E08,Obstáculo na calçada,Domicílios,3516408005,V05026,Não declarado,311.0,4.122481442205726,,SIM,7544.0,7233.0,Domínio aplicável = Sim + Não; Não declarado coincide com ausência/não aplicação de calçada.
E08,Obstáculo na calçada,Moradores,3516408005,V05224,Sim,20291.0,95.106632294352,99.59750650370589,NÃO,21335.0,20373.0,Domínio aplicável = Sim + Não; Não declarado coincide com ausência/não aplicação de calçada.
E08,Obstáculo na calçada,Moradores,3516408005,V05225,Não,82.0,0.3843449730489805,0.4024934962941148,NÃO,21335.0,20373.0,Domínio aplicável = Sim + Não; Não declarado coincide com ausência/não aplicação de calçada.
E08,Obstáculo na calçada,Moradores,3516408005,V05226,Não declarado,962.0,4.509022732599015,,SIM,21335.0,20373.0,Domínio aplicável = Sim + Não; Não declarado coincide com ausência/não aplicação de calçada.
E08,Obstáculo na calçada,Faces,3516408005,V05424,Sim,664.0,77.03016241299304,95.12893982808023,NÃO,862.0,698.0,Domínio aplicável = Sim + Não; Não declarado coincide com ausência/não aplicação de calçada.
E08,Obstáculo na calçada,Faces,3516408005,V05425,Não,34.0,3.944315545243619,4.871060171919771,NÃO,862.0,698.0,Domínio aplicável = Sim + Não; Não declarado coincide com ausência/não aplicação de calçada.
E08,Obstáculo na calçada,Faces,3516408005,V05426,Não declarado,164.0,19.02552204176334,,SIM,862.0,698.0,Domínio aplicável = Sim + Não; Não declarado coincide com ausência/não aplicação de calçada.
E09,Rampa para cadeirante,Domicílios,3516408005,V05027,Sim,89.0,1.179745493107105,1.2304714502972487,NÃO,7544.0,7233.0,Domínio aplicável = Sim + Não; Não declarado coincide com ausência/não aplicação de calçada.
E09,Rampa para cadeirante,Domicílios,3516408005,V05028,Não,7144.0,94.69777306468717,98.76952854970276,NÃO,7544.0,7233.0,Domínio aplicável = Sim + Não; Não declarado coincide com ausência/não aplicação de calçada.
E09,Rampa para cadeirante,Domicílios,3516408005,V05029,Não declarado,311.0,4.122481442205726,,SIM,7544.0,7233.0,Domínio aplicável = Sim + Não; Não declarado coincide com ausência/não aplicação de calçada.
E09,Rampa para cadeirante,Moradores,3516408005,V05227,Sim,276.0,1.2936489336770565,1.3547342070387278,NÃO,21335.0,20373.0,Domínio aplicável = Sim + Não; Não declarado coincide com ausência/não aplicação de calçada.
E09,Rampa para cadeirante,Moradores,3516408005,V05228,Não,20097.0,94.19732833372393,98.64526579296127,NÃO,21335.0,20373.0,Domínio aplicável = Sim + Não; Não declarado coincide com ausência/não aplicação de calçada.
E09,Rampa para cadeirante,Moradores,3516408005,V05229,Não declarado,962.0,4.509022732599015,,SIM,21335.0,20373.0,Domínio aplicável = Sim + Não; Não declarado coincide com ausência/não aplicação de calçada.
E09,Rampa para cadeirante,Faces,3516408005,V05427,Sim,31.0,3.596287703016241,4.441260744985674,NÃO,862.0,698.0,Domínio aplicável = Sim + Não; Não declarado coincide com ausência/não aplicação de calçada.
E09,Rampa para cadeirante,Faces,3516408005,V05428,Não,667.0,77.37819025522042,95.55873925501433,NÃO,862.0,698.0,Domínio aplicável = Sim + Não; Não declarado coincide com ausência/não aplicação de calçada.
E09,Rampa para cadeirante,Faces,3516408005,V05429,Não declarado,164.0,19.02552204176334,,SIM,862.0,698.0,Domínio aplicável = Sim + Não; Não declarado coincide com ausência/não aplicação de calçada.
E10,Arborização,Domicílios,3516408005,V05030,Sem árvores,2912.0,38.60021208907741,38.625812441968435,NÃO,7544.0,7539.0,Domínio aplicável = classes substantivas de arborização; Saltado fica fora.
E10,Arborização,Domicílios,3516408005,V05031,1 a 2 árvores,1934.0,25.636267232237543,25.653269664411727,NÃO,7544.0,7539.0,Domínio aplicável = classes substantivas de arborização; Saltado fica fora.
E10,Arborização,Domicílios,3516408005,V05032,3 a 4 árvores,840.0,11.134676564156946,11.142061281337048,NÃO,7544.0,7539.0,Domínio aplicável = classes substantivas de arborização; Saltado fica fora.
E10,Arborização,Domicílios,3516408005,V05033,5 ou mais árvores,1853.0,24.56256627783669,24.578856612282795,NÃO,7544.0,7539.0,Domínio aplicável = classes substantivas de arborização; Saltado fica fora.
E10,Arborização,Domicílios,3516408005,V05034,Saltado,5.0,0.0662778366914104,,SIM,7544.0,7539.0,Domínio aplicável = classes substantivas de arborização; Saltado fica fora.
E10,Arborização,Moradores,3516408005,V05230,Sem árvores,8169.0,38.28919615655027,38.31793236080492,NÃO,21335.0,21319.0,Domínio aplicável = classes substantivas de arborização; Saltado fica fora.
E10,Arborização,Moradores,3516408005,V05231,1 a 2 árvores,5450.0,25.544879306304196,25.5640508466626,NÃO,21335.0,21319.0,Domínio aplicável = classes substantivas de arborização; Saltado fica fora.
E10,Arborização,Moradores,3516408005,V05232,3 a 4 árvores,2439.0,11.431919381298336,11.440499085322951,NÃO,21335.0,21319.0,Domínio aplicável = classes substantivas de arborização; Saltado fica fora.
E10,Arborização,Moradores,3516408005,V05233,5 ou mais árvores,5261.0,24.65901101476447,24.67751770720953,NÃO,21335.0,21319.0,Domínio aplicável = classes substantivas de arborização; Saltado fica fora.
E10,Arborização,Moradores,3516408005,V05234,Saltado,16.0,0.07499414108272792,,SIM,21335.0,21319.0,Domínio aplicável = classes substantivas de arborização; Saltado fica fora.
E10,Arborização,Faces,3516408005,V05430,Sem árvores,443.0,51.39211136890951,51.81286549707602,NÃO,862.0,855.0,Domínio aplicável = classes substantivas de arborização; Saltado fica fora.
E10,Arborização,Faces,3516408005,V05431,1 a 2 árvores,180.0,20.88167053364269,21.052631578947366,NÃO,862.0,855.0,Domínio aplicável = classes substantivas de arborização; Saltado fica fora.
E10,Arborização,Faces,3516408005,V05432,3 a 4 árvores,67.0,7.77262180974478,7.83625730994152,NÃO,862.0,855.0,Domínio aplicável = classes substantivas de arborização; Saltado fica fora.
E10,Arborização,Faces,3516408005,V05433,5 ou mais árvores,165.0,19.1415313225058,19.298245614035086,NÃO,862.0,855.0,Domínio aplicável = classes substantivas de arborização; Saltado fica fora.
E10,Arborização,Faces,3516408005,V05434,Saltado,7.0,0.8120649651972157,,SIM,862.0,855.0,Domínio aplicável = classes substantivas de arborização; Saltado fica fora.
E01,Circulação da via,Domicílios,3516408006,V05001,"Caminhão, ônibus",5776.0,91.88673242125358,92.16531035583215,NÃO,6286.0,6267.0,Domínio aplicável = categorias substantivas de circulação; Saltado fica fora.
E01,Circulação da via,Domicílios,3516408006,V05002,Carros de passeio ou van,394.0,6.267896913776647,6.286899632998246,NÃO,6286.0,6267.0,Domínio aplicável = categorias substantivas de circulação; Saltado fica fora.
E01,Circulação da via,Domicílios,3516408006,V05003,"Pedestres, bicicletas e motocicletas",97.0,1.5431116767419661,1.5477900111696186,NÃO,6286.0,6267.0,Domínio aplicável = categorias substantivas de circulação; Saltado fica fora.
E01,Circulação da via,Domicílios,3516408006,V05004,Aquavia,0.0,0.0,0.0,NÃO,6286.0,6267.0,Domínio aplicável = categorias substantivas de circulação; Saltado fica fora.
E01,Circulação da via,Domicílios,3516408006,V05005,Saltado,19.0,0.30225898822780783,,SIM,6286.0,6267.0,Domínio aplicável = categorias substantivas de circulação; Saltado fica fora.
E01,Circulação da via,Moradores,3516408006,V05201,"Caminhão, ônibus",16668.0,91.63276525563496,91.9208073677825,NÃO,18190.0,18133.0,Domínio aplicável = categorias substantivas de circulação; Saltado fica fora.
E01,Circulação da via,Moradores,3516408006,V05202,Carros de passeio ou van,1160.0,6.377130291368884,6.397176418684166,NÃO,18190.0,18133.0,Domínio aplicável = categorias substantivas de circulação; Saltado fica fora.
E01,Circulação da via,Moradores,3516408006,V05203,"Pedestres, bicicletas e motocicletas",305.0,1.6767454645409567,1.682016213533337,NÃO,18190.0,18133.0,Domínio aplicável = categorias substantivas de circulação; Saltado fica fora.
E01,Circulação da via,Moradores,3516408006,V05204,Aquavia,0.0,0.0,0.0,NÃO,18190.0,18133.0,Domínio aplicável = categorias substantivas de circulação; Saltado fica fora.
E01,Circulação da via,Moradores,3516408006,V05205,Saltado,57.0,0.31335898845519516,,SIM,18190.0,18133.0,Domínio aplicável = categorias substantivas de circulação; Saltado fica fora.
E01,Circulação da via,Faces,3516408006,V05401,"Caminhão, ônibus",437.0,71.875,74.7008547008547,NÃO,608.0,585.0,Domínio aplicável = categorias substantivas de circulação; Saltado fica fora.
E01,Circulação da via,Faces,3516408006,V05402,Carros de passeio ou van,82.0,13.486842105263158,14.017094017094017,NÃO,608.0,585.0,Domínio aplicável = categorias substantivas de circulação; Saltado fica fora.
E01,Circulação da via,Faces,3516408006,V05403,"Pedestres, bicicletas e motocicletas",66.0,10.855263157894738,11.282051282051283,NÃO,608.0,585.0,Domínio aplicável = categorias substantivas de circulação; Saltado fica fora.
E01,Circulação da via,Faces,3516408006,V05404,Aquavia,0.0,0.0,0.0,NÃO,608.0,585.0,Domínio aplicável = categorias substantivas de circulação; Saltado fica fora.
E01,Circulação da via,Faces,3516408006,V05405,Saltado,23.0,3.7828947368421053,,SIM,608.0,585.0,Domínio aplicável = categorias substantivas de circulação; Saltado fica fora.
E02,Pavimentação,Domicílios,3516408006,V05006,Sim,6096.0,96.97741011772192,97.27142173288655,NÃO,6286.0,6267.0,Domínio aplicável = Sim + Não; Não declarado coincide com circulação Aquavia + Saltado.
E02,Pavimentação,Domicílios,3516408006,V05007,Não,171.0,2.7203308940502704,2.7285782671134515,NÃO,6286.0,6267.0,Domínio aplicável = Sim + Não; Não declarado coincide com circulação Aquavia + Saltado.
E02,Pavimentação,Domicílios,3516408006,V05008,Não declarado,19.0,0.30225898822780783,,SIM,6286.0,6267.0,Domínio aplicável = Sim + Não; Não declarado coincide com circulação Aquavia + Saltado.
E02,Pavimentação,Moradores,3516408006,V05206,Sim,17579.0,96.64101154480484,96.94479677935256,NÃO,18190.0,18133.0,Domínio aplicável = Sim + Não; Não declarado coincide com circulação Aquavia + Saltado.
E02,Pavimentação,Moradores,3516408006,V05207,Não,554.0,3.045629466739967,3.055203220647438,NÃO,18190.0,18133.0,Domínio aplicável = Sim + Não; Não declarado coincide com circulação Aquavia + Saltado.
E02,Pavimentação,Moradores,3516408006,V05208,Não declarado,57.0,0.31335898845519516,,SIM,18190.0,18133.0,Domínio aplicável = Sim + Não; Não declarado coincide com circulação Aquavia + Saltado.
E02,Pavimentação,Faces,3516408006,V05406,Sim,537.0,88.32236842105263,91.7948717948718,NÃO,608.0,585.0,Domínio aplicável = Sim + Não; Não declarado coincide com circulação Aquavia + Saltado.
E02,Pavimentação,Faces,3516408006,V05407,Não,48.0,7.894736842105263,8.205128205128204,NÃO,608.0,585.0,Domínio aplicável = Sim + Não; Não declarado coincide com circulação Aquavia + Saltado.
E02,Pavimentação,Faces,3516408006,V05408,Não declarado,23.0,3.7828947368421053,,SIM,608.0,585.0,Domínio aplicável = Sim + Não; Não declarado coincide com circulação Aquavia + Saltado.
E03,Bueiro / boca de lobo,Domicílios,3516408006,V05009,Sim,4053.0,64.47661469933185,64.6720919100048,NÃO,6286.0,6267.0,Domínio aplicável = Sim + Não; Não declarado coincide com circulação Aquavia + Saltado.
E03,Bueiro / boca de lobo,Domicílios,3516408006,V05010,Não,2214.0,35.22112631244034,35.32790808999521,NÃO,6286.0,6267.0,Domínio aplicável = Sim + Não; Não declarado coincide com circulação Aquavia + Saltado.
E03,Bueiro / boca de lobo,Domicílios,3516408006,V05011,Não declarado,19.0,0.30225898822780783,,SIM,6286.0,6267.0,Domínio aplicável = Sim + Não; Não declarado coincide com circulação Aquavia + Saltado.
E03,Bueiro / boca de lobo,Moradores,3516408006,V05209,Sim,11645.0,64.01869158878505,64.21993051342855,NÃO,18190.0,18133.0,Domínio aplicável = Sim + Não; Não declarado coincide com circulação Aquavia + Saltado.
E03,Bueiro / boca de lobo,Moradores,3516408006,V05210,Não,6488.0,35.66794942275976,35.78006948657144,NÃO,18190.0,18133.0,Domínio aplicável = Sim + Não; Não declarado coincide com circulação Aquavia + Saltado.
E03,Bueiro / boca de lobo,Moradores,3516408006,V05211,Não declarado,57.0,0.31335898845519516,,SIM,18190.0,18133.0,Domínio aplicável = Sim + Não; Não declarado coincide com circulação Aquavia + Saltado.
E03,Bueiro / boca de lobo,Faces,3516408006,V05409,Sim,326.0,53.61842105263158,55.72649572649573,NÃO,608.0,585.0,Domínio aplicável = Sim + Não; Não declarado coincide com circulação Aquavia + Saltado.
E03,Bueiro / boca de lobo,Faces,3516408006,V05410,Não,259.0,42.598684210526315,44.27350427350427,NÃO,608.0,585.0,Domínio aplicável = Sim + Não; Não declarado coincide com circulação Aquavia + Saltado.
E03,Bueiro / boca de lobo,Faces,3516408006,V05411,Não declarado,23.0,3.7828947368421053,,SIM,608.0,585.0,Domínio aplicável = Sim + Não; Não declarado coincide com circulação Aquavia + Saltado.
E04,Iluminação pública,Domicílios,3516408006,V05012,Sim,6138.0,97.64556156538339,97.94159885112495,NÃO,6286.0,6267.0,Domínio aplicável = Sim + Não; Não declarado coincide com circulação Aquavia + Saltado.
E04,Iluminação pública,Domicílios,3516408006,V05013,Não,129.0,2.0521794463888003,2.0584011488750598,NÃO,6286.0,6267.0,Domínio aplicável = Sim + Não; Não declarado coincide com circulação Aquavia + Saltado.
E04,Iluminação pública,Domicílios,3516408006,V05014,Não declarado,19.0,0.30225898822780783,,SIM,6286.0,6267.0,Domínio aplicável = Sim + Não; Não declarado coincide com circulação Aquavia + Saltado.
E04,Iluminação pública,Moradores,3516408006,V05212,Sim,17732.0,97.48213304013194,97.78856228974797,NÃO,18190.0,18133.0,Domínio aplicável = Sim + Não; Não declarado coincide com circulação Aquavia + Saltado.
E04,Iluminação pública,Moradores,3516408006,V05213,Não,401.0,2.2045079714128644,2.2114377102520266,NÃO,18190.0,18133.0,Domínio aplicável = Sim + Não; Não declarado coincide com circulação Aquavia + Saltado.
E04,Iluminação pública,Moradores,3516408006,V05214,Não declarado,57.0,0.31335898845519516,,SIM,18190.0,18133.0,Domínio aplicável = Sim + Não; Não declarado coincide com circulação Aquavia + Saltado.
E04,Iluminação pública,Faces,3516408006,V05412,Sim,540.0,88.81578947368422,92.3076923076923,NÃO,608.0,585.0,Domínio aplicável = Sim + Não; Não declarado coincide com circulação Aquavia + Saltado.
E04,Iluminação pública,Faces,3516408006,V05413,Não,45.0,7.401315789473683,7.6923076923076925,NÃO,608.0,585.0,Domínio aplicável = Sim + Não; Não declarado coincide com circulação Aquavia + Saltado.
E04,Iluminação pública,Faces,3516408006,V05414,Não declarado,23.0,3.7828947368421053,,SIM,608.0,585.0,Domínio aplicável = Sim + Não; Não declarado coincide com circulação Aquavia + Saltado.
E05,Ponto de ônibus,Domicílios,3516408006,V05015,Sim,1930.0,30.70314985682469,30.79623424285942,NÃO,6286.0,6267.0,Domínio aplicável = Sim + Não; Não declarado coincide com circulação Aquavia + Saltado.
E05,Ponto de ônibus,Domicílios,3516408006,V05016,Não,4337.0,68.9945911549475,69.20376575714057,NÃO,6286.0,6267.0,Domínio aplicável = Sim + Não; Não declarado coincide com circulação Aquavia + Saltado.
E05,Ponto de ônibus,Domicílios,3516408006,V05017,Não declarado,19.0,0.30225898822780783,,SIM,6286.0,6267.0,Domínio aplicável = Sim + Não; Não declarado coincide com circulação Aquavia + Saltado.
E05,Ponto de ônibus,Moradores,3516408006,V05215,Sim,5444.0,29.92853216052776,30.022610709755693,NÃO,18190.0,18133.0,Domínio aplicável = Sim + Não; Não declarado coincide com circulação Aquavia + Saltado.
E05,Ponto de ônibus,Moradores,3516408006,V05216,Não,12689.0,69.75810885101704,69.9773892902443,NÃO,18190.0,18133.0,Domínio aplicável = Sim + Não; Não declarado coincide com circulação Aquavia + Saltado.
E05,Ponto de ônibus,Moradores,3516408006,V05217,Não declarado,57.0,0.31335898845519516,,SIM,18190.0,18133.0,Domínio aplicável = Sim + Não; Não declarado coincide com circulação Aquavia + Saltado.
E05,Ponto de ônibus,Faces,3516408006,V05415,Sim,109.0,17.927631578947366,18.632478632478634,NÃO,608.0,585.0,Domínio aplicável = Sim + Não; Não declarado coincide com circulação Aquavia + Saltado.
E05,Ponto de ônibus,Faces,3516408006,V05416,Não,476.0,78.28947368421053,81.36752136752136,NÃO,608.0,585.0,Domínio aplicável = Sim + Não; Não declarado coincide com circulação Aquavia + Saltado.
E05,Ponto de ônibus,Faces,3516408006,V05417,Não declarado,23.0,3.7828947368421053,,SIM,608.0,585.0,Domínio aplicável = Sim + Não; Não declarado coincide com circulação Aquavia + Saltado.
E06,Via sinalizada para bicicleta,Domicílios,3516408006,V05018,Sim,149.0,2.370346802418072,2.3775331099409605,NÃO,6286.0,6267.0,Domínio aplicável = Sim + Não; Não declarado coincide com circulação Aquavia + Saltado.
E06,Via sinalizada para bicicleta,Domicílios,3516408006,V05019,Não,6118.0,97.32739420935413,97.62246689005903,NÃO,6286.0,6267.0,Domínio aplicável = Sim + Não; Não declarado coincide com circulação Aquavia + Saltado.
E06,Via sinalizada para bicicleta,Domicílios,3516408006,V05020,Não declarado,19.0,0.30225898822780783,,SIM,6286.0,6267.0,Domínio aplicável = Sim + Não; Não declarado coincide com circulação Aquavia + Saltado.
E06,Via sinalizada para bicicleta,Moradores,3516408006,V05218,Sim,428.0,2.3529411764705883,2.3603375062041585,NÃO,18190.0,18133.0,Domínio aplicável = Sim + Não; Não declarado coincide com circulação Aquavia + Saltado.
E06,Via sinalizada para bicicleta,Moradores,3516408006,V05219,Não,17705.0,97.33369983507421,97.63966249379584,NÃO,18190.0,18133.0,Domínio aplicável = Sim + Não; Não declarado coincide com circulação Aquavia + Saltado.
E06,Via sinalizada para bicicleta,Moradores,3516408006,V05220,Não declarado,57.0,0.31335898845519516,,SIM,18190.0,18133.0,Domínio aplicável = Sim + Não; Não declarado coincide com circulação Aquavia + Saltado.
E06,Via sinalizada para bicicleta,Faces,3516408006,V05418,Sim,13.0,2.138157894736842,2.2222222222222223,NÃO,608.0,585.0,Domínio aplicável = Sim + Não; Não declarado coincide com circulação Aquavia + Saltado.
E06,Via sinalizada para bicicleta,Faces,3516408006,V05419,Não,572.0,94.07894736842105,97.77777777777777,NÃO,608.0,585.0,Domínio aplicável = Sim + Não; Não declarado coincide com circulação Aquavia + Saltado.
E06,Via sinalizada para bicicleta,Faces,3516408006,V05420,Não declarado,23.0,3.7828947368421053,,SIM,608.0,585.0,Domínio aplicável = Sim + Não; Não declarado coincide com circulação Aquavia + Saltado.
E07,Calçada,Domicílios,3516408006,V05021,Sim,5982.0,95.16385618835508,95.45236955481091,NÃO,6286.0,6267.0,Domínio aplicável = Sim + Não; Não declarado coincide com circulação Aquavia + Saltado.
E07,Calçada,Domicílios,3516408006,V05022,Não,285.0,4.533884823417118,4.547630445189086,NÃO,6286.0,6267.0,Domínio aplicável = Sim + Não; Não declarado coincide com circulação Aquavia + Saltado.
E07,Calçada,Domicílios,3516408006,V05023,Não declarado,19.0,0.30225898822780783,,SIM,6286.0,6267.0,Domínio aplicável = Sim + Não; Não declarado coincide com circulação Aquavia + Saltado.
E07,Calçada,Moradores,3516408006,V05221,Sim,17239.0,94.77185266630016,95.06976231180721,NÃO,18190.0,18133.0,Domínio aplicável = Sim + Não; Não declarado coincide com circulação Aquavia + Saltado.
E07,Calçada,Moradores,3516408006,V05222,Não,894.0,4.91478834524464,4.930237688192798,NÃO,18190.0,18133.0,Domínio aplicável = Sim + Não; Não declarado coincide com circulação Aquavia + Saltado.
E07,Calçada,Moradores,3516408006,V05223,Não declarado,57.0,0.31335898845519516,,SIM,18190.0,18133.0,Domínio aplicável = Sim + Não; Não declarado coincide com circulação Aquavia + Saltado.
E07,Calçada,Faces,3516408006,V05421,Sim,462.0,75.98684210526315,78.97435897435898,NÃO,608.0,585.0,Domínio aplicável = Sim + Não; Não declarado coincide com circulação Aquavia + Saltado.
E07,Calçada,Faces,3516408006,V05422,Não,123.0,20.230263157894736,21.025641025641026,NÃO,608.0,585.0,Domínio aplicável = Sim + Não; Não declarado coincide com circulação Aquavia + Saltado.
E07,Calçada,Faces,3516408006,V05423,Não declarado,23.0,3.7828947368421053,,SIM,608.0,585.0,Domínio aplicável = Sim + Não; Não declarado coincide com circulação Aquavia + Saltado.
E08,Obstáculo na calçada,Domicílios,3516408006,V05024,Sim,5678.0,90.32771237671014,94.91808759612171,NÃO,6286.0,5982.0,Domínio aplicável = Sim + Não; Não declarado coincide com ausência/não aplicação de calçada.
E08,Obstáculo na calçada,Domicílios,3516408006,V05025,Não,304.0,4.836143811644925,5.0819124038783015,NÃO,6286.0,5982.0,Domínio aplicável = Sim + Não; Não declarado coincide com ausência/não aplicação de calçada.
E08,Obstáculo na calçada,Domicílios,3516408006,V05026,Não declarado,304.0,4.836143811644925,,SIM,6286.0,5982.0,Domínio aplicável = Sim + Não; Não declarado coincide com ausência/não aplicação de calçada.
E08,Obstáculo na calçada,Moradores,3516408006,V05224,Sim,16311.0,89.67014843320506,94.61685712628342,NÃO,18190.0,17239.0,Domínio aplicável = Sim + Não; Não declarado coincide com ausência/não aplicação de calçada.
E08,Obstáculo na calçada,Moradores,3516408006,V05225,Não,928.0,5.1017042330951075,5.383142873716573,NÃO,18190.0,17239.0,Domínio aplicável = Sim + Não; Não declarado coincide com ausência/não aplicação de calçada.
E08,Obstáculo na calçada,Moradores,3516408006,V05226,Não declarado,951.0,5.228147333699835,,SIM,18190.0,17239.0,Domínio aplicável = Sim + Não; Não declarado coincide com ausência/não aplicação de calçada.
E08,Obstáculo na calçada,Faces,3516408006,V05424,Sim,426.0,70.06578947368422,92.20779220779221,NÃO,608.0,462.0,Domínio aplicável = Sim + Não; Não declarado coincide com ausência/não aplicação de calçada.
E08,Obstáculo na calçada,Faces,3516408006,V05425,Não,36.0,5.921052631578947,7.792207792207792,NÃO,608.0,462.0,Domínio aplicável = Sim + Não; Não declarado coincide com ausência/não aplicação de calçada.
E08,Obstáculo na calçada,Faces,3516408006,V05426,Não declarado,146.0,24.013157894736842,,SIM,608.0,462.0,Domínio aplicável = Sim + Não; Não declarado coincide com ausência/não aplicação de calçada.
E09,Rampa para cadeirante,Domicílios,3516408006,V05027,Sim,35.0,0.5567928730512249,0.5850885991307255,NÃO,6286.0,5982.0,Domínio aplicável = Sim + Não; Não declarado coincide com ausência/não aplicação de calçada.
E09,Rampa para cadeirante,Domicílios,3516408006,V05028,Não,5947.0,94.60706331530385,99.41491140086927,NÃO,6286.0,5982.0,Domínio aplicável = Sim + Não; Não declarado coincide com ausência/não aplicação de calçada.
E09,Rampa para cadeirante,Domicílios,3516408006,V05029,Não declarado,304.0,4.836143811644925,,SIM,6286.0,5982.0,Domínio aplicável = Sim + Não; Não declarado coincide com ausência/não aplicação de calçada.
E09,Rampa para cadeirante,Moradores,3516408006,V05227,Sim,97.0,0.5332600329851567,0.5626776495156331,NÃO,18190.0,17239.0,Domínio aplicável = Sim + Não; Não declarado coincide com ausência/não aplicação de calçada.
E09,Rampa para cadeirante,Moradores,3516408006,V05228,Não,17142.0,94.23859263331501,99.43732235048437,NÃO,18190.0,17239.0,Domínio aplicável = Sim + Não; Não declarado coincide com ausência/não aplicação de calçada.
E09,Rampa para cadeirante,Moradores,3516408006,V05229,Não declarado,951.0,5.228147333699835,,SIM,18190.0,17239.0,Domínio aplicável = Sim + Não; Não declarado coincide com ausência/não aplicação de calçada.
E09,Rampa para cadeirante,Faces,3516408006,V05427,Sim,5.0,0.8223684210526315,1.0822510822510822,NÃO,608.0,462.0,Domínio aplicável = Sim + Não; Não declarado coincide com ausência/não aplicação de calçada.
E09,Rampa para cadeirante,Faces,3516408006,V05428,Não,457.0,75.16447368421053,98.91774891774891,NÃO,608.0,462.0,Domínio aplicável = Sim + Não; Não declarado coincide com ausência/não aplicação de calçada.
E09,Rampa para cadeirante,Faces,3516408006,V05429,Não declarado,146.0,24.013157894736842,,SIM,608.0,462.0,Domínio aplicável = Sim + Não; Não declarado coincide com ausência/não aplicação de calçada.
E10,Arborização,Domicílios,3516408006,V05030,Sem árvores,2486.0,39.54820235443843,39.668102760491465,NÃO,6286.0,6267.0,Domínio aplicável = classes substantivas de arborização; Saltado fica fora.
E10,Arborização,Domicílios,3516408006,V05031,1 a 2 árvores,1574.0,25.039770919503656,25.11568533588639,NÃO,6286.0,6267.0,Domínio aplicável = classes substantivas de arborização; Saltado fica fora.
E10,Arborização,Domicílios,3516408006,V05032,3 a 4 árvores,921.0,14.651606745147946,14.696026807084731,NÃO,6286.0,6267.0,Domínio aplicável = classes substantivas de arborização; Saltado fica fora.
E10,Arborização,Domicílios,3516408006,V05033,5 ou mais árvores,1286.0,20.45816099268215,20.520185096537418,NÃO,6286.0,6267.0,Domínio aplicável = classes substantivas de arborização; Saltado fica fora.
E10,Arborização,Domicílios,3516408006,V05034,Saltado,19.0,0.30225898822780783,,SIM,6286.0,6267.0,Domínio aplicável = classes substantivas de arborização; Saltado fica fora.
E10,Arborização,Moradores,3516408006,V05230,Sem árvores,7232.0,39.75810885101704,39.88308608614129,NÃO,18190.0,18133.0,Domínio aplicável = classes substantivas de arborização; Saltado fica fora.
E10,Arborização,Moradores,3516408006,V05231,1 a 2 árvores,4626.0,25.43155579989005,25.511498373131857,NÃO,18190.0,18133.0,Domínio aplicável = classes substantivas de arborização; Saltado fica fora.
E10,Arborização,Moradores,3516408006,V05232,3 a 4 árvores,2599.0,14.28807036833425,14.332984062207027,NÃO,18190.0,18133.0,Domínio aplicável = classes substantivas de arborização; Saltado fica fora.
E10,Arborização,Moradores,3516408006,V05233,5 ou mais árvores,3676.0,20.208905992303464,20.272431478519827,NÃO,18190.0,18133.0,Domínio aplicável = classes substantivas de arborização; Saltado fica fora.
E10,Arborização,Moradores,3516408006,V05234,Saltado,57.0,0.31335898845519516,,SIM,18190.0,18133.0,Domínio aplicável = classes substantivas de arborização; Saltado fica fora.
E10,Arborização,Faces,3516408006,V05430,Sem árvores,294.0,48.35526315789473,50.256410256410255,NÃO,608.0,585.0,Domínio aplicável = classes substantivas de arborização; Saltado fica fora.
E10,Arborização,Faces,3516408006,V05431,1 a 2 árvores,115.0,18.914473684210524,19.65811965811966,NÃO,608.0,585.0,Domínio aplicável = classes substantivas de arborização; Saltado fica fora.
E10,Arborização,Faces,3516408006,V05432,3 a 4 árvores,62.0,10.197368421052632,10.598290598290598,NÃO,608.0,585.0,Domínio aplicável = classes substantivas de arborização; Saltado fica fora.
E10,Arborização,Faces,3516408006,V05433,5 ou mais árvores,114.0,18.75,19.48717948717949,NÃO,608.0,585.0,Domínio aplicável = classes substantivas de arborização; Saltado fica fora.
E10,Arborização,Faces,3516408006,V05434,Saltado,23.0,3.7828947368421053,,SIM,608.0,585.0,Domínio aplicável = classes substantivas de arborização; Saltado fica fora.
E01,Circulação da via,Domicílios,3516408007,V05001,"Caminhão, ônibus",5950.0,88.46268212905144,88.54166666666666,NÃO,6726.0,6720.0,Domínio aplicável = categorias substantivas de circulação; Saltado fica fora.
E01,Circulação da via,Domicílios,3516408007,V05002,Carros de passeio ou van,685.0,10.184359203092477,10.193452380952381,NÃO,6726.0,6720.0,Domínio aplicável = categorias substantivas de circulação; Saltado fica fora.
E01,Circulação da via,Domicílios,3516408007,V05003,"Pedestres, bicicletas e motocicletas",85.0,1.263752601843592,1.2648809523809523,NÃO,6726.0,6720.0,Domínio aplicável = categorias substantivas de circulação; Saltado fica fora.
E01,Circulação da via,Domicílios,3516408007,V05004,Aquavia,0.0,0.0,0.0,NÃO,6726.0,6720.0,Domínio aplicável = categorias substantivas de circulação; Saltado fica fora.
E01,Circulação da via,Domicílios,3516408007,V05005,Saltado,6.0,0.08920606601248886,,SIM,6726.0,6720.0,Domínio aplicável = categorias substantivas de circulação; Saltado fica fora.
E01,Circulação da via,Moradores,3516408007,V05201,"Caminhão, ônibus",15928.0,88.34655277608297,88.425026369844,NÃO,18029.0,18013.0,Domínio aplicável = categorias substantivas de circulação; Saltado fica fora.
E01,Circulação da via,Moradores,3516408007,V05202,Carros de passeio ou van,1867.0,10.355538299406513,10.36473657913729,NÃO,18029.0,18013.0,Domínio aplicável = categorias substantivas de circulação; Saltado fica fora.
E01,Circulação da via,Moradores,3516408007,V05203,"Pedestres, bicicletas e motocicletas",218.0,1.2091630151422708,1.2102370510187086,NÃO,18029.0,18013.0,Domínio aplicável = categorias substantivas de circulação; Saltado fica fora.
E01,Circulação da via,Moradores,3516408007,V05204,Aquavia,0.0,0.0,0.0,NÃO,18029.0,18013.0,Domínio aplicável = categorias substantivas de circulação; Saltado fica fora.
E01,Circulação da via,Moradores,3516408007,V05205,Saltado,16.0,0.08874590936824006,,SIM,18029.0,18013.0,Domínio aplicável = categorias substantivas de circulação; Saltado fica fora.
E01,Circulação da via,Faces,3516408007,V05401,"Caminhão, ônibus",697.0,79.29465301478953,80.67129629629629,NÃO,879.0,864.0,Domínio aplicável = categorias substantivas de circulação; Saltado fica fora.
E01,Circulação da via,Faces,3516408007,V05402,Carros de passeio ou van,115.0,13.083048919226394,13.310185185185187,NÃO,879.0,864.0,Domínio aplicável = categorias substantivas de circulação; Saltado fica fora.
E01,Circulação da via,Faces,3516408007,V05403,"Pedestres, bicicletas e motocicletas",52.0,5.915813424345847,6.018518518518518,NÃO,879.0,864.0,Domínio aplicável = categorias substantivas de circulação; Saltado fica fora.
E01,Circulação da via,Faces,3516408007,V05404,Aquavia,0.0,0.0,0.0,NÃO,879.0,864.0,Domínio aplicável = categorias substantivas de circulação; Saltado fica fora.
E01,Circulação da via,Faces,3516408007,V05405,Saltado,15.0,1.7064846416382253,,SIM,879.0,864.0,Domínio aplicável = categorias substantivas de circulação; Saltado fica fora.
E02,Pavimentação,Domicílios,3516408007,V05006,Sim,6620.0,98.4240261671127,98.51190476190477,NÃO,6726.0,6720.0,Domínio aplicável = Sim + Não; Não declarado coincide com circulação Aquavia + Saltado.
E02,Pavimentação,Domicílios,3516408007,V05007,Não,100.0,1.486767766874814,1.488095238095238,NÃO,6726.0,6720.0,Domínio aplicável = Sim + Não; Não declarado coincide com circulação Aquavia + Saltado.
E02,Pavimentação,Domicílios,3516408007,V05008,Não declarado,6.0,0.08920606601248886,,SIM,6726.0,6720.0,Domínio aplicável = Sim + Não; Não declarado coincide com circulação Aquavia + Saltado.
E02,Pavimentação,Moradores,3516408007,V05206,Sim,17739.0,98.39148039270064,98.47887636706822,NÃO,18029.0,18013.0,Domínio aplicável = Sim + Não; Não declarado coincide com circulação Aquavia + Saltado.
E02,Pavimentação,Moradores,3516408007,V05207,Não,274.0,1.519773697931111,1.5211236329317714,NÃO,18029.0,18013.0,Domínio aplicável = Sim + Não; Não declarado coincide com circulação Aquavia + Saltado.
E02,Pavimentação,Moradores,3516408007,V05208,Não declarado,16.0,0.08874590936824006,,SIM,18029.0,18013.0,Domínio aplicável = Sim + Não; Não declarado coincide com circulação Aquavia + Saltado.
E02,Pavimentação,Faces,3516408007,V05406,Sim,845.0,96.13196814562002,97.80092592592592,NÃO,879.0,864.0,Domínio aplicável = Sim + Não; Não declarado coincide com circulação Aquavia + Saltado.
E02,Pavimentação,Faces,3516408007,V05407,Não,19.0,2.1615472127417523,2.199074074074074,NÃO,879.0,864.0,Domínio aplicável = Sim + Não; Não declarado coincide com circulação Aquavia + Saltado.
E02,Pavimentação,Faces,3516408007,V05408,Não declarado,15.0,1.7064846416382253,,SIM,879.0,864.0,Domínio aplicável = Sim + Não; Não declarado coincide com circulação Aquavia + Saltado.
E03,Bueiro / boca de lobo,Domicílios,3516408007,V05009,Sim,4457.0,66.26523936961047,66.32440476190476,NÃO,6726.0,6720.0,Domínio aplicável = Sim + Não; Não declarado coincide com circulação Aquavia + Saltado.
E03,Bueiro / boca de lobo,Domicílios,3516408007,V05010,Não,2263.0,33.64555456437704,33.67559523809524,NÃO,6726.0,6720.0,Domínio aplicável = Sim + Não; Não declarado coincide com circulação Aquavia + Saltado.
E03,Bueiro / boca de lobo,Domicílios,3516408007,V05011,Não declarado,6.0,0.08920606601248886,,SIM,6726.0,6720.0,Domínio aplicável = Sim + Não; Não declarado coincide com circulação Aquavia + Saltado.
E03,Bueiro / boca de lobo,Moradores,3516408007,V05209,Sim,11962.0,66.34866049143048,66.40759451507245,NÃO,18029.0,18013.0,Domínio aplicável = Sim + Não; Não declarado coincide com circulação Aquavia + Saltado.
E03,Bueiro / boca de lobo,Moradores,3516408007,V05210,Não,6051.0,33.562593599201286,33.59240548492755,NÃO,18029.0,18013.0,Domínio aplicável = Sim + Não; Não declarado coincide com circulação Aquavia + Saltado.
E03,Bueiro / boca de lobo,Moradores,3516408007,V05211,Não declarado,16.0,0.08874590936824006,,SIM,18029.0,18013.0,Domínio aplicável = Sim + Não; Não declarado coincide com circulação Aquavia + Saltado.
E03,Bueiro / boca de lobo,Faces,3516408007,V05409,Sim,539.0,61.31968145620023,62.38425925925925,NÃO,879.0,864.0,Domínio aplicável = Sim + Não; Não declarado coincide com circulação Aquavia + Saltado.
E03,Bueiro / boca de lobo,Faces,3516408007,V05410,Não,325.0,36.973833902161545,37.61574074074074,NÃO,879.0,864.0,Domínio aplicável = Sim + Não; Não declarado coincide com circulação Aquavia + Saltado.
E03,Bueiro / boca de lobo,Faces,3516408007,V05411,Não declarado,15.0,1.7064846416382253,,SIM,879.0,864.0,Domínio aplicável = Sim + Não; Não declarado coincide com circulação Aquavia + Saltado.
E04,Iluminação pública,Domicílios,3516408007,V05012,Sim,6708.0,99.73238180196253,99.82142857142857,NÃO,6726.0,6720.0,Domínio aplicável = Sim + Não; Não declarado coincide com circulação Aquavia + Saltado.
E04,Iluminação pública,Domicílios,3516408007,V05013,Não,12.0,0.17841213202497772,0.17857142857142858,NÃO,6726.0,6720.0,Domínio aplicável = Sim + Não; Não declarado coincide com circulação Aquavia + Saltado.
E04,Iluminação pública,Domicílios,3516408007,V05014,Não declarado,6.0,0.08920606601248886,,SIM,6726.0,6720.0,Domínio aplicável = Sim + Não; Não declarado coincide com circulação Aquavia + Saltado.
E04,Iluminação pública,Moradores,3516408007,V05212,Sim,17981.0,99.73376227189527,99.8223505246211,NÃO,18029.0,18013.0,Domínio aplicável = Sim + Não; Não declarado coincide com circulação Aquavia + Saltado.
E04,Iluminação pública,Moradores,3516408007,V05213,Não,32.0,0.17749181873648012,0.177649475378893,NÃO,18029.0,18013.0,Domínio aplicável = Sim + Não; Não declarado coincide com circulação Aquavia + Saltado.
E04,Iluminação pública,Moradores,3516408007,V05214,Não declarado,16.0,0.08874590936824006,,SIM,18029.0,18013.0,Domínio aplicável = Sim + Não; Não declarado coincide com circulação Aquavia + Saltado.
E04,Iluminação pública,Faces,3516408007,V05412,Sim,847.0,96.3594994311718,98.0324074074074,NÃO,879.0,864.0,Domínio aplicável = Sim + Não; Não declarado coincide com circulação Aquavia + Saltado.
E04,Iluminação pública,Faces,3516408007,V05413,Não,17.0,1.9340159271899888,1.9675925925925926,NÃO,879.0,864.0,Domínio aplicável = Sim + Não; Não declarado coincide com circulação Aquavia + Saltado.
E04,Iluminação pública,Faces,3516408007,V05414,Não declarado,15.0,1.7064846416382253,,SIM,879.0,864.0,Domínio aplicável = Sim + Não; Não declarado coincide com circulação Aquavia + Saltado.
E05,Ponto de ônibus,Domicílios,3516408007,V05015,Sim,1000.0,14.867677668748142,14.880952380952381,NÃO,6726.0,6720.0,Domínio aplicável = Sim + Não; Não declarado coincide com circulação Aquavia + Saltado.
E05,Ponto de ônibus,Domicílios,3516408007,V05016,Não,5720.0,85.04311626523938,85.11904761904762,NÃO,6726.0,6720.0,Domínio aplicável = Sim + Não; Não declarado coincide com circulação Aquavia + Saltado.
E05,Ponto de ônibus,Domicílios,3516408007,V05017,Não declarado,6.0,0.08920606601248886,,SIM,6726.0,6720.0,Domínio aplicável = Sim + Não; Não declarado coincide com circulação Aquavia + Saltado.
E05,Ponto de ônibus,Moradores,3516408007,V05215,Sim,2683.0,14.881579677186755,14.89479820129906,NÃO,18029.0,18013.0,Domínio aplicável = Sim + Não; Não declarado coincide com circulação Aquavia + Saltado.
E05,Ponto de ônibus,Moradores,3516408007,V05216,Não,15330.0,85.029674413445,85.10520179870093,NÃO,18029.0,18013.0,Domínio aplicável = Sim + Não; Não declarado coincide com circulação Aquavia + Saltado.
E05,Ponto de ônibus,Moradores,3516408007,V05217,Não declarado,16.0,0.08874590936824006,,SIM,18029.0,18013.0,Domínio aplicável = Sim + Não; Não declarado coincide com circulação Aquavia + Saltado.
E05,Ponto de ônibus,Faces,3516408007,V05415,Sim,121.0,13.765642775881684,14.004629629629632,NÃO,879.0,864.0,Domínio aplicável = Sim + Não; Não declarado coincide com circulação Aquavia + Saltado.
E05,Ponto de ônibus,Faces,3516408007,V05416,Não,743.0,84.52787258248009,85.99537037037037,NÃO,879.0,864.0,Domínio aplicável = Sim + Não; Não declarado coincide com circulação Aquavia + Saltado.
E05,Ponto de ônibus,Faces,3516408007,V05417,Não declarado,15.0,1.7064846416382253,,SIM,879.0,864.0,Domínio aplicável = Sim + Não; Não declarado coincide com circulação Aquavia + Saltado.
E06,Via sinalizada para bicicleta,Domicílios,3516408007,V05018,Sim,41.0,0.6095747844186739,0.6101190476190477,NÃO,6726.0,6720.0,Domínio aplicável = Sim + Não; Não declarado coincide com circulação Aquavia + Saltado.
E06,Via sinalizada para bicicleta,Domicílios,3516408007,V05019,Não,6679.0,99.30121914956884,99.38988095238095,NÃO,6726.0,6720.0,Domínio aplicável = Sim + Não; Não declarado coincide com circulação Aquavia + Saltado.
E06,Via sinalizada para bicicleta,Domicílios,3516408007,V05020,Não declarado,6.0,0.08920606601248886,,SIM,6726.0,6720.0,Domínio aplicável = Sim + Não; Não declarado coincide com circulação Aquavia + Saltado.
E06,Via sinalizada para bicicleta,Moradores,3516408007,V05218,Sim,93.0,0.5158355982028954,0.5162937878199079,NÃO,18029.0,18013.0,Domínio aplicável = Sim + Não; Não declarado coincide com circulação Aquavia + Saltado.
E06,Via sinalizada para bicicleta,Moradores,3516408007,V05219,Não,17920.0,99.39541849242886,99.4837062121801,NÃO,18029.0,18013.0,Domínio aplicável = Sim + Não; Não declarado coincide com circulação Aquavia + Saltado.
E06,Via sinalizada para bicicleta,Moradores,3516408007,V05220,Não declarado,16.0,0.08874590936824006,,SIM,18029.0,18013.0,Domínio aplicável = Sim + Não; Não declarado coincide com circulação Aquavia + Saltado.
E06,Via sinalizada para bicicleta,Faces,3516408007,V05418,Sim,13.0,1.4789533560864618,1.5046296296296295,NÃO,879.0,864.0,Domínio aplicável = Sim + Não; Não declarado coincide com circulação Aquavia + Saltado.
E06,Via sinalizada para bicicleta,Faces,3516408007,V05419,Não,851.0,96.81456200227532,98.49537037037037,NÃO,879.0,864.0,Domínio aplicável = Sim + Não; Não declarado coincide com circulação Aquavia + Saltado.
E06,Via sinalizada para bicicleta,Faces,3516408007,V05420,Não declarado,15.0,1.7064846416382253,,SIM,879.0,864.0,Domínio aplicável = Sim + Não; Não declarado coincide com circulação Aquavia + Saltado.
E07,Calçada,Domicílios,3516408007,V05021,Sim,6570.0,97.68064228367528,97.76785714285714,NÃO,6726.0,6720.0,Domínio aplicável = Sim + Não; Não declarado coincide com circulação Aquavia + Saltado.
E07,Calçada,Domicílios,3516408007,V05022,Não,150.0,2.230151650312221,2.232142857142857,NÃO,6726.0,6720.0,Domínio aplicável = Sim + Não; Não declarado coincide com circulação Aquavia + Saltado.
E07,Calçada,Domicílios,3516408007,V05023,Não declarado,6.0,0.08920606601248886,,SIM,6726.0,6720.0,Domínio aplicável = Sim + Não; Não declarado coincide com circulação Aquavia + Saltado.
E07,Calçada,Moradores,3516408007,V05221,Sim,17607.0,97.65932664041267,97.7460722811303,NÃO,18029.0,18013.0,Domínio aplicável = Sim + Não; Não declarado coincide com circulação Aquavia + Saltado.
E07,Calçada,Moradores,3516408007,V05222,Não,406.0,2.2519274502190916,2.253927718869705,NÃO,18029.0,18013.0,Domínio aplicável = Sim + Não; Não declarado coincide com circulação Aquavia + Saltado.
E07,Calçada,Moradores,3516408007,V05223,Não declarado,16.0,0.08874590936824006,,SIM,18029.0,18013.0,Domínio aplicável = Sim + Não; Não declarado coincide com circulação Aquavia + Saltado.
E07,Calçada,Faces,3516408007,V05421,Sim,774.0,88.05460750853243,89.58333333333334,NÃO,879.0,864.0,Domínio aplicável = Sim + Não; Não declarado coincide com circulação Aquavia + Saltado.
E07,Calçada,Faces,3516408007,V05422,Não,90.0,10.238907849829351,10.416666666666668,NÃO,879.0,864.0,Domínio aplicável = Sim + Não; Não declarado coincide com circulação Aquavia + Saltado.
E07,Calçada,Faces,3516408007,V05423,Não declarado,15.0,1.7064846416382253,,SIM,879.0,864.0,Domínio aplicável = Sim + Não; Não declarado coincide com circulação Aquavia + Saltado.
E08,Obstáculo na calçada,Domicílios,3516408007,V05024,Sim,6022.0,89.5331549212013,91.65905631659056,NÃO,6726.0,6570.0,Domínio aplicável = Sim + Não; Não declarado coincide com ausência/não aplicação de calçada.
E08,Obstáculo na calçada,Domicílios,3516408007,V05025,Não,548.0,8.147487362473981,8.340943683409437,NÃO,6726.0,6570.0,Domínio aplicável = Sim + Não; Não declarado coincide com ausência/não aplicação de calçada.
E08,Obstáculo na calçada,Domicílios,3516408007,V05026,Não declarado,156.0,2.31935771632471,,SIM,6726.0,6570.0,Domínio aplicável = Sim + Não; Não declarado coincide com ausência/não aplicação de calçada.
E08,Obstáculo na calçada,Moradores,3516408007,V05224,Sim,16181.0,89.74984746796827,91.90094848639745,NÃO,18029.0,17607.0,Domínio aplicável = Sim + Não; Não declarado coincide com ausência/não aplicação de calçada.
E08,Obstáculo na calçada,Moradores,3516408007,V05225,Não,1426.0,7.909479172444395,8.099051513602545,NÃO,18029.0,17607.0,Domínio aplicável = Sim + Não; Não declarado coincide com ausência/não aplicação de calçada.
E08,Obstáculo na calçada,Moradores,3516408007,V05226,Não declarado,422.0,2.3406733595873317,,SIM,18029.0,17607.0,Domínio aplicável = Sim + Não; Não declarado coincide com ausência/não aplicação de calçada.
E08,Obstáculo na calçada,Faces,3516408007,V05424,Sim,642.0,73.03754266211604,82.94573643410853,NÃO,879.0,774.0,Domínio aplicável = Sim + Não; Não declarado coincide com ausência/não aplicação de calçada.
E08,Obstáculo na calçada,Faces,3516408007,V05425,Não,132.0,15.017064846416384,17.05426356589147,NÃO,879.0,774.0,Domínio aplicável = Sim + Não; Não declarado coincide com ausência/não aplicação de calçada.
E08,Obstáculo na calçada,Faces,3516408007,V05426,Não declarado,105.0,11.945392491467576,,SIM,879.0,774.0,Domínio aplicável = Sim + Não; Não declarado coincide com ausência/não aplicação de calçada.
E09,Rampa para cadeirante,Domicílios,3516408007,V05027,Sim,93.0,1.3826940231935771,1.4155251141552512,NÃO,6726.0,6570.0,Domínio aplicável = Sim + Não; Não declarado coincide com ausência/não aplicação de calçada.
E09,Rampa para cadeirante,Domicílios,3516408007,V05028,Não,6477.0,96.29794826048172,98.58447488584476,NÃO,6726.0,6570.0,Domínio aplicável = Sim + Não; Não declarado coincide com ausência/não aplicação de calçada.
E09,Rampa para cadeirante,Domicílios,3516408007,V05029,Não declarado,156.0,2.31935771632471,,SIM,6726.0,6570.0,Domínio aplicável = Sim + Não; Não declarado coincide com ausência/não aplicação de calçada.
E09,Rampa para cadeirante,Moradores,3516408007,V05227,Sim,253.0,1.4032946918852958,1.4369284943488385,NÃO,18029.0,17607.0,Domínio aplicável = Sim + Não; Não declarado coincide com ausência/não aplicação de calçada.
E09,Rampa para cadeirante,Moradores,3516408007,V05228,Não,17354.0,96.25603194852738,98.56307150565115,NÃO,18029.0,17607.0,Domínio aplicável = Sim + Não; Não declarado coincide com ausência/não aplicação de calçada.
E09,Rampa para cadeirante,Moradores,3516408007,V05229,Não declarado,422.0,2.3406733595873317,,SIM,18029.0,17607.0,Domínio aplicável = Sim + Não; Não declarado coincide com ausência/não aplicação de calçada.
E09,Rampa para cadeirante,Faces,3516408007,V05427,Sim,68.0,7.736063708759955,8.785529715762273,NÃO,879.0,774.0,Domínio aplicável = Sim + Não; Não declarado coincide com ausência/não aplicação de calçada.
E09,Rampa para cadeirante,Faces,3516408007,V05428,Não,706.0,80.31854379977247,91.21447028423772,NÃO,879.0,774.0,Domínio aplicável = Sim + Não; Não declarado coincide com ausência/não aplicação de calçada.
E09,Rampa para cadeirante,Faces,3516408007,V05429,Não declarado,105.0,11.945392491467576,,SIM,879.0,774.0,Domínio aplicável = Sim + Não; Não declarado coincide com ausência/não aplicação de calçada.
E10,Arborização,Domicílios,3516408007,V05030,Sem árvores,2258.0,33.5712161760333,33.60119047619048,NÃO,6726.0,6720.0,Domínio aplicável = classes substantivas de arborização; Saltado fica fora.
E10,Arborização,Domicílios,3516408007,V05031,1 a 2 árvores,1314.0,19.536128456735057,19.553571428571427,NÃO,6726.0,6720.0,Domínio aplicável = classes substantivas de arborização; Saltado fica fora.
E10,Arborização,Domicílios,3516408007,V05032,3 a 4 árvores,640.0,9.51531370799881,9.523809523809524,NÃO,6726.0,6720.0,Domínio aplicável = classes substantivas de arborização; Saltado fica fora.
E10,Arborização,Domicílios,3516408007,V05033,5 ou mais árvores,2508.0,37.28813559322034,37.32142857142857,NÃO,6726.0,6720.0,Domínio aplicável = classes substantivas de arborização; Saltado fica fora.
E10,Arborização,Domicílios,3516408007,V05034,Saltado,6.0,0.08920606601248886,,SIM,6726.0,6720.0,Domínio aplicável = classes substantivas de arborização; Saltado fica fora.
E10,Arborização,Moradores,3516408007,V05230,Sem árvores,6220.0,34.49997226690332,34.530616776772334,NÃO,18029.0,18013.0,Domínio aplicável = classes substantivas de arborização; Saltado fica fora.
E10,Arborização,Moradores,3516408007,V05231,1 a 2 árvores,3517.0,19.507460203006268,19.52478765336146,NÃO,18029.0,18013.0,Domínio aplicável = classes substantivas de arborização; Saltado fica fora.
E10,Arborização,Moradores,3516408007,V05232,3 a 4 árvores,1692.0,9.384879915691387,9.393216010658968,NÃO,18029.0,18013.0,Domínio aplicável = classes substantivas de arborização; Saltado fica fora.
E10,Arborização,Moradores,3516408007,V05233,5 ou mais árvores,6584.0,36.518941705030784,36.551379559207234,NÃO,18029.0,18013.0,Domínio aplicável = classes substantivas de arborização; Saltado fica fora.
E10,Arborização,Moradores,3516408007,V05234,Saltado,16.0,0.08874590936824006,,SIM,18029.0,18013.0,Domínio aplicável = classes substantivas de arborização; Saltado fica fora.
E10,Arborização,Faces,3516408007,V05430,Sem árvores,317.0,36.063708759954494,36.68981481481482,NÃO,879.0,864.0,Domínio aplicável = classes substantivas de arborização; Saltado fica fora.
E10,Arborização,Faces,3516408007,V05431,1 a 2 árvores,167.0,18.998862343572238,19.328703703703702,NÃO,879.0,864.0,Domínio aplicável = classes substantivas de arborização; Saltado fica fora.
E10,Arborização,Faces,3516408007,V05432,3 a 4 árvores,74.0,8.418657565415245,8.564814814814815,NÃO,879.0,864.0,Domínio aplicável = classes substantivas de arborização; Saltado fica fora.
E10,Arborização,Faces,3516408007,V05433,5 ou mais árvores,306.0,34.8122866894198,35.41666666666667,NÃO,879.0,864.0,Domínio aplicável = classes substantivas de arborização; Saltado fica fora.
E10,Arborização,Faces,3516408007,V05434,Saltado,15.0,1.7064846416382253,,SIM,879.0,864.0,Domínio aplicável = classes substantivas de arborização; Saltado fica fora.
E01,Circulação da via,Domicílios,MUNICIPIO,V05001,"Caminhão, ônibus",41700.0,86.01662575548175,86.13033150882991,NÃO,48479.0,48415.0,Domínio aplicável = categorias substantivas de circulação; Saltado fica fora.
E01,Circulação da via,Domicílios,MUNICIPIO,V05002,Carros de passeio ou van,5386.0,11.109965139544958,11.124651450996591,NÃO,48479.0,48415.0,Domínio aplicável = categorias substantivas de circulação; Saltado fica fora.
E01,Circulação da via,Domicílios,MUNICIPIO,V05003,"Pedestres, bicicletas e motocicletas",1329.0,2.741393180552404,2.7450170401735,NÃO,48479.0,48415.0,Domínio aplicável = categorias substantivas de circulação; Saltado fica fora.
E01,Circulação da via,Domicílios,MUNICIPIO,V05004,Aquavia,0.0,0.0,0.0,NÃO,48479.0,48415.0,Domínio aplicável = categorias substantivas de circulação; Saltado fica fora.
E01,Circulação da via,Domicílios,MUNICIPIO,V05005,Saltado,64.0,0.13201592442088325,,SIM,48479.0,48415.0,Domínio aplicável = categorias substantivas de circulação; Saltado fica fora.
E01,Circulação da via,Moradores,MUNICIPIO,V05201,"Caminhão, ônibus",118000.0,85.66056637604989,85.79322378944308,NÃO,137753.0,137540.0,Domínio aplicável = categorias substantivas de circulação; Saltado fica fora.
E01,Circulação da via,Moradores,MUNICIPIO,V05202,Carros de passeio ou van,15652.0,11.362365973880786,11.379962192816635,NÃO,137753.0,137540.0,Domínio aplicável = categorias substantivas de circulação; Saltado fica fora.
E01,Circulação da via,Moradores,MUNICIPIO,V05203,"Pedestres, bicicletas e motocicletas",3888.0,2.822443068390525,2.826814017740294,NÃO,137753.0,137540.0,Domínio aplicável = categorias substantivas de circulação; Saltado fica fora.
E01,Circulação da via,Moradores,MUNICIPIO,V05204,Aquavia,0.0,0.0,0.0,NÃO,137753.0,137540.0,Domínio aplicável = categorias substantivas de circulação; Saltado fica fora.
E01,Circulação da via,Moradores,MUNICIPIO,V05205,Saltado,213.0,0.15462458167880191,,SIM,137753.0,137540.0,Domínio aplicável = categorias substantivas de circulação; Saltado fica fora.
E01,Circulação da via,Faces,MUNICIPIO,V05401,"Caminhão, ônibus",3851.0,73.04628224582702,74.0576923076923,NÃO,5272.0,5200.0,Domínio aplicável = categorias substantivas de circulação; Saltado fica fora.
E01,Circulação da via,Faces,MUNICIPIO,V05402,Carros de passeio ou van,783.0,14.852048558421851,15.057692307692308,NÃO,5272.0,5200.0,Domínio aplicável = categorias substantivas de circulação; Saltado fica fora.
E01,Circulação da via,Faces,MUNICIPIO,V05403,"Pedestres, bicicletas e motocicletas",565.0,10.716995447647951,10.865384615384615,NÃO,5272.0,5200.0,Domínio aplicável = categorias substantivas de circulação; Saltado fica fora.
E01,Circulação da via,Faces,MUNICIPIO,V05404,Aquavia,1.0,0.01896813353566009,0.019230769230769232,NÃO,5272.0,5200.0,Domínio aplicável = categorias substantivas de circulação; Saltado fica fora.
E01,Circulação da via,Faces,MUNICIPIO,V05405,Saltado,72.0,1.3657056145675266,,SIM,5272.0,5200.0,Domínio aplicável = categorias substantivas de circulação; Saltado fica fora.
E02,Pavimentação,Domicílios,MUNICIPIO,V05006,Sim,44835.0,92.48334330328596,92.60559743881028,NÃO,48479.0,48415.0,Domínio aplicável = Sim + Não; Não declarado coincide com circulação Aquavia + Saltado.
E02,Pavimentação,Domicílios,MUNICIPIO,V05007,Não,3580.0,7.3846407722931575,7.394402561189714,NÃO,48479.0,48415.0,Domínio aplicável = Sim + Não; Não declarado coincide com circulação Aquavia + Saltado.
E02,Pavimentação,Domicílios,MUNICIPIO,V05008,Não declarado,64.0,0.13201592442088325,,SIM,48479.0,48415.0,Domínio aplicável = Sim + Não; Não declarado coincide com circulação Aquavia + Saltado.
E02,Pavimentação,Moradores,MUNICIPIO,V05206,Sim,127151.0,92.30361589221287,92.44656100043623,NÃO,137753.0,137540.0,Domínio aplicável = Sim + Não; Não declarado coincide com circulação Aquavia + Saltado.
E02,Pavimentação,Moradores,MUNICIPIO,V05207,Não,10389.0,7.541759526108324,7.553438999563763,NÃO,137753.0,137540.0,Domínio aplicável = Sim + Não; Não declarado coincide com circulação Aquavia + Saltado.
E02,Pavimentação,Moradores,MUNICIPIO,V05208,Não declarado,213.0,0.15462458167880191,,SIM,137753.0,137540.0,Domínio aplicável = Sim + Não; Não declarado coincide com circulação Aquavia + Saltado.
E02,Pavimentação,Faces,MUNICIPIO,V05406,Sim,4247.0,80.55766312594841,81.68878630505867,NÃO,5272.0,5199.0,Domínio aplicável = Sim + Não; Não declarado coincide com circulação Aquavia + Saltado.
E02,Pavimentação,Faces,MUNICIPIO,V05407,Não,952.0,18.057663125948405,18.311213694941337,NÃO,5272.0,5199.0,Domínio aplicável = Sim + Não; Não declarado coincide com circulação Aquavia + Saltado.
E02,Pavimentação,Faces,MUNICIPIO,V05408,Não declarado,73.0,1.3846737481031868,,SIM,5272.0,5199.0,Domínio aplicável = Sim + Não; Não declarado coincide com circulação Aquavia + Saltado.
E03,Bueiro / boca de lobo,Domicílios,MUNICIPIO,V05009,Sim,26108.0,53.854246168444064,53.92543633171538,NÃO,48479.0,48415.0,Domínio aplicável = Sim + Não; Não declarado coincide com circulação Aquavia + Saltado.
E03,Bueiro / boca de lobo,Domicílios,MUNICIPIO,V05010,Não,22307.0,46.01373790713505,46.074563668284625,NÃO,48479.0,48415.0,Domínio aplicável = Sim + Não; Não declarado coincide com circulação Aquavia + Saltado.
E03,Bueiro / boca de lobo,Domicílios,MUNICIPIO,V05011,Não declarado,64.0,0.13201592442088325,,SIM,48479.0,48415.0,Domínio aplicável = Sim + Não; Não declarado coincide com circulação Aquavia + Saltado.
E03,Bueiro / boca de lobo,Moradores,MUNICIPIO,V05209,Sim,74154.0,53.83113253431867,53.91449760069798,NÃO,137753.0,137540.0,Domínio aplicável = Sim + Não; Não declarado coincide com circulação Aquavia + Saltado.
E03,Bueiro / boca de lobo,Moradores,MUNICIPIO,V05210,Não,63386.0,46.01424288400253,46.08550239930202,NÃO,137753.0,137540.0,Domínio aplicável = Sim + Não; Não declarado coincide com circulação Aquavia + Saltado.
E03,Bueiro / boca de lobo,Moradores,MUNICIPIO,V05211,Não declarado,213.0,0.15462458167880191,,SIM,137753.0,137540.0,Domínio aplicável = Sim + Não; Não declarado coincide com circulação Aquavia + Saltado.
E03,Bueiro / boca de lobo,Faces,MUNICIPIO,V05409,Sim,2276.0,43.17147192716237,43.77764954799,NÃO,5272.0,5199.0,Domínio aplicável = Sim + Não; Não declarado coincide com circulação Aquavia + Saltado.
E03,Bueiro / boca de lobo,Faces,MUNICIPIO,V05410,Não,2923.0,55.443854324734446,56.222350452010005,NÃO,5272.0,5199.0,Domínio aplicável = Sim + Não; Não declarado coincide com circulação Aquavia + Saltado.
E03,Bueiro / boca de lobo,Faces,MUNICIPIO,V05411,Não declarado,73.0,1.3846737481031868,,SIM,5272.0,5199.0,Domínio aplicável = Sim + Não; Não declarado coincide com circulação Aquavia + Saltado.
E04,Iluminação pública,Domicílios,MUNICIPIO,V05012,Sim,45919.0,94.71936302316468,94.84457296292472,NÃO,48479.0,48415.0,Domínio aplicável = Sim + Não; Não declarado coincide com circulação Aquavia + Saltado.
E04,Iluminação pública,Domicílios,MUNICIPIO,V05013,Não,2496.0,5.148621052414447,5.155427037075286,NÃO,48479.0,48415.0,Domínio aplicável = Sim + Não; Não declarado coincide com circulação Aquavia + Saltado.
E04,Iluminação pública,Domicílios,MUNICIPIO,V05014,Não declarado,64.0,0.13201592442088325,,SIM,48479.0,48415.0,Domínio aplicável = Sim + Não; Não declarado coincide com circulação Aquavia + Saltado.
E04,Iluminação pública,Moradores,MUNICIPIO,V05212,Sim,130152.0,94.48215283877666,94.62847171731859,NÃO,137753.0,137540.0,Domínio aplicável = Sim + Não; Não declarado coincide com circulação Aquavia + Saltado.
E04,Iluminação pública,Moradores,MUNICIPIO,V05213,Não,7388.0,5.363222579544547,5.3715282826814015,NÃO,137753.0,137540.0,Domínio aplicável = Sim + Não; Não declarado coincide com circulação Aquavia + Saltado.
E04,Iluminação pública,Moradores,MUNICIPIO,V05214,Não declarado,213.0,0.15462458167880191,,SIM,137753.0,137540.0,Domínio aplicável = Sim + Não; Não declarado coincide com circulação Aquavia + Saltado.
E04,Iluminação pública,Faces,MUNICIPIO,V05412,Sim,4403.0,83.51669195751138,84.68936333910368,NÃO,5272.0,5199.0,Domínio aplicável = Sim + Não; Não declarado coincide com circulação Aquavia + Saltado.
E04,Iluminação pública,Faces,MUNICIPIO,V05413,Não,796.0,15.098634294385432,15.310636660896327,NÃO,5272.0,5199.0,Domínio aplicável = Sim + Não; Não declarado coincide com circulação Aquavia + Saltado.
E04,Iluminação pública,Faces,MUNICIPIO,V05414,Não declarado,73.0,1.3846737481031868,,SIM,5272.0,5199.0,Domínio aplicável = Sim + Não; Não declarado coincide com circulação Aquavia + Saltado.
E05,Ponto de ônibus,Domicílios,MUNICIPIO,V05015,Sim,9973.0,20.57179397264795,20.598987916967882,NÃO,48479.0,48415.0,Domínio aplicável = Sim + Não; Não declarado coincide com circulação Aquavia + Saltado.
E05,Ponto de ônibus,Domicílios,MUNICIPIO,V05016,Não,38442.0,79.29619010293116,79.40101208303211,NÃO,48479.0,48415.0,Domínio aplicável = Sim + Não; Não declarado coincide com circulação Aquavia + Saltado.
E05,Ponto de ônibus,Domicílios,MUNICIPIO,V05017,Não declarado,64.0,0.13201592442088325,,SIM,48479.0,48415.0,Domínio aplicável = Sim + Não; Não declarado coincide com circulação Aquavia + Saltado.
E05,Ponto de ônibus,Moradores,MUNICIPIO,V05215,Sim,27826.0,20.19992305067766,20.231205467500363,NÃO,137753.0,137540.0,Domínio aplicável = Sim + Não; Não declarado coincide com circulação Aquavia + Saltado.
E05,Ponto de ônibus,Moradores,MUNICIPIO,V05216,Não,109714.0,79.64545236764353,79.76879453249963,NÃO,137753.0,137540.0,Domínio aplicável = Sim + Não; Não declarado coincide com circulação Aquavia + Saltado.
E05,Ponto de ônibus,Moradores,MUNICIPIO,V05217,Não declarado,213.0,0.15462458167880191,,SIM,137753.0,137540.0,Domínio aplicável = Sim + Não; Não declarado coincide com circulação Aquavia + Saltado.
E05,Ponto de ônibus,Faces,MUNICIPIO,V05415,Sim,762.0,14.45371775417299,14.65666474321985,NÃO,5272.0,5199.0,Domínio aplicável = Sim + Não; Não declarado coincide com circulação Aquavia + Saltado.
E05,Ponto de ônibus,Faces,MUNICIPIO,V05416,Não,4437.0,84.16160849772383,85.34333525678015,NÃO,5272.0,5199.0,Domínio aplicável = Sim + Não; Não declarado coincide com circulação Aquavia + Saltado.
E05,Ponto de ônibus,Faces,MUNICIPIO,V05417,Não declarado,73.0,1.3846737481031868,,SIM,5272.0,5199.0,Domínio aplicável = Sim + Não; Não declarado coincide com circulação Aquavia + Saltado.
E06,Via sinalizada para bicicleta,Domicílios,MUNICIPIO,V05018,Sim,192.0,0.39604777326264984,0.3965713105442528,NÃO,48479.0,48415.0,Domínio aplicável = Sim + Não; Não declarado coincide com circulação Aquavia + Saltado.
E06,Via sinalizada para bicicleta,Domicílios,MUNICIPIO,V05019,Não,48223.0,99.47193630231646,99.60342868945574,NÃO,48479.0,48415.0,Domínio aplicável = Sim + Não; Não declarado coincide com circulação Aquavia + Saltado.
E06,Via sinalizada para bicicleta,Domicílios,MUNICIPIO,V05020,Não declarado,64.0,0.13201592442088325,,SIM,48479.0,48415.0,Domínio aplicável = Sim + Não; Não declarado coincide com circulação Aquavia + Saltado.
E06,Via sinalizada para bicicleta,Moradores,MUNICIPIO,V05218,Sim,529.0,0.3840206746858507,0.38461538461538464,NÃO,137753.0,137540.0,Domínio aplicável = Sim + Não; Não declarado coincide com circulação Aquavia + Saltado.
E06,Via sinalizada para bicicleta,Moradores,MUNICIPIO,V05219,Não,137011.0,99.46135474363534,99.61538461538461,NÃO,137753.0,137540.0,Domínio aplicável = Sim + Não; Não declarado coincide com circulação Aquavia + Saltado.
E06,Via sinalizada para bicicleta,Moradores,MUNICIPIO,V05220,Não declarado,213.0,0.15462458167880191,,SIM,137753.0,137540.0,Domínio aplicável = Sim + Não; Não declarado coincide com circulação Aquavia + Saltado.
E06,Via sinalizada para bicicleta,Faces,MUNICIPIO,V05418,Sim,33.0,0.625948406676783,0.634737449509521,NÃO,5272.0,5199.0,Domínio aplicável = Sim + Não; Não declarado coincide com circulação Aquavia + Saltado.
E06,Via sinalizada para bicicleta,Faces,MUNICIPIO,V05419,Não,5166.0,97.98937784522003,99.36526255049047,NÃO,5272.0,5199.0,Domínio aplicável = Sim + Não; Não declarado coincide com circulação Aquavia + Saltado.
E06,Via sinalizada para bicicleta,Faces,MUNICIPIO,V05420,Não declarado,73.0,1.3846737481031868,,SIM,5272.0,5199.0,Domínio aplicável = Sim + Não; Não declarado coincide com circulação Aquavia + Saltado.
E07,Calçada,Domicílios,MUNICIPIO,V05021,Sim,43665.0,90.06992718496669,90.18899101518124,NÃO,48479.0,48415.0,Domínio aplicável = Sim + Não; Não declarado coincide com circulação Aquavia + Saltado.
E07,Calçada,Domicílios,MUNICIPIO,V05022,Não,4750.0,9.79805689061243,9.811008984818754,NÃO,48479.0,48415.0,Domínio aplicável = Sim + Não; Não declarado coincide com circulação Aquavia + Saltado.
E07,Calçada,Domicílios,MUNICIPIO,V05023,Não declarado,64.0,0.13201592442088325,,SIM,48479.0,48415.0,Domínio aplicável = Sim + Não; Não declarado coincide com circulação Aquavia + Saltado.
E07,Calçada,Moradores,MUNICIPIO,V05221,Sim,123772.0,89.85067475844446,89.98982114294024,NÃO,137753.0,137540.0,Domínio aplicável = Sim + Não; Não declarado coincide com circulação Aquavia + Saltado.
E07,Calçada,Moradores,MUNICIPIO,V05222,Não,13768.0,9.994700659876736,10.010178857059765,NÃO,137753.0,137540.0,Domínio aplicável = Sim + Não; Não declarado coincide com circulação Aquavia + Saltado.
E07,Calçada,Moradores,MUNICIPIO,V05223,Não declarado,213.0,0.15462458167880191,,SIM,137753.0,137540.0,Domínio aplicável = Sim + Não; Não declarado coincide com circulação Aquavia + Saltado.
E07,Calçada,Faces,MUNICIPIO,V05421,Sim,3740.0,70.94081942336874,71.93691094441239,NÃO,5272.0,5199.0,Domínio aplicável = Sim + Não; Não declarado coincide com circulação Aquavia + Saltado.
E07,Calçada,Faces,MUNICIPIO,V05422,Não,1459.0,27.674506828528074,28.063089055587614,NÃO,5272.0,5199.0,Domínio aplicável = Sim + Não; Não declarado coincide com circulação Aquavia + Saltado.
E07,Calçada,Faces,MUNICIPIO,V05423,Não declarado,73.0,1.3846737481031868,,SIM,5272.0,5199.0,Domínio aplicável = Sim + Não; Não declarado coincide com circulação Aquavia + Saltado.
E08,Obstáculo na calçada,Domicílios,MUNICIPIO,V05024,Sim,40458.0,83.45469172218898,92.6554448643078,NÃO,48479.0,43665.0,Domínio aplicável = Sim + Não; Não declarado coincide com ausência/não aplicação de calçada.
E08,Obstáculo na calçada,Domicílios,MUNICIPIO,V05025,Não,3207.0,6.615235462777698,7.344555135692202,NÃO,48479.0,43665.0,Domínio aplicável = Sim + Não; Não declarado coincide com ausência/não aplicação de calçada.
E08,Obstáculo na calçada,Domicílios,MUNICIPIO,V05026,Não declarado,4814.0,9.930072815033315,,SIM,48479.0,43665.0,Domínio aplicável = Sim + Não; Não declarado coincide com ausência/não aplicação de calçada.
E08,Obstáculo na calçada,Moradores,MUNICIPIO,V05224,Sim,114598.0,83.19092869120817,92.5879843583363,NÃO,137753.0,123772.0,Domínio aplicável = Sim + Não; Não declarado coincide com ausência/não aplicação de calçada.
E08,Obstáculo na calçada,Moradores,MUNICIPIO,V05225,Não,9174.0,6.659746067236286,7.412015641663704,NÃO,137753.0,123772.0,Domínio aplicável = Sim + Não; Não declarado coincide com ausência/não aplicação de calçada.
E08,Obstáculo na calçada,Moradores,MUNICIPIO,V05226,Não declarado,13981.0,10.149325241555538,,SIM,137753.0,123772.0,Domínio aplicável = Sim + Não; Não declarado coincide com ausência/não aplicação de calçada.
E08,Obstáculo na calçada,Faces,MUNICIPIO,V05424,Sim,3383.0,64.16919575113809,90.45454545454545,NÃO,5272.0,3740.0,Domínio aplicável = Sim + Não; Não declarado coincide com ausência/não aplicação de calçada.
E08,Obstáculo na calçada,Faces,MUNICIPIO,V05425,Não,357.0,6.7716236722306515,9.545454545454547,NÃO,5272.0,3740.0,Domínio aplicável = Sim + Não; Não declarado coincide com ausência/não aplicação de calçada.
E08,Obstáculo na calçada,Faces,MUNICIPIO,V05426,Não declarado,1532.0,29.05918057663126,,SIM,5272.0,3740.0,Domínio aplicável = Sim + Não; Não declarado coincide com ausência/não aplicação de calçada.
E09,Rampa para cadeirante,Domicílios,MUNICIPIO,V05027,Sim,1635.0,3.372594319189752,3.7444177258673994,NÃO,48479.0,43665.0,Domínio aplicável = Sim + Não; Não declarado coincide com ausência/não aplicação de calçada.
E09,Rampa para cadeirante,Domicílios,MUNICIPIO,V05028,Não,42030.0,86.69733286577693,96.2555822741326,NÃO,48479.0,43665.0,Domínio aplicável = Sim + Não; Não declarado coincide com ausência/não aplicação de calçada.
E09,Rampa para cadeirante,Domicílios,MUNICIPIO,V05029,Não declarado,4814.0,9.930072815033315,,SIM,48479.0,43665.0,Domínio aplicável = Sim + Não; Não declarado coincide com ausência/não aplicação de calçada.
E09,Rampa para cadeirante,Moradores,MUNICIPIO,V05227,Sim,4791.0,3.477964182268263,3.8708270044921305,NÃO,137753.0,123772.0,Domínio aplicável = Sim + Não; Não declarado coincide com ausência/não aplicação de calçada.
E09,Rampa para cadeirante,Moradores,MUNICIPIO,V05228,Não,118981.0,86.3727105761762,96.12917299550787,NÃO,137753.0,123772.0,Domínio aplicável = Sim + Não; Não declarado coincide com ausência/não aplicação de calçada.
E09,Rampa para cadeirante,Moradores,MUNICIPIO,V05229,Não declarado,13981.0,10.149325241555538,,SIM,137753.0,123772.0,Domínio aplicável = Sim + Não; Não declarado coincide com ausência/não aplicação de calçada.
E09,Rampa para cadeirante,Faces,MUNICIPIO,V05427,Sim,163.0,3.091805766312595,4.358288770053475,NÃO,5272.0,3740.0,Domínio aplicável = Sim + Não; Não declarado coincide com ausência/não aplicação de calçada.
E09,Rampa para cadeirante,Faces,MUNICIPIO,V05428,Não,3577.0,67.84901365705615,95.64171122994652,NÃO,5272.0,3740.0,Domínio aplicável = Sim + Não; Não declarado coincide com ausência/não aplicação de calçada.
E09,Rampa para cadeirante,Faces,MUNICIPIO,V05429,Não declarado,1532.0,29.05918057663126,,SIM,5272.0,3740.0,Domínio aplicável = Sim + Não; Não declarado coincide com ausência/não aplicação de calçada.
E10,Arborização,Domicílios,MUNICIPIO,V05030,Sem árvores,16488.0,34.01060252893005,34.05556129298771,NÃO,48479.0,48415.0,Domínio aplicável = classes substantivas de arborização; Saltado fica fora.
E10,Arborização,Domicílios,MUNICIPIO,V05031,1 a 2 árvores,12116.0,24.992264691928465,25.02530207580295,NÃO,48479.0,48415.0,Domínio aplicável = classes substantivas de arborização; Saltado fica fora.
E10,Arborização,Domicílios,MUNICIPIO,V05032,3 a 4 árvores,6374.0,13.147960972792344,13.165341319838895,NÃO,48479.0,48415.0,Domínio aplicável = classes substantivas de arborização; Saltado fica fora.
E10,Arborização,Domicílios,MUNICIPIO,V05033,5 ou mais árvores,13437.0,27.717155881928257,27.753795311370443,NÃO,48479.0,48415.0,Domínio aplicável = classes substantivas de arborização; Saltado fica fora.
E10,Arborização,Domicílios,MUNICIPIO,V05034,Saltado,64.0,0.13201592442088325,,SIM,48479.0,48415.0,Domínio aplicável = classes substantivas de arborização; Saltado fica fora.
E10,Arborização,Moradores,MUNICIPIO,V05230,Sem árvores,46967.0,34.09508322867742,34.147884251854,NÃO,137753.0,137540.0,Domínio aplicável = classes substantivas de arborização; Saltado fica fora.
E10,Arborização,Moradores,MUNICIPIO,V05231,1 a 2 árvores,34471.0,25.023774436854367,25.062527264795698,NÃO,137753.0,137540.0,Domínio aplicável = classes substantivas de arborização; Saltado fica fora.
E10,Arborização,Moradores,MUNICIPIO,V05232,3 a 4 árvores,18129.0,13.160511930774648,13.180892831176386,NÃO,137753.0,137540.0,Domínio aplicável = classes substantivas de arborização; Saltado fica fora.
E10,Arborização,Moradores,MUNICIPIO,V05233,5 ou mais árvores,37973.0,27.566005822014766,27.608695652173914,NÃO,137753.0,137540.0,Domínio aplicável = classes substantivas de arborização; Saltado fica fora.
E10,Arborização,Moradores,MUNICIPIO,V05234,Saltado,213.0,0.15462458167880191,,SIM,137753.0,137540.0,Domínio aplicável = classes substantivas de arborização; Saltado fica fora.
E10,Arborização,Faces,MUNICIPIO,V05430,Sem árvores,2135.0,40.4969650986343,41.065589536449316,NÃO,5272.0,5199.0,Domínio aplicável = classes substantivas de arborização; Saltado fica fora.
E10,Arborização,Faces,MUNICIPIO,V05431,1 a 2 árvores,1042.0,19.764795144157816,20.042315829967304,NÃO,5272.0,5199.0,Domínio aplicável = classes substantivas de arborização; Saltado fica fora.
E10,Arborização,Faces,MUNICIPIO,V05432,3 a 4 árvores,517.0,9.806525037936268,9.944220042315829,NÃO,5272.0,5199.0,Domínio aplicável = classes substantivas de arborização; Saltado fica fora.
E10,Arborização,Faces,MUNICIPIO,V05433,5 ou mais árvores,1505.0,28.547040971168435,28.947874591267553,NÃO,5272.0,5199.0,Domínio aplicável = classes substantivas de arborização; Saltado fica fora.
E10,Arborização,Faces,MUNICIPIO,V05434,Saltado,73.0,1.3846737481031868,,SIM,5272.0,5199.0,Domínio aplicável = classes substantivas de arborização; Saltado fica fora.
